scenario_id,case_type,course_id,cohort_id,faculty_id,weekly_sessions,duration_slots,required_room_type,room_capacity,room_type,slot_id
TTO-07001,boundary,C01,G1,F1,3,1,lab,30,lab,S7
TTO-07001,boundary,C02,G1,F3,3,2,lab,30,lab,S5
TTO-07001,boundary,C03,G2,F1,3,2,classroom,60,classroom,S2
TTO-07001,boundary,C04,G1,F3,3,2,lab,30,lab,S5
TTO-07001,boundary,C05,G1,F2,4,2,classroom,60,classroom,S4
TTO-07002,boundary,C01,G2,F3,3,2,classroom,60,classroom,S8
TTO-07002,boundary,C02,G1,F2,3,1,lab,30,lab,S1
TTO-07002,boundary,C03,G2,F1,4,2,classroom,60,classroom,S8
TTO-07002,boundary,C04,G1,F3,4,2,classroom,60,classroom,S3
TTO-07002,boundary,C05,G1,F3,4,2,lab,30,lab,S9
TTO-07003,boundary,C01,G1,F3,4,1,classroom,60,classroom,S7
TTO-07003,boundary,C02,G1,F3,4,2,classroom,60,classroom,S10
TTO-07003,boundary,C03,G1,F2,4,2,lab,30,lab,S3
TTO-07003,boundary,C04,G1,F2,3,1,classroom,60,classroom,S2
TTO-07003,boundary,C05,G1,F1,4,1,classroom,60,classroom,S6
TTO-07004,boundary,C01,G1,F1,3,2,lab,30,lab,S3
TTO-07004,boundary,C02,G1,F2,3,2,classroom,60,classroom,S7
TTO-07004,boundary,C03,G1,F2,3,2,lab,30,lab,S6
TTO-07004,boundary,C04,G1,F3,3,2,classroom,60,classroom,S8
TTO-07004,boundary,C05,G2,F2,3,2,classroom,60,classroom,S8
TTO-07005,boundary,C01,G1,F2,4,1,lab,30,lab,S5
TTO-07005,boundary,C02,G1,F1,4,2,classroom,60,classroom,S6
TTO-07005,boundary,C03,G1,F3,4,2,lab,30,lab,S7
TTO-07005,boundary,C04,G2,F2,3,1,lab,30,lab,S6
TTO-07005,boundary,C05,G2,F2,4,1,lab,30,lab,S8
TTO-07006,boundary,C01,G1,F1,3,1,lab,30,lab,S5
TTO-07006,boundary,C02,G2,F2,3,1,classroom,60,classroom,S2
TTO-07006,boundary,C03,G2,F3,3,1,classroom,60,classroom,S10
TTO-07006,boundary,C04,G1,F1,3,1,classroom,60,classroom,S6
TTO-07006,boundary,C05,G2,F3,3,2,lab,30,lab,S1
TTO-07007,boundary,C01,G2,F1,4,1,classroom,60,classroom,S2
TTO-07007,boundary,C02,G2,F1,4,1,lab,30,lab,S9
TTO-07007,boundary,C03,G2,F2,3,1,classroom,60,classroom,S5
TTO-07007,boundary,C04,G1,F1,4,1,classroom,60,classroom,S6
TTO-07007,boundary,C05,G2,F1,4,2,classroom,60,classroom,S9
TTO-07008,boundary,C01,G1,F3,4,1,lab,30,lab,S9
TTO-07008,boundary,C02,G2,F3,4,2,lab,30,lab,S10
TTO-07008,boundary,C03,G2,F1,4,2,classroom,60,classroom,S7
TTO-07008,boundary,C04,G2,F2,4,1,lab,30,lab,S4
TTO-07008,boundary,C05,G2,F2,4,2,lab,30,lab,S3
TTO-07009,boundary,C01,G2,F2,3,2,lab,30,lab,S4
TTO-07009,boundary,C02,G2,F2,4,2,classroom,60,classroom,S6
TTO-07009,boundary,C03,G1,F1,3,1,classroom,60,classroom,S8
TTO-07009,boundary,C04,G2,F2,4,2,lab,30,lab,S10
TTO-07009,boundary,C05,G2,F1,4,2,lab,30,lab,S5
TTO-07010,boundary,C01,G1,F1,4,2,lab,30,lab,S8
TTO-07010,boundary,C02,G2,F2,3,1,classroom,60,classroom,S8
TTO-07010,boundary,C03,G1,F3,4,1,classroom,60,classroom,S5
TTO-07010,boundary,C04,G2,F2,3,2,classroom,60,classroom,S1
TTO-07010,boundary,C05,G2,F3,3,2,classroom,60,classroom,S10
TTO-07011,boundary,C01,G1,F2,3,1,classroom,60,classroom,S5
TTO-07011,boundary,C02,G1,F1,4,2,classroom,60,classroom,S9
TTO-07011,boundary,C03,G2,F3,4,1,lab,30,lab,S3
TTO-07011,boundary,C04,G1,F1,4,2,lab,30,lab,S5
TTO-07011,boundary,C05,G1,F3,4,1,lab,30,lab,S5
TTO-07012,boundary,C01,G1,F2,4,2,classroom,60,classroom,S2
TTO-07012,boundary,C02,G2,F1,3,1,classroom,60,classroom,S4
TTO-07012,boundary,C03,G2,F2,3,2,lab,30,lab,S1
TTO-07012,boundary,C04,G2,F1,3,1,classroom,60,classroom,S1
TTO-07012,boundary,C05,G2,F3,4,2,classroom,60,classroom,S8
TTO-07013,boundary,C01,G2,F2,3,2,lab,30,lab,S6
TTO-07013,boundary,C02,G1,F1,4,2,classroom,60,classroom,S8
TTO-07013,boundary,C03,G1,F3,3,1,classroom,60,classroom,S6
TTO-07013,boundary,C04,G2,F3,4,1,classroom,60,classroom,S7
TTO-07013,boundary,C05,G1,F2,3,2,lab,30,lab,S4
TTO-07014,boundary,C01,G1,F2,3,2,classroom,60,classroom,S10
TTO-07014,boundary,C02,G1,F2,4,2,classroom,60,classroom,S7
TTO-07014,boundary,C03,G2,F3,3,2,classroom,60,classroom,S10
TTO-07014,boundary,C04,G1,F3,3,2,lab,30,lab,S1
TTO-07014,boundary,C05,G1,F1,4,2,lab,30,lab,S6
TTO-07015,boundary,C01,G1,F3,4,2,classroom,60,classroom,S7
TTO-07015,boundary,C02,G2,F3,4,1,classroom,60,classroom,S9
TTO-07015,boundary,C03,G2,F3,4,2,classroom,60,classroom,S8
TTO-07015,boundary,C04,G1,F1,4,1,classroom,60,classroom,S3
TTO-07015,boundary,C05,G2,F1,4,2,lab,30,lab,S9
TTO-07016,boundary,C01,G2,F3,4,1,lab,30,lab,S9
TTO-07016,boundary,C02,G1,F1,4,2,lab,30,lab,S7
TTO-07016,boundary,C03,G2,F2,3,1,classroom,60,classroom,S1
TTO-07016,boundary,C04,G2,F1,4,1,lab,30,lab,S10
TTO-07016,boundary,C05,G1,F3,4,2,lab,30,lab,S8
TTO-07017,boundary,C01,G1,F3,3,2,classroom,60,classroom,S5
TTO-07017,boundary,C02,G1,F1,4,2,classroom,60,classroom,S4
TTO-07017,boundary,C03,G1,F3,3,1,lab,30,lab,S7
TTO-07017,boundary,C04,G1,F3,4,1,classroom,60,classroom,S5
TTO-07017,boundary,C05,G1,F2,4,2,classroom,60,classroom,S5
TTO-07018,boundary,C01,G2,F3,3,2,lab,30,lab,S6
TTO-07018,boundary,C02,G1,F2,3,2,lab,30,lab,S5
TTO-07018,boundary,C03,G1,F2,4,1,classroom,60,classroom,S6
TTO-07018,boundary,C04,G1,F3,3,1,classroom,60,classroom,S9
TTO-07018,boundary,C05,G2,F3,3,1,lab,30,lab,S4
TTO-07019,boundary,C01,G1,F3,3,1,classroom,60,classroom,S6
TTO-07019,boundary,C02,G1,F3,3,1,classroom,60,classroom,S7
TTO-07019,boundary,C03,G1,F2,4,2,lab,30,lab,S9
TTO-07019,boundary,C04,G1,F3,4,1,classroom,60,classroom,S7
TTO-07019,boundary,C05,G1,F2,4,1,lab,30,lab,S10
TTO-07020,boundary,C01,G2,F1,3,1,classroom,60,classroom,S9
TTO-07020,boundary,C02,G1,F1,4,1,classroom,60,classroom,S8
TTO-07020,boundary,C03,G2,F1,3,1,classroom,60,classroom,S1
TTO-07020,boundary,C04,G2,F1,4,1,classroom,60,classroom,S2
TTO-07020,boundary,C05,G2,F2,3,1,lab,30,lab,S8
TTO-07021,boundary,C01,G2,F1,4,1,lab,30,lab,S8
TTO-07021,boundary,C02,G1,F2,4,2,lab,30,lab,S1
TTO-07021,boundary,C03,G2,F1,4,1,classroom,60,classroom,S4
TTO-07021,boundary,C04,G2,F1,3,1,classroom,60,classroom,S9
TTO-07021,boundary,C05,G1,F2,4,2,lab,30,lab,S4
TTO-07022,boundary,C01,G1,F2,3,2,classroom,60,classroom,S10
TTO-07022,boundary,C02,G1,F1,4,2,lab,30,lab,S10
TTO-07022,boundary,C03,G1,F1,3,2,classroom,60,classroom,S10
TTO-07022,boundary,C04,G1,F2,3,2,classroom,60,classroom,S10
TTO-07022,boundary,C05,G2,F2,3,2,classroom,60,classroom,S10
TTO-07023,boundary,C01,G1,F2,3,2,classroom,60,classroom,S2
TTO-07023,boundary,C02,G1,F1,3,1,lab,30,lab,S5
TTO-07023,boundary,C03,G1,F1,4,2,classroom,60,classroom,S4
TTO-07023,boundary,C04,G2,F2,3,1,lab,30,lab,S2
TTO-07023,boundary,C05,G2,F3,4,2,classroom,60,classroom,S8
TTO-07024,boundary,C01,G2,F2,4,1,lab,30,lab,S1
TTO-07024,boundary,C02,G2,F3,3,1,lab,30,lab,S1
TTO-07024,boundary,C03,G2,F2,3,1,lab,30,lab,S10
TTO-07024,boundary,C04,G2,F1,3,1,classroom,60,classroom,S10
TTO-07024,boundary,C05,G2,F3,4,1,classroom,60,classroom,S9
TTO-07025,boundary,C01,G2,F2,3,2,lab,30,lab,S2
TTO-07025,boundary,C02,G2,F1,3,1,lab,30,lab,S10
TTO-07025,boundary,C03,G1,F3,3,1,lab,30,lab,S7
TTO-07025,boundary,C04,G2,F2,3,2,lab,30,lab,S2
TTO-07025,boundary,C05,G2,F3,4,2,lab,30,lab,S9
TTO-07026,boundary,C01,G1,F1,4,1,lab,30,lab,S6
TTO-07026,boundary,C02,G2,F2,4,1,classroom,60,classroom,S7
TTO-07026,boundary,C03,G1,F3,4,2,classroom,60,classroom,S2
TTO-07026,boundary,C04,G2,F3,4,2,classroom,60,classroom,S9
TTO-07026,boundary,C05,G1,F1,3,1,classroom,60,classroom,S9
TTO-07027,boundary,C01,G2,F2,3,1,lab,30,lab,S7
TTO-07027,boundary,C02,G2,F2,4,1,classroom,60,classroom,S6
TTO-07027,boundary,C03,G1,F3,3,1,lab,30,lab,S9
TTO-07027,boundary,C04,G1,F2,3,2,lab,30,lab,S7
TTO-07027,boundary,C05,G1,F3,3,2,classroom,60,classroom,S6
TTO-07028,boundary,C01,G2,F1,4,2,lab,30,lab,S3
TTO-07028,boundary,C02,G1,F2,4,2,classroom,60,classroom,S8
TTO-07028,boundary,C03,G2,F1,3,1,classroom,60,classroom,S1
TTO-07028,boundary,C04,G2,F3,3,2,lab,30,lab,S7
TTO-07028,boundary,C05,G1,F3,4,2,classroom,60,classroom,S3
TTO-07029,boundary,C01,G1,F1,4,1,classroom,60,classroom,S6
TTO-07029,boundary,C02,G2,F2,3,2,lab,30,lab,S3
TTO-07029,boundary,C03,G1,F3,4,2,lab,30,lab,S8
TTO-07029,boundary,C04,G2,F3,4,2,classroom,60,classroom,S7
TTO-07029,boundary,C05,G1,F3,3,2,classroom,60,classroom,S9
TTO-07030,boundary,C01,G1,F1,3,2,lab,30,lab,S8
TTO-07030,boundary,C02,G2,F3,3,2,lab,30,lab,S5
TTO-07030,boundary,C03,G1,F1,3,1,classroom,60,classroom,S9
TTO-07030,boundary,C04,G1,F3,4,2,lab,30,lab,S1
TTO-07030,boundary,C05,G2,F2,4,2,classroom,60,classroom,S3
TTO-07031,boundary,C01,G2,F1,4,1,classroom,60,classroom,S9
TTO-07031,boundary,C02,G2,F2,4,1,classroom,60,classroom,S6
TTO-07031,boundary,C03,G2,F2,3,1,classroom,60,classroom,S1
TTO-07031,boundary,C04,G1,F1,3,2,classroom,60,classroom,S6
TTO-07031,boundary,C05,G2,F3,3,2,classroom,60,classroom,S9
TTO-07032,boundary,C01,G2,F1,4,1,lab,30,lab,S3
TTO-07032,boundary,C02,G2,F3,4,1,lab,30,lab,S6
TTO-07032,boundary,C03,G1,F1,3,2,classroom,60,classroom,S5
TTO-07032,boundary,C04,G1,F2,3,2,classroom,60,classroom,S2
TTO-07032,boundary,C05,G2,F3,3,1,lab,30,lab,S1
TTO-07033,boundary,C01,G2,F2,4,1,classroom,60,classroom,S2
TTO-07033,boundary,C02,G1,F1,3,1,lab,30,lab,S2
TTO-07033,boundary,C03,G2,F2,4,2,classroom,60,classroom,S9
TTO-07033,boundary,C04,G1,F3,4,1,lab,30,lab,S3
TTO-07033,boundary,C05,G2,F2,3,2,lab,30,lab,S10
TTO-07034,boundary,C01,G2,F3,4,2,lab,30,lab,S3
TTO-07034,boundary,C02,G2,F3,3,2,classroom,60,classroom,S9
TTO-07034,boundary,C03,G2,F2,4,2,classroom,60,classroom,S5
TTO-07034,boundary,C04,G1,F3,4,2,classroom,60,classroom,S3
TTO-07034,boundary,C05,G1,F1,3,2,classroom,60,classroom,S10
TTO-07035,boundary,C01,G1,F2,3,1,classroom,60,classroom,S9
TTO-07035,boundary,C02,G1,F3,3,1,classroom,60,classroom,S9
TTO-07035,boundary,C03,G2,F2,3,1,classroom,60,classroom,S1
TTO-07035,boundary,C04,G1,F2,3,1,classroom,60,classroom,S5
TTO-07035,boundary,C05,G2,F3,4,2,classroom,60,classroom,S4
TTO-07036,boundary,C01,G1,F3,4,1,lab,30,lab,S9
TTO-07036,boundary,C02,G1,F1,4,1,lab,30,lab,S4
TTO-07036,boundary,C03,G2,F3,4,2,classroom,60,classroom,S4
TTO-07036,boundary,C04,G1,F2,4,2,classroom,60,classroom,S5
TTO-07036,boundary,C05,G2,F1,3,2,classroom,60,classroom,S4
TTO-07037,boundary,C01,G2,F2,3,1,lab,30,lab,S1
TTO-07037,boundary,C02,G2,F2,4,2,lab,30,lab,S2
TTO-07037,boundary,C03,G2,F1,3,2,lab,30,lab,S4
TTO-07037,boundary,C04,G1,F1,4,2,lab,30,lab,S2
TTO-07037,boundary,C05,G1,F1,3,2,classroom,60,classroom,S7
TTO-07038,boundary,C01,G1,F1,4,2,classroom,60,classroom,S3
TTO-07038,boundary,C02,G1,F3,4,2,classroom,60,classroom,S10
TTO-07038,boundary,C03,G1,F2,3,1,classroom,60,classroom,S3
TTO-07038,boundary,C04,G1,F2,3,2,lab,30,lab,S3
TTO-07038,boundary,C05,G1,F3,3,1,classroom,60,classroom,S9
TTO-07039,boundary,C01,G2,F1,4,2,lab,30,lab,S7
TTO-07039,boundary,C02,G2,F1,3,1,classroom,60,classroom,S7
TTO-07039,boundary,C03,G2,F3,4,1,classroom,60,classroom,S2
TTO-07039,boundary,C04,G2,F3,3,1,lab,30,lab,S3
TTO-07039,boundary,C05,G2,F3,3,2,classroom,60,classroom,S3
TTO-07040,boundary,C01,G1,F2,4,1,lab,30,lab,S7
TTO-07040,boundary,C02,G2,F3,3,2,lab,30,lab,S10
TTO-07040,boundary,C03,G2,F1,4,2,classroom,60,classroom,S7
TTO-07040,boundary,C04,G1,F3,4,1,lab,30,lab,S9
TTO-07040,boundary,C05,G2,F1,3,1,classroom,60,classroom,S9
TTO-07041,boundary,C01,G1,F1,3,1,lab,30,lab,S5
TTO-07041,boundary,C02,G2,F3,4,2,classroom,60,classroom,S8
TTO-07041,boundary,C03,G1,F1,3,1,classroom,60,classroom,S10
TTO-07041,boundary,C04,G1,F1,3,2,classroom,60,classroom,S9
TTO-07041,boundary,C05,G2,F1,3,2,classroom,60,classroom,S7
TTO-07042,boundary,C01,G2,F2,3,2,lab,30,lab,S6
TTO-07042,boundary,C02,G2,F3,4,1,lab,30,lab,S6
TTO-07042,boundary,C03,G1,F1,4,2,classroom,60,classroom,S5
TTO-07042,boundary,C04,G2,F1,4,1,lab,30,lab,S2
TTO-07042,boundary,C05,G2,F2,4,2,classroom,60,classroom,S6
TTO-07043,boundary,C01,G2,F3,3,2,lab,30,lab,S2
TTO-07043,boundary,C02,G2,F2,4,2,classroom,60,classroom,S4
TTO-07043,boundary,C03,G2,F3,4,2,lab,30,lab,S2
TTO-07043,boundary,C04,G1,F1,3,1,lab,30,lab,S2
TTO-07043,boundary,C05,G2,F1,4,1,lab,30,lab,S8
TTO-07044,boundary,C01,G2,F3,4,1,classroom,60,classroom,S6
TTO-07044,boundary,C02,G1,F1,4,2,lab,30,lab,S1
TTO-07044,boundary,C03,G1,F2,4,2,classroom,60,classroom,S3
TTO-07044,boundary,C04,G1,F1,3,1,classroom,60,classroom,S9
TTO-07044,boundary,C05,G1,F2,3,1,classroom,60,classroom,S9
TTO-07045,boundary,C01,G1,F3,3,1,classroom,60,classroom,S6
TTO-07045,boundary,C02,G2,F2,4,2,lab,30,lab,S7
TTO-07045,boundary,C03,G1,F1,4,2,lab,30,lab,S1
TTO-07045,boundary,C04,G1,F2,4,2,lab,30,lab,S10
TTO-07045,boundary,C05,G2,F3,3,1,classroom,60,classroom,S2
TTO-07046,boundary,C01,G1,F3,3,2,lab,30,lab,S6
TTO-07046,boundary,C02,G2,F1,4,1,classroom,60,classroom,S5
TTO-07046,boundary,C03,G1,F3,4,2,lab,30,lab,S2
TTO-07046,boundary,C04,G1,F2,4,1,classroom,60,classroom,S5
TTO-07046,boundary,C05,G1,F2,4,2,lab,30,lab,S3
TTO-07047,boundary,C01,G2,F1,3,2,lab,30,lab,S5
TTO-07047,boundary,C02,G1,F1,3,1,lab,30,lab,S9
TTO-07047,boundary,C03,G1,F2,3,1,classroom,60,classroom,S6
TTO-07047,boundary,C04,G1,F3,4,1,lab,30,lab,S9
TTO-07047,boundary,C05,G2,F3,4,1,classroom,60,classroom,S8
TTO-07048,boundary,C01,G2,F1,3,2,classroom,60,classroom,S6
TTO-07048,boundary,C02,G1,F1,3,2,lab,30,lab,S6
TTO-07048,boundary,C03,G2,F3,4,1,lab,30,lab,S2
TTO-07048,boundary,C04,G2,F1,4,2,classroom,60,classroom,S2
TTO-07048,boundary,C05,G2,F2,4,1,lab,30,lab,S4
TTO-07049,boundary,C01,G2,F2,4,1,lab,30,lab,S2
TTO-07049,boundary,C02,G1,F1,4,1,lab,30,lab,S5
TTO-07049,boundary,C03,G2,F1,3,1,lab,30,lab,S3
TTO-07049,boundary,C04,G2,F1,3,2,lab,30,lab,S5
TTO-07049,boundary,C05,G1,F1,4,1,lab,30,lab,S6
TTO-07050,boundary,C01,G1,F1,4,2,lab,30,lab,S8
TTO-07050,boundary,C02,G1,F1,4,2,lab,30,lab,S1
TTO-07050,boundary,C03,G1,F1,4,2,lab,30,lab,S9
TTO-07050,boundary,C04,G2,F2,3,1,lab,30,lab,S6
TTO-07050,boundary,C05,G2,F2,3,1,lab,30,lab,S10
TTO-07051,boundary,C01,G1,F3,4,1,classroom,60,classroom,S1
TTO-07051,boundary,C02,G1,F2,3,1,lab,30,lab,S2
TTO-07051,boundary,C03,G1,F2,3,2,lab,30,lab,S1
TTO-07051,boundary,C04,G2,F3,3,2,lab,30,lab,S7
TTO-07051,boundary,C05,G2,F3,3,1,lab,30,lab,S7
TTO-07052,boundary,C01,G1,F2,4,2,lab,30,lab,S2
TTO-07052,boundary,C02,G2,F2,4,1,classroom,60,classroom,S5
TTO-07052,boundary,C03,G1,F2,4,1,lab,30,lab,S2
TTO-07052,boundary,C04,G2,F1,3,1,classroom,60,classroom,S4
TTO-07052,boundary,C05,G1,F1,4,1,classroom,60,classroom,S3
TTO-07053,boundary,C01,G2,F3,3,2,lab,30,lab,S8
TTO-07053,boundary,C02,G1,F3,4,2,lab,30,lab,S1
TTO-07053,boundary,C03,G1,F1,3,2,lab,30,lab,S4
TTO-07053,boundary,C04,G1,F1,4,2,classroom,60,classroom,S10
TTO-07053,boundary,C05,G1,F3,3,2,lab,30,lab,S1
TTO-07054,boundary,C01,G1,F2,4,1,classroom,60,classroom,S5
TTO-07054,boundary,C02,G2,F3,4,2,classroom,60,classroom,S2
TTO-07054,boundary,C03,G2,F3,3,2,classroom,60,classroom,S9
TTO-07054,boundary,C04,G2,F1,4,2,lab,30,lab,S6
TTO-07054,boundary,C05,G1,F3,4,1,lab,30,lab,S1
TTO-07055,boundary,C01,G1,F2,3,2,classroom,60,classroom,S1
TTO-07055,boundary,C02,G2,F2,4,2,lab,30,lab,S1
TTO-07055,boundary,C03,G1,F3,3,2,classroom,60,classroom,S10
TTO-07055,boundary,C04,G2,F3,3,2,classroom,60,classroom,S9
TTO-07055,boundary,C05,G1,F2,4,2,lab,30,lab,S10
TTO-07056,boundary,C01,G2,F2,3,1,lab,30,lab,S4
TTO-07056,boundary,C02,G1,F2,4,2,classroom,60,classroom,S6
TTO-07056,boundary,C03,G2,F2,4,1,lab,30,lab,S6
TTO-07056,boundary,C04,G1,F3,3,2,lab,30,lab,S6
TTO-07056,boundary,C05,G1,F2,4,1,classroom,60,classroom,S6
TTO-07057,boundary,C01,G2,F2,4,1,classroom,60,classroom,S6
TTO-07057,boundary,C02,G2,F3,4,1,classroom,60,classroom,S7
TTO-07057,boundary,C03,G2,F1,4,1,classroom,60,classroom,S10
TTO-07057,boundary,C04,G2,F3,4,1,lab,30,lab,S7
TTO-07057,boundary,C05,G2,F3,3,2,lab,30,lab,S6
TTO-07058,boundary,C01,G1,F3,3,2,lab,30,lab,S4
TTO-07058,boundary,C02,G1,F3,4,2,lab,30,lab,S10
TTO-07058,boundary,C03,G1,F2,4,2,lab,30,lab,S4
TTO-07058,boundary,C04,G2,F1,3,2,lab,30,lab,S3
TTO-07058,boundary,C05,G2,F2,4,2,classroom,60,classroom,S8
TTO-07059,boundary,C01,G2,F1,4,2,lab,30,lab,S5
TTO-07059,boundary,C02,G1,F2,3,2,lab,30,lab,S5
TTO-07059,boundary,C03,G2,F2,3,1,lab,30,lab,S9
TTO-07059,boundary,C04,G2,F1,4,1,lab,30,lab,S7
TTO-07059,boundary,C05,G2,F3,3,2,lab,30,lab,S7
TTO-07060,boundary,C01,G2,F1,4,2,lab,30,lab,S3
TTO-07060,boundary,C02,G2,F2,4,1,lab,30,lab,S5
TTO-07060,boundary,C03,G2,F1,4,2,lab,30,lab,S3
TTO-07060,boundary,C04,G1,F2,3,2,classroom,60,classroom,S4
TTO-07060,boundary,C05,G2,F3,3,2,classroom,60,classroom,S1
TTO-07061,boundary,C01,G1,F2,3,2,lab,30,lab,S5
TTO-07061,boundary,C02,G2,F3,3,1,classroom,60,classroom,S10
TTO-07061,boundary,C03,G2,F3,3,1,classroom,60,classroom,S2
TTO-07061,boundary,C04,G1,F2,4,2,classroom,60,classroom,S4
TTO-07061,boundary,C05,G1,F3,3,2,lab,30,lab,S3
TTO-07062,boundary,C01,G1,F3,4,1,lab,30,lab,S8
TTO-07062,boundary,C02,G2,F3,3,1,lab,30,lab,S5
TTO-07062,boundary,C03,G1,F1,4,2,classroom,60,classroom,S10
TTO-07062,boundary,C04,G2,F2,3,2,classroom,60,classroom,S4
TTO-07062,boundary,C05,G2,F1,3,2,classroom,60,classroom,S2
TTO-07063,boundary,C01,G1,F3,3,2,classroom,60,classroom,S10
TTO-07063,boundary,C02,G2,F3,4,2,classroom,60,classroom,S8
TTO-07063,boundary,C03,G2,F3,4,2,lab,30,lab,S2
TTO-07063,boundary,C04,G2,F1,3,1,classroom,60,classroom,S7
TTO-07063,boundary,C05,G2,F2,3,2,classroom,60,classroom,S8
TTO-07064,boundary,C01,G2,F1,3,1,classroom,60,classroom,S9
TTO-07064,boundary,C02,G1,F1,3,1,lab,30,lab,S4
TTO-07064,boundary,C03,G2,F3,4,1,classroom,60,classroom,S4
TTO-07064,boundary,C04,G1,F1,4,1,lab,30,lab,S2
TTO-07064,boundary,C05,G1,F3,3,2,classroom,60,classroom,S4
TTO-07065,boundary,C01,G1,F2,3,1,classroom,60,classroom,S5
TTO-07065,boundary,C02,G1,F3,4,2,classroom,60,classroom,S9
TTO-07065,boundary,C03,G1,F1,3,2,classroom,60,classroom,S5
TTO-07065,boundary,C04,G1,F3,4,1,classroom,60,classroom,S6
TTO-07065,boundary,C05,G1,F2,4,2,lab,30,lab,S10
TTO-07066,boundary,C01,G1,F2,3,1,classroom,60,classroom,S10
TTO-07066,boundary,C02,G2,F3,4,1,classroom,60,classroom,S9
TTO-07066,boundary,C03,G2,F3,4,2,lab,30,lab,S8
TTO-07066,boundary,C04,G1,F3,3,1,lab,30,lab,S10
TTO-07066,boundary,C05,G2,F2,4,1,lab,30,lab,S6
TTO-07067,boundary,C01,G2,F2,3,1,classroom,60,classroom,S1
TTO-07067,boundary,C02,G1,F2,3,1,lab,30,lab,S9
TTO-07067,boundary,C03,G2,F2,3,2,classroom,60,classroom,S9
TTO-07067,boundary,C04,G2,F1,3,2,lab,30,lab,S3
TTO-07067,boundary,C05,G1,F1,4,2,lab,30,lab,S6
TTO-07068,boundary,C01,G1,F3,4,1,lab,30,lab,S5
TTO-07068,boundary,C02,G2,F3,3,2,lab,30,lab,S8
TTO-07068,boundary,C03,G1,F1,3,1,classroom,60,classroom,S2
TTO-07068,boundary,C04,G2,F2,4,1,lab,30,lab,S6
TTO-07068,boundary,C05,G1,F2,4,2,lab,30,lab,S6
TTO-07069,boundary,C01,G2,F1,3,2,classroom,60,classroom,S1
TTO-07069,boundary,C02,G1,F1,3,2,lab,30,lab,S10
TTO-07069,boundary,C03,G1,F3,3,1,lab,30,lab,S7
TTO-07069,boundary,C04,G2,F3,4,1,classroom,60,classroom,S3
TTO-07069,boundary,C05,G1,F2,3,1,lab,30,lab,S10
TTO-07070,boundary,C01,G1,F1,3,2,lab,30,lab,S8
TTO-07070,boundary,C02,G1,F1,3,1,classroom,60,classroom,S4
TTO-07070,boundary,C03,G1,F3,4,1,classroom,60,classroom,S5
TTO-07070,boundary,C04,G1,F1,3,2,classroom,60,classroom,S4
TTO-07070,boundary,C05,G2,F3,3,1,classroom,60,classroom,S8
TTO-07071,boundary,C01,G2,F3,3,1,classroom,60,classroom,S6
TTO-07071,boundary,C02,G1,F3,4,2,classroom,60,classroom,S5
TTO-07071,boundary,C03,G2,F2,3,2,classroom,60,classroom,S7
TTO-07071,boundary,C04,G2,F1,3,2,lab,30,lab,S8
TTO-07071,boundary,C05,G2,F2,3,2,classroom,60,classroom,S6
TTO-07072,boundary,C01,G1,F2,4,2,lab,30,lab,S1
TTO-07072,boundary,C02,G1,F3,4,1,lab,30,lab,S3
TTO-07072,boundary,C03,G1,F1,3,1,lab,30,lab,S10
TTO-07072,boundary,C04,G2,F3,3,2,classroom,60,classroom,S1
TTO-07072,boundary,C05,G1,F1,3,2,lab,30,lab,S3
TTO-07073,boundary,C01,G1,F1,3,2,lab,30,lab,S4
TTO-07073,boundary,C02,G1,F3,4,2,classroom,60,classroom,S6
TTO-07073,boundary,C03,G2,F1,4,1,classroom,60,classroom,S4
TTO-07073,boundary,C04,G1,F2,4,1,classroom,60,classroom,S6
TTO-07073,boundary,C05,G2,F2,3,1,lab,30,lab,S4
TTO-07074,boundary,C01,G1,F2,3,1,lab,30,lab,S3
TTO-07074,boundary,C02,G2,F1,4,2,lab,30,lab,S6
TTO-07074,boundary,C03,G1,F2,4,1,lab,30,lab,S4
TTO-07074,boundary,C04,G1,F1,3,1,lab,30,lab,S5
TTO-07074,boundary,C05,G1,F3,4,1,classroom,60,classroom,S8
TTO-07075,boundary,C01,G2,F3,3,1,lab,30,lab,S5
TTO-07075,boundary,C02,G1,F3,4,2,classroom,60,classroom,S1
TTO-07075,boundary,C03,G1,F1,3,1,classroom,60,classroom,S7
TTO-07075,boundary,C04,G1,F2,4,1,classroom,60,classroom,S7
TTO-07075,boundary,C05,G1,F1,4,2,lab,30,lab,S1
TTO-07076,boundary,C01,G1,F1,3,1,lab,30,lab,S7
TTO-07076,boundary,C02,G2,F3,3,2,lab,30,lab,S7
TTO-07076,boundary,C03,G2,F3,3,1,lab,30,lab,S9
TTO-07076,boundary,C04,G1,F3,3,1,classroom,60,classroom,S5
TTO-07076,boundary,C05,G2,F3,4,1,classroom,60,classroom,S6
TTO-07077,boundary,C01,G1,F3,3,2,classroom,60,classroom,S10
TTO-07077,boundary,C02,G2,F1,3,1,lab,30,lab,S2
TTO-07077,boundary,C03,G2,F1,4,2,classroom,60,classroom,S3
TTO-07077,boundary,C04,G2,F2,3,2,lab,30,lab,S9
TTO-07077,boundary,C05,G2,F2,3,1,classroom,60,classroom,S9
TTO-07078,boundary,C01,G2,F3,3,2,classroom,60,classroom,S6
TTO-07078,boundary,C02,G1,F2,4,2,classroom,60,classroom,S1
TTO-07078,boundary,C03,G1,F1,3,1,lab,30,lab,S5
TTO-07078,boundary,C04,G1,F2,3,2,classroom,60,classroom,S6
TTO-07078,boundary,C05,G2,F1,3,1,classroom,60,classroom,S8
TTO-07079,boundary,C01,G1,F3,3,2,lab,30,lab,S8
TTO-07079,boundary,C02,G2,F2,4,2,classroom,60,classroom,S6
TTO-07079,boundary,C03,G1,F2,4,2,classroom,60,classroom,S8
TTO-07079,boundary,C04,G1,F3,4,2,classroom,60,classroom,S3
TTO-07079,boundary,C05,G2,F2,4,2,classroom,60,classroom,S7
TTO-07080,boundary,C01,G1,F1,3,2,lab,30,lab,S8
TTO-07080,boundary,C02,G2,F2,4,1,lab,30,lab,S1
TTO-07080,boundary,C03,G1,F1,3,1,lab,30,lab,S5
TTO-07080,boundary,C04,G1,F2,4,2,classroom,60,classroom,S3
TTO-07080,boundary,C05,G1,F1,3,2,classroom,60,classroom,S7
TTO-07081,boundary,C01,G1,F2,3,2,classroom,60,classroom,S6
TTO-07081,boundary,C02,G2,F3,4,2,lab,30,lab,S7
TTO-07081,boundary,C03,G1,F3,4,1,classroom,60,classroom,S7
TTO-07081,boundary,C04,G1,F1,3,1,classroom,60,classroom,S10
TTO-07081,boundary,C05,G2,F1,4,2,classroom,60,classroom,S4
TTO-07082,boundary,C01,G1,F3,4,2,lab,30,lab,S4
TTO-07082,boundary,C02,G2,F3,4,2,classroom,60,classroom,S4
TTO-07082,boundary,C03,G1,F3,3,1,classroom,60,classroom,S3
TTO-07082,boundary,C04,G2,F1,3,2,lab,30,lab,S7
TTO-07082,boundary,C05,G2,F3,3,2,classroom,60,classroom,S5
TTO-07083,boundary,C01,G1,F2,4,1,classroom,60,classroom,S3
TTO-07083,boundary,C02,G1,F2,3,1,classroom,60,classroom,S8
TTO-07083,boundary,C03,G1,F2,4,2,classroom,60,classroom,S8
TTO-07083,boundary,C04,G2,F1,3,1,classroom,60,classroom,S5
TTO-07083,boundary,C05,G2,F3,4,1,classroom,60,classroom,S10
TTO-07084,boundary,C01,G1,F2,3,2,lab,30,lab,S9
TTO-07084,boundary,C02,G2,F3,3,1,lab,30,lab,S10
TTO-07084,boundary,C03,G1,F3,4,2,classroom,60,classroom,S6
TTO-07084,boundary,C04,G1,F1,4,1,lab,30,lab,S3
TTO-07084,boundary,C05,G2,F2,4,1,lab,30,lab,S5
TTO-07085,boundary,C01,G1,F1,4,1,lab,30,lab,S4
TTO-07085,boundary,C02,G1,F1,3,2,lab,30,lab,S6
TTO-07085,boundary,C03,G2,F1,4,1,classroom,60,classroom,S3
TTO-07085,boundary,C04,G2,F3,3,1,lab,30,lab,S5
TTO-07085,boundary,C05,G2,F2,4,1,classroom,60,classroom,S9
TTO-07086,boundary,C01,G1,F2,4,1,lab,30,lab,S10
TTO-07086,boundary,C02,G2,F1,3,2,lab,30,lab,S4
TTO-07086,boundary,C03,G1,F3,3,1,classroom,60,classroom,S5
TTO-07086,boundary,C04,G2,F1,4,2,classroom,60,classroom,S8
TTO-07086,boundary,C05,G1,F3,3,1,classroom,60,classroom,S9
TTO-07087,boundary,C01,G2,F3,4,2,classroom,60,classroom,S7
TTO-07087,boundary,C02,G2,F2,3,2,lab,30,lab,S9
TTO-07087,boundary,C03,G2,F1,3,1,lab,30,lab,S5
TTO-07087,boundary,C04,G1,F3,3,2,lab,30,lab,S8
TTO-07087,boundary,C05,G1,F1,4,2,lab,30,lab,S5
TTO-07088,boundary,C01,G1,F2,4,1,classroom,60,classroom,S9
TTO-07088,boundary,C02,G1,F2,3,2,lab,30,lab,S1
TTO-07088,boundary,C03,G1,F1,3,2,lab,30,lab,S3
TTO-07088,boundary,C04,G2,F2,4,2,classroom,60,classroom,S7
TTO-07088,boundary,C05,G2,F1,4,1,lab,30,lab,S1
TTO-07089,boundary,C01,G2,F2,3,1,classroom,60,classroom,S1
TTO-07089,boundary,C02,G1,F3,4,2,lab,30,lab,S5
TTO-07089,boundary,C03,G2,F1,3,2,classroom,60,classroom,S2
TTO-07089,boundary,C04,G1,F3,4,1,classroom,60,classroom,S4
TTO-07089,boundary,C05,G1,F2,3,1,classroom,60,classroom,S8
TTO-07090,boundary,C01,G1,F1,4,2,lab,30,lab,S5
TTO-07090,boundary,C02,G1,F2,4,1,lab,30,lab,S7
TTO-07090,boundary,C03,G1,F3,3,2,lab,30,lab,S2
TTO-07090,boundary,C04,G2,F1,3,1,lab,30,lab,S7
TTO-07090,boundary,C05,G1,F3,3,1,classroom,60,classroom,S3
TTO-07091,boundary,C01,G2,F2,3,1,classroom,60,classroom,S7
TTO-07091,boundary,C02,G2,F1,4,2,classroom,60,classroom,S5
TTO-07091,boundary,C03,G1,F3,3,1,lab,30,lab,S6
TTO-07091,boundary,C04,G1,F3,4,2,classroom,60,classroom,S9
TTO-07091,boundary,C05,G1,F1,4,1,lab,30,lab,S3
TTO-07092,boundary,C01,G1,F2,4,1,classroom,60,classroom,S4
TTO-07092,boundary,C02,G1,F2,4,1,lab,30,lab,S7
TTO-07092,boundary,C03,G1,F1,3,1,classroom,60,classroom,S9
TTO-07092,boundary,C04,G1,F2,4,1,classroom,60,classroom,S8
TTO-07092,boundary,C05,G2,F1,3,2,classroom,60,classroom,S2
TTO-07093,boundary,C01,G2,F1,4,2,lab,30,lab,S3
TTO-07093,boundary,C02,G1,F1,4,2,classroom,60,classroom,S4
TTO-07093,boundary,C03,G1,F2,4,2,classroom,60,classroom,S8
TTO-07093,boundary,C04,G2,F1,3,1,lab,30,lab,S9
TTO-07093,boundary,C05,G2,F2,3,2,classroom,60,classroom,S9
TTO-07094,boundary,C01,G2,F3,3,1,classroom,60,classroom,S10
TTO-07094,boundary,C02,G1,F2,3,1,classroom,60,classroom,S3
TTO-07094,boundary,C03,G1,F1,4,2,classroom,60,classroom,S5
TTO-07094,boundary,C04,G2,F2,4,1,classroom,60,classroom,S2
TTO-07094,boundary,C05,G2,F2,4,2,classroom,60,classroom,S4
TTO-07095,boundary,C01,G1,F2,3,2,classroom,60,classroom,S6
TTO-07095,boundary,C02,G1,F1,4,2,classroom,60,classroom,S5
TTO-07095,boundary,C03,G2,F2,4,2,classroom,60,classroom,S10
TTO-07095,boundary,C04,G2,F2,3,2,classroom,60,classroom,S6
TTO-07095,boundary,C05,G2,F2,3,2,classroom,60,classroom,S2
TTO-07096,boundary,C01,G1,F3,4,1,classroom,60,classroom,S7
TTO-07096,boundary,C02,G1,F3,4,1,lab,30,lab,S4
TTO-07096,boundary,C03,G2,F3,3,1,classroom,60,classroom,S1
TTO-07096,boundary,C04,G1,F1,4,2,lab,30,lab,S2
TTO-07096,boundary,C05,G1,F1,3,2,classroom,60,classroom,S1
TTO-07097,boundary,C01,G2,F1,4,2,lab,30,lab,S2
TTO-07097,boundary,C02,G1,F3,4,2,classroom,60,classroom,S9
TTO-07097,boundary,C03,G1,F3,4,2,classroom,60,classroom,S4
TTO-07097,boundary,C04,G1,F3,3,1,lab,30,lab,S2
TTO-07097,boundary,C05,G2,F3,3,1,lab,30,lab,S7
TTO-07098,boundary,C01,G2,F2,4,1,classroom,60,classroom,S10
TTO-07098,boundary,C02,G1,F1,4,2,lab,30,lab,S9
TTO-07098,boundary,C03,G2,F3,3,1,classroom,60,classroom,S2
TTO-07098,boundary,C04,G2,F2,4,1,lab,30,lab,S1
TTO-07098,boundary,C05,G2,F2,4,2,classroom,60,classroom,S10
TTO-07099,boundary,C01,G2,F2,3,2,lab,30,lab,S9
TTO-07099,boundary,C02,G1,F3,3,1,lab,30,lab,S7
TTO-07099,boundary,C03,G1,F1,3,2,classroom,60,classroom,S8
TTO-07099,boundary,C04,G2,F1,3,1,classroom,60,classroom,S2
TTO-07099,boundary,C05,G1,F2,4,1,classroom,60,classroom,S5
TTO-07100,boundary,C01,G1,F3,4,1,lab,30,lab,S4
TTO-07100,boundary,C02,G1,F2,4,2,classroom,60,classroom,S2
TTO-07100,boundary,C03,G2,F3,3,1,lab,30,lab,S10
TTO-07100,boundary,C04,G1,F1,4,1,lab,30,lab,S8
TTO-07100,boundary,C05,G1,F2,4,2,lab,30,lab,S4
TTO-07101,boundary,C01,G1,F3,4,2,classroom,60,classroom,S9
TTO-07101,boundary,C02,G2,F2,3,1,classroom,60,classroom,S8
TTO-07101,boundary,C03,G1,F3,4,2,classroom,60,classroom,S4
TTO-07101,boundary,C04,G2,F2,3,1,classroom,60,classroom,S5
TTO-07101,boundary,C05,G1,F2,4,2,classroom,60,classroom,S2
TTO-07102,boundary,C01,G2,F1,3,2,classroom,60,classroom,S9
TTO-07102,boundary,C02,G1,F1,3,1,classroom,60,classroom,S6
TTO-07102,boundary,C03,G1,F2,3,2,classroom,60,classroom,S8
TTO-07102,boundary,C04,G1,F1,4,2,classroom,60,classroom,S9
TTO-07102,boundary,C05,G2,F2,3,1,lab,30,lab,S8
TTO-07103,boundary,C01,G2,F3,3,1,lab,30,lab,S4
TTO-07103,boundary,C02,G2,F3,4,2,classroom,60,classroom,S10
TTO-07103,boundary,C03,G1,F1,3,2,classroom,60,classroom,S8
TTO-07103,boundary,C04,G2,F3,3,2,classroom,60,classroom,S6
TTO-07103,boundary,C05,G2,F2,3,2,lab,30,lab,S7
TTO-07104,boundary,C01,G2,F2,3,1,classroom,60,classroom,S9
TTO-07104,boundary,C02,G1,F1,3,1,lab,30,lab,S7
TTO-07104,boundary,C03,G1,F2,4,2,classroom,60,classroom,S1
TTO-07104,boundary,C04,G1,F2,4,2,lab,30,lab,S2
TTO-07104,boundary,C05,G1,F2,3,2,lab,30,lab,S8
TTO-07105,boundary,C01,G2,F3,4,2,lab,30,lab,S2
TTO-07105,boundary,C02,G2,F1,4,2,classroom,60,classroom,S6
TTO-07105,boundary,C03,G2,F3,4,1,classroom,60,classroom,S6
TTO-07105,boundary,C04,G1,F3,4,1,classroom,60,classroom,S8
TTO-07105,boundary,C05,G2,F1,4,1,lab,30,lab,S3
TTO-07106,boundary,C01,G2,F2,3,1,lab,30,lab,S1
TTO-07106,boundary,C02,G2,F3,3,1,lab,30,lab,S9
TTO-07106,boundary,C03,G2,F1,3,2,classroom,60,classroom,S6
TTO-07106,boundary,C04,G1,F1,4,1,lab,30,lab,S5
TTO-07106,boundary,C05,G1,F3,3,2,lab,30,lab,S4
TTO-07107,boundary,C01,G1,F3,4,1,lab,30,lab,S6
TTO-07107,boundary,C02,G2,F1,4,1,classroom,60,classroom,S9
TTO-07107,boundary,C03,G2,F3,4,2,lab,30,lab,S2
TTO-07107,boundary,C04,G1,F3,4,1,lab,30,lab,S10
TTO-07107,boundary,C05,G2,F2,3,2,classroom,60,classroom,S8
TTO-07108,boundary,C01,G1,F1,4,1,classroom,60,classroom,S2
TTO-07108,boundary,C02,G1,F2,4,1,classroom,60,classroom,S5
TTO-07108,boundary,C03,G2,F3,3,1,lab,30,lab,S9
TTO-07108,boundary,C04,G2,F3,3,2,classroom,60,classroom,S7
TTO-07108,boundary,C05,G1,F2,3,1,classroom,60,classroom,S3
TTO-07109,boundary,C01,G2,F3,4,2,lab,30,lab,S9
TTO-07109,boundary,C02,G2,F3,3,2,classroom,60,classroom,S6
TTO-07109,boundary,C03,G2,F3,4,1,classroom,60,classroom,S2
TTO-07109,boundary,C04,G2,F1,4,2,lab,30,lab,S2
TTO-07109,boundary,C05,G1,F2,3,1,classroom,60,classroom,S9
TTO-07110,boundary,C01,G1,F3,4,2,classroom,60,classroom,S2
TTO-07110,boundary,C02,G2,F3,3,2,lab,30,lab,S3
TTO-07110,boundary,C03,G1,F3,3,1,lab,30,lab,S4
TTO-07110,boundary,C04,G2,F1,3,1,classroom,60,classroom,S7
TTO-07110,boundary,C05,G2,F2,3,2,classroom,60,classroom,S7
TTO-07111,boundary,C01,G1,F3,3,1,classroom,60,classroom,S10
TTO-07111,boundary,C02,G2,F3,4,2,classroom,60,classroom,S1
TTO-07111,boundary,C03,G1,F2,3,1,lab,30,lab,S7
TTO-07111,boundary,C04,G2,F2,4,1,lab,30,lab,S3
TTO-07111,boundary,C05,G2,F3,4,1,classroom,60,classroom,S3
TTO-07112,boundary,C01,G1,F3,4,1,lab,30,lab,S6
TTO-07112,boundary,C02,G1,F3,3,2,lab,30,lab,S6
TTO-07112,boundary,C03,G2,F2,3,1,classroom,60,classroom,S2
TTO-07112,boundary,C04,G1,F1,3,1,classroom,60,classroom,S2
TTO-07112,boundary,C05,G1,F1,4,2,classroom,60,classroom,S4
TTO-07113,boundary,C01,G1,F1,4,1,classroom,60,classroom,S9
TTO-07113,boundary,C02,G2,F1,4,2,lab,30,lab,S1
TTO-07113,boundary,C03,G1,F2,3,2,lab,30,lab,S8
TTO-07113,boundary,C04,G1,F2,4,1,classroom,60,classroom,S8
TTO-07113,boundary,C05,G2,F1,4,2,lab,30,lab,S4
TTO-07114,boundary,C01,G2,F3,4,1,lab,30,lab,S5
TTO-07114,boundary,C02,G1,F1,4,2,lab,30,lab,S10
TTO-07114,boundary,C03,G2,F3,3,2,classroom,60,classroom,S2
TTO-07114,boundary,C04,G2,F2,3,2,classroom,60,classroom,S2
TTO-07114,boundary,C05,G2,F2,4,2,classroom,60,classroom,S7
TTO-07115,boundary,C01,G2,F2,4,2,lab,30,lab,S7
TTO-07115,boundary,C02,G2,F1,4,1,classroom,60,classroom,S2
TTO-07115,boundary,C03,G2,F2,4,2,classroom,60,classroom,S3
TTO-07115,boundary,C04,G1,F1,3,1,classroom,60,classroom,S7
TTO-07115,boundary,C05,G2,F2,3,2,lab,30,lab,S10
TTO-07116,boundary,C01,G2,F1,3,2,classroom,60,classroom,S4
TTO-07116,boundary,C02,G1,F2,4,2,classroom,60,classroom,S7
TTO-07116,boundary,C03,G1,F2,3,1,classroom,60,classroom,S5
TTO-07116,boundary,C04,G2,F3,4,2,lab,30,lab,S5
TTO-07116,boundary,C05,G1,F3,4,1,lab,30,lab,S2
TTO-07117,boundary,C01,G2,F2,3,2,lab,30,lab,S2
TTO-07117,boundary,C02,G1,F3,4,2,lab,30,lab,S2
TTO-07117,boundary,C03,G2,F1,3,1,classroom,60,classroom,S6
TTO-07117,boundary,C04,G2,F3,3,2,lab,30,lab,S8
TTO-07117,boundary,C05,G1,F3,4,1,lab,30,lab,S7
TTO-07118,boundary,C01,G1,F3,4,1,classroom,60,classroom,S6
TTO-07118,boundary,C02,G1,F1,3,1,lab,30,lab,S7
TTO-07118,boundary,C03,G2,F1,3,1,lab,30,lab,S4
TTO-07118,boundary,C04,G2,F1,3,1,lab,30,lab,S10
TTO-07118,boundary,C05,G1,F2,3,2,lab,30,lab,S1
TTO-07119,boundary,C01,G2,F2,4,1,classroom,60,classroom,S7
TTO-07119,boundary,C02,G2,F3,4,2,lab,30,lab,S3
TTO-07119,boundary,C03,G2,F1,4,1,lab,30,lab,S3
TTO-07119,boundary,C04,G1,F3,4,1,classroom,60,classroom,S8
TTO-07119,boundary,C05,G1,F2,4,2,classroom,60,classroom,S5
TTO-07120,boundary,C01,G2,F3,4,2,classroom,60,classroom,S3
TTO-07120,boundary,C02,G2,F3,4,1,classroom,60,classroom,S4
TTO-07120,boundary,C03,G2,F1,3,1,classroom,60,classroom,S2
TTO-07120,boundary,C04,G1,F2,3,2,lab,30,lab,S6
TTO-07120,boundary,C05,G1,F2,3,2,classroom,60,classroom,S4
TTO-07121,boundary,C01,G2,F2,3,2,classroom,60,classroom,S10
TTO-07121,boundary,C02,G2,F3,4,1,classroom,60,classroom,S8
TTO-07121,boundary,C03,G1,F2,3,1,lab,30,lab,S2
TTO-07121,boundary,C04,G2,F2,4,1,lab,30,lab,S8
TTO-07121,boundary,C05,G2,F1,3,2,lab,30,lab,S6
TTO-07122,boundary,C01,G1,F2,4,2,classroom,60,classroom,S8
TTO-07122,boundary,C02,G1,F2,4,1,lab,30,lab,S5
TTO-07122,boundary,C03,G1,F3,4,2,classroom,60,classroom,S8
TTO-07122,boundary,C04,G1,F3,4,2,classroom,60,classroom,S2
TTO-07122,boundary,C05,G1,F2,4,2,lab,30,lab,S6
TTO-07123,boundary,C01,G1,F2,4,2,classroom,60,classroom,S8
TTO-07123,boundary,C02,G1,F2,3,1,lab,30,lab,S9
TTO-07123,boundary,C03,G1,F2,3,1,lab,30,lab,S3
TTO-07123,boundary,C04,G2,F3,3,2,lab,30,lab,S1
TTO-07123,boundary,C05,G2,F3,3,2,lab,30,lab,S9
TTO-07124,boundary,C01,G2,F3,4,2,classroom,60,classroom,S7
TTO-07124,boundary,C02,G1,F1,4,1,classroom,60,classroom,S7
TTO-07124,boundary,C03,G1,F1,3,1,lab,30,lab,S7
TTO-07124,boundary,C04,G1,F3,4,2,lab,30,lab,S1
TTO-07124,boundary,C05,G2,F1,3,1,lab,30,lab,S10
TTO-07125,boundary,C01,G1,F3,3,1,lab,30,lab,S6
TTO-07125,boundary,C02,G2,F2,3,2,lab,30,lab,S1
TTO-07125,boundary,C03,G2,F3,4,1,lab,30,lab,S7
TTO-07125,boundary,C04,G2,F2,4,2,lab,30,lab,S3
TTO-07125,boundary,C05,G1,F3,3,1,lab,30,lab,S4
TTO-07126,boundary,C01,G2,F1,3,2,lab,30,lab,S3
TTO-07126,boundary,C02,G2,F3,4,2,lab,30,lab,S2
TTO-07126,boundary,C03,G2,F2,3,1,lab,30,lab,S10
TTO-07126,boundary,C04,G2,F1,3,1,lab,30,lab,S6
TTO-07126,boundary,C05,G2,F1,4,1,lab,30,lab,S3
TTO-07127,boundary,C01,G1,F1,3,2,classroom,60,classroom,S4
TTO-07127,boundary,C02,G1,F3,3,1,classroom,60,classroom,S4
TTO-07127,boundary,C03,G1,F2,4,1,lab,30,lab,S6
TTO-07127,boundary,C04,G2,F2,4,1,lab,30,lab,S10
TTO-07127,boundary,C05,G2,F1,4,1,lab,30,lab,S4
TTO-07128,boundary,C01,G1,F3,4,2,classroom,60,classroom,S1
TTO-07128,boundary,C02,G1,F1,4,1,lab,30,lab,S2
TTO-07128,boundary,C03,G2,F2,4,2,lab,30,lab,S4
TTO-07128,boundary,C04,G1,F3,4,1,lab,30,lab,S8
TTO-07128,boundary,C05,G1,F2,4,2,lab,30,lab,S1
TTO-07129,boundary,C01,G2,F2,4,2,lab,30,lab,S6
TTO-07129,boundary,C02,G1,F2,4,1,lab,30,lab,S8
TTO-07129,boundary,C03,G2,F2,3,1,classroom,60,classroom,S7
TTO-07129,boundary,C04,G2,F2,4,1,classroom,60,classroom,S4
TTO-07129,boundary,C05,G1,F1,3,2,lab,30,lab,S1
TTO-07130,boundary,C01,G2,F1,3,2,lab,30,lab,S1
TTO-07130,boundary,C02,G1,F2,3,1,lab,30,lab,S2
TTO-07130,boundary,C03,G2,F2,3,2,lab,30,lab,S4
TTO-07130,boundary,C04,G1,F2,4,1,lab,30,lab,S5
TTO-07130,boundary,C05,G1,F3,4,2,classroom,60,classroom,S6
TTO-07131,boundary,C01,G1,F3,3,2,classroom,60,classroom,S7
TTO-07131,boundary,C02,G2,F1,4,2,classroom,60,classroom,S1
TTO-07131,boundary,C03,G2,F3,3,1,classroom,60,classroom,S1
TTO-07131,boundary,C04,G2,F2,4,2,classroom,60,classroom,S2
TTO-07131,boundary,C05,G1,F3,3,2,lab,30,lab,S2
TTO-07132,boundary,C01,G1,F2,3,2,lab,30,lab,S9
TTO-07132,boundary,C02,G2,F3,3,2,lab,30,lab,S5
TTO-07132,boundary,C03,G1,F3,3,2,lab,30,lab,S10
TTO-07132,boundary,C04,G1,F2,3,2,classroom,60,classroom,S10
TTO-07132,boundary,C05,G1,F3,3,2,classroom,60,classroom,S2
TTO-07133,boundary,C01,G1,F2,4,1,classroom,60,classroom,S9
TTO-07133,boundary,C02,G2,F1,3,1,lab,30,lab,S8
TTO-07133,boundary,C03,G2,F2,3,2,classroom,60,classroom,S7
TTO-07133,boundary,C04,G1,F3,3,2,classroom,60,classroom,S2
TTO-07133,boundary,C05,G2,F3,3,1,classroom,60,classroom,S10
TTO-07134,boundary,C01,G2,F1,3,1,classroom,60,classroom,S5
TTO-07134,boundary,C02,G2,F2,3,2,classroom,60,classroom,S10
TTO-07134,boundary,C03,G2,F2,4,2,lab,30,lab,S7
TTO-07134,boundary,C04,G1,F2,4,1,classroom,60,classroom,S10
TTO-07134,boundary,C05,G1,F2,3,2,lab,30,lab,S4
TTO-07135,boundary,C01,G1,F2,4,1,lab,30,lab,S1
TTO-07135,boundary,C02,G2,F2,4,2,lab,30,lab,S3
TTO-07135,boundary,C03,G1,F1,4,1,classroom,60,classroom,S4
TTO-07135,boundary,C04,G1,F2,3,1,classroom,60,classroom,S9
TTO-07135,boundary,C05,G2,F3,4,1,lab,30,lab,S3
TTO-07136,boundary,C01,G2,F1,4,1,lab,30,lab,S5
TTO-07136,boundary,C02,G2,F2,4,1,lab,30,lab,S9
TTO-07136,boundary,C03,G2,F1,4,1,classroom,60,classroom,S7
TTO-07136,boundary,C04,G1,F1,3,2,lab,30,lab,S1
TTO-07136,boundary,C05,G1,F2,3,2,classroom,60,classroom,S10
TTO-07137,boundary,C01,G1,F1,4,1,lab,30,lab,S7
TTO-07137,boundary,C02,G1,F1,4,2,lab,30,lab,S9
TTO-07137,boundary,C03,G1,F2,4,1,classroom,60,classroom,S7
TTO-07137,boundary,C04,G2,F3,4,1,lab,30,lab,S9
TTO-07137,boundary,C05,G1,F1,3,1,lab,30,lab,S3
TTO-07138,boundary,C01,G2,F2,4,2,lab,30,lab,S2
TTO-07138,boundary,C02,G2,F3,3,2,lab,30,lab,S6
TTO-07138,boundary,C03,G1,F2,3,1,classroom,60,classroom,S3
TTO-07138,boundary,C04,G1,F3,3,2,lab,30,lab,S9
TTO-07138,boundary,C05,G2,F1,3,2,lab,30,lab,S5
TTO-07139,boundary,C01,G2,F1,4,2,lab,30,lab,S1
TTO-07139,boundary,C02,G1,F1,4,2,classroom,60,classroom,S10
TTO-07139,boundary,C03,G2,F1,3,1,lab,30,lab,S8
TTO-07139,boundary,C04,G2,F2,4,2,lab,30,lab,S7
TTO-07139,boundary,C05,G1,F2,3,1,classroom,60,classroom,S9
TTO-07140,boundary,C01,G1,F1,3,1,classroom,60,classroom,S3
TTO-07140,boundary,C02,G2,F2,4,2,lab,30,lab,S3
TTO-07140,boundary,C03,G1,F1,3,2,lab,30,lab,S9
TTO-07140,boundary,C04,G1,F3,4,2,lab,30,lab,S5
TTO-07140,boundary,C05,G1,F2,3,1,classroom,60,classroom,S4
TTO-07141,boundary,C01,G1,F3,4,2,lab,30,lab,S5
TTO-07141,boundary,C02,G1,F1,3,1,lab,30,lab,S9
TTO-07141,boundary,C03,G2,F1,3,2,lab,30,lab,S1
TTO-07141,boundary,C04,G1,F3,4,2,lab,30,lab,S7
TTO-07141,boundary,C05,G1,F2,4,2,classroom,60,classroom,S7
TTO-07142,boundary,C01,G2,F1,4,2,classroom,60,classroom,S3
TTO-07142,boundary,C02,G1,F1,3,1,classroom,60,classroom,S10
TTO-07142,boundary,C03,G1,F1,4,1,classroom,60,classroom,S8
TTO-07142,boundary,C04,G2,F2,4,2,lab,30,lab,S7
TTO-07142,boundary,C05,G2,F3,3,2,classroom,60,classroom,S7
TTO-07143,boundary,C01,G2,F3,4,1,lab,30,lab,S5
TTO-07143,boundary,C02,G1,F3,3,2,lab,30,lab,S3
TTO-07143,boundary,C03,G2,F1,4,1,lab,30,lab,S2
TTO-07143,boundary,C04,G1,F3,3,2,lab,30,lab,S8
TTO-07143,boundary,C05,G1,F2,4,2,classroom,60,classroom,S9
TTO-07144,boundary,C01,G2,F1,4,1,classroom,60,classroom,S6
TTO-07144,boundary,C02,G1,F3,4,1,classroom,60,classroom,S3
TTO-07144,boundary,C03,G2,F3,4,1,lab,30,lab,S9
TTO-07144,boundary,C04,G2,F1,4,1,classroom,60,classroom,S5
TTO-07144,boundary,C05,G1,F3,3,2,classroom,60,classroom,S9
TTO-07145,boundary,C01,G2,F3,3,1,lab,30,lab,S5
TTO-07145,boundary,C02,G1,F2,3,2,classroom,60,classroom,S3
TTO-07145,boundary,C03,G2,F1,3,2,lab,30,lab,S5
TTO-07145,boundary,C04,G2,F3,4,1,classroom,60,classroom,S5
TTO-07145,boundary,C05,G1,F1,3,1,lab,30,lab,S2
TTO-07146,boundary,C01,G1,F1,4,1,lab,30,lab,S6
TTO-07146,boundary,C02,G2,F2,3,1,lab,30,lab,S8
TTO-07146,boundary,C03,G2,F1,3,1,classroom,60,classroom,S1
TTO-07146,boundary,C04,G2,F3,3,1,classroom,60,classroom,S1
TTO-07146,boundary,C05,G1,F1,4,1,classroom,60,classroom,S4
TTO-07147,boundary,C01,G2,F3,4,1,lab,30,lab,S4
TTO-07147,boundary,C02,G2,F1,3,1,lab,30,lab,S9
TTO-07147,boundary,C03,G2,F3,4,2,lab,30,lab,S3
TTO-07147,boundary,C04,G1,F1,3,2,lab,30,lab,S7
TTO-07147,boundary,C05,G1,F1,4,1,classroom,60,classroom,S9
TTO-07148,boundary,C01,G1,F3,3,1,lab,30,lab,S1
TTO-07148,boundary,C02,G2,F1,3,1,lab,30,lab,S8
TTO-07148,boundary,C03,G1,F2,4,2,classroom,60,classroom,S3
TTO-07148,boundary,C04,G1,F1,3,2,lab,30,lab,S8
TTO-07148,boundary,C05,G2,F2,3,2,lab,30,lab,S8
TTO-07149,boundary,C01,G2,F3,3,1,classroom,60,classroom,S10
TTO-07149,boundary,C02,G1,F2,3,2,lab,30,lab,S7
TTO-07149,boundary,C03,G1,F3,4,1,classroom,60,classroom,S3
TTO-07149,boundary,C04,G1,F1,4,2,classroom,60,classroom,S9
TTO-07149,boundary,C05,G1,F1,3,1,lab,30,lab,S3
TTO-07150,boundary,C01,G2,F1,3,2,classroom,60,classroom,S9
TTO-07150,boundary,C02,G1,F3,3,2,classroom,60,classroom,S6
TTO-07150,boundary,C03,G1,F1,4,2,classroom,60,classroom,S9
TTO-07150,boundary,C04,G1,F3,4,1,lab,30,lab,S7
TTO-07150,boundary,C05,G1,F2,4,1,classroom,60,classroom,S8
TTO-07151,boundary,C01,G1,F1,3,1,lab,30,lab,S2
TTO-07151,boundary,C02,G2,F3,4,2,lab,30,lab,S9
TTO-07151,boundary,C03,G2,F1,4,2,classroom,60,classroom,S6
TTO-07151,boundary,C04,G1,F2,3,2,classroom,60,classroom,S7
TTO-07151,boundary,C05,G2,F3,3,1,lab,30,lab,S5
TTO-07152,boundary,C01,G1,F1,3,2,classroom,60,classroom,S2
TTO-07152,boundary,C02,G2,F3,3,1,classroom,60,classroom,S4
TTO-07152,boundary,C03,G2,F2,3,1,classroom,60,classroom,S1
TTO-07152,boundary,C04,G1,F3,4,2,lab,30,lab,S5
TTO-07152,boundary,C05,G1,F1,4,1,lab,30,lab,S7
TTO-07153,boundary,C01,G1,F2,4,1,lab,30,lab,S1
TTO-07153,boundary,C02,G2,F3,3,2,classroom,60,classroom,S9
TTO-07153,boundary,C03,G1,F1,4,2,classroom,60,classroom,S1
TTO-07153,boundary,C04,G1,F1,4,2,lab,30,lab,S3
TTO-07153,boundary,C05,G1,F3,3,1,classroom,60,classroom,S9
TTO-07154,boundary,C01,G1,F3,4,2,lab,30,lab,S6
TTO-07154,boundary,C02,G2,F2,4,2,lab,30,lab,S4
TTO-07154,boundary,C03,G2,F1,3,2,lab,30,lab,S6
TTO-07154,boundary,C04,G1,F2,4,1,lab,30,lab,S10
TTO-07154,boundary,C05,G2,F2,3,2,lab,30,lab,S4
TTO-07155,boundary,C01,G1,F1,3,2,lab,30,lab,S2
TTO-07155,boundary,C02,G1,F1,3,2,lab,30,lab,S9
TTO-07155,boundary,C03,G2,F1,4,1,lab,30,lab,S9
TTO-07155,boundary,C04,G2,F1,3,2,lab,30,lab,S10
TTO-07155,boundary,C05,G1,F2,4,2,lab,30,lab,S4
TTO-07156,boundary,C01,G1,F2,3,1,classroom,60,classroom,S1
TTO-07156,boundary,C02,G2,F1,3,2,classroom,60,classroom,S5
TTO-07156,boundary,C03,G1,F1,4,2,lab,30,lab,S8
TTO-07156,boundary,C04,G2,F1,3,1,classroom,60,classroom,S9
TTO-07156,boundary,C05,G2,F3,4,1,lab,30,lab,S5
TTO-07157,boundary,C01,G1,F1,3,2,lab,30,lab,S3
TTO-07157,boundary,C02,G2,F1,4,2,lab,30,lab,S8
TTO-07157,boundary,C03,G1,F3,3,2,lab,30,lab,S7
TTO-07157,boundary,C04,G1,F3,3,2,lab,30,lab,S6
TTO-07157,boundary,C05,G1,F1,4,2,lab,30,lab,S5
TTO-07158,boundary,C01,G2,F2,4,1,classroom,60,classroom,S5
TTO-07158,boundary,C02,G2,F2,3,1,classroom,60,classroom,S4
TTO-07158,boundary,C03,G2,F2,3,1,classroom,60,classroom,S4
TTO-07158,boundary,C04,G2,F3,3,2,classroom,60,classroom,S4
TTO-07158,boundary,C05,G1,F1,4,2,lab,30,lab,S7
TTO-07159,boundary,C01,G1,F3,4,1,lab,30,lab,S4
TTO-07159,boundary,C02,G2,F2,3,1,classroom,60,classroom,S6
TTO-07159,boundary,C03,G2,F3,4,2,lab,30,lab,S5
TTO-07159,boundary,C04,G2,F2,3,1,classroom,60,classroom,S1
TTO-07159,boundary,C05,G1,F2,4,1,classroom,60,classroom,S5
TTO-07160,boundary,C01,G2,F1,4,2,lab,30,lab,S4
TTO-07160,boundary,C02,G2,F1,3,1,lab,30,lab,S7
TTO-07160,boundary,C03,G1,F2,3,1,lab,30,lab,S10
TTO-07160,boundary,C04,G2,F2,3,2,lab,30,lab,S4
TTO-07160,boundary,C05,G1,F1,4,1,lab,30,lab,S2
TTO-07161,boundary,C01,G2,F3,3,2,classroom,60,classroom,S3
TTO-07161,boundary,C02,G1,F2,3,1,lab,30,lab,S5
TTO-07161,boundary,C03,G2,F2,3,1,lab,30,lab,S3
TTO-07161,boundary,C04,G2,F1,3,1,lab,30,lab,S10
TTO-07161,boundary,C05,G1,F2,4,1,lab,30,lab,S1
TTO-07162,boundary,C01,G1,F1,4,2,classroom,60,classroom,S6
TTO-07162,boundary,C02,G2,F2,4,2,classroom,60,classroom,S4
TTO-07162,boundary,C03,G1,F1,4,1,lab,30,lab,S3
TTO-07162,boundary,C04,G1,F3,4,1,lab,30,lab,S10
TTO-07162,boundary,C05,G2,F3,3,1,lab,30,lab,S9
TTO-07163,boundary,C01,G1,F2,4,1,lab,30,lab,S8
TTO-07163,boundary,C02,G1,F3,4,2,lab,30,lab,S9
TTO-07163,boundary,C03,G2,F1,4,1,lab,30,lab,S1
TTO-07163,boundary,C04,G2,F3,3,2,classroom,60,classroom,S4
TTO-07163,boundary,C05,G2,F1,4,2,classroom,60,classroom,S4
TTO-07164,boundary,C01,G1,F3,4,2,classroom,60,classroom,S8
TTO-07164,boundary,C02,G2,F2,4,1,classroom,60,classroom,S2
TTO-07164,boundary,C03,G2,F3,4,2,classroom,60,classroom,S2
TTO-07164,boundary,C04,G2,F2,4,2,lab,30,lab,S9
TTO-07164,boundary,C05,G2,F2,3,1,lab,30,lab,S3
TTO-07165,boundary,C01,G2,F2,4,2,classroom,60,classroom,S6
TTO-07165,boundary,C02,G1,F1,3,2,lab,30,lab,S8
TTO-07165,boundary,C03,G1,F2,4,2,lab,30,lab,S6
TTO-07165,boundary,C04,G2,F3,3,2,lab,30,lab,S7
TTO-07165,boundary,C05,G1,F1,4,1,classroom,60,classroom,S6
TTO-07166,boundary,C01,G1,F2,3,2,lab,30,lab,S2
TTO-07166,boundary,C02,G2,F1,3,1,lab,30,lab,S5
TTO-07166,boundary,C03,G2,F3,3,2,classroom,60,classroom,S7
TTO-07166,boundary,C04,G1,F3,4,1,classroom,60,classroom,S10
TTO-07166,boundary,C05,G1,F2,4,1,classroom,60,classroom,S1
TTO-07167,boundary,C01,G2,F2,4,1,classroom,60,classroom,S5
TTO-07167,boundary,C02,G2,F3,3,2,lab,30,lab,S2
TTO-07167,boundary,C03,G1,F3,3,1,classroom,60,classroom,S2
TTO-07167,boundary,C04,G2,F3,3,2,classroom,60,classroom,S5
TTO-07167,boundary,C05,G2,F1,4,2,lab,30,lab,S1
TTO-07168,boundary,C01,G1,F3,3,1,lab,30,lab,S8
TTO-07168,boundary,C02,G2,F2,4,1,classroom,60,classroom,S6
TTO-07168,boundary,C03,G2,F1,3,2,classroom,60,classroom,S7
TTO-07168,boundary,C04,G2,F1,3,1,classroom,60,classroom,S5
TTO-07168,boundary,C05,G1,F3,4,2,classroom,60,classroom,S2
TTO-07169,boundary,C01,G2,F2,4,2,lab,30,lab,S9
TTO-07169,boundary,C02,G1,F3,3,1,lab,30,lab,S4
TTO-07169,boundary,C03,G2,F2,4,1,classroom,60,classroom,S4
TTO-07169,boundary,C04,G1,F2,3,1,lab,30,lab,S1
TTO-07169,boundary,C05,G2,F3,4,1,classroom,60,classroom,S10
TTO-07170,boundary,C01,G2,F3,3,1,classroom,60,classroom,S7
TTO-07170,boundary,C02,G2,F2,4,2,classroom,60,classroom,S10
TTO-07170,boundary,C03,G2,F2,3,1,lab,30,lab,S7
TTO-07170,boundary,C04,G2,F2,3,2,classroom,60,classroom,S3
TTO-07170,boundary,C05,G1,F3,4,2,lab,30,lab,S8
TTO-07171,boundary,C01,G2,F2,3,2,lab,30,lab,S8
TTO-07171,boundary,C02,G1,F3,4,1,classroom,60,classroom,S10
TTO-07171,boundary,C03,G2,F1,3,1,lab,30,lab,S5
TTO-07171,boundary,C04,G1,F3,4,1,lab,30,lab,S2
TTO-07171,boundary,C05,G1,F1,4,1,lab,30,lab,S3
TTO-07172,boundary,C01,G2,F3,4,2,lab,30,lab,S2
TTO-07172,boundary,C02,G1,F2,4,1,lab,30,lab,S7
TTO-07172,boundary,C03,G2,F3,4,2,lab,30,lab,S7
TTO-07172,boundary,C04,G1,F2,4,1,classroom,60,classroom,S1
TTO-07172,boundary,C05,G2,F2,4,2,lab,30,lab,S4
TTO-07173,boundary,C01,G2,F1,3,1,lab,30,lab,S5
TTO-07173,boundary,C02,G1,F3,3,2,lab,30,lab,S4
TTO-07173,boundary,C03,G1,F3,3,1,lab,30,lab,S1
TTO-07173,boundary,C04,G2,F3,4,1,classroom,60,classroom,S4
TTO-07173,boundary,C05,G2,F2,4,1,lab,30,lab,S1
TTO-07174,boundary,C01,G1,F1,4,1,classroom,60,classroom,S3
TTO-07174,boundary,C02,G2,F3,3,2,classroom,60,classroom,S10
TTO-07174,boundary,C03,G1,F2,4,1,lab,30,lab,S9
TTO-07174,boundary,C04,G2,F2,3,2,classroom,60,classroom,S1
TTO-07174,boundary,C05,G2,F3,3,1,lab,30,lab,S7
TTO-07175,boundary,C01,G1,F2,3,1,classroom,60,classroom,S9
TTO-07175,boundary,C02,G2,F2,3,1,classroom,60,classroom,S1
TTO-07175,boundary,C03,G1,F1,3,2,classroom,60,classroom,S3
TTO-07175,boundary,C04,G2,F2,3,1,classroom,60,classroom,S6
TTO-07175,boundary,C05,G1,F1,3,1,classroom,60,classroom,S8
TTO-07176,boundary,C01,G2,F1,4,2,classroom,60,classroom,S9
TTO-07176,boundary,C02,G1,F3,3,1,lab,30,lab,S8
TTO-07176,boundary,C03,G1,F2,4,1,lab,30,lab,S3
TTO-07176,boundary,C04,G1,F1,3,2,lab,30,lab,S2
TTO-07176,boundary,C05,G1,F3,3,1,classroom,60,classroom,S1
TTO-07177,boundary,C01,G1,F1,4,2,classroom,60,classroom,S3
TTO-07177,boundary,C02,G1,F3,3,2,lab,30,lab,S10
TTO-07177,boundary,C03,G1,F3,3,1,classroom,60,classroom,S9
TTO-07177,boundary,C04,G1,F3,3,2,lab,30,lab,S8
TTO-07177,boundary,C05,G2,F3,4,2,classroom,60,classroom,S9
TTO-07178,boundary,C01,G2,F1,4,1,lab,30,lab,S7
TTO-07178,boundary,C02,G1,F1,4,1,classroom,60,classroom,S1
TTO-07178,boundary,C03,G2,F3,3,1,lab,30,lab,S7
TTO-07178,boundary,C04,G2,F2,3,1,lab,30,lab,S4
TTO-07178,boundary,C05,G1,F1,4,2,lab,30,lab,S6
TTO-07179,boundary,C01,G2,F1,3,1,lab,30,lab,S9
TTO-07179,boundary,C02,G2,F3,4,1,lab,30,lab,S1
TTO-07179,boundary,C03,G1,F2,3,1,classroom,60,classroom,S6
TTO-07179,boundary,C04,G1,F3,3,1,classroom,60,classroom,S5
TTO-07179,boundary,C05,G2,F3,3,2,classroom,60,classroom,S5
TTO-07180,boundary,C01,G2,F2,3,2,lab,30,lab,S4
TTO-07180,boundary,C02,G1,F2,4,1,lab,30,lab,S10
TTO-07180,boundary,C03,G1,F2,3,1,classroom,60,classroom,S6
TTO-07180,boundary,C04,G1,F3,4,2,classroom,60,classroom,S8
TTO-07180,boundary,C05,G1,F1,4,2,classroom,60,classroom,S2
TTO-07181,boundary,C01,G1,F3,3,1,classroom,60,classroom,S2
TTO-07181,boundary,C02,G2,F1,3,2,classroom,60,classroom,S5
TTO-07181,boundary,C03,G1,F1,3,1,lab,30,lab,S7
TTO-07181,boundary,C04,G2,F2,4,2,classroom,60,classroom,S3
TTO-07181,boundary,C05,G2,F2,3,1,classroom,60,classroom,S9
TTO-07182,boundary,C01,G2,F2,3,2,classroom,60,classroom,S8
TTO-07182,boundary,C02,G2,F2,3,2,classroom,60,classroom,S6
TTO-07182,boundary,C03,G2,F1,4,2,classroom,60,classroom,S7
TTO-07182,boundary,C04,G2,F1,3,2,classroom,60,classroom,S10
TTO-07182,boundary,C05,G2,F1,4,2,classroom,60,classroom,S3
TTO-07183,boundary,C01,G2,F3,4,2,classroom,60,classroom,S9
TTO-07183,boundary,C02,G1,F3,3,2,classroom,60,classroom,S7
TTO-07183,boundary,C03,G1,F1,4,2,lab,30,lab,S5
TTO-07183,boundary,C04,G2,F3,4,2,lab,30,lab,S3
TTO-07183,boundary,C05,G1,F3,4,1,classroom,60,classroom,S4
TTO-07184,boundary,C01,G1,F2,3,2,classroom,60,classroom,S1
TTO-07184,boundary,C02,G1,F2,3,2,lab,30,lab,S9
TTO-07184,boundary,C03,G2,F3,3,2,classroom,60,classroom,S5
TTO-07184,boundary,C04,G2,F3,4,2,lab,30,lab,S6
TTO-07184,boundary,C05,G2,F1,4,1,classroom,60,classroom,S2
TTO-07185,boundary,C01,G2,F3,3,2,classroom,60,classroom,S8
TTO-07185,boundary,C02,G1,F2,4,2,lab,30,lab,S9
TTO-07185,boundary,C03,G1,F3,3,1,lab,30,lab,S2
TTO-07185,boundary,C04,G2,F3,3,1,lab,30,lab,S1
TTO-07185,boundary,C05,G2,F1,3,1,lab,30,lab,S1
TTO-07186,boundary,C01,G2,F3,3,2,classroom,60,classroom,S10
TTO-07186,boundary,C02,G2,F2,4,1,classroom,60,classroom,S6
TTO-07186,boundary,C03,G2,F2,3,2,lab,30,lab,S6
TTO-07186,boundary,C04,G2,F1,4,1,classroom,60,classroom,S2
TTO-07186,boundary,C05,G2,F2,4,2,lab,30,lab,S10
TTO-07187,boundary,C01,G1,F1,3,1,lab,30,lab,S2
TTO-07187,boundary,C02,G1,F2,3,1,classroom,60,classroom,S9
TTO-07187,boundary,C03,G1,F3,4,2,lab,30,lab,S8
TTO-07187,boundary,C04,G1,F1,4,2,lab,30,lab,S7
TTO-07187,boundary,C05,G2,F1,3,1,lab,30,lab,S7
TTO-07188,boundary,C01,G2,F3,3,1,lab,30,lab,S8
TTO-07188,boundary,C02,G2,F2,4,2,lab,30,lab,S4
TTO-07188,boundary,C03,G2,F3,4,1,classroom,60,classroom,S8
TTO-07188,boundary,C04,G1,F2,3,1,classroom,60,classroom,S5
TTO-07188,boundary,C05,G1,F3,4,1,lab,30,lab,S4
TTO-07189,boundary,C01,G2,F2,4,2,classroom,60,classroom,S6
TTO-07189,boundary,C02,G1,F2,4,1,lab,30,lab,S8
TTO-07189,boundary,C03,G1,F1,3,1,classroom,60,classroom,S5
TTO-07189,boundary,C04,G1,F3,4,2,classroom,60,classroom,S2
TTO-07189,boundary,C05,G2,F1,3,2,lab,30,lab,S9
TTO-07190,boundary,C01,G1,F1,3,2,classroom,60,classroom,S5
TTO-07190,boundary,C02,G2,F2,4,1,classroom,60,classroom,S6
TTO-07190,boundary,C03,G1,F1,3,1,lab,30,lab,S4
TTO-07190,boundary,C04,G1,F2,3,2,lab,30,lab,S5
TTO-07190,boundary,C05,G2,F2,3,2,lab,30,lab,S5
TTO-07191,boundary,C01,G1,F2,4,1,classroom,60,classroom,S10
TTO-07191,boundary,C02,G2,F3,3,2,classroom,60,classroom,S4
TTO-07191,boundary,C03,G2,F2,4,1,classroom,60,classroom,S7
TTO-07191,boundary,C04,G1,F1,3,1,lab,30,lab,S5
TTO-07191,boundary,C05,G2,F2,3,1,lab,30,lab,S9
TTO-07192,boundary,C01,G1,F2,4,2,lab,30,lab,S9
TTO-07192,boundary,C02,G2,F3,3,2,classroom,60,classroom,S9
TTO-07192,boundary,C03,G1,F3,4,2,classroom,60,classroom,S3
TTO-07192,boundary,C04,G2,F3,3,2,lab,30,lab,S8
TTO-07192,boundary,C05,G1,F3,4,2,classroom,60,classroom,S1
TTO-07193,boundary,C01,G1,F1,4,1,lab,30,lab,S5
TTO-07193,boundary,C02,G1,F2,3,2,lab,30,lab,S9
TTO-07193,boundary,C03,G2,F2,3,2,lab,30,lab,S1
TTO-07193,boundary,C04,G2,F2,3,2,classroom,60,classroom,S6
TTO-07193,boundary,C05,G1,F1,3,1,lab,30,lab,S1
TTO-07194,boundary,C01,G1,F3,3,2,lab,30,lab,S10
TTO-07194,boundary,C02,G2,F3,4,2,classroom,60,classroom,S8
TTO-07194,boundary,C03,G2,F1,4,2,lab,30,lab,S8
TTO-07194,boundary,C04,G2,F2,4,1,lab,30,lab,S6
TTO-07194,boundary,C05,G1,F3,3,2,classroom,60,classroom,S2
TTO-07195,boundary,C01,G1,F3,4,1,lab,30,lab,S4
TTO-07195,boundary,C02,G2,F3,4,2,classroom,60,classroom,S9
TTO-07195,boundary,C03,G1,F2,4,1,classroom,60,classroom,S5
TTO-07195,boundary,C04,G1,F1,3,1,lab,30,lab,S2
TTO-07195,boundary,C05,G1,F3,3,2,classroom,60,classroom,S1
TTO-07196,boundary,C01,G1,F1,3,2,classroom,60,classroom,S3
TTO-07196,boundary,C02,G1,F3,4,2,classroom,60,classroom,S8
TTO-07196,boundary,C03,G2,F3,4,2,classroom,60,classroom,S2
TTO-07196,boundary,C04,G2,F3,3,1,classroom,60,classroom,S5
TTO-07196,boundary,C05,G1,F3,4,2,lab,30,lab,S10
TTO-07197,boundary,C01,G1,F3,3,1,classroom,60,classroom,S4
TTO-07197,boundary,C02,G1,F1,4,1,classroom,60,classroom,S7
TTO-07197,boundary,C03,G1,F2,3,1,classroom,60,classroom,S6
TTO-07197,boundary,C04,G1,F3,4,2,lab,30,lab,S2
TTO-07197,boundary,C05,G1,F3,4,2,classroom,60,classroom,S2
TTO-07198,boundary,C01,G2,F1,4,2,lab,30,lab,S1
TTO-07198,boundary,C02,G2,F3,4,1,classroom,60,classroom,S9
TTO-07198,boundary,C03,G2,F1,4,2,classroom,60,classroom,S1
TTO-07198,boundary,C04,G1,F1,3,2,lab,30,lab,S9
TTO-07198,boundary,C05,G1,F1,3,2,classroom,60,classroom,S2
TTO-07199,boundary,C01,G1,F2,4,2,lab,30,lab,S10
TTO-07199,boundary,C02,G1,F1,4,2,lab,30,lab,S10
TTO-07199,boundary,C03,G2,F3,4,2,lab,30,lab,S5
TTO-07199,boundary,C04,G2,F1,3,1,classroom,60,classroom,S4
TTO-07199,boundary,C05,G1,F2,4,2,classroom,60,classroom,S2
TTO-07200,boundary,C01,G2,F1,4,1,classroom,60,classroom,S7
TTO-07200,boundary,C02,G1,F1,4,1,classroom,60,classroom,S9
TTO-07200,boundary,C03,G2,F2,4,1,lab,30,lab,S2
TTO-07200,boundary,C04,G2,F1,4,2,lab,30,lab,S6
TTO-07200,boundary,C05,G2,F2,3,1,classroom,60,classroom,S1
TTO-07201,boundary,C01,G1,F2,4,2,classroom,60,classroom,S5
TTO-07201,boundary,C02,G1,F1,3,2,lab,30,lab,S6
TTO-07201,boundary,C03,G2,F1,3,2,classroom,60,classroom,S9
TTO-07201,boundary,C04,G2,F1,4,1,lab,30,lab,S3
TTO-07201,boundary,C05,G2,F1,3,2,lab,30,lab,S6
TTO-07202,boundary,C01,G2,F2,4,1,lab,30,lab,S2
TTO-07202,boundary,C02,G1,F3,4,2,lab,30,lab,S3
TTO-07202,boundary,C03,G2,F1,3,1,classroom,60,classroom,S1
TTO-07202,boundary,C04,G1,F3,3,2,lab,30,lab,S1
TTO-07202,boundary,C05,G2,F2,4,2,classroom,60,classroom,S4
TTO-07203,boundary,C01,G1,F1,3,2,classroom,60,classroom,S6
TTO-07203,boundary,C02,G1,F3,4,2,classroom,60,classroom,S5
TTO-07203,boundary,C03,G1,F3,4,1,classroom,60,classroom,S5
TTO-07203,boundary,C04,G2,F3,4,1,classroom,60,classroom,S4
TTO-07203,boundary,C05,G1,F3,4,1,lab,30,lab,S5
TTO-07204,boundary,C01,G1,F1,3,2,classroom,60,classroom,S5
TTO-07204,boundary,C02,G2,F3,4,2,classroom,60,classroom,S4
TTO-07204,boundary,C03,G2,F3,4,2,lab,30,lab,S6
TTO-07204,boundary,C04,G1,F2,4,2,lab,30,lab,S5
TTO-07204,boundary,C05,G2,F3,3,1,lab,30,lab,S2
TTO-07205,boundary,C01,G1,F1,4,2,classroom,60,classroom,S1
TTO-07205,boundary,C02,G2,F2,3,2,lab,30,lab,S8
TTO-07205,boundary,C03,G1,F2,3,1,classroom,60,classroom,S4
TTO-07205,boundary,C04,G2,F1,3,2,classroom,60,classroom,S9
TTO-07205,boundary,C05,G1,F3,3,2,lab,30,lab,S9
TTO-07206,boundary,C01,G2,F2,4,1,classroom,60,classroom,S7
TTO-07206,boundary,C02,G1,F2,3,2,classroom,60,classroom,S4
TTO-07206,boundary,C03,G1,F3,4,1,lab,30,lab,S6
TTO-07206,boundary,C04,G2,F1,3,2,classroom,60,classroom,S5
TTO-07206,boundary,C05,G2,F3,3,1,lab,30,lab,S7
TTO-07207,boundary,C01,G2,F2,3,2,classroom,60,classroom,S1
TTO-07207,boundary,C02,G2,F2,4,2,classroom,60,classroom,S2
TTO-07207,boundary,C03,G1,F2,3,2,classroom,60,classroom,S6
TTO-07207,boundary,C04,G2,F2,4,2,lab,30,lab,S1
TTO-07207,boundary,C05,G1,F3,3,2,classroom,60,classroom,S4
TTO-07208,boundary,C01,G2,F3,3,1,lab,30,lab,S8
TTO-07208,boundary,C02,G2,F2,3,2,lab,30,lab,S5
TTO-07208,boundary,C03,G2,F3,4,1,classroom,60,classroom,S7
TTO-07208,boundary,C04,G1,F3,3,2,classroom,60,classroom,S6
TTO-07208,boundary,C05,G1,F3,3,1,classroom,60,classroom,S3
TTO-07209,boundary,C01,G1,F2,4,1,classroom,60,classroom,S8
TTO-07209,boundary,C02,G1,F3,4,1,classroom,60,classroom,S2
TTO-07209,boundary,C03,G1,F2,4,2,lab,30,lab,S10
TTO-07209,boundary,C04,G1,F1,4,1,classroom,60,classroom,S1
TTO-07209,boundary,C05,G1,F1,4,1,lab,30,lab,S2
TTO-07210,boundary,C01,G2,F1,3,1,lab,30,lab,S8
TTO-07210,boundary,C02,G1,F2,3,2,classroom,60,classroom,S6
TTO-07210,boundary,C03,G2,F3,3,2,classroom,60,classroom,S6
TTO-07210,boundary,C04,G2,F2,3,2,classroom,60,classroom,S8
TTO-07210,boundary,C05,G1,F1,4,1,lab,30,lab,S3
TTO-07211,boundary,C01,G1,F1,3,1,classroom,60,classroom,S8
TTO-07211,boundary,C02,G1,F2,4,1,lab,30,lab,S9
TTO-07211,boundary,C03,G2,F3,4,1,classroom,60,classroom,S8
TTO-07211,boundary,C04,G2,F1,4,2,classroom,60,classroom,S2
TTO-07211,boundary,C05,G1,F1,4,2,lab,30,lab,S2
TTO-07212,boundary,C01,G1,F2,3,1,classroom,60,classroom,S8
TTO-07212,boundary,C02,G2,F1,4,1,lab,30,lab,S7
TTO-07212,boundary,C03,G1,F3,3,2,classroom,60,classroom,S9
TTO-07212,boundary,C04,G1,F1,3,2,classroom,60,classroom,S2
TTO-07212,boundary,C05,G2,F1,3,2,classroom,60,classroom,S10
TTO-07213,boundary,C01,G1,F3,3,2,lab,30,lab,S3
TTO-07213,boundary,C02,G2,F2,3,1,classroom,60,classroom,S3
TTO-07213,boundary,C03,G2,F3,3,2,classroom,60,classroom,S8
TTO-07213,boundary,C04,G2,F1,4,1,classroom,60,classroom,S4
TTO-07213,boundary,C05,G1,F3,4,2,classroom,60,classroom,S6
TTO-07214,boundary,C01,G2,F3,3,1,classroom,60,classroom,S4
TTO-07214,boundary,C02,G1,F1,4,1,classroom,60,classroom,S4
TTO-07214,boundary,C03,G2,F2,3,2,classroom,60,classroom,S2
TTO-07214,boundary,C04,G1,F1,4,2,lab,30,lab,S9
TTO-07214,boundary,C05,G1,F1,3,1,classroom,60,classroom,S3
TTO-07215,boundary,C01,G1,F2,3,2,classroom,60,classroom,S5
TTO-07215,boundary,C02,G2,F2,3,1,lab,30,lab,S10
TTO-07215,boundary,C03,G1,F2,4,1,classroom,60,classroom,S8
TTO-07215,boundary,C04,G1,F3,3,2,classroom,60,classroom,S1
TTO-07215,boundary,C05,G1,F1,4,1,lab,30,lab,S7
TTO-07216,boundary,C01,G1,F2,4,2,lab,30,lab,S9
TTO-07216,boundary,C02,G1,F2,3,1,lab,30,lab,S10
TTO-07216,boundary,C03,G2,F2,3,1,classroom,60,classroom,S8
TTO-07216,boundary,C04,G1,F1,3,2,lab,30,lab,S1
TTO-07216,boundary,C05,G1,F3,4,2,lab,30,lab,S1
TTO-07217,boundary,C01,G2,F1,3,2,lab,30,lab,S10
TTO-07217,boundary,C02,G2,F1,4,1,lab,30,lab,S9
TTO-07217,boundary,C03,G2,F3,3,1,classroom,60,classroom,S6
TTO-07217,boundary,C04,G1,F2,4,2,lab,30,lab,S9
TTO-07217,boundary,C05,G2,F2,4,2,classroom,60,classroom,S9
TTO-07218,boundary,C01,G1,F3,4,1,lab,30,lab,S1
TTO-07218,boundary,C02,G1,F2,4,1,classroom,60,classroom,S2
TTO-07218,boundary,C03,G1,F3,4,1,lab,30,lab,S8
TTO-07218,boundary,C04,G1,F3,4,1,classroom,60,classroom,S6
TTO-07218,boundary,C05,G1,F2,4,2,lab,30,lab,S7
TTO-07219,boundary,C01,G1,F2,3,2,classroom,60,classroom,S5
TTO-07219,boundary,C02,G2,F2,3,2,classroom,60,classroom,S1
TTO-07219,boundary,C03,G2,F1,4,2,lab,30,lab,S3
TTO-07219,boundary,C04,G1,F2,4,2,lab,30,lab,S4
TTO-07219,boundary,C05,G2,F1,4,1,classroom,60,classroom,S1
TTO-07220,boundary,C01,G2,F2,3,1,lab,30,lab,S1
TTO-07220,boundary,C02,G2,F3,3,2,lab,30,lab,S7
TTO-07220,boundary,C03,G1,F3,3,1,lab,30,lab,S7
TTO-07220,boundary,C04,G1,F1,4,2,classroom,60,classroom,S2
TTO-07220,boundary,C05,G2,F2,3,1,classroom,60,classroom,S1
TTO-07221,boundary,C01,G1,F2,4,2,classroom,60,classroom,S3
TTO-07221,boundary,C02,G1,F3,3,2,lab,30,lab,S9
TTO-07221,boundary,C03,G2,F3,3,2,lab,30,lab,S8
TTO-07221,boundary,C04,G1,F3,4,1,classroom,60,classroom,S1
TTO-07221,boundary,C05,G2,F1,3,2,classroom,60,classroom,S9
TTO-07222,boundary,C01,G2,F2,4,2,classroom,60,classroom,S5
TTO-07222,boundary,C02,G2,F1,3,1,lab,30,lab,S6
TTO-07222,boundary,C03,G1,F3,3,1,classroom,60,classroom,S5
TTO-07222,boundary,C04,G2,F3,4,1,lab,30,lab,S4
TTO-07222,boundary,C05,G1,F3,4,1,lab,30,lab,S8
TTO-07223,boundary,C01,G2,F3,3,2,classroom,60,classroom,S5
TTO-07223,boundary,C02,G1,F2,3,1,classroom,60,classroom,S2
TTO-07223,boundary,C03,G2,F3,3,1,classroom,60,classroom,S3
TTO-07223,boundary,C04,G2,F2,4,2,lab,30,lab,S7
TTO-07223,boundary,C05,G1,F3,4,2,lab,30,lab,S9
TTO-07224,boundary,C01,G2,F3,4,2,lab,30,lab,S10
TTO-07224,boundary,C02,G2,F2,4,2,classroom,60,classroom,S5
TTO-07224,boundary,C03,G2,F1,3,1,lab,30,lab,S3
TTO-07224,boundary,C04,G1,F3,4,1,classroom,60,classroom,S5
TTO-07224,boundary,C05,G2,F2,4,1,classroom,60,classroom,S8
TTO-07225,boundary,C01,G1,F1,3,1,classroom,60,classroom,S7
TTO-07225,boundary,C02,G1,F2,4,1,lab,30,lab,S2
TTO-07225,boundary,C03,G2,F3,4,1,classroom,60,classroom,S9
TTO-07225,boundary,C04,G2,F1,3,2,classroom,60,classroom,S9
TTO-07225,boundary,C05,G1,F2,4,2,lab,30,lab,S4
TTO-07226,boundary,C01,G2,F3,3,1,classroom,60,classroom,S2
TTO-07226,boundary,C02,G1,F3,3,2,classroom,60,classroom,S3
TTO-07226,boundary,C03,G1,F3,3,2,classroom,60,classroom,S5
TTO-07226,boundary,C04,G1,F1,3,2,lab,30,lab,S10
TTO-07226,boundary,C05,G1,F3,4,2,lab,30,lab,S8
TTO-07227,boundary,C01,G2,F2,4,1,lab,30,lab,S8
TTO-07227,boundary,C02,G1,F2,3,1,lab,30,lab,S8
TTO-07227,boundary,C03,G2,F1,4,2,classroom,60,classroom,S9
TTO-07227,boundary,C04,G1,F1,4,1,classroom,60,classroom,S3
TTO-07227,boundary,C05,G1,F3,4,2,classroom,60,classroom,S3
TTO-07228,boundary,C01,G1,F2,3,2,lab,30,lab,S9
TTO-07228,boundary,C02,G2,F3,3,2,classroom,60,classroom,S7
TTO-07228,boundary,C03,G2,F1,3,2,lab,30,lab,S8
TTO-07228,boundary,C04,G1,F2,3,1,lab,30,lab,S7
TTO-07228,boundary,C05,G2,F1,4,1,lab,30,lab,S4
TTO-07229,boundary,C01,G2,F3,4,2,classroom,60,classroom,S7
TTO-07229,boundary,C02,G2,F2,3,1,classroom,60,classroom,S2
TTO-07229,boundary,C03,G1,F1,4,2,classroom,60,classroom,S9
TTO-07229,boundary,C04,G2,F3,4,2,lab,30,lab,S8
TTO-07229,boundary,C05,G2,F1,3,1,classroom,60,classroom,S1
TTO-07230,boundary,C01,G2,F3,3,2,lab,30,lab,S9
TTO-07230,boundary,C02,G2,F1,4,1,classroom,60,classroom,S6
TTO-07230,boundary,C03,G2,F3,3,2,classroom,60,classroom,S3
TTO-07230,boundary,C04,G2,F3,4,1,classroom,60,classroom,S6
TTO-07230,boundary,C05,G2,F1,3,2,classroom,60,classroom,S8
TTO-07231,boundary,C01,G2,F3,4,2,classroom,60,classroom,S7
TTO-07231,boundary,C02,G2,F1,3,2,lab,30,lab,S7
TTO-07231,boundary,C03,G1,F2,4,1,classroom,60,classroom,S7
TTO-07231,boundary,C04,G1,F3,3,1,classroom,60,classroom,S2
TTO-07231,boundary,C05,G2,F2,3,2,lab,30,lab,S3
TTO-07232,boundary,C01,G1,F3,3,2,lab,30,lab,S6
TTO-07232,boundary,C02,G2,F2,3,2,classroom,60,classroom,S5
TTO-07232,boundary,C03,G1,F1,3,1,lab,30,lab,S5
TTO-07232,boundary,C04,G1,F3,3,1,classroom,60,classroom,S5
TTO-07232,boundary,C05,G2,F3,4,1,classroom,60,classroom,S9
TTO-07233,boundary,C01,G1,F2,3,1,lab,30,lab,S8
TTO-07233,boundary,C02,G1,F1,4,1,classroom,60,classroom,S10
TTO-07233,boundary,C03,G2,F3,4,2,lab,30,lab,S10
TTO-07233,boundary,C04,G2,F3,4,2,lab,30,lab,S6
TTO-07233,boundary,C05,G1,F2,3,2,classroom,60,classroom,S3
TTO-07234,boundary,C01,G2,F2,4,2,lab,30,lab,S8
TTO-07234,boundary,C02,G1,F1,3,1,lab,30,lab,S8
TTO-07234,boundary,C03,G1,F1,3,2,lab,30,lab,S8
TTO-07234,boundary,C04,G1,F2,3,2,lab,30,lab,S9
TTO-07234,boundary,C05,G2,F2,3,2,lab,30,lab,S4
TTO-07235,boundary,C01,G2,F2,4,2,classroom,60,classroom,S9
TTO-07235,boundary,C02,G1,F2,4,1,classroom,60,classroom,S6
TTO-07235,boundary,C03,G2,F1,4,2,classroom,60,classroom,S4
TTO-07235,boundary,C04,G1,F1,3,2,classroom,60,classroom,S9
TTO-07235,boundary,C05,G2,F2,3,2,lab,30,lab,S4
TTO-07236,boundary,C01,G2,F1,4,2,lab,30,lab,S8
TTO-07236,boundary,C02,G1,F1,3,2,lab,30,lab,S8
TTO-07236,boundary,C03,G2,F3,4,1,classroom,60,classroom,S10
TTO-07236,boundary,C04,G2,F3,3,1,lab,30,lab,S4
TTO-07236,boundary,C05,G2,F2,3,2,lab,30,lab,S1
TTO-07237,boundary,C01,G1,F3,3,2,classroom,60,classroom,S2
TTO-07237,boundary,C02,G2,F2,4,1,classroom,60,classroom,S10
TTO-07237,boundary,C03,G2,F1,4,2,lab,30,lab,S2
TTO-07237,boundary,C04,G2,F1,4,2,classroom,60,classroom,S5
TTO-07237,boundary,C05,G1,F3,3,2,lab,30,lab,S9
TTO-07238,boundary,C01,G1,F2,3,2,lab,30,lab,S8
TTO-07238,boundary,C02,G2,F3,3,2,classroom,60,classroom,S9
TTO-07238,boundary,C03,G1,F1,3,2,lab,30,lab,S2
TTO-07238,boundary,C04,G1,F3,3,2,classroom,60,classroom,S3
TTO-07238,boundary,C05,G1,F1,3,2,lab,30,lab,S1
TTO-07239,boundary,C01,G2,F1,4,2,lab,30,lab,S5
TTO-07239,boundary,C02,G2,F1,3,1,classroom,60,classroom,S10
TTO-07239,boundary,C03,G2,F1,4,1,classroom,60,classroom,S3
TTO-07239,boundary,C04,G2,F2,3,1,classroom,60,classroom,S3
TTO-07239,boundary,C05,G1,F1,4,1,lab,30,lab,S2
TTO-07240,boundary,C01,G2,F2,4,2,classroom,60,classroom,S8
TTO-07240,boundary,C02,G2,F1,4,1,lab,30,lab,S9
TTO-07240,boundary,C03,G1,F3,4,2,classroom,60,classroom,S3
TTO-07240,boundary,C04,G2,F3,4,2,classroom,60,classroom,S6
TTO-07240,boundary,C05,G1,F1,4,1,lab,30,lab,S8
TTO-07241,boundary,C01,G2,F3,4,1,classroom,60,classroom,S6
TTO-07241,boundary,C02,G1,F2,3,1,classroom,60,classroom,S10
TTO-07241,boundary,C03,G1,F1,3,2,classroom,60,classroom,S6
TTO-07241,boundary,C04,G1,F2,4,2,classroom,60,classroom,S10
TTO-07241,boundary,C05,G2,F2,3,2,classroom,60,classroom,S4
TTO-07242,boundary,C01,G1,F2,3,2,classroom,60,classroom,S9
TTO-07242,boundary,C02,G2,F3,4,1,lab,30,lab,S4
TTO-07242,boundary,C03,G2,F3,3,2,lab,30,lab,S3
TTO-07242,boundary,C04,G1,F1,4,1,classroom,60,classroom,S8
TTO-07242,boundary,C05,G1,F2,4,2,classroom,60,classroom,S2
TTO-07243,boundary,C01,G2,F2,3,1,lab,30,lab,S6
TTO-07243,boundary,C02,G2,F1,4,2,lab,30,lab,S2
TTO-07243,boundary,C03,G2,F2,4,1,classroom,60,classroom,S2
TTO-07243,boundary,C04,G1,F3,3,2,lab,30,lab,S9
TTO-07243,boundary,C05,G2,F3,4,2,lab,30,lab,S6
TTO-07244,boundary,C01,G1,F1,4,1,lab,30,lab,S1
TTO-07244,boundary,C02,G2,F3,4,2,lab,30,lab,S8
TTO-07244,boundary,C03,G1,F1,4,1,lab,30,lab,S4
TTO-07244,boundary,C04,G1,F2,3,2,classroom,60,classroom,S6
TTO-07244,boundary,C05,G1,F2,4,1,classroom,60,classroom,S10
TTO-07245,boundary,C01,G2,F3,4,1,lab,30,lab,S8
TTO-07245,boundary,C02,G1,F1,4,1,classroom,60,classroom,S8
TTO-07245,boundary,C03,G1,F3,4,1,lab,30,lab,S6
TTO-07245,boundary,C04,G1,F3,4,2,classroom,60,classroom,S10
TTO-07245,boundary,C05,G1,F2,4,2,classroom,60,classroom,S2
TTO-07246,boundary,C01,G2,F1,4,1,lab,30,lab,S1
TTO-07246,boundary,C02,G2,F2,3,1,classroom,60,classroom,S1
TTO-07246,boundary,C03,G1,F3,4,2,classroom,60,classroom,S7
TTO-07246,boundary,C04,G2,F2,4,1,lab,30,lab,S7
TTO-07246,boundary,C05,G2,F2,3,1,classroom,60,classroom,S7
TTO-07247,boundary,C01,G2,F2,4,2,classroom,60,classroom,S4
TTO-07247,boundary,C02,G2,F1,4,2,classroom,60,classroom,S2
TTO-07247,boundary,C03,G2,F3,4,1,classroom,60,classroom,S5
TTO-07247,boundary,C04,G2,F2,3,2,classroom,60,classroom,S8
TTO-07247,boundary,C05,G1,F2,4,2,classroom,60,classroom,S8
TTO-07248,boundary,C01,G2,F3,3,2,lab,30,lab,S8
TTO-07248,boundary,C02,G1,F3,4,2,classroom,60,classroom,S8
TTO-07248,boundary,C03,G1,F2,4,2,classroom,60,classroom,S7
TTO-07248,boundary,C04,G1,F2,3,2,lab,30,lab,S3
TTO-07248,boundary,C05,G2,F3,4,2,lab,30,lab,S1
TTO-07249,boundary,C01,G1,F1,4,1,lab,30,lab,S1
TTO-07249,boundary,C02,G1,F2,3,2,lab,30,lab,S3
TTO-07249,boundary,C03,G1,F3,4,2,classroom,60,classroom,S4
TTO-07249,boundary,C04,G1,F1,3,1,lab,30,lab,S10
TTO-07249,boundary,C05,G2,F2,3,2,classroom,60,classroom,S2
TTO-07250,boundary,C01,G1,F2,4,1,classroom,60,classroom,S3
TTO-07250,boundary,C02,G1,F3,3,1,lab,30,lab,S4
TTO-07250,boundary,C03,G2,F3,3,2,lab,30,lab,S4
TTO-07250,boundary,C04,G2,F3,4,2,lab,30,lab,S3
TTO-07250,boundary,C05,G1,F3,3,2,classroom,60,classroom,S5
TTO-07251,boundary,C01,G1,F3,3,2,classroom,60,classroom,S3
TTO-07251,boundary,C02,G1,F2,3,1,lab,30,lab,S1
TTO-07251,boundary,C03,G2,F3,3,2,lab,30,lab,S3
TTO-07251,boundary,C04,G2,F1,4,2,lab,30,lab,S9
TTO-07251,boundary,C05,G2,F3,3,2,classroom,60,classroom,S6
TTO-07252,boundary,C01,G2,F2,3,2,lab,30,lab,S9
TTO-07252,boundary,C02,G2,F1,3,2,classroom,60,classroom,S4
TTO-07252,boundary,C03,G1,F3,3,1,classroom,60,classroom,S5
TTO-07252,boundary,C04,G1,F2,3,1,classroom,60,classroom,S2
TTO-07252,boundary,C05,G1,F2,4,2,classroom,60,classroom,S4
TTO-07253,boundary,C01,G1,F3,3,1,lab,30,lab,S5
TTO-07253,boundary,C02,G1,F3,3,1,lab,30,lab,S2
TTO-07253,boundary,C03,G1,F1,4,1,classroom,60,classroom,S10
TTO-07253,boundary,C04,G1,F3,4,1,classroom,60,classroom,S7
TTO-07253,boundary,C05,G1,F1,3,2,lab,30,lab,S1
TTO-07254,boundary,C01,G2,F1,4,2,lab,30,lab,S7
TTO-07254,boundary,C02,G2,F1,4,1,classroom,60,classroom,S5
TTO-07254,boundary,C03,G2,F1,4,2,lab,30,lab,S3
TTO-07254,boundary,C04,G2,F1,3,1,classroom,60,classroom,S7
TTO-07254,boundary,C05,G1,F3,4,2,lab,30,lab,S7
TTO-07255,boundary,C01,G2,F1,3,2,lab,30,lab,S3
TTO-07255,boundary,C02,G1,F3,3,1,classroom,60,classroom,S10
TTO-07255,boundary,C03,G2,F3,4,2,classroom,60,classroom,S9
TTO-07255,boundary,C04,G2,F1,4,1,classroom,60,classroom,S5
TTO-07255,boundary,C05,G2,F3,4,1,classroom,60,classroom,S5
TTO-07256,boundary,C01,G1,F2,3,1,classroom,60,classroom,S4
TTO-07256,boundary,C02,G2,F2,3,2,lab,30,lab,S4
TTO-07256,boundary,C03,G1,F3,3,2,lab,30,lab,S5
TTO-07256,boundary,C04,G1,F1,3,2,classroom,60,classroom,S5
TTO-07256,boundary,C05,G1,F2,4,1,classroom,60,classroom,S8
TTO-07257,boundary,C01,G2,F1,4,1,lab,30,lab,S6
TTO-07257,boundary,C02,G1,F1,3,1,classroom,60,classroom,S9
TTO-07257,boundary,C03,G1,F2,4,2,classroom,60,classroom,S4
TTO-07257,boundary,C04,G2,F2,4,2,lab,30,lab,S7
TTO-07257,boundary,C05,G1,F2,4,1,lab,30,lab,S5
TTO-07258,boundary,C01,G1,F3,3,1,classroom,60,classroom,S8
TTO-07258,boundary,C02,G1,F3,3,2,classroom,60,classroom,S8
TTO-07258,boundary,C03,G2,F3,3,2,classroom,60,classroom,S6
TTO-07258,boundary,C04,G2,F2,3,2,lab,30,lab,S2
TTO-07258,boundary,C05,G2,F1,3,2,lab,30,lab,S6
TTO-07259,boundary,C01,G2,F2,4,2,lab,30,lab,S1
TTO-07259,boundary,C02,G2,F3,3,2,classroom,60,classroom,S4
TTO-07259,boundary,C03,G1,F1,3,1,lab,30,lab,S2
TTO-07259,boundary,C04,G2,F1,3,1,classroom,60,classroom,S3
TTO-07259,boundary,C05,G2,F3,3,1,classroom,60,classroom,S8
TTO-07260,boundary,C01,G2,F2,4,1,classroom,60,classroom,S9
TTO-07260,boundary,C02,G2,F1,3,1,classroom,60,classroom,S7
TTO-07260,boundary,C03,G1,F2,3,2,lab,30,lab,S9
TTO-07260,boundary,C04,G1,F3,3,2,lab,30,lab,S5
TTO-07260,boundary,C05,G1,F1,4,1,classroom,60,classroom,S1
TTO-07261,boundary,C01,G1,F3,4,1,classroom,60,classroom,S3
TTO-07261,boundary,C02,G1,F3,4,1,classroom,60,classroom,S6
TTO-07261,boundary,C03,G2,F2,3,1,classroom,60,classroom,S10
TTO-07261,boundary,C04,G2,F3,3,2,classroom,60,classroom,S5
TTO-07261,boundary,C05,G2,F2,4,2,lab,30,lab,S10
TTO-07262,boundary,C01,G2,F3,4,2,classroom,60,classroom,S1
TTO-07262,boundary,C02,G1,F2,3,2,lab,30,lab,S4
TTO-07262,boundary,C03,G1,F1,4,2,lab,30,lab,S5
TTO-07262,boundary,C04,G2,F2,4,1,classroom,60,classroom,S2
TTO-07262,boundary,C05,G2,F1,3,1,classroom,60,classroom,S7
TTO-07263,boundary,C01,G1,F2,3,1,classroom,60,classroom,S9
TTO-07263,boundary,C02,G2,F2,3,1,lab,30,lab,S3
TTO-07263,boundary,C03,G2,F3,4,2,classroom,60,classroom,S5
TTO-07263,boundary,C04,G1,F3,4,1,classroom,60,classroom,S5
TTO-07263,boundary,C05,G2,F2,4,1,classroom,60,classroom,S9
TTO-07264,boundary,C01,G1,F1,3,2,lab,30,lab,S3
TTO-07264,boundary,C02,G2,F1,4,2,classroom,60,classroom,S10
TTO-07264,boundary,C03,G1,F1,4,2,classroom,60,classroom,S8
TTO-07264,boundary,C04,G1,F1,4,1,lab,30,lab,S9
TTO-07264,boundary,C05,G2,F1,4,2,classroom,60,classroom,S3
TTO-07265,boundary,C01,G2,F3,4,1,classroom,60,classroom,S2
TTO-07265,boundary,C02,G2,F3,3,2,classroom,60,classroom,S2
TTO-07265,boundary,C03,G1,F3,4,2,lab,30,lab,S6
TTO-07265,boundary,C04,G2,F1,4,2,classroom,60,classroom,S5
TTO-07265,boundary,C05,G2,F1,3,2,classroom,60,classroom,S8
TTO-07266,boundary,C01,G1,F2,3,1,classroom,60,classroom,S10
TTO-07266,boundary,C02,G2,F1,3,1,lab,30,lab,S6
TTO-07266,boundary,C03,G2,F1,3,2,lab,30,lab,S8
TTO-07266,boundary,C04,G1,F2,4,1,lab,30,lab,S10
TTO-07266,boundary,C05,G1,F1,4,1,classroom,60,classroom,S3
TTO-07267,boundary,C01,G1,F3,3,1,classroom,60,classroom,S8
TTO-07267,boundary,C02,G2,F3,3,2,lab,30,lab,S7
TTO-07267,boundary,C03,G1,F3,4,1,lab,30,lab,S4
TTO-07267,boundary,C04,G2,F1,3,2,classroom,60,classroom,S8
TTO-07267,boundary,C05,G1,F3,3,2,classroom,60,classroom,S4
TTO-07268,boundary,C01,G2,F1,3,1,classroom,60,classroom,S7
TTO-07268,boundary,C02,G2,F3,3,1,lab,30,lab,S6
TTO-07268,boundary,C03,G2,F2,3,2,classroom,60,classroom,S9
TTO-07268,boundary,C04,G1,F2,4,1,lab,30,lab,S2
TTO-07268,boundary,C05,G2,F1,4,2,lab,30,lab,S5
TTO-07269,boundary,C01,G1,F3,4,2,lab,30,lab,S7
TTO-07269,boundary,C02,G2,F2,3,1,classroom,60,classroom,S1
TTO-07269,boundary,C03,G1,F1,4,1,classroom,60,classroom,S9
TTO-07269,boundary,C04,G2,F3,4,2,classroom,60,classroom,S8
TTO-07269,boundary,C05,G1,F1,4,2,classroom,60,classroom,S7
TTO-07270,boundary,C01,G2,F2,4,2,classroom,60,classroom,S2
TTO-07270,boundary,C02,G1,F3,4,2,lab,30,lab,S3
TTO-07270,boundary,C03,G2,F1,3,1,lab,30,lab,S9
TTO-07270,boundary,C04,G2,F1,3,1,classroom,60,classroom,S6
TTO-07270,boundary,C05,G2,F3,3,2,classroom,60,classroom,S9
TTO-07271,boundary,C01,G2,F2,3,1,lab,30,lab,S1
TTO-07271,boundary,C02,G2,F3,4,1,classroom,60,classroom,S10
TTO-07271,boundary,C03,G2,F3,3,1,lab,30,lab,S7
TTO-07271,boundary,C04,G1,F1,4,2,lab,30,lab,S1
TTO-07271,boundary,C05,G2,F3,3,2,classroom,60,classroom,S6
TTO-07272,boundary,C01,G2,F1,4,2,lab,30,lab,S10
TTO-07272,boundary,C02,G2,F3,3,1,lab,30,lab,S3
TTO-07272,boundary,C03,G1,F2,3,2,classroom,60,classroom,S8
TTO-07272,boundary,C04,G2,F3,4,2,classroom,60,classroom,S7
TTO-07272,boundary,C05,G2,F3,3,1,lab,30,lab,S5
TTO-07273,boundary,C01,G2,F3,4,2,classroom,60,classroom,S5
TTO-07273,boundary,C02,G1,F1,4,2,classroom,60,classroom,S6
TTO-07273,boundary,C03,G1,F1,3,2,classroom,60,classroom,S2
TTO-07273,boundary,C04,G1,F2,3,1,lab,30,lab,S3
TTO-07273,boundary,C05,G1,F2,3,1,classroom,60,classroom,S6
TTO-07274,boundary,C01,G2,F3,4,2,lab,30,lab,S4
TTO-07274,boundary,C02,G2,F2,4,1,lab,30,lab,S8
TTO-07274,boundary,C03,G1,F3,4,1,classroom,60,classroom,S7
TTO-07274,boundary,C04,G1,F3,4,1,classroom,60,classroom,S6
TTO-07274,boundary,C05,G1,F2,3,1,lab,30,lab,S6
TTO-07275,boundary,C01,G2,F1,4,1,classroom,60,classroom,S4
TTO-07275,boundary,C02,G2,F3,4,2,classroom,60,classroom,S4
TTO-07275,boundary,C03,G1,F3,4,1,lab,30,lab,S9
TTO-07275,boundary,C04,G1,F1,3,1,classroom,60,classroom,S8
TTO-07275,boundary,C05,G2,F1,3,2,classroom,60,classroom,S6
TTO-07276,boundary,C01,G2,F3,3,2,classroom,60,classroom,S1
TTO-07276,boundary,C02,G2,F3,3,1,classroom,60,classroom,S9
TTO-07276,boundary,C03,G1,F3,4,1,lab,30,lab,S1
TTO-07276,boundary,C04,G2,F1,4,1,lab,30,lab,S2
TTO-07276,boundary,C05,G1,F2,4,1,classroom,60,classroom,S3
TTO-07277,boundary,C01,G1,F3,3,2,classroom,60,classroom,S7
TTO-07277,boundary,C02,G2,F3,4,2,classroom,60,classroom,S4
TTO-07277,boundary,C03,G1,F2,4,1,lab,30,lab,S9
TTO-07277,boundary,C04,G2,F3,3,2,classroom,60,classroom,S4
TTO-07277,boundary,C05,G1,F3,3,2,classroom,60,classroom,S3
TTO-07278,boundary,C01,G1,F3,4,2,classroom,60,classroom,S3
TTO-07278,boundary,C02,G2,F3,3,2,lab,30,lab,S1
TTO-07278,boundary,C03,G1,F3,3,2,lab,30,lab,S7
TTO-07278,boundary,C04,G1,F2,3,2,classroom,60,classroom,S6
TTO-07278,boundary,C05,G2,F2,3,1,lab,30,lab,S7
TTO-07279,boundary,C01,G2,F2,3,2,lab,30,lab,S10
TTO-07279,boundary,C02,G2,F3,4,1,lab,30,lab,S1
TTO-07279,boundary,C03,G2,F1,4,1,classroom,60,classroom,S5
TTO-07279,boundary,C04,G1,F3,4,2,classroom,60,classroom,S9
TTO-07279,boundary,C05,G1,F3,4,1,classroom,60,classroom,S4
TTO-07280,boundary,C01,G1,F1,4,1,lab,30,lab,S5
TTO-07280,boundary,C02,G2,F1,4,1,classroom,60,classroom,S8
TTO-07280,boundary,C03,G1,F1,3,1,lab,30,lab,S4
TTO-07280,boundary,C04,G1,F2,3,1,classroom,60,classroom,S3
TTO-07280,boundary,C05,G1,F3,3,2,lab,30,lab,S8
TTO-07281,boundary,C01,G2,F2,4,2,lab,30,lab,S5
TTO-07281,boundary,C02,G2,F2,3,2,classroom,60,classroom,S1
TTO-07281,boundary,C03,G1,F3,4,2,classroom,60,classroom,S2
TTO-07281,boundary,C04,G2,F1,3,1,classroom,60,classroom,S2
TTO-07281,boundary,C05,G2,F1,3,1,lab,30,lab,S1
TTO-07282,boundary,C01,G1,F1,4,2,classroom,60,classroom,S9
TTO-07282,boundary,C02,G1,F2,4,1,lab,30,lab,S5
TTO-07282,boundary,C03,G2,F1,3,1,lab,30,lab,S5
TTO-07282,boundary,C04,G2,F3,3,2,classroom,60,classroom,S9
TTO-07282,boundary,C05,G1,F1,4,1,lab,30,lab,S2
TTO-07283,boundary,C01,G2,F1,3,1,classroom,60,classroom,S6
TTO-07283,boundary,C02,G1,F1,3,1,classroom,60,classroom,S1
TTO-07283,boundary,C03,G2,F1,3,1,lab,30,lab,S1
TTO-07283,boundary,C04,G1,F2,3,2,lab,30,lab,S2
TTO-07283,boundary,C05,G1,F3,3,2,classroom,60,classroom,S2
TTO-07284,boundary,C01,G1,F1,4,2,lab,30,lab,S10
TTO-07284,boundary,C02,G2,F2,4,2,lab,30,lab,S6
TTO-07284,boundary,C03,G1,F3,3,1,lab,30,lab,S8
TTO-07284,boundary,C04,G2,F1,4,1,classroom,60,classroom,S1
TTO-07284,boundary,C05,G2,F2,4,1,classroom,60,classroom,S4
TTO-07285,boundary,C01,G1,F2,3,1,classroom,60,classroom,S1
TTO-07285,boundary,C02,G2,F3,4,2,lab,30,lab,S5
TTO-07285,boundary,C03,G1,F3,4,1,lab,30,lab,S8
TTO-07285,boundary,C04,G2,F3,4,1,lab,30,lab,S4
TTO-07285,boundary,C05,G1,F1,3,1,lab,30,lab,S2
TTO-07286,boundary,C01,G1,F1,3,2,classroom,60,classroom,S9
TTO-07286,boundary,C02,G2,F2,3,2,classroom,60,classroom,S2
TTO-07286,boundary,C03,G2,F3,3,2,lab,30,lab,S3
TTO-07286,boundary,C04,G1,F2,4,1,lab,30,lab,S8
TTO-07286,boundary,C05,G2,F1,3,2,classroom,60,classroom,S10
TTO-07287,boundary,C01,G1,F3,4,1,classroom,60,classroom,S10
TTO-07287,boundary,C02,G2,F1,3,1,lab,30,lab,S2
TTO-07287,boundary,C03,G1,F2,3,2,classroom,60,classroom,S5
TTO-07287,boundary,C04,G1,F2,4,1,lab,30,lab,S10
TTO-07287,boundary,C05,G1,F3,4,2,classroom,60,classroom,S3
TTO-07288,boundary,C01,G1,F1,4,1,lab,30,lab,S9
TTO-07288,boundary,C02,G2,F1,3,1,classroom,60,classroom,S9
TTO-07288,boundary,C03,G1,F3,3,2,classroom,60,classroom,S4
TTO-07288,boundary,C04,G2,F2,3,1,lab,30,lab,S1
TTO-07288,boundary,C05,G2,F3,4,2,lab,30,lab,S6
TTO-07289,boundary,C01,G1,F3,3,2,lab,30,lab,S7
TTO-07289,boundary,C02,G2,F2,3,2,classroom,60,classroom,S9
TTO-07289,boundary,C03,G1,F1,3,2,lab,30,lab,S8
TTO-07289,boundary,C04,G1,F2,3,1,classroom,60,classroom,S1
TTO-07289,boundary,C05,G2,F2,3,1,lab,30,lab,S8
TTO-07290,boundary,C01,G1,F3,3,2,classroom,60,classroom,S5
TTO-07290,boundary,C02,G1,F1,3,1,lab,30,lab,S10
TTO-07290,boundary,C03,G1,F2,3,1,classroom,60,classroom,S9
TTO-07290,boundary,C04,G2,F2,3,2,lab,30,lab,S8
TTO-07290,boundary,C05,G1,F1,4,2,classroom,60,classroom,S2
TTO-07291,boundary,C01,G2,F1,3,1,lab,30,lab,S2
TTO-07291,boundary,C02,G1,F3,3,1,lab,30,lab,S5
TTO-07291,boundary,C03,G2,F1,3,2,lab,30,lab,S9
TTO-07291,boundary,C04,G2,F3,3,2,lab,30,lab,S6
TTO-07291,boundary,C05,G2,F2,4,2,lab,30,lab,S10
TTO-07292,boundary,C01,G2,F2,4,1,lab,30,lab,S10
TTO-07292,boundary,C02,G1,F1,3,1,lab,30,lab,S10
TTO-07292,boundary,C03,G1,F2,4,2,classroom,60,classroom,S9
TTO-07292,boundary,C04,G1,F1,3,1,lab,30,lab,S2
TTO-07292,boundary,C05,G1,F1,3,2,lab,30,lab,S7
TTO-07293,boundary,C01,G1,F1,4,2,lab,30,lab,S8
TTO-07293,boundary,C02,G1,F1,4,2,classroom,60,classroom,S7
TTO-07293,boundary,C03,G2,F2,4,2,classroom,60,classroom,S2
TTO-07293,boundary,C04,G2,F2,3,2,classroom,60,classroom,S10
TTO-07293,boundary,C05,G1,F3,3,1,classroom,60,classroom,S10
TTO-07294,boundary,C01,G1,F2,4,1,lab,30,lab,S4
TTO-07294,boundary,C02,G1,F2,3,2,lab,30,lab,S1
TTO-07294,boundary,C03,G1,F3,3,2,classroom,60,classroom,S9
TTO-07294,boundary,C04,G1,F1,4,1,lab,30,lab,S3
TTO-07294,boundary,C05,G1,F2,4,2,lab,30,lab,S8
TTO-07295,boundary,C01,G2,F2,3,2,classroom,60,classroom,S6
TTO-07295,boundary,C02,G2,F3,4,2,lab,30,lab,S7
TTO-07295,boundary,C03,G2,F1,3,2,classroom,60,classroom,S7
TTO-07295,boundary,C04,G1,F1,3,1,classroom,60,classroom,S9
TTO-07295,boundary,C05,G1,F2,4,1,classroom,60,classroom,S7
TTO-07296,boundary,C01,G1,F3,3,2,lab,30,lab,S7
TTO-07296,boundary,C02,G1,F2,4,2,classroom,60,classroom,S2
TTO-07296,boundary,C03,G1,F3,4,1,classroom,60,classroom,S3
TTO-07296,boundary,C04,G1,F3,4,1,lab,30,lab,S8
TTO-07296,boundary,C05,G2,F2,4,2,lab,30,lab,S10
TTO-07297,boundary,C01,G1,F1,3,1,classroom,60,classroom,S2
TTO-07297,boundary,C02,G2,F1,3,2,classroom,60,classroom,S4
TTO-07297,boundary,C03,G2,F1,3,1,classroom,60,classroom,S10
TTO-07297,boundary,C04,G2,F2,3,2,lab,30,lab,S5
TTO-07297,boundary,C05,G2,F2,3,1,lab,30,lab,S7
TTO-07298,boundary,C01,G1,F1,3,2,classroom,60,classroom,S6
TTO-07298,boundary,C02,G2,F3,4,1,classroom,60,classroom,S8
TTO-07298,boundary,C03,G1,F2,4,1,classroom,60,classroom,S3
TTO-07298,boundary,C04,G2,F1,3,1,classroom,60,classroom,S4
TTO-07298,boundary,C05,G2,F3,4,1,lab,30,lab,S7
TTO-07299,boundary,C01,G1,F3,4,2,classroom,60,classroom,S5
TTO-07299,boundary,C02,G2,F1,3,2,lab,30,lab,S6
TTO-07299,boundary,C03,G1,F3,3,2,lab,30,lab,S8
TTO-07299,boundary,C04,G2,F3,4,2,classroom,60,classroom,S7
TTO-07299,boundary,C05,G2,F1,3,2,classroom,60,classroom,S1
TTO-07300,boundary,C01,G1,F1,3,1,lab,30,lab,S9
TTO-07300,boundary,C02,G2,F3,3,1,classroom,60,classroom,S8
TTO-07300,boundary,C03,G2,F3,4,2,lab,30,lab,S6
TTO-07300,boundary,C04,G2,F2,3,2,classroom,60,classroom,S4
TTO-07300,boundary,C05,G2,F2,4,2,lab,30,lab,S3
TTO-07301,boundary,C01,G2,F2,3,1,classroom,60,classroom,S4
TTO-07301,boundary,C02,G1,F1,4,1,lab,30,lab,S2
TTO-07301,boundary,C03,G1,F2,4,2,classroom,60,classroom,S10
TTO-07301,boundary,C04,G2,F1,4,1,lab,30,lab,S8
TTO-07301,boundary,C05,G2,F2,3,2,lab,30,lab,S7
TTO-07302,boundary,C01,G2,F2,3,2,lab,30,lab,S5
TTO-07302,boundary,C02,G2,F1,3,2,classroom,60,classroom,S7
TTO-07302,boundary,C03,G1,F1,3,2,classroom,60,classroom,S7
TTO-07302,boundary,C04,G2,F3,3,2,lab,30,lab,S9
TTO-07302,boundary,C05,G1,F3,4,1,classroom,60,classroom,S5
TTO-07303,boundary,C01,G2,F1,3,1,lab,30,lab,S10
TTO-07303,boundary,C02,G1,F3,4,2,lab,30,lab,S7
TTO-07303,boundary,C03,G1,F1,4,1,lab,30,lab,S4
TTO-07303,boundary,C04,G2,F2,4,2,lab,30,lab,S9
TTO-07303,boundary,C05,G2,F1,3,1,classroom,60,classroom,S1
TTO-07304,boundary,C01,G2,F2,4,1,classroom,60,classroom,S8
TTO-07304,boundary,C02,G1,F3,4,2,lab,30,lab,S10
TTO-07304,boundary,C03,G1,F2,4,1,lab,30,lab,S10
TTO-07304,boundary,C04,G2,F1,4,2,classroom,60,classroom,S4
TTO-07304,boundary,C05,G1,F3,3,2,lab,30,lab,S9
TTO-07305,boundary,C01,G2,F3,4,1,classroom,60,classroom,S4
TTO-07305,boundary,C02,G2,F3,4,2,lab,30,lab,S4
TTO-07305,boundary,C03,G1,F1,4,2,classroom,60,classroom,S2
TTO-07305,boundary,C04,G1,F2,4,1,lab,30,lab,S5
TTO-07305,boundary,C05,G1,F2,3,2,lab,30,lab,S6
TTO-07306,boundary,C01,G1,F1,3,1,classroom,60,classroom,S8
TTO-07306,boundary,C02,G2,F1,4,2,classroom,60,classroom,S1
TTO-07306,boundary,C03,G2,F3,3,1,lab,30,lab,S9
TTO-07306,boundary,C04,G1,F2,3,1,classroom,60,classroom,S2
TTO-07306,boundary,C05,G1,F3,4,1,lab,30,lab,S9
TTO-07307,boundary,C01,G2,F2,3,2,lab,30,lab,S8
TTO-07307,boundary,C02,G1,F2,4,1,classroom,60,classroom,S4
TTO-07307,boundary,C03,G1,F3,3,2,classroom,60,classroom,S3
TTO-07307,boundary,C04,G1,F2,4,2,lab,30,lab,S4
TTO-07307,boundary,C05,G1,F3,4,2,lab,30,lab,S1
TTO-07308,boundary,C01,G1,F3,4,1,lab,30,lab,S6
TTO-07308,boundary,C02,G1,F3,4,2,lab,30,lab,S5
TTO-07308,boundary,C03,G2,F2,4,2,lab,30,lab,S3
TTO-07308,boundary,C04,G1,F2,4,2,classroom,60,classroom,S10
TTO-07308,boundary,C05,G2,F3,3,1,classroom,60,classroom,S2
TTO-07309,boundary,C01,G1,F1,3,2,lab,30,lab,S10
TTO-07309,boundary,C02,G2,F1,3,2,classroom,60,classroom,S6
TTO-07309,boundary,C03,G2,F2,4,2,classroom,60,classroom,S4
TTO-07309,boundary,C04,G1,F3,4,1,classroom,60,classroom,S7
TTO-07309,boundary,C05,G1,F3,4,1,classroom,60,classroom,S10
TTO-07310,boundary,C01,G1,F1,3,1,lab,30,lab,S4
TTO-07310,boundary,C02,G1,F1,4,2,lab,30,lab,S2
TTO-07310,boundary,C03,G2,F2,4,1,lab,30,lab,S4
TTO-07310,boundary,C04,G1,F1,4,2,classroom,60,classroom,S3
TTO-07310,boundary,C05,G1,F2,4,1,lab,30,lab,S10
TTO-07311,boundary,C01,G1,F3,3,1,lab,30,lab,S1
TTO-07311,boundary,C02,G2,F2,4,1,classroom,60,classroom,S3
TTO-07311,boundary,C03,G2,F1,3,1,classroom,60,classroom,S7
TTO-07311,boundary,C04,G1,F3,3,1,classroom,60,classroom,S1
TTO-07311,boundary,C05,G1,F2,3,2,lab,30,lab,S5
TTO-07312,boundary,C01,G1,F1,3,1,classroom,60,classroom,S1
TTO-07312,boundary,C02,G1,F2,4,1,classroom,60,classroom,S4
TTO-07312,boundary,C03,G1,F1,4,2,lab,30,lab,S10
TTO-07312,boundary,C04,G2,F1,3,2,classroom,60,classroom,S10
TTO-07312,boundary,C05,G1,F1,4,1,lab,30,lab,S9
TTO-07313,boundary,C01,G2,F2,4,2,lab,30,lab,S1
TTO-07313,boundary,C02,G2,F1,3,2,classroom,60,classroom,S1
TTO-07313,boundary,C03,G1,F1,3,2,lab,30,lab,S5
TTO-07313,boundary,C04,G2,F1,3,2,lab,30,lab,S3
TTO-07313,boundary,C05,G1,F2,3,2,classroom,60,classroom,S2
TTO-07314,boundary,C01,G2,F3,3,1,classroom,60,classroom,S4
TTO-07314,boundary,C02,G1,F3,4,1,lab,30,lab,S9
TTO-07314,boundary,C03,G2,F2,4,2,lab,30,lab,S2
TTO-07314,boundary,C04,G1,F3,4,1,classroom,60,classroom,S7
TTO-07314,boundary,C05,G2,F3,4,2,lab,30,lab,S4
TTO-07315,boundary,C01,G1,F1,3,2,lab,30,lab,S5
TTO-07315,boundary,C02,G1,F2,3,2,classroom,60,classroom,S10
TTO-07315,boundary,C03,G2,F2,3,1,classroom,60,classroom,S10
TTO-07315,boundary,C04,G2,F2,3,2,classroom,60,classroom,S8
TTO-07315,boundary,C05,G2,F1,3,2,lab,30,lab,S10
TTO-07316,boundary,C01,G1,F3,4,1,lab,30,lab,S2
TTO-07316,boundary,C02,G2,F3,4,1,lab,30,lab,S9
TTO-07316,boundary,C03,G2,F1,3,1,lab,30,lab,S4
TTO-07316,boundary,C04,G2,F1,3,2,lab,30,lab,S3
TTO-07316,boundary,C05,G2,F2,4,1,classroom,60,classroom,S3
TTO-07317,boundary,C01,G1,F3,3,2,lab,30,lab,S1
TTO-07317,boundary,C02,G1,F3,3,1,classroom,60,classroom,S5
TTO-07317,boundary,C03,G2,F3,4,2,lab,30,lab,S10
TTO-07317,boundary,C04,G1,F2,3,1,lab,30,lab,S10
TTO-07317,boundary,C05,G1,F2,3,2,lab,30,lab,S7
TTO-07318,boundary,C01,G2,F2,3,1,lab,30,lab,S3
TTO-07318,boundary,C02,G1,F1,4,1,lab,30,lab,S1
TTO-07318,boundary,C03,G2,F2,4,1,classroom,60,classroom,S1
TTO-07318,boundary,C04,G1,F1,4,2,lab,30,lab,S5
TTO-07318,boundary,C05,G1,F3,4,1,classroom,60,classroom,S8
TTO-07319,boundary,C01,G1,F3,3,1,classroom,60,classroom,S9
TTO-07319,boundary,C02,G1,F2,3,1,classroom,60,classroom,S6
TTO-07319,boundary,C03,G1,F3,4,2,lab,30,lab,S10
TTO-07319,boundary,C04,G2,F1,4,2,lab,30,lab,S1
TTO-07319,boundary,C05,G2,F1,3,1,lab,30,lab,S10
TTO-07320,boundary,C01,G1,F3,3,1,lab,30,lab,S10
TTO-07320,boundary,C02,G1,F1,4,2,classroom,60,classroom,S10
TTO-07320,boundary,C03,G1,F2,4,1,lab,30,lab,S5
TTO-07320,boundary,C04,G2,F3,4,1,classroom,60,classroom,S8
TTO-07320,boundary,C05,G1,F2,3,1,classroom,60,classroom,S6
TTO-07321,boundary,C01,G2,F2,4,2,classroom,60,classroom,S2
TTO-07321,boundary,C02,G2,F3,4,1,lab,30,lab,S5
TTO-07321,boundary,C03,G2,F3,4,1,lab,30,lab,S4
TTO-07321,boundary,C04,G2,F2,3,1,classroom,60,classroom,S2
TTO-07321,boundary,C05,G1,F2,4,2,classroom,60,classroom,S9
TTO-07322,boundary,C01,G2,F3,4,1,lab,30,lab,S9
TTO-07322,boundary,C02,G1,F2,4,2,lab,30,lab,S6
TTO-07322,boundary,C03,G1,F1,4,2,classroom,60,classroom,S5
TTO-07322,boundary,C04,G2,F3,4,2,lab,30,lab,S2
TTO-07322,boundary,C05,G2,F1,3,2,lab,30,lab,S10
TTO-07323,boundary,C01,G1,F2,3,2,lab,30,lab,S10
TTO-07323,boundary,C02,G1,F1,3,2,lab,30,lab,S2
TTO-07323,boundary,C03,G1,F1,4,1,lab,30,lab,S9
TTO-07323,boundary,C04,G1,F1,3,2,lab,30,lab,S10
TTO-07323,boundary,C05,G2,F3,4,2,lab,30,lab,S5
TTO-07324,boundary,C01,G1,F1,4,2,lab,30,lab,S7
TTO-07324,boundary,C02,G1,F2,3,1,lab,30,lab,S1
TTO-07324,boundary,C03,G1,F3,4,2,lab,30,lab,S8
TTO-07324,boundary,C04,G2,F1,3,2,lab,30,lab,S6
TTO-07324,boundary,C05,G1,F1,4,2,classroom,60,classroom,S5
TTO-07325,boundary,C01,G2,F1,4,2,classroom,60,classroom,S3
TTO-07325,boundary,C02,G2,F1,3,2,lab,30,lab,S7
TTO-07325,boundary,C03,G2,F1,3,2,classroom,60,classroom,S6
TTO-07325,boundary,C04,G1,F3,4,2,classroom,60,classroom,S5
TTO-07325,boundary,C05,G2,F2,3,1,classroom,60,classroom,S6
TTO-07326,boundary,C01,G2,F2,3,1,classroom,60,classroom,S5
TTO-07326,boundary,C02,G2,F2,4,1,lab,30,lab,S5
TTO-07326,boundary,C03,G1,F2,3,2,lab,30,lab,S9
TTO-07326,boundary,C04,G2,F1,3,2,lab,30,lab,S10
TTO-07326,boundary,C05,G1,F2,4,1,classroom,60,classroom,S10
TTO-07327,boundary,C01,G1,F1,3,2,classroom,60,classroom,S8
TTO-07327,boundary,C02,G2,F3,4,2,lab,30,lab,S5
TTO-07327,boundary,C03,G2,F1,3,1,classroom,60,classroom,S10
TTO-07327,boundary,C04,G1,F2,3,1,classroom,60,classroom,S4
TTO-07327,boundary,C05,G2,F3,4,1,classroom,60,classroom,S1
TTO-07328,boundary,C01,G2,F3,4,1,classroom,60,classroom,S5
TTO-07328,boundary,C02,G1,F1,4,1,lab,30,lab,S6
TTO-07328,boundary,C03,G1,F3,4,1,classroom,60,classroom,S9
TTO-07328,boundary,C04,G2,F2,3,2,lab,30,lab,S2
TTO-07328,boundary,C05,G2,F2,3,2,lab,30,lab,S8
TTO-07329,boundary,C01,G2,F2,3,1,classroom,60,classroom,S5
TTO-07329,boundary,C02,G1,F3,4,1,lab,30,lab,S10
TTO-07329,boundary,C03,G1,F2,4,2,lab,30,lab,S4
TTO-07329,boundary,C04,G2,F3,3,1,classroom,60,classroom,S1
TTO-07329,boundary,C05,G2,F1,3,1,classroom,60,classroom,S10
TTO-07330,boundary,C01,G1,F2,3,2,lab,30,lab,S1
TTO-07330,boundary,C02,G1,F2,3,1,lab,30,lab,S2
TTO-07330,boundary,C03,G1,F2,3,1,lab,30,lab,S5
TTO-07330,boundary,C04,G2,F1,3,2,classroom,60,classroom,S7
TTO-07330,boundary,C05,G1,F2,4,1,lab,30,lab,S6
TTO-07331,boundary,C01,G2,F2,3,1,classroom,60,classroom,S5
TTO-07331,boundary,C02,G2,F1,3,2,lab,30,lab,S7
TTO-07331,boundary,C03,G2,F3,4,2,lab,30,lab,S8
TTO-07331,boundary,C04,G2,F1,4,2,lab,30,lab,S1
TTO-07331,boundary,C05,G1,F2,4,1,classroom,60,classroom,S7
TTO-07332,boundary,C01,G1,F2,3,2,lab,30,lab,S7
TTO-07332,boundary,C02,G2,F2,4,2,lab,30,lab,S3
TTO-07332,boundary,C03,G2,F1,3,2,lab,30,lab,S10
TTO-07332,boundary,C04,G1,F2,3,2,classroom,60,classroom,S3
TTO-07332,boundary,C05,G2,F2,3,1,lab,30,lab,S9
TTO-07333,boundary,C01,G1,F2,3,2,lab,30,lab,S8
TTO-07333,boundary,C02,G1,F1,4,1,classroom,60,classroom,S3
TTO-07333,boundary,C03,G2,F2,3,1,lab,30,lab,S3
TTO-07333,boundary,C04,G1,F3,3,1,classroom,60,classroom,S3
TTO-07333,boundary,C05,G1,F3,3,2,classroom,60,classroom,S9
TTO-07334,boundary,C01,G2,F1,3,2,classroom,60,classroom,S5
TTO-07334,boundary,C02,G2,F1,4,2,classroom,60,classroom,S2
TTO-07334,boundary,C03,G2,F2,4,1,lab,30,lab,S5
TTO-07334,boundary,C04,G1,F3,3,1,classroom,60,classroom,S2
TTO-07334,boundary,C05,G1,F1,3,2,lab,30,lab,S8
TTO-07335,boundary,C01,G2,F3,3,1,classroom,60,classroom,S5
TTO-07335,boundary,C02,G2,F2,3,2,classroom,60,classroom,S9
TTO-07335,boundary,C03,G1,F1,3,2,classroom,60,classroom,S9
TTO-07335,boundary,C04,G1,F3,3,2,classroom,60,classroom,S6
TTO-07335,boundary,C05,G2,F3,3,1,classroom,60,classroom,S5
TTO-07336,boundary,C01,G1,F3,4,1,classroom,60,classroom,S1
TTO-07336,boundary,C02,G2,F2,3,2,classroom,60,classroom,S7
TTO-07336,boundary,C03,G2,F2,3,1,lab,30,lab,S10
TTO-07336,boundary,C04,G2,F1,3,2,classroom,60,classroom,S6
TTO-07336,boundary,C05,G2,F2,3,1,lab,30,lab,S6
TTO-07337,boundary,C01,G2,F1,3,2,lab,30,lab,S5
TTO-07337,boundary,C02,G1,F3,4,2,lab,30,lab,S3
TTO-07337,boundary,C03,G1,F3,3,1,lab,30,lab,S7
TTO-07337,boundary,C04,G2,F3,3,2,lab,30,lab,S9
TTO-07337,boundary,C05,G1,F1,3,2,lab,30,lab,S2
TTO-07338,boundary,C01,G1,F1,3,2,classroom,60,classroom,S7
TTO-07338,boundary,C02,G2,F1,4,1,lab,30,lab,S10
TTO-07338,boundary,C03,G1,F1,4,2,lab,30,lab,S4
TTO-07338,boundary,C04,G2,F2,4,1,classroom,60,classroom,S4
TTO-07338,boundary,C05,G2,F2,3,2,classroom,60,classroom,S2
TTO-07339,boundary,C01,G1,F1,4,2,lab,30,lab,S9
TTO-07339,boundary,C02,G2,F1,4,1,classroom,60,classroom,S5
TTO-07339,boundary,C03,G2,F2,3,2,classroom,60,classroom,S3
TTO-07339,boundary,C04,G2,F1,4,2,classroom,60,classroom,S9
TTO-07339,boundary,C05,G1,F1,3,2,classroom,60,classroom,S5
TTO-07340,boundary,C01,G1,F2,3,1,classroom,60,classroom,S9
TTO-07340,boundary,C02,G1,F1,3,1,lab,30,lab,S7
TTO-07340,boundary,C03,G1,F2,3,2,lab,30,lab,S8
TTO-07340,boundary,C04,G2,F3,3,1,lab,30,lab,S10
TTO-07340,boundary,C05,G2,F2,4,2,lab,30,lab,S1
TTO-07341,boundary,C01,G1,F2,3,1,classroom,60,classroom,S9
TTO-07341,boundary,C02,G2,F3,3,2,lab,30,lab,S4
TTO-07341,boundary,C03,G1,F2,3,1,classroom,60,classroom,S3
TTO-07341,boundary,C04,G1,F2,3,1,classroom,60,classroom,S8
TTO-07341,boundary,C05,G1,F1,4,1,lab,30,lab,S1
TTO-07342,boundary,C01,G2,F2,3,1,classroom,60,classroom,S9
TTO-07342,boundary,C02,G2,F2,3,1,lab,30,lab,S2
TTO-07342,boundary,C03,G2,F2,3,1,lab,30,lab,S8
TTO-07342,boundary,C04,G2,F1,4,2,lab,30,lab,S1
TTO-07342,boundary,C05,G1,F1,4,1,lab,30,lab,S1
TTO-07343,boundary,C01,G1,F2,4,1,lab,30,lab,S2
TTO-07343,boundary,C02,G2,F2,4,1,classroom,60,classroom,S5
TTO-07343,boundary,C03,G1,F1,3,1,classroom,60,classroom,S4
TTO-07343,boundary,C04,G1,F1,4,2,classroom,60,classroom,S5
TTO-07343,boundary,C05,G1,F3,4,1,lab,30,lab,S3
TTO-07344,boundary,C01,G2,F2,3,2,lab,30,lab,S9
TTO-07344,boundary,C02,G1,F3,4,2,lab,30,lab,S9
TTO-07344,boundary,C03,G1,F2,4,2,classroom,60,classroom,S1
TTO-07344,boundary,C04,G1,F1,3,2,classroom,60,classroom,S10
TTO-07344,boundary,C05,G1,F3,3,2,lab,30,lab,S8
TTO-07345,boundary,C01,G1,F3,3,1,classroom,60,classroom,S1
TTO-07345,boundary,C02,G1,F1,4,2,classroom,60,classroom,S9
TTO-07345,boundary,C03,G1,F2,3,2,classroom,60,classroom,S10
TTO-07345,boundary,C04,G1,F2,4,2,lab,30,lab,S8
TTO-07345,boundary,C05,G2,F3,3,1,lab,30,lab,S2
TTO-07346,boundary,C01,G1,F1,3,1,lab,30,lab,S5
TTO-07346,boundary,C02,G1,F3,4,1,classroom,60,classroom,S6
TTO-07346,boundary,C03,G2,F1,4,2,lab,30,lab,S6
TTO-07346,boundary,C04,G1,F3,4,1,lab,30,lab,S8
TTO-07346,boundary,C05,G1,F1,4,1,lab,30,lab,S1
TTO-07347,boundary,C01,G2,F1,4,2,classroom,60,classroom,S5
TTO-07347,boundary,C02,G1,F1,3,2,classroom,60,classroom,S7
TTO-07347,boundary,C03,G1,F2,4,1,lab,30,lab,S1
TTO-07347,boundary,C04,G2,F3,3,2,classroom,60,classroom,S3
TTO-07347,boundary,C05,G1,F1,4,1,lab,30,lab,S3
TTO-07348,boundary,C01,G2,F1,4,1,lab,30,lab,S7
TTO-07348,boundary,C02,G1,F3,4,2,lab,30,lab,S10
TTO-07348,boundary,C03,G1,F3,3,1,classroom,60,classroom,S10
TTO-07348,boundary,C04,G2,F2,3,2,lab,30,lab,S1
TTO-07348,boundary,C05,G1,F1,4,1,classroom,60,classroom,S4
TTO-07349,boundary,C01,G1,F1,4,1,classroom,60,classroom,S2
TTO-07349,boundary,C02,G1,F2,3,1,classroom,60,classroom,S8
TTO-07349,boundary,C03,G1,F2,3,1,classroom,60,classroom,S6
TTO-07349,boundary,C04,G1,F2,4,1,lab,30,lab,S6
TTO-07349,boundary,C05,G1,F3,3,2,lab,30,lab,S2
TTO-07350,boundary,C01,G1,F2,4,2,classroom,60,classroom,S10
TTO-07350,boundary,C02,G1,F1,3,2,classroom,60,classroom,S3
TTO-07350,boundary,C03,G2,F3,4,1,lab,30,lab,S2
TTO-07350,boundary,C04,G1,F2,3,2,lab,30,lab,S7
TTO-07350,boundary,C05,G2,F2,3,2,classroom,60,classroom,S6
TTO-07351,boundary,C01,G1,F3,4,1,lab,30,lab,S2
TTO-07351,boundary,C02,G1,F3,4,2,lab,30,lab,S3
TTO-07351,boundary,C03,G2,F1,4,1,lab,30,lab,S8
TTO-07351,boundary,C04,G1,F2,4,1,classroom,60,classroom,S6
TTO-07351,boundary,C05,G1,F2,4,1,lab,30,lab,S3
TTO-07352,boundary,C01,G2,F1,4,1,classroom,60,classroom,S6
TTO-07352,boundary,C02,G1,F1,3,2,classroom,60,classroom,S4
TTO-07352,boundary,C03,G1,F1,3,2,classroom,60,classroom,S8
TTO-07352,boundary,C04,G1,F1,4,1,classroom,60,classroom,S2
TTO-07352,boundary,C05,G1,F1,3,1,lab,30,lab,S3
TTO-07353,boundary,C01,G1,F3,3,1,lab,30,lab,S7
TTO-07353,boundary,C02,G1,F2,4,2,classroom,60,classroom,S5
TTO-07353,boundary,C03,G1,F1,3,2,lab,30,lab,S9
TTO-07353,boundary,C04,G1,F1,3,2,lab,30,lab,S10
TTO-07353,boundary,C05,G2,F2,3,2,lab,30,lab,S10
TTO-07354,boundary,C01,G1,F1,3,2,classroom,60,classroom,S2
TTO-07354,boundary,C02,G2,F2,3,2,classroom,60,classroom,S1
TTO-07354,boundary,C03,G2,F2,4,2,lab,30,lab,S1
TTO-07354,boundary,C04,G1,F2,3,1,lab,30,lab,S8
TTO-07354,boundary,C05,G1,F2,3,2,lab,30,lab,S2
TTO-07355,boundary,C01,G2,F2,4,1,classroom,60,classroom,S1
TTO-07355,boundary,C02,G2,F2,4,1,classroom,60,classroom,S4
TTO-07355,boundary,C03,G1,F3,3,1,lab,30,lab,S6
TTO-07355,boundary,C04,G2,F2,4,1,lab,30,lab,S5
TTO-07355,boundary,C05,G2,F1,4,1,classroom,60,classroom,S9
TTO-07356,boundary,C01,G1,F1,3,2,classroom,60,classroom,S3
TTO-07356,boundary,C02,G2,F3,4,1,classroom,60,classroom,S5
TTO-07356,boundary,C03,G2,F3,3,1,lab,30,lab,S9
TTO-07356,boundary,C04,G2,F3,3,1,classroom,60,classroom,S3
TTO-07356,boundary,C05,G2,F3,3,1,lab,30,lab,S4
TTO-07357,boundary,C01,G2,F3,4,2,classroom,60,classroom,S4
TTO-07357,boundary,C02,G1,F2,4,1,lab,30,lab,S1
TTO-07357,boundary,C03,G1,F2,4,1,classroom,60,classroom,S8
TTO-07357,boundary,C04,G2,F2,3,1,classroom,60,classroom,S3
TTO-07357,boundary,C05,G1,F2,3,1,classroom,60,classroom,S8
TTO-07358,boundary,C01,G2,F2,4,2,classroom,60,classroom,S6
TTO-07358,boundary,C02,G2,F3,4,1,lab,30,lab,S8
TTO-07358,boundary,C03,G2,F1,4,2,lab,30,lab,S10
TTO-07358,boundary,C04,G1,F1,4,1,lab,30,lab,S5
TTO-07358,boundary,C05,G2,F1,3,2,classroom,60,classroom,S7
TTO-07359,boundary,C01,G1,F2,3,2,classroom,60,classroom,S8
TTO-07359,boundary,C02,G1,F1,4,1,classroom,60,classroom,S6
TTO-07359,boundary,C03,G1,F1,4,1,lab,30,lab,S6
TTO-07359,boundary,C04,G2,F3,3,2,lab,30,lab,S1
TTO-07359,boundary,C05,G1,F2,4,2,lab,30,lab,S3
TTO-07360,boundary,C01,G2,F3,4,2,lab,30,lab,S8
TTO-07360,boundary,C02,G1,F3,3,1,lab,30,lab,S4
TTO-07360,boundary,C03,G2,F2,3,2,classroom,60,classroom,S8
TTO-07360,boundary,C04,G2,F1,3,1,classroom,60,classroom,S2
TTO-07360,boundary,C05,G2,F3,4,2,classroom,60,classroom,S10
TTO-07361,boundary,C01,G1,F1,3,1,lab,30,lab,S8
TTO-07361,boundary,C02,G2,F1,4,1,classroom,60,classroom,S2
TTO-07361,boundary,C03,G1,F3,4,1,lab,30,lab,S6
TTO-07361,boundary,C04,G2,F1,4,1,lab,30,lab,S6
TTO-07361,boundary,C05,G1,F1,3,1,lab,30,lab,S1
TTO-07362,boundary,C01,G2,F3,3,2,classroom,60,classroom,S5
TTO-07362,boundary,C02,G1,F2,3,2,lab,30,lab,S5
TTO-07362,boundary,C03,G1,F1,3,2,lab,30,lab,S2
TTO-07362,boundary,C04,G1,F3,4,1,classroom,60,classroom,S8
TTO-07362,boundary,C05,G2,F3,4,2,lab,30,lab,S9
TTO-07363,boundary,C01,G1,F2,3,1,classroom,60,classroom,S7
TTO-07363,boundary,C02,G1,F1,3,1,classroom,60,classroom,S4
TTO-07363,boundary,C03,G1,F2,3,1,lab,30,lab,S3
TTO-07363,boundary,C04,G1,F1,3,1,classroom,60,classroom,S10
TTO-07363,boundary,C05,G1,F3,4,2,classroom,60,classroom,S6
TTO-07364,boundary,C01,G1,F3,4,1,lab,30,lab,S2
TTO-07364,boundary,C02,G2,F1,4,1,lab,30,lab,S5
TTO-07364,boundary,C03,G2,F1,3,2,lab,30,lab,S6
TTO-07364,boundary,C04,G2,F2,3,2,classroom,60,classroom,S4
TTO-07364,boundary,C05,G1,F2,4,1,classroom,60,classroom,S3
TTO-07365,boundary,C01,G2,F3,4,1,lab,30,lab,S1
TTO-07365,boundary,C02,G2,F1,3,2,lab,30,lab,S3
TTO-07365,boundary,C03,G1,F2,3,2,lab,30,lab,S9
TTO-07365,boundary,C04,G2,F2,3,1,classroom,60,classroom,S8
TTO-07365,boundary,C05,G1,F2,3,1,classroom,60,classroom,S10
TTO-07366,boundary,C01,G2,F2,4,1,lab,30,lab,S10
TTO-07366,boundary,C02,G2,F3,3,2,classroom,60,classroom,S2
TTO-07366,boundary,C03,G2,F1,3,1,classroom,60,classroom,S7
TTO-07366,boundary,C04,G1,F2,4,1,lab,30,lab,S5
TTO-07366,boundary,C05,G1,F2,4,1,lab,30,lab,S9
TTO-07367,boundary,C01,G1,F3,3,1,lab,30,lab,S9
TTO-07367,boundary,C02,G2,F2,3,1,classroom,60,classroom,S7
TTO-07367,boundary,C03,G2,F2,3,2,classroom,60,classroom,S10
TTO-07367,boundary,C04,G1,F2,3,1,lab,30,lab,S6
TTO-07367,boundary,C05,G2,F1,3,2,classroom,60,classroom,S5
TTO-07368,boundary,C01,G2,F1,4,1,lab,30,lab,S6
TTO-07368,boundary,C02,G1,F2,4,1,classroom,60,classroom,S3
TTO-07368,boundary,C03,G1,F3,3,1,lab,30,lab,S8
TTO-07368,boundary,C04,G1,F1,4,1,lab,30,lab,S3
TTO-07368,boundary,C05,G1,F2,4,1,lab,30,lab,S7
TTO-07369,boundary,C01,G2,F3,3,2,lab,30,lab,S10
TTO-07369,boundary,C02,G1,F3,3,2,lab,30,lab,S4
TTO-07369,boundary,C03,G1,F1,3,2,lab,30,lab,S8
TTO-07369,boundary,C04,G2,F2,4,2,classroom,60,classroom,S5
TTO-07369,boundary,C05,G1,F2,3,1,classroom,60,classroom,S7
TTO-07370,boundary,C01,G1,F1,4,1,classroom,60,classroom,S10
TTO-07370,boundary,C02,G2,F1,3,1,classroom,60,classroom,S6
TTO-07370,boundary,C03,G2,F3,3,2,lab,30,lab,S3
TTO-07370,boundary,C04,G2,F2,3,2,lab,30,lab,S9
TTO-07370,boundary,C05,G2,F3,4,2,lab,30,lab,S10
TTO-07371,boundary,C01,G1,F1,4,1,lab,30,lab,S5
TTO-07371,boundary,C02,G2,F1,4,1,lab,30,lab,S4
TTO-07371,boundary,C03,G2,F1,4,1,lab,30,lab,S6
TTO-07371,boundary,C04,G2,F2,3,2,classroom,60,classroom,S4
TTO-07371,boundary,C05,G1,F3,4,1,lab,30,lab,S1
TTO-07372,boundary,C01,G2,F1,4,2,lab,30,lab,S3
TTO-07372,boundary,C02,G2,F1,3,2,classroom,60,classroom,S5
TTO-07372,boundary,C03,G2,F3,3,2,lab,30,lab,S2
TTO-07372,boundary,C04,G1,F2,3,1,classroom,60,classroom,S1
TTO-07372,boundary,C05,G2,F3,4,1,lab,30,lab,S2
TTO-07373,boundary,C01,G1,F3,3,2,lab,30,lab,S3
TTO-07373,boundary,C02,G1,F1,4,1,lab,30,lab,S4
TTO-07373,boundary,C03,G1,F1,4,2,lab,30,lab,S8
TTO-07373,boundary,C04,G2,F2,3,2,lab,30,lab,S2
TTO-07373,boundary,C05,G1,F3,4,1,classroom,60,classroom,S1
TTO-07374,boundary,C01,G1,F1,3,1,lab,30,lab,S7
TTO-07374,boundary,C02,G1,F3,3,1,classroom,60,classroom,S3
TTO-07374,boundary,C03,G2,F2,3,2,classroom,60,classroom,S2
TTO-07374,boundary,C04,G1,F2,3,1,classroom,60,classroom,S1
TTO-07374,boundary,C05,G1,F1,3,2,classroom,60,classroom,S7
TTO-07375,boundary,C01,G2,F3,3,1,lab,30,lab,S7
TTO-07375,boundary,C02,G2,F1,3,1,lab,30,lab,S10
TTO-07375,boundary,C03,G2,F2,4,1,lab,30,lab,S9
TTO-07375,boundary,C04,G2,F1,3,1,lab,30,lab,S2
TTO-07375,boundary,C05,G1,F3,3,2,lab,30,lab,S1
TTO-07376,boundary,C01,G2,F1,3,1,lab,30,lab,S6
TTO-07376,boundary,C02,G2,F3,4,1,lab,30,lab,S9
TTO-07376,boundary,C03,G2,F2,4,2,lab,30,lab,S6
TTO-07376,boundary,C04,G1,F3,4,2,lab,30,lab,S8
TTO-07376,boundary,C05,G1,F2,3,2,classroom,60,classroom,S7
TTO-07377,boundary,C01,G1,F1,4,1,classroom,60,classroom,S2
TTO-07377,boundary,C02,G2,F2,4,2,lab,30,lab,S3
TTO-07377,boundary,C03,G2,F3,4,2,lab,30,lab,S5
TTO-07377,boundary,C04,G1,F3,3,1,lab,30,lab,S8
TTO-07377,boundary,C05,G2,F2,4,1,classroom,60,classroom,S8
TTO-07378,boundary,C01,G1,F1,4,1,classroom,60,classroom,S9
TTO-07378,boundary,C02,G1,F1,4,2,classroom,60,classroom,S2
TTO-07378,boundary,C03,G1,F1,4,1,classroom,60,classroom,S7
TTO-07378,boundary,C04,G1,F3,4,2,classroom,60,classroom,S7
TTO-07378,boundary,C05,G1,F3,3,1,classroom,60,classroom,S2
TTO-07379,boundary,C01,G2,F3,4,2,lab,30,lab,S7
TTO-07379,boundary,C02,G2,F3,4,2,classroom,60,classroom,S8
TTO-07379,boundary,C03,G1,F1,4,1,classroom,60,classroom,S9
TTO-07379,boundary,C04,G1,F2,3,1,lab,30,lab,S10
TTO-07379,boundary,C05,G2,F2,4,2,classroom,60,classroom,S7
TTO-07380,boundary,C01,G2,F2,4,2,classroom,60,classroom,S2
TTO-07380,boundary,C02,G1,F1,4,2,classroom,60,classroom,S4
TTO-07380,boundary,C03,G1,F2,3,1,lab,30,lab,S1
TTO-07380,boundary,C04,G1,F1,4,1,classroom,60,classroom,S9
TTO-07380,boundary,C05,G1,F2,4,1,lab,30,lab,S8
TTO-07381,boundary,C01,G1,F1,3,1,classroom,60,classroom,S4
TTO-07381,boundary,C02,G2,F3,3,1,classroom,60,classroom,S4
TTO-07381,boundary,C03,G1,F3,4,2,classroom,60,classroom,S6
TTO-07381,boundary,C04,G1,F2,4,1,lab,30,lab,S4
TTO-07381,boundary,C05,G2,F3,3,1,classroom,60,classroom,S10
TTO-07382,boundary,C01,G2,F3,3,2,lab,30,lab,S1
TTO-07382,boundary,C02,G2,F1,3,2,lab,30,lab,S9
TTO-07382,boundary,C03,G2,F3,3,1,classroom,60,classroom,S3
TTO-07382,boundary,C04,G2,F3,4,2,classroom,60,classroom,S2
TTO-07382,boundary,C05,G1,F3,3,1,lab,30,lab,S9
TTO-07383,boundary,C01,G2,F3,3,2,lab,30,lab,S2
TTO-07383,boundary,C02,G2,F2,3,2,classroom,60,classroom,S9
TTO-07383,boundary,C03,G1,F3,3,1,classroom,60,classroom,S3
TTO-07383,boundary,C04,G2,F3,4,1,lab,30,lab,S10
TTO-07383,boundary,C05,G2,F2,4,1,classroom,60,classroom,S3
TTO-07384,boundary,C01,G1,F3,4,2,classroom,60,classroom,S8
TTO-07384,boundary,C02,G2,F3,3,2,lab,30,lab,S10
TTO-07384,boundary,C03,G2,F2,3,1,classroom,60,classroom,S6
TTO-07384,boundary,C04,G2,F3,3,1,lab,30,lab,S9
TTO-07384,boundary,C05,G1,F1,4,1,lab,30,lab,S7
TTO-07385,boundary,C01,G2,F3,4,2,lab,30,lab,S3
TTO-07385,boundary,C02,G2,F3,4,2,classroom,60,classroom,S6
TTO-07385,boundary,C03,G1,F3,3,1,lab,30,lab,S4
TTO-07385,boundary,C04,G2,F1,4,2,classroom,60,classroom,S5
TTO-07385,boundary,C05,G2,F3,4,2,lab,30,lab,S8
TTO-07386,boundary,C01,G2,F2,4,2,classroom,60,classroom,S2
TTO-07386,boundary,C02,G2,F1,4,2,lab,30,lab,S10
TTO-07386,boundary,C03,G2,F3,3,2,lab,30,lab,S9
TTO-07386,boundary,C04,G1,F3,4,1,classroom,60,classroom,S2
TTO-07386,boundary,C05,G1,F1,3,2,classroom,60,classroom,S1
TTO-07387,boundary,C01,G1,F1,3,1,lab,30,lab,S4
TTO-07387,boundary,C02,G1,F2,3,2,lab,30,lab,S9
TTO-07387,boundary,C03,G2,F2,4,2,classroom,60,classroom,S5
TTO-07387,boundary,C04,G1,F2,4,1,classroom,60,classroom,S5
TTO-07387,boundary,C05,G1,F3,4,1,classroom,60,classroom,S9
TTO-07388,boundary,C01,G2,F1,3,1,classroom,60,classroom,S5
TTO-07388,boundary,C02,G1,F2,3,1,classroom,60,classroom,S10
TTO-07388,boundary,C03,G2,F2,3,2,lab,30,lab,S10
TTO-07388,boundary,C04,G1,F3,4,1,classroom,60,classroom,S3
TTO-07388,boundary,C05,G2,F2,3,2,classroom,60,classroom,S6
TTO-07389,boundary,C01,G1,F2,3,2,classroom,60,classroom,S8
TTO-07389,boundary,C02,G2,F2,4,2,lab,30,lab,S6
TTO-07389,boundary,C03,G2,F2,3,2,classroom,60,classroom,S2
TTO-07389,boundary,C04,G1,F3,3,2,lab,30,lab,S9
TTO-07389,boundary,C05,G2,F3,3,2,lab,30,lab,S10
TTO-07390,boundary,C01,G1,F2,3,2,classroom,60,classroom,S5
TTO-07390,boundary,C02,G1,F1,4,2,classroom,60,classroom,S3
TTO-07390,boundary,C03,G1,F2,4,1,classroom,60,classroom,S1
TTO-07390,boundary,C04,G2,F2,4,1,classroom,60,classroom,S7
TTO-07390,boundary,C05,G2,F1,4,1,lab,30,lab,S5
TTO-07391,boundary,C01,G2,F1,4,2,classroom,60,classroom,S3
TTO-07391,boundary,C02,G1,F2,3,2,lab,30,lab,S1
TTO-07391,boundary,C03,G1,F3,4,1,classroom,60,classroom,S6
TTO-07391,boundary,C04,G2,F2,3,1,lab,30,lab,S5
TTO-07391,boundary,C05,G1,F2,3,1,lab,30,lab,S10
TTO-07392,boundary,C01,G2,F1,4,1,lab,30,lab,S3
TTO-07392,boundary,C02,G2,F3,3,1,lab,30,lab,S10
TTO-07392,boundary,C03,G1,F1,3,2,classroom,60,classroom,S10
TTO-07392,boundary,C04,G1,F3,4,1,classroom,60,classroom,S3
TTO-07392,boundary,C05,G1,F1,3,1,lab,30,lab,S5
TTO-07393,boundary,C01,G1,F1,3,1,lab,30,lab,S10
TTO-07393,boundary,C02,G1,F2,3,2,classroom,60,classroom,S5
TTO-07393,boundary,C03,G2,F2,4,1,lab,30,lab,S1
TTO-07393,boundary,C04,G1,F3,3,2,lab,30,lab,S8
TTO-07393,boundary,C05,G1,F2,3,2,lab,30,lab,S8
TTO-07394,boundary,C01,G1,F2,4,2,lab,30,lab,S3
TTO-07394,boundary,C02,G2,F3,3,2,lab,30,lab,S6
TTO-07394,boundary,C03,G1,F3,3,1,lab,30,lab,S3
TTO-07394,boundary,C04,G2,F1,3,1,lab,30,lab,S4
TTO-07394,boundary,C05,G1,F3,4,1,lab,30,lab,S9
TTO-07395,boundary,C01,G2,F1,3,1,classroom,60,classroom,S9
TTO-07395,boundary,C02,G2,F1,3,1,classroom,60,classroom,S6
TTO-07395,boundary,C03,G1,F1,4,2,classroom,60,classroom,S7
TTO-07395,boundary,C04,G2,F3,3,2,lab,30,lab,S8
TTO-07395,boundary,C05,G1,F2,4,2,lab,30,lab,S5
TTO-07396,boundary,C01,G2,F2,3,2,classroom,60,classroom,S5
TTO-07396,boundary,C02,G2,F2,3,2,classroom,60,classroom,S7
TTO-07396,boundary,C03,G2,F2,4,2,classroom,60,classroom,S9
TTO-07396,boundary,C04,G1,F3,3,2,classroom,60,classroom,S5
TTO-07396,boundary,C05,G1,F1,4,2,classroom,60,classroom,S9
TTO-07397,boundary,C01,G2,F2,4,1,lab,30,lab,S9
TTO-07397,boundary,C02,G2,F2,3,1,lab,30,lab,S3
TTO-07397,boundary,C03,G1,F1,4,2,lab,30,lab,S6
TTO-07397,boundary,C04,G2,F2,4,1,classroom,60,classroom,S8
TTO-07397,boundary,C05,G1,F2,3,2,lab,30,lab,S2
TTO-07398,boundary,C01,G2,F1,3,1,classroom,60,classroom,S3
TTO-07398,boundary,C02,G1,F3,3,1,lab,30,lab,S3
TTO-07398,boundary,C03,G2,F1,3,2,classroom,60,classroom,S5
TTO-07398,boundary,C04,G2,F2,4,1,lab,30,lab,S7
TTO-07398,boundary,C05,G1,F1,3,1,classroom,60,classroom,S8
TTO-07399,boundary,C01,G1,F1,4,1,classroom,60,classroom,S3
TTO-07399,boundary,C02,G2,F3,4,1,classroom,60,classroom,S7
TTO-07399,boundary,C03,G1,F2,4,1,classroom,60,classroom,S7
TTO-07399,boundary,C04,G1,F3,3,2,classroom,60,classroom,S3
TTO-07399,boundary,C05,G2,F2,3,2,lab,30,lab,S3
TTO-07400,boundary,C01,G2,F3,4,2,classroom,60,classroom,S3
TTO-07400,boundary,C02,G2,F2,4,2,classroom,60,classroom,S10
TTO-07400,boundary,C03,G2,F3,3,1,lab,30,lab,S1
TTO-07400,boundary,C04,G2,F3,3,2,lab,30,lab,S1
TTO-07400,boundary,C05,G2,F3,3,1,classroom,60,classroom,S2
TTO-07401,boundary,C01,G1,F3,4,2,classroom,60,classroom,S7
TTO-07401,boundary,C02,G1,F1,3,2,classroom,60,classroom,S7
TTO-07401,boundary,C03,G2,F2,3,1,lab,30,lab,S2
TTO-07401,boundary,C04,G1,F3,4,2,classroom,60,classroom,S3
TTO-07401,boundary,C05,G2,F3,3,2,lab,30,lab,S3
TTO-07402,boundary,C01,G1,F1,4,1,classroom,60,classroom,S3
TTO-07402,boundary,C02,G1,F1,3,1,lab,30,lab,S5
TTO-07402,boundary,C03,G1,F2,4,1,classroom,60,classroom,S9
TTO-07402,boundary,C04,G1,F3,3,2,lab,30,lab,S2
TTO-07402,boundary,C05,G1,F3,3,1,classroom,60,classroom,S1
TTO-07403,boundary,C01,G2,F2,4,2,classroom,60,classroom,S4
TTO-07403,boundary,C02,G2,F2,3,2,lab,30,lab,S10
TTO-07403,boundary,C03,G2,F2,4,2,lab,30,lab,S1
TTO-07403,boundary,C04,G1,F2,4,1,classroom,60,classroom,S1
TTO-07403,boundary,C05,G2,F1,3,1,lab,30,lab,S1
TTO-07404,boundary,C01,G1,F1,3,1,classroom,60,classroom,S8
TTO-07404,boundary,C02,G1,F1,3,2,lab,30,lab,S6
TTO-07404,boundary,C03,G2,F2,3,2,classroom,60,classroom,S2
TTO-07404,boundary,C04,G1,F1,4,1,classroom,60,classroom,S9
TTO-07404,boundary,C05,G1,F1,3,1,lab,30,lab,S3
TTO-07405,boundary,C01,G1,F2,4,2,lab,30,lab,S7
TTO-07405,boundary,C02,G1,F3,4,1,classroom,60,classroom,S7
TTO-07405,boundary,C03,G1,F1,3,1,classroom,60,classroom,S1
TTO-07405,boundary,C04,G1,F1,4,1,lab,30,lab,S4
TTO-07405,boundary,C05,G2,F1,4,1,classroom,60,classroom,S6
TTO-07406,boundary,C01,G1,F3,4,1,lab,30,lab,S8
TTO-07406,boundary,C02,G2,F1,3,1,lab,30,lab,S7
TTO-07406,boundary,C03,G2,F1,4,1,classroom,60,classroom,S9
TTO-07406,boundary,C04,G2,F3,4,1,classroom,60,classroom,S2
TTO-07406,boundary,C05,G2,F2,3,2,classroom,60,classroom,S6
TTO-07407,boundary,C01,G1,F2,3,1,lab,30,lab,S5
TTO-07407,boundary,C02,G1,F2,4,2,classroom,60,classroom,S5
TTO-07407,boundary,C03,G1,F3,4,2,classroom,60,classroom,S10
TTO-07407,boundary,C04,G1,F3,3,2,lab,30,lab,S7
TTO-07407,boundary,C05,G1,F2,4,1,lab,30,lab,S5
TTO-07408,boundary,C01,G1,F1,3,1,lab,30,lab,S6
TTO-07408,boundary,C02,G2,F2,4,1,lab,30,lab,S3
TTO-07408,boundary,C03,G1,F1,3,2,lab,30,lab,S8
TTO-07408,boundary,C04,G1,F3,3,2,classroom,60,classroom,S3
TTO-07408,boundary,C05,G1,F3,3,1,lab,30,lab,S10
TTO-07409,boundary,C01,G1,F1,4,2,lab,30,lab,S1
TTO-07409,boundary,C02,G1,F1,4,1,classroom,60,classroom,S9
TTO-07409,boundary,C03,G2,F3,3,2,classroom,60,classroom,S4
TTO-07409,boundary,C04,G1,F1,4,1,classroom,60,classroom,S9
TTO-07409,boundary,C05,G2,F2,3,1,classroom,60,classroom,S7
TTO-07410,boundary,C01,G2,F2,4,1,lab,30,lab,S2
TTO-07410,boundary,C02,G1,F3,3,2,lab,30,lab,S6
TTO-07410,boundary,C03,G1,F1,3,1,classroom,60,classroom,S10
TTO-07410,boundary,C04,G2,F3,3,2,classroom,60,classroom,S6
TTO-07410,boundary,C05,G1,F3,3,1,classroom,60,classroom,S6
TTO-07411,boundary,C01,G2,F3,3,2,classroom,60,classroom,S7
TTO-07411,boundary,C02,G1,F2,3,2,classroom,60,classroom,S4
TTO-07411,boundary,C03,G1,F2,3,1,lab,30,lab,S6
TTO-07411,boundary,C04,G2,F3,3,1,classroom,60,classroom,S9
TTO-07411,boundary,C05,G1,F3,3,2,classroom,60,classroom,S4
TTO-07412,boundary,C01,G1,F3,4,2,lab,30,lab,S3
TTO-07412,boundary,C02,G2,F1,4,1,lab,30,lab,S1
TTO-07412,boundary,C03,G2,F3,4,1,lab,30,lab,S6
TTO-07412,boundary,C04,G1,F3,4,1,classroom,60,classroom,S6
TTO-07412,boundary,C05,G2,F3,4,1,lab,30,lab,S7
TTO-07413,boundary,C01,G2,F3,3,2,lab,30,lab,S10
TTO-07413,boundary,C02,G1,F3,3,2,classroom,60,classroom,S2
TTO-07413,boundary,C03,G1,F1,3,1,classroom,60,classroom,S10
TTO-07413,boundary,C04,G1,F1,3,1,classroom,60,classroom,S1
TTO-07413,boundary,C05,G2,F2,3,1,classroom,60,classroom,S7
TTO-07414,boundary,C01,G1,F2,4,2,classroom,60,classroom,S1
TTO-07414,boundary,C02,G2,F3,4,1,classroom,60,classroom,S3
TTO-07414,boundary,C03,G2,F3,4,2,classroom,60,classroom,S2
TTO-07414,boundary,C04,G1,F3,4,1,classroom,60,classroom,S1
TTO-07414,boundary,C05,G2,F2,3,1,classroom,60,classroom,S7
TTO-07415,boundary,C01,G1,F3,4,1,lab,30,lab,S1
TTO-07415,boundary,C02,G2,F1,4,1,lab,30,lab,S9
TTO-07415,boundary,C03,G1,F1,3,1,lab,30,lab,S7
TTO-07415,boundary,C04,G1,F2,3,1,lab,30,lab,S7
TTO-07415,boundary,C05,G2,F1,3,2,classroom,60,classroom,S8
TTO-07416,boundary,C01,G2,F1,4,2,classroom,60,classroom,S8
TTO-07416,boundary,C02,G1,F1,3,2,lab,30,lab,S3
TTO-07416,boundary,C03,G2,F3,4,1,lab,30,lab,S9
TTO-07416,boundary,C04,G2,F3,3,1,classroom,60,classroom,S10
TTO-07416,boundary,C05,G1,F1,3,1,classroom,60,classroom,S5
TTO-07417,boundary,C01,G2,F2,4,2,lab,30,lab,S5
TTO-07417,boundary,C02,G2,F3,4,1,lab,30,lab,S3
TTO-07417,boundary,C03,G1,F2,3,2,lab,30,lab,S1
TTO-07417,boundary,C04,G1,F3,4,2,lab,30,lab,S3
TTO-07417,boundary,C05,G1,F1,3,1,lab,30,lab,S6
TTO-07418,boundary,C01,G1,F1,3,1,lab,30,lab,S8
TTO-07418,boundary,C02,G1,F2,3,2,classroom,60,classroom,S6
TTO-07418,boundary,C03,G1,F1,4,2,lab,30,lab,S7
TTO-07418,boundary,C04,G2,F3,3,1,classroom,60,classroom,S5
TTO-07418,boundary,C05,G1,F2,3,2,classroom,60,classroom,S5
TTO-07419,boundary,C01,G1,F3,4,2,lab,30,lab,S8
TTO-07419,boundary,C02,G2,F3,4,2,lab,30,lab,S4
TTO-07419,boundary,C03,G2,F1,3,2,classroom,60,classroom,S4
TTO-07419,boundary,C04,G1,F1,4,2,classroom,60,classroom,S1
TTO-07419,boundary,C05,G1,F2,4,2,lab,30,lab,S1
TTO-07420,boundary,C01,G1,F2,3,2,lab,30,lab,S5
TTO-07420,boundary,C02,G1,F1,4,1,classroom,60,classroom,S6
TTO-07420,boundary,C03,G1,F3,4,2,classroom,60,classroom,S1
TTO-07420,boundary,C04,G1,F3,4,2,classroom,60,classroom,S2
TTO-07420,boundary,C05,G2,F1,3,1,classroom,60,classroom,S3
TTO-07421,boundary,C01,G1,F2,3,1,classroom,60,classroom,S6
TTO-07421,boundary,C02,G2,F3,4,2,lab,30,lab,S1
TTO-07421,boundary,C03,G2,F2,4,1,classroom,60,classroom,S1
TTO-07421,boundary,C04,G2,F3,3,1,classroom,60,classroom,S9
TTO-07421,boundary,C05,G1,F2,3,1,classroom,60,classroom,S5
TTO-07422,boundary,C01,G1,F1,3,1,classroom,60,classroom,S8
TTO-07422,boundary,C02,G2,F3,4,2,lab,30,lab,S4
TTO-07422,boundary,C03,G2,F1,3,1,classroom,60,classroom,S10
TTO-07422,boundary,C04,G1,F2,3,2,lab,30,lab,S5
TTO-07422,boundary,C05,G2,F1,4,2,lab,30,lab,S1
TTO-07423,boundary,C01,G2,F1,4,1,lab,30,lab,S2
TTO-07423,boundary,C02,G1,F3,3,2,classroom,60,classroom,S10
TTO-07423,boundary,C03,G1,F1,4,2,classroom,60,classroom,S6
TTO-07423,boundary,C04,G1,F3,3,2,classroom,60,classroom,S3
TTO-07423,boundary,C05,G2,F1,4,1,classroom,60,classroom,S7
TTO-07424,boundary,C01,G1,F2,3,2,classroom,60,classroom,S6
TTO-07424,boundary,C02,G1,F1,3,2,lab,30,lab,S9
TTO-07424,boundary,C03,G1,F2,4,1,classroom,60,classroom,S3
TTO-07424,boundary,C04,G2,F2,3,2,classroom,60,classroom,S10
TTO-07424,boundary,C05,G1,F2,4,1,lab,30,lab,S7
TTO-07425,boundary,C01,G1,F2,4,2,classroom,60,classroom,S10
TTO-07425,boundary,C02,G1,F3,4,1,classroom,60,classroom,S8
TTO-07425,boundary,C03,G2,F3,3,1,classroom,60,classroom,S3
TTO-07425,boundary,C04,G1,F2,3,1,lab,30,lab,S9
TTO-07425,boundary,C05,G2,F1,4,2,lab,30,lab,S9
TTO-07426,boundary,C01,G2,F3,3,2,lab,30,lab,S6
TTO-07426,boundary,C02,G1,F1,4,1,classroom,60,classroom,S10
TTO-07426,boundary,C03,G1,F3,4,2,classroom,60,classroom,S4
TTO-07426,boundary,C04,G2,F3,4,2,lab,30,lab,S8
TTO-07426,boundary,C05,G2,F1,3,2,classroom,60,classroom,S8
TTO-07427,boundary,C01,G1,F2,4,2,classroom,60,classroom,S7
TTO-07427,boundary,C02,G1,F1,3,2,classroom,60,classroom,S8
TTO-07427,boundary,C03,G2,F2,4,1,lab,30,lab,S10
TTO-07427,boundary,C04,G1,F3,4,1,classroom,60,classroom,S10
TTO-07427,boundary,C05,G2,F1,4,2,classroom,60,classroom,S4
TTO-07428,boundary,C01,G2,F3,3,1,lab,30,lab,S8
TTO-07428,boundary,C02,G2,F1,4,1,classroom,60,classroom,S10
TTO-07428,boundary,C03,G1,F1,4,1,classroom,60,classroom,S7
TTO-07428,boundary,C04,G2,F3,4,1,classroom,60,classroom,S7
TTO-07428,boundary,C05,G1,F3,3,2,classroom,60,classroom,S3
TTO-07429,boundary,C01,G2,F2,3,1,lab,30,lab,S2
TTO-07429,boundary,C02,G1,F3,3,2,classroom,60,classroom,S3
TTO-07429,boundary,C03,G1,F1,4,1,lab,30,lab,S6
TTO-07429,boundary,C04,G2,F1,4,2,classroom,60,classroom,S2
TTO-07429,boundary,C05,G1,F2,4,1,classroom,60,classroom,S7
TTO-07430,boundary,C01,G2,F3,4,1,lab,30,lab,S6
TTO-07430,boundary,C02,G2,F1,4,2,lab,30,lab,S6
TTO-07430,boundary,C03,G2,F2,4,1,lab,30,lab,S4
TTO-07430,boundary,C04,G1,F1,4,2,classroom,60,classroom,S9
TTO-07430,boundary,C05,G1,F3,3,1,classroom,60,classroom,S4
TTO-07431,boundary,C01,G2,F2,3,2,lab,30,lab,S6
TTO-07431,boundary,C02,G2,F3,3,1,classroom,60,classroom,S9
TTO-07431,boundary,C03,G2,F2,4,1,lab,30,lab,S10
TTO-07431,boundary,C04,G1,F3,3,2,lab,30,lab,S3
TTO-07431,boundary,C05,G1,F1,4,1,lab,30,lab,S8
TTO-07432,boundary,C01,G2,F3,3,2,lab,30,lab,S10
TTO-07432,boundary,C02,G2,F2,4,1,lab,30,lab,S7
TTO-07432,boundary,C03,G2,F3,3,2,classroom,60,classroom,S8
TTO-07432,boundary,C04,G1,F3,4,2,classroom,60,classroom,S6
TTO-07432,boundary,C05,G1,F2,3,1,classroom,60,classroom,S1
TTO-07433,boundary,C01,G2,F3,3,2,lab,30,lab,S1
TTO-07433,boundary,C02,G1,F1,3,1,lab,30,lab,S1
TTO-07433,boundary,C03,G1,F1,3,1,lab,30,lab,S8
TTO-07433,boundary,C04,G2,F1,3,1,lab,30,lab,S6
TTO-07433,boundary,C05,G2,F3,3,1,classroom,60,classroom,S2
TTO-07434,boundary,C01,G2,F3,4,1,lab,30,lab,S6
TTO-07434,boundary,C02,G2,F1,3,2,classroom,60,classroom,S8
TTO-07434,boundary,C03,G2,F3,3,2,classroom,60,classroom,S10
TTO-07434,boundary,C04,G1,F3,3,1,lab,30,lab,S9
TTO-07434,boundary,C05,G2,F3,4,1,classroom,60,classroom,S2
TTO-07435,boundary,C01,G1,F2,3,2,lab,30,lab,S4
TTO-07435,boundary,C02,G1,F3,3,1,lab,30,lab,S3
TTO-07435,boundary,C03,G1,F1,3,1,classroom,60,classroom,S2
TTO-07435,boundary,C04,G2,F2,3,2,lab,30,lab,S5
TTO-07435,boundary,C05,G2,F3,4,1,lab,30,lab,S8
TTO-07436,boundary,C01,G2,F3,3,2,lab,30,lab,S3
TTO-07436,boundary,C02,G2,F3,4,1,lab,30,lab,S8
TTO-07436,boundary,C03,G2,F3,3,1,lab,30,lab,S8
TTO-07436,boundary,C04,G1,F2,3,1,lab,30,lab,S5
TTO-07436,boundary,C05,G2,F1,3,1,lab,30,lab,S9
TTO-07437,boundary,C01,G1,F3,4,2,classroom,60,classroom,S9
TTO-07437,boundary,C02,G1,F1,3,1,classroom,60,classroom,S10
TTO-07437,boundary,C03,G2,F3,4,1,lab,30,lab,S7
TTO-07437,boundary,C04,G1,F3,3,2,lab,30,lab,S2
TTO-07437,boundary,C05,G1,F3,3,1,lab,30,lab,S6
TTO-07438,boundary,C01,G1,F3,4,1,classroom,60,classroom,S2
TTO-07438,boundary,C02,G2,F2,4,2,classroom,60,classroom,S2
TTO-07438,boundary,C03,G2,F3,4,1,classroom,60,classroom,S10
TTO-07438,boundary,C04,G2,F2,4,2,lab,30,lab,S8
TTO-07438,boundary,C05,G1,F1,3,1,classroom,60,classroom,S6
TTO-07439,boundary,C01,G2,F3,4,1,classroom,60,classroom,S7
TTO-07439,boundary,C02,G2,F2,4,2,classroom,60,classroom,S3
TTO-07439,boundary,C03,G2,F3,3,2,lab,30,lab,S4
TTO-07439,boundary,C04,G2,F2,4,1,lab,30,lab,S10
TTO-07439,boundary,C05,G2,F1,3,1,lab,30,lab,S7
TTO-07440,boundary,C01,G1,F1,4,1,lab,30,lab,S8
TTO-07440,boundary,C02,G1,F2,4,1,classroom,60,classroom,S2
TTO-07440,boundary,C03,G2,F3,3,2,lab,30,lab,S3
TTO-07440,boundary,C04,G2,F3,3,2,classroom,60,classroom,S8
TTO-07440,boundary,C05,G2,F1,3,2,classroom,60,classroom,S7
TTO-07441,boundary,C01,G1,F1,3,2,lab,30,lab,S2
TTO-07441,boundary,C02,G1,F1,3,2,classroom,60,classroom,S9
TTO-07441,boundary,C03,G1,F1,4,2,classroom,60,classroom,S6
TTO-07441,boundary,C04,G1,F3,4,2,lab,30,lab,S6
TTO-07441,boundary,C05,G1,F3,4,2,lab,30,lab,S3
TTO-07442,boundary,C01,G2,F3,3,2,classroom,60,classroom,S10
TTO-07442,boundary,C02,G2,F2,4,2,classroom,60,classroom,S2
TTO-07442,boundary,C03,G1,F1,4,2,lab,30,lab,S4
TTO-07442,boundary,C04,G1,F1,3,2,lab,30,lab,S6
TTO-07442,boundary,C05,G2,F1,4,2,lab,30,lab,S1
TTO-07443,boundary,C01,G2,F2,3,1,lab,30,lab,S6
TTO-07443,boundary,C02,G2,F2,4,1,lab,30,lab,S8
TTO-07443,boundary,C03,G1,F1,3,1,lab,30,lab,S10
TTO-07443,boundary,C04,G1,F1,4,1,classroom,60,classroom,S4
TTO-07443,boundary,C05,G2,F1,4,2,classroom,60,classroom,S8
TTO-07444,boundary,C01,G2,F1,3,1,lab,30,lab,S9
TTO-07444,boundary,C02,G1,F3,4,2,classroom,60,classroom,S5
TTO-07444,boundary,C03,G2,F2,3,2,lab,30,lab,S2
TTO-07444,boundary,C04,G1,F2,4,2,lab,30,lab,S5
TTO-07444,boundary,C05,G1,F1,3,2,lab,30,lab,S7
TTO-07445,boundary,C01,G2,F2,3,1,lab,30,lab,S2
TTO-07445,boundary,C02,G2,F1,3,1,lab,30,lab,S1
TTO-07445,boundary,C03,G1,F2,4,1,lab,30,lab,S3
TTO-07445,boundary,C04,G2,F1,4,2,lab,30,lab,S4
TTO-07445,boundary,C05,G2,F1,3,1,classroom,60,classroom,S9
TTO-07446,boundary,C01,G1,F2,4,2,lab,30,lab,S8
TTO-07446,boundary,C02,G2,F2,3,2,classroom,60,classroom,S8
TTO-07446,boundary,C03,G2,F2,4,1,lab,30,lab,S4
TTO-07446,boundary,C04,G1,F2,4,2,classroom,60,classroom,S10
TTO-07446,boundary,C05,G2,F3,4,1,lab,30,lab,S10
TTO-07447,boundary,C01,G2,F1,4,1,classroom,60,classroom,S4
TTO-07447,boundary,C02,G2,F2,3,1,lab,30,lab,S7
TTO-07447,boundary,C03,G1,F2,4,1,lab,30,lab,S4
TTO-07447,boundary,C04,G2,F3,4,2,lab,30,lab,S5
TTO-07447,boundary,C05,G1,F1,4,2,classroom,60,classroom,S1
TTO-07448,boundary,C01,G1,F3,4,1,classroom,60,classroom,S10
TTO-07448,boundary,C02,G1,F3,4,1,lab,30,lab,S5
TTO-07448,boundary,C03,G2,F3,3,2,classroom,60,classroom,S4
TTO-07448,boundary,C04,G1,F2,4,2,lab,30,lab,S6
TTO-07448,boundary,C05,G2,F3,3,1,lab,30,lab,S3
TTO-07449,boundary,C01,G1,F3,3,1,classroom,60,classroom,S9
TTO-07449,boundary,C02,G2,F2,3,2,classroom,60,classroom,S5
TTO-07449,boundary,C03,G1,F1,4,1,classroom,60,classroom,S3
TTO-07449,boundary,C04,G1,F1,3,2,classroom,60,classroom,S1
TTO-07449,boundary,C05,G1,F2,3,1,classroom,60,classroom,S7
TTO-07450,boundary,C01,G2,F1,3,1,classroom,60,classroom,S7
TTO-07450,boundary,C02,G1,F2,4,2,classroom,60,classroom,S10
TTO-07450,boundary,C03,G1,F2,4,2,lab,30,lab,S1
TTO-07450,boundary,C04,G1,F1,4,2,classroom,60,classroom,S2
TTO-07450,boundary,C05,G2,F2,4,2,classroom,60,classroom,S7
TTO-07451,boundary,C01,G1,F1,4,2,classroom,60,classroom,S7
TTO-07451,boundary,C02,G1,F3,4,1,lab,30,lab,S5
TTO-07451,boundary,C03,G1,F2,3,2,classroom,60,classroom,S10
TTO-07451,boundary,C04,G1,F3,4,1,lab,30,lab,S8
TTO-07451,boundary,C05,G2,F1,3,1,lab,30,lab,S8
TTO-07452,boundary,C01,G1,F1,3,2,classroom,60,classroom,S7
TTO-07452,boundary,C02,G1,F1,3,2,classroom,60,classroom,S6
TTO-07452,boundary,C03,G2,F2,4,2,classroom,60,classroom,S1
TTO-07452,boundary,C04,G2,F2,4,1,classroom,60,classroom,S3
TTO-07452,boundary,C05,G1,F1,3,2,lab,30,lab,S6
TTO-07453,boundary,C01,G1,F3,4,2,lab,30,lab,S1
TTO-07453,boundary,C02,G2,F1,3,2,classroom,60,classroom,S6
TTO-07453,boundary,C03,G1,F3,3,1,lab,30,lab,S1
TTO-07453,boundary,C04,G2,F2,4,2,classroom,60,classroom,S2
TTO-07453,boundary,C05,G1,F2,3,2,lab,30,lab,S3
TTO-07454,boundary,C01,G2,F1,3,1,classroom,60,classroom,S3
TTO-07454,boundary,C02,G2,F1,4,1,classroom,60,classroom,S7
TTO-07454,boundary,C03,G2,F1,4,1,classroom,60,classroom,S6
TTO-07454,boundary,C04,G2,F1,3,2,classroom,60,classroom,S1
TTO-07454,boundary,C05,G2,F1,4,1,classroom,60,classroom,S2
TTO-07455,boundary,C01,G2,F3,3,1,classroom,60,classroom,S9
TTO-07455,boundary,C02,G1,F3,3,2,lab,30,lab,S7
TTO-07455,boundary,C03,G1,F1,4,2,classroom,60,classroom,S7
TTO-07455,boundary,C04,G1,F2,3,1,lab,30,lab,S8
TTO-07455,boundary,C05,G1,F3,3,1,classroom,60,classroom,S2
TTO-07456,boundary,C01,G2,F2,4,1,lab,30,lab,S10
TTO-07456,boundary,C02,G1,F3,3,1,classroom,60,classroom,S2
TTO-07456,boundary,C03,G1,F1,4,1,classroom,60,classroom,S9
TTO-07456,boundary,C04,G2,F1,3,2,lab,30,lab,S9
TTO-07456,boundary,C05,G2,F2,3,2,lab,30,lab,S1
TTO-07457,boundary,C01,G2,F2,3,1,lab,30,lab,S7
TTO-07457,boundary,C02,G1,F2,4,1,classroom,60,classroom,S4
TTO-07457,boundary,C03,G2,F2,3,1,classroom,60,classroom,S10
TTO-07457,boundary,C04,G2,F2,4,2,classroom,60,classroom,S3
TTO-07457,boundary,C05,G1,F2,3,1,lab,30,lab,S7
TTO-07458,boundary,C01,G2,F2,4,2,lab,30,lab,S10
TTO-07458,boundary,C02,G1,F1,4,1,classroom,60,classroom,S8
TTO-07458,boundary,C03,G2,F3,4,1,classroom,60,classroom,S6
TTO-07458,boundary,C04,G1,F2,3,2,lab,30,lab,S7
TTO-07458,boundary,C05,G1,F1,3,2,classroom,60,classroom,S6
TTO-07459,boundary,C01,G2,F1,4,2,classroom,60,classroom,S4
TTO-07459,boundary,C02,G1,F1,4,1,classroom,60,classroom,S6
TTO-07459,boundary,C03,G1,F2,3,2,lab,30,lab,S5
TTO-07459,boundary,C04,G2,F3,3,1,classroom,60,classroom,S4
TTO-07459,boundary,C05,G1,F2,4,1,lab,30,lab,S5
TTO-07460,boundary,C01,G1,F1,3,1,classroom,60,classroom,S6
TTO-07460,boundary,C02,G1,F1,4,2,classroom,60,classroom,S1
TTO-07460,boundary,C03,G2,F3,3,1,classroom,60,classroom,S5
TTO-07460,boundary,C04,G1,F3,4,1,lab,30,lab,S4
TTO-07460,boundary,C05,G1,F3,3,1,lab,30,lab,S5
TTO-07461,boundary,C01,G2,F3,4,1,lab,30,lab,S6
TTO-07461,boundary,C02,G2,F1,4,1,classroom,60,classroom,S10
TTO-07461,boundary,C03,G2,F2,3,2,lab,30,lab,S5
TTO-07461,boundary,C04,G1,F1,3,2,classroom,60,classroom,S4
TTO-07461,boundary,C05,G1,F3,3,1,classroom,60,classroom,S4
TTO-07462,boundary,C01,G1,F3,3,2,classroom,60,classroom,S7
TTO-07462,boundary,C02,G1,F2,4,1,lab,30,lab,S9
TTO-07462,boundary,C03,G2,F3,4,2,classroom,60,classroom,S8
TTO-07462,boundary,C04,G1,F1,4,1,lab,30,lab,S4
TTO-07462,boundary,C05,G1,F3,3,2,classroom,60,classroom,S9
TTO-07463,boundary,C01,G2,F2,4,1,classroom,60,classroom,S9
TTO-07463,boundary,C02,G2,F1,4,2,classroom,60,classroom,S10
TTO-07463,boundary,C03,G1,F1,3,2,lab,30,lab,S9
TTO-07463,boundary,C04,G1,F2,4,1,classroom,60,classroom,S8
TTO-07463,boundary,C05,G1,F3,3,2,classroom,60,classroom,S1
TTO-07464,boundary,C01,G2,F1,3,2,classroom,60,classroom,S1
TTO-07464,boundary,C02,G2,F2,4,1,lab,30,lab,S10
TTO-07464,boundary,C03,G2,F1,3,2,classroom,60,classroom,S9
TTO-07464,boundary,C04,G1,F1,4,1,lab,30,lab,S8
TTO-07464,boundary,C05,G1,F1,4,2,classroom,60,classroom,S1
TTO-07465,boundary,C01,G2,F3,3,2,classroom,60,classroom,S5
TTO-07465,boundary,C02,G1,F1,4,2,classroom,60,classroom,S5
TTO-07465,boundary,C03,G2,F1,4,2,lab,30,lab,S5
TTO-07465,boundary,C04,G1,F2,3,2,classroom,60,classroom,S3
TTO-07465,boundary,C05,G2,F2,3,2,classroom,60,classroom,S6
TTO-07466,boundary,C01,G1,F2,3,2,lab,30,lab,S4
TTO-07466,boundary,C02,G2,F3,3,1,classroom,60,classroom,S5
TTO-07466,boundary,C03,G2,F3,4,1,lab,30,lab,S4
TTO-07466,boundary,C04,G1,F1,3,2,classroom,60,classroom,S9
TTO-07466,boundary,C05,G1,F2,3,1,lab,30,lab,S2
TTO-07467,boundary,C01,G1,F1,3,2,classroom,60,classroom,S5
TTO-07467,boundary,C02,G2,F3,3,2,classroom,60,classroom,S5
TTO-07467,boundary,C03,G1,F3,3,1,classroom,60,classroom,S1
TTO-07467,boundary,C04,G1,F3,4,1,lab,30,lab,S2
TTO-07467,boundary,C05,G2,F2,3,1,classroom,60,classroom,S8
TTO-07468,boundary,C01,G2,F1,3,1,classroom,60,classroom,S2
TTO-07468,boundary,C02,G2,F2,3,1,lab,30,lab,S8
TTO-07468,boundary,C03,G2,F1,3,1,classroom,60,classroom,S5
TTO-07468,boundary,C04,G2,F3,3,2,lab,30,lab,S7
TTO-07468,boundary,C05,G1,F1,4,2,lab,30,lab,S5
TTO-07469,boundary,C01,G2,F1,3,2,classroom,60,classroom,S7
TTO-07469,boundary,C02,G2,F1,3,1,classroom,60,classroom,S3
TTO-07469,boundary,C03,G1,F2,4,2,lab,30,lab,S1
TTO-07469,boundary,C04,G2,F2,4,1,classroom,60,classroom,S2
TTO-07469,boundary,C05,G1,F2,4,2,classroom,60,classroom,S4
TTO-07470,boundary,C01,G1,F2,3,2,lab,30,lab,S2
TTO-07470,boundary,C02,G1,F1,3,2,classroom,60,classroom,S10
TTO-07470,boundary,C03,G1,F1,4,1,classroom,60,classroom,S9
TTO-07470,boundary,C04,G1,F1,3,2,classroom,60,classroom,S8
TTO-07470,boundary,C05,G2,F3,3,2,classroom,60,classroom,S8
TTO-07471,boundary,C01,G2,F1,4,2,lab,30,lab,S10
TTO-07471,boundary,C02,G1,F3,4,2,lab,30,lab,S10
TTO-07471,boundary,C03,G1,F3,4,1,lab,30,lab,S7
TTO-07471,boundary,C04,G2,F1,4,2,lab,30,lab,S1
TTO-07471,boundary,C05,G2,F3,4,1,classroom,60,classroom,S4
TTO-07472,boundary,C01,G2,F1,3,1,classroom,60,classroom,S3
TTO-07472,boundary,C02,G2,F2,4,1,lab,30,lab,S1
TTO-07472,boundary,C03,G2,F3,4,1,lab,30,lab,S6
TTO-07472,boundary,C04,G1,F2,3,1,lab,30,lab,S9
TTO-07472,boundary,C05,G1,F3,3,2,lab,30,lab,S2
TTO-07473,boundary,C01,G2,F3,4,1,classroom,60,classroom,S2
TTO-07473,boundary,C02,G1,F2,4,1,classroom,60,classroom,S10
TTO-07473,boundary,C03,G1,F3,4,2,classroom,60,classroom,S7
TTO-07473,boundary,C04,G1,F1,3,1,classroom,60,classroom,S5
TTO-07473,boundary,C05,G1,F2,4,1,classroom,60,classroom,S7
TTO-07474,boundary,C01,G2,F3,4,1,classroom,60,classroom,S6
TTO-07474,boundary,C02,G2,F2,4,1,lab,30,lab,S9
TTO-07474,boundary,C03,G1,F3,4,1,lab,30,lab,S5
TTO-07474,boundary,C04,G1,F1,4,1,lab,30,lab,S9
TTO-07474,boundary,C05,G1,F3,3,1,classroom,60,classroom,S3
TTO-07475,boundary,C01,G2,F2,4,2,classroom,60,classroom,S7
TTO-07475,boundary,C02,G1,F2,3,1,lab,30,lab,S4
TTO-07475,boundary,C03,G2,F1,3,1,classroom,60,classroom,S6
TTO-07475,boundary,C04,G1,F1,3,1,lab,30,lab,S1
TTO-07475,boundary,C05,G2,F3,4,1,classroom,60,classroom,S8
TTO-07476,boundary,C01,G1,F2,4,1,classroom,60,classroom,S6
TTO-07476,boundary,C02,G2,F2,4,1,classroom,60,classroom,S7
TTO-07476,boundary,C03,G2,F2,3,2,classroom,60,classroom,S6
TTO-07476,boundary,C04,G1,F3,3,2,lab,30,lab,S3
TTO-07476,boundary,C05,G1,F1,3,1,lab,30,lab,S8
TTO-07477,boundary,C01,G1,F3,3,2,classroom,60,classroom,S6
TTO-07477,boundary,C02,G1,F3,3,2,classroom,60,classroom,S7
TTO-07477,boundary,C03,G2,F2,4,1,classroom,60,classroom,S10
TTO-07477,boundary,C04,G2,F3,4,2,classroom,60,classroom,S3
TTO-07477,boundary,C05,G2,F1,4,1,classroom,60,classroom,S10
TTO-07478,boundary,C01,G1,F1,4,2,lab,30,lab,S7
TTO-07478,boundary,C02,G1,F2,4,1,lab,30,lab,S10
TTO-07478,boundary,C03,G1,F2,4,2,lab,30,lab,S6
TTO-07478,boundary,C04,G1,F1,4,1,lab,30,lab,S5
TTO-07478,boundary,C05,G1,F2,3,1,classroom,60,classroom,S5
TTO-07479,boundary,C01,G1,F2,4,1,lab,30,lab,S9
TTO-07479,boundary,C02,G1,F3,3,2,classroom,60,classroom,S3
TTO-07479,boundary,C03,G2,F3,3,2,lab,30,lab,S10
TTO-07479,boundary,C04,G1,F1,4,2,classroom,60,classroom,S10
TTO-07479,boundary,C05,G2,F1,4,1,classroom,60,classroom,S7
TTO-07480,boundary,C01,G1,F2,4,2,classroom,60,classroom,S6
TTO-07480,boundary,C02,G2,F3,4,1,classroom,60,classroom,S6
TTO-07480,boundary,C03,G2,F1,3,1,classroom,60,classroom,S10
TTO-07480,boundary,C04,G2,F2,3,2,classroom,60,classroom,S7
TTO-07480,boundary,C05,G1,F1,4,2,lab,30,lab,S4
TTO-07481,boundary,C01,G2,F2,4,2,lab,30,lab,S7
TTO-07481,boundary,C02,G2,F1,3,2,lab,30,lab,S1
TTO-07481,boundary,C03,G1,F2,4,2,lab,30,lab,S7
TTO-07481,boundary,C04,G1,F3,3,2,lab,30,lab,S3
TTO-07481,boundary,C05,G2,F2,4,1,lab,30,lab,S9
TTO-07482,boundary,C01,G1,F1,3,2,lab,30,lab,S3
TTO-07482,boundary,C02,G2,F3,3,2,classroom,60,classroom,S5
TTO-07482,boundary,C03,G1,F3,3,1,lab,30,lab,S3
TTO-07482,boundary,C04,G2,F2,4,2,lab,30,lab,S4
TTO-07482,boundary,C05,G1,F3,3,2,lab,30,lab,S10
TTO-07483,boundary,C01,G2,F1,4,2,lab,30,lab,S5
TTO-07483,boundary,C02,G1,F2,4,2,classroom,60,classroom,S2
TTO-07483,boundary,C03,G1,F3,4,2,lab,30,lab,S8
TTO-07483,boundary,C04,G2,F3,4,2,lab,30,lab,S8
TTO-07483,boundary,C05,G1,F3,4,1,lab,30,lab,S4
TTO-07484,boundary,C01,G2,F3,3,2,classroom,60,classroom,S7
TTO-07484,boundary,C02,G1,F1,3,1,lab,30,lab,S10
TTO-07484,boundary,C03,G1,F2,3,2,lab,30,lab,S10
TTO-07484,boundary,C04,G1,F2,3,2,lab,30,lab,S7
TTO-07484,boundary,C05,G2,F1,4,2,classroom,60,classroom,S1
TTO-07485,boundary,C01,G2,F2,3,2,classroom,60,classroom,S6
TTO-07485,boundary,C02,G1,F3,4,1,classroom,60,classroom,S3
TTO-07485,boundary,C03,G2,F2,3,2,lab,30,lab,S10
TTO-07485,boundary,C04,G1,F3,3,2,classroom,60,classroom,S8
TTO-07485,boundary,C05,G2,F3,4,2,classroom,60,classroom,S8
TTO-07486,boundary,C01,G1,F1,3,1,classroom,60,classroom,S10
TTO-07486,boundary,C02,G2,F3,4,2,lab,30,lab,S1
TTO-07486,boundary,C03,G2,F3,4,2,classroom,60,classroom,S7
TTO-07486,boundary,C04,G2,F1,4,2,classroom,60,classroom,S5
TTO-07486,boundary,C05,G1,F2,3,2,lab,30,lab,S5
TTO-07487,boundary,C01,G1,F1,4,1,classroom,60,classroom,S2
TTO-07487,boundary,C02,G1,F3,3,2,lab,30,lab,S8
TTO-07487,boundary,C03,G2,F3,4,1,classroom,60,classroom,S9
TTO-07487,boundary,C04,G2,F3,3,2,classroom,60,classroom,S4
TTO-07487,boundary,C05,G2,F3,4,2,classroom,60,classroom,S7
TTO-07488,boundary,C01,G1,F1,4,1,lab,30,lab,S1
TTO-07488,boundary,C02,G1,F1,4,1,classroom,60,classroom,S10
TTO-07488,boundary,C03,G2,F2,4,1,lab,30,lab,S2
TTO-07488,boundary,C04,G2,F1,4,2,lab,30,lab,S7
TTO-07488,boundary,C05,G2,F1,4,1,classroom,60,classroom,S4
TTO-07489,boundary,C01,G1,F1,3,1,classroom,60,classroom,S1
TTO-07489,boundary,C02,G1,F3,4,1,classroom,60,classroom,S4
TTO-07489,boundary,C03,G1,F3,4,2,classroom,60,classroom,S1
TTO-07489,boundary,C04,G2,F1,4,1,classroom,60,classroom,S2
TTO-07489,boundary,C05,G2,F3,4,1,classroom,60,classroom,S7
TTO-07490,boundary,C01,G2,F2,3,1,classroom,60,classroom,S3
TTO-07490,boundary,C02,G2,F3,3,1,lab,30,lab,S8
TTO-07490,boundary,C03,G1,F2,3,2,classroom,60,classroom,S3
TTO-07490,boundary,C04,G1,F2,4,1,lab,30,lab,S8
TTO-07490,boundary,C05,G1,F1,3,1,lab,30,lab,S8
TTO-07491,boundary,C01,G2,F1,3,2,lab,30,lab,S2
TTO-07491,boundary,C02,G1,F3,3,2,classroom,60,classroom,S6
TTO-07491,boundary,C03,G1,F2,3,1,lab,30,lab,S9
TTO-07491,boundary,C04,G1,F1,3,2,lab,30,lab,S8
TTO-07491,boundary,C05,G2,F1,4,1,lab,30,lab,S4
TTO-07492,boundary,C01,G2,F3,4,2,classroom,60,classroom,S2
TTO-07492,boundary,C02,G1,F3,4,2,classroom,60,classroom,S3
TTO-07492,boundary,C03,G2,F1,3,2,classroom,60,classroom,S10
TTO-07492,boundary,C04,G2,F1,4,2,lab,30,lab,S6
TTO-07492,boundary,C05,G2,F1,4,1,lab,30,lab,S1
TTO-07493,boundary,C01,G1,F1,3,1,classroom,60,classroom,S4
TTO-07493,boundary,C02,G2,F2,3,2,classroom,60,classroom,S8
TTO-07493,boundary,C03,G1,F1,4,2,classroom,60,classroom,S9
TTO-07493,boundary,C04,G1,F1,3,1,classroom,60,classroom,S9
TTO-07493,boundary,C05,G2,F3,3,2,classroom,60,classroom,S4
TTO-07494,boundary,C01,G1,F1,3,1,classroom,60,classroom,S6
TTO-07494,boundary,C02,G1,F1,3,1,lab,30,lab,S6
TTO-07494,boundary,C03,G2,F1,3,2,lab,30,lab,S4
TTO-07494,boundary,C04,G2,F2,4,1,classroom,60,classroom,S3
TTO-07494,boundary,C05,G2,F2,3,2,lab,30,lab,S1
TTO-07495,boundary,C01,G2,F3,3,1,classroom,60,classroom,S1
TTO-07495,boundary,C02,G2,F3,3,1,classroom,60,classroom,S1
TTO-07495,boundary,C03,G1,F2,4,1,classroom,60,classroom,S8
TTO-07495,boundary,C04,G2,F2,4,1,classroom,60,classroom,S10
TTO-07495,boundary,C05,G1,F3,4,1,lab,30,lab,S6
TTO-07496,boundary,C01,G1,F2,3,2,classroom,60,classroom,S7
TTO-07496,boundary,C02,G2,F2,3,1,classroom,60,classroom,S1
TTO-07496,boundary,C03,G2,F3,3,1,classroom,60,classroom,S9
TTO-07496,boundary,C04,G1,F1,4,2,lab,30,lab,S8
TTO-07496,boundary,C05,G1,F3,3,2,lab,30,lab,S5
TTO-07497,boundary,C01,G1,F2,4,2,classroom,60,classroom,S3
TTO-07497,boundary,C02,G2,F2,4,2,lab,30,lab,S2
TTO-07497,boundary,C03,G2,F1,3,1,lab,30,lab,S6
TTO-07497,boundary,C04,G1,F3,4,2,classroom,60,classroom,S4
TTO-07497,boundary,C05,G2,F1,4,1,lab,30,lab,S4
TTO-07498,boundary,C01,G1,F2,3,2,classroom,60,classroom,S2
TTO-07498,boundary,C02,G1,F2,3,1,lab,30,lab,S8
TTO-07498,boundary,C03,G1,F3,4,2,lab,30,lab,S3
TTO-07498,boundary,C04,G1,F2,3,1,classroom,60,classroom,S1
TTO-07498,boundary,C05,G1,F1,3,2,lab,30,lab,S10
TTO-07499,boundary,C01,G2,F1,3,2,lab,30,lab,S5
TTO-07499,boundary,C02,G1,F3,4,1,lab,30,lab,S7
TTO-07499,boundary,C03,G2,F2,4,1,classroom,60,classroom,S1
TTO-07499,boundary,C04,G2,F1,3,1,lab,30,lab,S3
TTO-07499,boundary,C05,G1,F3,3,1,classroom,60,classroom,S7
TTO-07500,boundary,C01,G1,F2,4,1,lab,30,lab,S7
TTO-07500,boundary,C02,G2,F2,3,2,classroom,60,classroom,S6
TTO-07500,boundary,C03,G1,F3,3,1,lab,30,lab,S6
TTO-07500,boundary,C04,G2,F2,4,1,lab,30,lab,S3
TTO-07500,boundary,C05,G1,F1,4,1,classroom,60,classroom,S10
TTO-07501,boundary,C01,G2,F3,4,2,classroom,60,classroom,S7
TTO-07501,boundary,C02,G2,F2,4,2,classroom,60,classroom,S9
TTO-07501,boundary,C03,G2,F2,4,2,lab,30,lab,S1
TTO-07501,boundary,C04,G2,F3,3,1,classroom,60,classroom,S10
TTO-07501,boundary,C05,G1,F1,4,1,classroom,60,classroom,S7
TTO-07502,boundary,C01,G2,F3,4,2,lab,30,lab,S2
TTO-07502,boundary,C02,G1,F2,3,2,lab,30,lab,S4
TTO-07502,boundary,C03,G2,F3,3,2,classroom,60,classroom,S9
TTO-07502,boundary,C04,G2,F3,4,2,classroom,60,classroom,S2
TTO-07502,boundary,C05,G2,F2,3,1,lab,30,lab,S2
TTO-07503,boundary,C01,G2,F3,3,2,classroom,60,classroom,S10
TTO-07503,boundary,C02,G2,F1,4,2,classroom,60,classroom,S1
TTO-07503,boundary,C03,G1,F1,3,1,lab,30,lab,S7
TTO-07503,boundary,C04,G1,F3,3,2,classroom,60,classroom,S8
TTO-07503,boundary,C05,G2,F1,3,2,lab,30,lab,S1
TTO-07504,boundary,C01,G1,F2,4,1,lab,30,lab,S8
TTO-07504,boundary,C02,G2,F2,4,2,lab,30,lab,S4
TTO-07504,boundary,C03,G2,F1,4,1,classroom,60,classroom,S1
TTO-07504,boundary,C04,G2,F3,3,2,classroom,60,classroom,S8
TTO-07504,boundary,C05,G1,F2,4,1,classroom,60,classroom,S5
TTO-07505,boundary,C01,G2,F1,4,1,classroom,60,classroom,S4
TTO-07505,boundary,C02,G1,F1,3,2,classroom,60,classroom,S3
TTO-07505,boundary,C03,G1,F1,4,1,classroom,60,classroom,S10
TTO-07505,boundary,C04,G1,F3,4,1,classroom,60,classroom,S9
TTO-07505,boundary,C05,G1,F3,4,2,lab,30,lab,S7
TTO-07506,boundary,C01,G1,F1,4,2,classroom,60,classroom,S6
TTO-07506,boundary,C02,G2,F2,4,2,classroom,60,classroom,S8
TTO-07506,boundary,C03,G2,F3,4,2,classroom,60,classroom,S4
TTO-07506,boundary,C04,G1,F3,3,2,lab,30,lab,S9
TTO-07506,boundary,C05,G1,F3,3,1,lab,30,lab,S2
TTO-07507,boundary,C01,G1,F2,3,2,classroom,60,classroom,S9
TTO-07507,boundary,C02,G1,F3,3,1,classroom,60,classroom,S2
TTO-07507,boundary,C03,G1,F3,4,2,lab,30,lab,S6
TTO-07507,boundary,C04,G1,F3,3,1,classroom,60,classroom,S5
TTO-07507,boundary,C05,G2,F2,4,1,classroom,60,classroom,S8
TTO-07508,boundary,C01,G1,F2,4,1,lab,30,lab,S3
TTO-07508,boundary,C02,G1,F1,4,2,classroom,60,classroom,S10
TTO-07508,boundary,C03,G2,F3,3,1,lab,30,lab,S5
TTO-07508,boundary,C04,G2,F2,3,2,lab,30,lab,S6
TTO-07508,boundary,C05,G1,F1,4,1,lab,30,lab,S6
TTO-07509,boundary,C01,G1,F3,4,1,classroom,60,classroom,S4
TTO-07509,boundary,C02,G2,F1,4,1,lab,30,lab,S3
TTO-07509,boundary,C03,G1,F2,3,2,lab,30,lab,S7
TTO-07509,boundary,C04,G1,F3,3,2,lab,30,lab,S8
TTO-07509,boundary,C05,G1,F3,3,1,classroom,60,classroom,S9
TTO-07510,boundary,C01,G1,F2,3,2,classroom,60,classroom,S4
TTO-07510,boundary,C02,G2,F3,3,2,classroom,60,classroom,S5
TTO-07510,boundary,C03,G1,F3,3,1,classroom,60,classroom,S1
TTO-07510,boundary,C04,G1,F3,4,1,classroom,60,classroom,S2
TTO-07510,boundary,C05,G1,F2,3,2,classroom,60,classroom,S10
TTO-07511,boundary,C01,G2,F2,3,2,classroom,60,classroom,S5
TTO-07511,boundary,C02,G1,F1,3,1,lab,30,lab,S1
TTO-07511,boundary,C03,G2,F3,4,1,lab,30,lab,S10
TTO-07511,boundary,C04,G2,F3,3,1,lab,30,lab,S5
TTO-07511,boundary,C05,G2,F3,4,1,classroom,60,classroom,S2
TTO-07512,boundary,C01,G1,F2,4,1,lab,30,lab,S3
TTO-07512,boundary,C02,G1,F2,4,2,classroom,60,classroom,S4
TTO-07512,boundary,C03,G2,F3,3,1,classroom,60,classroom,S10
TTO-07512,boundary,C04,G1,F1,3,2,lab,30,lab,S4
TTO-07512,boundary,C05,G2,F2,3,2,lab,30,lab,S6
TTO-07513,boundary,C01,G2,F3,3,1,classroom,60,classroom,S2
TTO-07513,boundary,C02,G1,F3,3,1,classroom,60,classroom,S5
TTO-07513,boundary,C03,G1,F1,4,1,lab,30,lab,S10
TTO-07513,boundary,C04,G1,F1,3,1,classroom,60,classroom,S2
TTO-07513,boundary,C05,G2,F2,3,2,classroom,60,classroom,S9
TTO-07514,boundary,C01,G1,F3,4,1,lab,30,lab,S10
TTO-07514,boundary,C02,G1,F2,4,2,lab,30,lab,S10
TTO-07514,boundary,C03,G2,F2,4,1,lab,30,lab,S7
TTO-07514,boundary,C04,G1,F3,3,2,classroom,60,classroom,S1
TTO-07514,boundary,C05,G1,F1,3,1,lab,30,lab,S3
TTO-07515,boundary,C01,G1,F1,4,1,lab,30,lab,S8
TTO-07515,boundary,C02,G2,F2,3,1,lab,30,lab,S8
TTO-07515,boundary,C03,G2,F1,4,2,classroom,60,classroom,S6
TTO-07515,boundary,C04,G2,F2,4,2,lab,30,lab,S5
TTO-07515,boundary,C05,G2,F3,4,1,classroom,60,classroom,S7
TTO-07516,boundary,C01,G2,F2,3,2,classroom,60,classroom,S10
TTO-07516,boundary,C02,G1,F1,3,1,lab,30,lab,S7
TTO-07516,boundary,C03,G2,F1,3,1,lab,30,lab,S4
TTO-07516,boundary,C04,G2,F3,4,2,classroom,60,classroom,S3
TTO-07516,boundary,C05,G1,F3,3,2,classroom,60,classroom,S8
TTO-07517,boundary,C01,G1,F2,3,2,lab,30,lab,S2
TTO-07517,boundary,C02,G2,F1,3,2,classroom,60,classroom,S4
TTO-07517,boundary,C03,G1,F2,4,2,classroom,60,classroom,S7
TTO-07517,boundary,C04,G1,F3,4,1,classroom,60,classroom,S3
TTO-07517,boundary,C05,G2,F3,3,2,classroom,60,classroom,S1
TTO-07518,boundary,C01,G1,F1,4,2,classroom,60,classroom,S6
TTO-07518,boundary,C02,G2,F2,3,1,lab,30,lab,S5
TTO-07518,boundary,C03,G2,F3,3,1,classroom,60,classroom,S3
TTO-07518,boundary,C04,G2,F1,4,1,lab,30,lab,S1
TTO-07518,boundary,C05,G1,F1,4,2,classroom,60,classroom,S5
TTO-07519,boundary,C01,G2,F2,4,1,lab,30,lab,S4
TTO-07519,boundary,C02,G2,F3,4,2,lab,30,lab,S3
TTO-07519,boundary,C03,G1,F2,4,1,classroom,60,classroom,S3
TTO-07519,boundary,C04,G2,F3,3,1,lab,30,lab,S4
TTO-07519,boundary,C05,G1,F2,4,2,lab,30,lab,S7
TTO-07520,boundary,C01,G2,F2,3,1,lab,30,lab,S4
TTO-07520,boundary,C02,G1,F2,3,2,classroom,60,classroom,S7
TTO-07520,boundary,C03,G2,F2,3,2,lab,30,lab,S9
TTO-07520,boundary,C04,G1,F2,3,1,lab,30,lab,S2
TTO-07520,boundary,C05,G2,F1,4,1,classroom,60,classroom,S10
TTO-07521,boundary,C01,G2,F1,4,2,lab,30,lab,S4
TTO-07521,boundary,C02,G2,F2,4,1,lab,30,lab,S5
TTO-07521,boundary,C03,G2,F1,3,2,lab,30,lab,S9
TTO-07521,boundary,C04,G2,F2,4,2,classroom,60,classroom,S2
TTO-07521,boundary,C05,G2,F1,4,2,lab,30,lab,S2
TTO-07522,boundary,C01,G1,F1,4,1,classroom,60,classroom,S7
TTO-07522,boundary,C02,G2,F2,3,2,classroom,60,classroom,S5
TTO-07522,boundary,C03,G2,F3,4,2,lab,30,lab,S8
TTO-07522,boundary,C04,G1,F3,3,1,classroom,60,classroom,S10
TTO-07522,boundary,C05,G1,F2,3,1,lab,30,lab,S4
TTO-07523,boundary,C01,G1,F1,4,2,lab,30,lab,S8
TTO-07523,boundary,C02,G2,F2,4,1,lab,30,lab,S10
TTO-07523,boundary,C03,G2,F2,3,1,classroom,60,classroom,S8
TTO-07523,boundary,C04,G2,F1,4,2,classroom,60,classroom,S1
TTO-07523,boundary,C05,G1,F1,4,1,classroom,60,classroom,S1
TTO-07524,boundary,C01,G1,F3,3,2,classroom,60,classroom,S2
TTO-07524,boundary,C02,G2,F1,3,1,lab,30,lab,S10
TTO-07524,boundary,C03,G1,F2,3,1,classroom,60,classroom,S9
TTO-07524,boundary,C04,G2,F1,3,2,classroom,60,classroom,S1
TTO-07524,boundary,C05,G2,F1,4,1,classroom,60,classroom,S3
TTO-07525,boundary,C01,G1,F2,3,1,classroom,60,classroom,S10
TTO-07525,boundary,C02,G1,F3,4,1,lab,30,lab,S9
TTO-07525,boundary,C03,G1,F1,4,2,classroom,60,classroom,S4
TTO-07525,boundary,C04,G1,F3,4,2,classroom,60,classroom,S2
TTO-07525,boundary,C05,G1,F3,4,1,classroom,60,classroom,S2
TTO-07526,boundary,C01,G1,F2,4,1,classroom,60,classroom,S8
TTO-07526,boundary,C02,G2,F1,3,2,classroom,60,classroom,S1
TTO-07526,boundary,C03,G2,F2,3,1,classroom,60,classroom,S1
TTO-07526,boundary,C04,G2,F1,4,2,lab,30,lab,S10
TTO-07526,boundary,C05,G2,F1,4,1,lab,30,lab,S6
TTO-07527,boundary,C01,G1,F1,3,2,classroom,60,classroom,S10
TTO-07527,boundary,C02,G1,F1,3,2,lab,30,lab,S4
TTO-07527,boundary,C03,G1,F2,3,1,classroom,60,classroom,S10
TTO-07527,boundary,C04,G2,F3,3,2,lab,30,lab,S1
TTO-07527,boundary,C05,G2,F1,4,1,classroom,60,classroom,S10
TTO-07528,boundary,C01,G2,F3,3,2,lab,30,lab,S3
TTO-07528,boundary,C02,G1,F1,3,1,classroom,60,classroom,S2
TTO-07528,boundary,C03,G2,F3,4,1,lab,30,lab,S2
TTO-07528,boundary,C04,G1,F1,4,2,lab,30,lab,S9
TTO-07528,boundary,C05,G1,F2,3,2,lab,30,lab,S9
TTO-07529,boundary,C01,G2,F3,3,2,lab,30,lab,S4
TTO-07529,boundary,C02,G2,F2,4,1,lab,30,lab,S1
TTO-07529,boundary,C03,G1,F2,4,2,classroom,60,classroom,S3
TTO-07529,boundary,C04,G2,F2,4,1,lab,30,lab,S3
TTO-07529,boundary,C05,G2,F1,4,1,lab,30,lab,S5
TTO-07530,boundary,C01,G2,F3,3,2,lab,30,lab,S7
TTO-07530,boundary,C02,G1,F3,3,1,lab,30,lab,S4
TTO-07530,boundary,C03,G2,F1,3,2,classroom,60,classroom,S5
TTO-07530,boundary,C04,G1,F2,3,2,classroom,60,classroom,S10
TTO-07530,boundary,C05,G2,F1,4,1,classroom,60,classroom,S1
TTO-07531,boundary,C01,G2,F2,4,2,lab,30,lab,S2
TTO-07531,boundary,C02,G1,F2,4,2,classroom,60,classroom,S9
TTO-07531,boundary,C03,G1,F2,3,1,lab,30,lab,S4
TTO-07531,boundary,C04,G2,F3,4,2,classroom,60,classroom,S4
TTO-07531,boundary,C05,G1,F3,3,2,lab,30,lab,S5
TTO-07532,boundary,C01,G1,F1,3,1,lab,30,lab,S3
TTO-07532,boundary,C02,G1,F3,3,2,classroom,60,classroom,S6
TTO-07532,boundary,C03,G1,F1,3,1,classroom,60,classroom,S4
TTO-07532,boundary,C04,G2,F3,4,1,classroom,60,classroom,S7
TTO-07532,boundary,C05,G1,F2,3,2,classroom,60,classroom,S9
TTO-07533,boundary,C01,G1,F1,4,2,lab,30,lab,S5
TTO-07533,boundary,C02,G1,F3,4,1,lab,30,lab,S7
TTO-07533,boundary,C03,G1,F1,4,2,classroom,60,classroom,S10
TTO-07533,boundary,C04,G2,F3,3,2,classroom,60,classroom,S10
TTO-07533,boundary,C05,G1,F2,3,1,classroom,60,classroom,S4
TTO-07534,boundary,C01,G1,F2,3,1,lab,30,lab,S7
TTO-07534,boundary,C02,G2,F3,3,2,classroom,60,classroom,S7
TTO-07534,boundary,C03,G2,F3,3,2,classroom,60,classroom,S10
TTO-07534,boundary,C04,G1,F1,4,2,lab,30,lab,S6
TTO-07534,boundary,C05,G2,F1,3,2,classroom,60,classroom,S5
TTO-07535,boundary,C01,G1,F3,3,2,lab,30,lab,S2
TTO-07535,boundary,C02,G2,F1,4,1,lab,30,lab,S10
TTO-07535,boundary,C03,G2,F1,3,1,lab,30,lab,S8
TTO-07535,boundary,C04,G2,F2,4,2,lab,30,lab,S2
TTO-07535,boundary,C05,G2,F1,3,1,lab,30,lab,S8
TTO-07536,boundary,C01,G2,F2,4,1,classroom,60,classroom,S3
TTO-07536,boundary,C02,G2,F1,4,1,classroom,60,classroom,S6
TTO-07536,boundary,C03,G1,F2,4,1,lab,30,lab,S4
TTO-07536,boundary,C04,G1,F2,3,1,classroom,60,classroom,S6
TTO-07536,boundary,C05,G2,F3,4,2,classroom,60,classroom,S3
TTO-07537,boundary,C01,G1,F1,3,2,classroom,60,classroom,S8
TTO-07537,boundary,C02,G2,F2,4,1,lab,30,lab,S3
TTO-07537,boundary,C03,G2,F1,4,2,lab,30,lab,S10
TTO-07537,boundary,C04,G1,F3,4,1,classroom,60,classroom,S3
TTO-07537,boundary,C05,G2,F2,3,2,lab,30,lab,S7
TTO-07538,boundary,C01,G2,F3,3,2,classroom,60,classroom,S10
TTO-07538,boundary,C02,G2,F3,3,2,lab,30,lab,S4
TTO-07538,boundary,C03,G2,F3,3,1,lab,30,lab,S6
TTO-07538,boundary,C04,G2,F3,3,2,lab,30,lab,S6
TTO-07538,boundary,C05,G1,F2,3,2,lab,30,lab,S3
TTO-07539,boundary,C01,G2,F3,4,2,classroom,60,classroom,S9
TTO-07539,boundary,C02,G1,F1,4,1,classroom,60,classroom,S3
TTO-07539,boundary,C03,G2,F3,4,2,lab,30,lab,S5
TTO-07539,boundary,C04,G2,F2,4,1,lab,30,lab,S6
TTO-07539,boundary,C05,G2,F3,3,1,lab,30,lab,S7
TTO-07540,boundary,C01,G2,F2,3,2,lab,30,lab,S6
TTO-07540,boundary,C02,G1,F3,3,2,lab,30,lab,S1
TTO-07540,boundary,C03,G1,F3,3,1,lab,30,lab,S8
TTO-07540,boundary,C04,G2,F1,4,1,classroom,60,classroom,S8
TTO-07540,boundary,C05,G1,F3,3,1,lab,30,lab,S5
TTO-07541,boundary,C01,G2,F1,3,2,lab,30,lab,S5
TTO-07541,boundary,C02,G2,F1,4,2,lab,30,lab,S6
TTO-07541,boundary,C03,G2,F2,4,1,lab,30,lab,S9
TTO-07541,boundary,C04,G1,F1,4,1,classroom,60,classroom,S10
TTO-07541,boundary,C05,G1,F2,3,2,lab,30,lab,S3
TTO-07542,boundary,C01,G2,F3,3,1,lab,30,lab,S8
TTO-07542,boundary,C02,G2,F3,4,1,classroom,60,classroom,S9
TTO-07542,boundary,C03,G2,F3,4,2,lab,30,lab,S2
TTO-07542,boundary,C04,G2,F3,4,1,classroom,60,classroom,S1
TTO-07542,boundary,C05,G2,F2,3,2,classroom,60,classroom,S8
TTO-07543,boundary,C01,G1,F3,3,2,lab,30,lab,S1
TTO-07543,boundary,C02,G2,F1,4,2,classroom,60,classroom,S6
TTO-07543,boundary,C03,G2,F3,3,1,classroom,60,classroom,S3
TTO-07543,boundary,C04,G1,F3,4,1,classroom,60,classroom,S1
TTO-07543,boundary,C05,G2,F3,3,1,classroom,60,classroom,S9
TTO-07544,boundary,C01,G2,F1,3,2,classroom,60,classroom,S9
TTO-07544,boundary,C02,G2,F2,4,1,classroom,60,classroom,S5
TTO-07544,boundary,C03,G2,F3,4,1,classroom,60,classroom,S2
TTO-07544,boundary,C04,G1,F1,3,2,lab,30,lab,S2
TTO-07544,boundary,C05,G2,F3,3,1,lab,30,lab,S10
TTO-07545,boundary,C01,G2,F2,3,1,lab,30,lab,S1
TTO-07545,boundary,C02,G2,F2,4,1,lab,30,lab,S8
TTO-07545,boundary,C03,G2,F3,3,1,lab,30,lab,S4
TTO-07545,boundary,C04,G2,F2,3,2,lab,30,lab,S9
TTO-07545,boundary,C05,G1,F1,4,1,classroom,60,classroom,S9
TTO-07546,boundary,C01,G2,F1,3,1,classroom,60,classroom,S7
TTO-07546,boundary,C02,G1,F3,3,1,lab,30,lab,S4
TTO-07546,boundary,C03,G2,F2,3,1,classroom,60,classroom,S4
TTO-07546,boundary,C04,G1,F3,4,1,lab,30,lab,S4
TTO-07546,boundary,C05,G2,F2,4,2,classroom,60,classroom,S10
TTO-07547,boundary,C01,G1,F2,3,1,lab,30,lab,S8
TTO-07547,boundary,C02,G1,F3,4,2,classroom,60,classroom,S4
TTO-07547,boundary,C03,G1,F1,3,2,classroom,60,classroom,S3
TTO-07547,boundary,C04,G2,F1,4,2,lab,30,lab,S3
TTO-07547,boundary,C05,G2,F2,3,2,lab,30,lab,S9
TTO-07548,boundary,C01,G1,F1,3,1,classroom,60,classroom,S3
TTO-07548,boundary,C02,G2,F3,3,1,classroom,60,classroom,S7
TTO-07548,boundary,C03,G2,F3,3,1,lab,30,lab,S9
TTO-07548,boundary,C04,G1,F3,4,1,classroom,60,classroom,S10
TTO-07548,boundary,C05,G1,F2,4,1,lab,30,lab,S4
TTO-07549,boundary,C01,G1,F2,3,2,classroom,60,classroom,S1
TTO-07549,boundary,C02,G1,F2,4,1,lab,30,lab,S3
TTO-07549,boundary,C03,G2,F1,3,1,classroom,60,classroom,S5
TTO-07549,boundary,C04,G1,F3,4,1,lab,30,lab,S4
TTO-07549,boundary,C05,G1,F3,3,2,classroom,60,classroom,S10
TTO-07550,boundary,C01,G1,F1,3,2,classroom,60,classroom,S2
TTO-07550,boundary,C02,G2,F2,4,1,classroom,60,classroom,S3
TTO-07550,boundary,C03,G1,F3,3,1,lab,30,lab,S10
TTO-07550,boundary,C04,G2,F2,3,1,lab,30,lab,S1
TTO-07550,boundary,C05,G1,F2,3,1,lab,30,lab,S4
TTO-07551,boundary,C01,G2,F2,4,2,lab,30,lab,S2
TTO-07551,boundary,C02,G2,F3,3,2,lab,30,lab,S9
TTO-07551,boundary,C03,G2,F2,4,2,classroom,60,classroom,S2
TTO-07551,boundary,C04,G2,F1,3,2,lab,30,lab,S9
TTO-07551,boundary,C05,G2,F2,4,2,classroom,60,classroom,S8
TTO-07552,boundary,C01,G2,F3,3,1,classroom,60,classroom,S6
TTO-07552,boundary,C02,G2,F1,3,2,lab,30,lab,S7
TTO-07552,boundary,C03,G1,F2,4,2,classroom,60,classroom,S2
TTO-07552,boundary,C04,G1,F1,4,1,classroom,60,classroom,S3
TTO-07552,boundary,C05,G2,F2,3,2,lab,30,lab,S3
TTO-07553,boundary,C01,G1,F1,3,1,classroom,60,classroom,S1
TTO-07553,boundary,C02,G1,F1,4,1,classroom,60,classroom,S6
TTO-07553,boundary,C03,G1,F2,3,1,classroom,60,classroom,S6
TTO-07553,boundary,C04,G1,F1,3,2,lab,30,lab,S9
TTO-07553,boundary,C05,G1,F2,3,2,classroom,60,classroom,S1
TTO-07554,boundary,C01,G1,F1,3,2,lab,30,lab,S9
TTO-07554,boundary,C02,G2,F1,4,1,classroom,60,classroom,S5
TTO-07554,boundary,C03,G1,F3,3,2,lab,30,lab,S5
TTO-07554,boundary,C04,G1,F1,3,1,classroom,60,classroom,S1
TTO-07554,boundary,C05,G2,F2,3,1,classroom,60,classroom,S4
TTO-07555,boundary,C01,G1,F3,3,2,lab,30,lab,S2
TTO-07555,boundary,C02,G1,F1,3,2,classroom,60,classroom,S9
TTO-07555,boundary,C03,G2,F2,3,1,lab,30,lab,S5
TTO-07555,boundary,C04,G2,F2,4,1,classroom,60,classroom,S3
TTO-07555,boundary,C05,G2,F1,4,2,lab,30,lab,S4
TTO-07556,boundary,C01,G1,F2,3,1,classroom,60,classroom,S3
TTO-07556,boundary,C02,G1,F2,4,1,classroom,60,classroom,S1
TTO-07556,boundary,C03,G1,F2,3,1,lab,30,lab,S9
TTO-07556,boundary,C04,G1,F2,3,2,classroom,60,classroom,S2
TTO-07556,boundary,C05,G2,F3,3,2,classroom,60,classroom,S8
TTO-07557,boundary,C01,G2,F2,4,1,classroom,60,classroom,S10
TTO-07557,boundary,C02,G2,F2,4,1,lab,30,lab,S9
TTO-07557,boundary,C03,G2,F3,3,2,classroom,60,classroom,S9
TTO-07557,boundary,C04,G1,F2,3,2,classroom,60,classroom,S9
TTO-07557,boundary,C05,G1,F3,3,2,classroom,60,classroom,S7
TTO-07558,boundary,C01,G1,F2,4,2,lab,30,lab,S5
TTO-07558,boundary,C02,G1,F2,4,2,classroom,60,classroom,S2
TTO-07558,boundary,C03,G1,F2,4,1,lab,30,lab,S3
TTO-07558,boundary,C04,G1,F1,3,2,lab,30,lab,S1
TTO-07558,boundary,C05,G1,F2,3,1,classroom,60,classroom,S1
TTO-07559,boundary,C01,G1,F2,3,1,classroom,60,classroom,S5
TTO-07559,boundary,C02,G1,F1,4,1,classroom,60,classroom,S5
TTO-07559,boundary,C03,G2,F1,3,2,lab,30,lab,S9
TTO-07559,boundary,C04,G2,F2,4,1,classroom,60,classroom,S6
TTO-07559,boundary,C05,G1,F3,4,2,classroom,60,classroom,S1
TTO-07560,boundary,C01,G2,F1,3,2,classroom,60,classroom,S4
TTO-07560,boundary,C02,G2,F1,3,1,lab,30,lab,S8
TTO-07560,boundary,C03,G2,F2,4,2,classroom,60,classroom,S2
TTO-07560,boundary,C04,G1,F1,3,1,lab,30,lab,S9
TTO-07560,boundary,C05,G2,F3,4,2,classroom,60,classroom,S4
TTO-07561,boundary,C01,G2,F2,4,1,classroom,60,classroom,S5
TTO-07561,boundary,C02,G1,F1,4,2,lab,30,lab,S2
TTO-07561,boundary,C03,G2,F3,4,2,classroom,60,classroom,S9
TTO-07561,boundary,C04,G1,F2,4,2,classroom,60,classroom,S5
TTO-07561,boundary,C05,G1,F1,3,1,classroom,60,classroom,S6
TTO-07562,boundary,C01,G2,F2,4,2,lab,30,lab,S9
TTO-07562,boundary,C02,G2,F3,4,2,classroom,60,classroom,S7
TTO-07562,boundary,C03,G1,F2,3,2,classroom,60,classroom,S9
TTO-07562,boundary,C04,G2,F2,4,1,classroom,60,classroom,S2
TTO-07562,boundary,C05,G1,F2,4,1,classroom,60,classroom,S1
TTO-07563,boundary,C01,G1,F1,4,2,classroom,60,classroom,S8
TTO-07563,boundary,C02,G1,F2,3,2,lab,30,lab,S4
TTO-07563,boundary,C03,G1,F3,4,2,lab,30,lab,S9
TTO-07563,boundary,C04,G2,F1,3,1,classroom,60,classroom,S7
TTO-07563,boundary,C05,G1,F3,4,2,lab,30,lab,S3
TTO-07564,boundary,C01,G2,F2,3,1,lab,30,lab,S10
TTO-07564,boundary,C02,G1,F3,3,2,classroom,60,classroom,S1
TTO-07564,boundary,C03,G1,F3,3,1,lab,30,lab,S6
TTO-07564,boundary,C04,G1,F3,3,1,lab,30,lab,S3
TTO-07564,boundary,C05,G2,F3,3,2,lab,30,lab,S9
TTO-07565,boundary,C01,G1,F3,3,1,classroom,60,classroom,S7
TTO-07565,boundary,C02,G1,F3,3,1,lab,30,lab,S4
TTO-07565,boundary,C03,G2,F3,4,2,classroom,60,classroom,S8
TTO-07565,boundary,C04,G2,F3,4,2,classroom,60,classroom,S9
TTO-07565,boundary,C05,G1,F2,4,1,lab,30,lab,S4
TTO-07566,boundary,C01,G1,F2,4,1,classroom,60,classroom,S9
TTO-07566,boundary,C02,G2,F3,4,1,lab,30,lab,S7
TTO-07566,boundary,C03,G1,F1,3,1,lab,30,lab,S3
TTO-07566,boundary,C04,G2,F1,3,2,classroom,60,classroom,S7
TTO-07566,boundary,C05,G1,F3,4,2,lab,30,lab,S7
TTO-07567,boundary,C01,G1,F1,3,1,classroom,60,classroom,S1
TTO-07567,boundary,C02,G1,F2,3,1,classroom,60,classroom,S9
TTO-07567,boundary,C03,G1,F2,4,1,classroom,60,classroom,S3
TTO-07567,boundary,C04,G2,F2,3,1,lab,30,lab,S10
TTO-07567,boundary,C05,G2,F1,4,2,lab,30,lab,S8
TTO-07568,boundary,C01,G2,F2,4,1,lab,30,lab,S10
TTO-07568,boundary,C02,G2,F1,4,1,lab,30,lab,S1
TTO-07568,boundary,C03,G1,F3,3,1,classroom,60,classroom,S4
TTO-07568,boundary,C04,G2,F3,4,1,classroom,60,classroom,S5
TTO-07568,boundary,C05,G1,F3,4,2,lab,30,lab,S2
TTO-07569,boundary,C01,G1,F2,4,2,lab,30,lab,S7
TTO-07569,boundary,C02,G1,F1,4,2,lab,30,lab,S6
TTO-07569,boundary,C03,G2,F1,3,2,classroom,60,classroom,S3
TTO-07569,boundary,C04,G2,F1,4,1,classroom,60,classroom,S2
TTO-07569,boundary,C05,G1,F2,3,2,lab,30,lab,S2
TTO-07570,boundary,C01,G1,F1,3,2,lab,30,lab,S7
TTO-07570,boundary,C02,G2,F3,4,2,classroom,60,classroom,S7
TTO-07570,boundary,C03,G2,F3,3,2,classroom,60,classroom,S8
TTO-07570,boundary,C04,G1,F1,3,2,lab,30,lab,S7
TTO-07570,boundary,C05,G1,F3,4,1,classroom,60,classroom,S7
TTO-07571,boundary,C01,G1,F3,3,2,classroom,60,classroom,S1
TTO-07571,boundary,C02,G1,F1,3,1,lab,30,lab,S2
TTO-07571,boundary,C03,G2,F2,4,2,lab,30,lab,S4
TTO-07571,boundary,C04,G1,F1,4,2,classroom,60,classroom,S8
TTO-07571,boundary,C05,G1,F1,3,2,classroom,60,classroom,S3
TTO-07572,boundary,C01,G2,F1,4,1,classroom,60,classroom,S6
TTO-07572,boundary,C02,G2,F1,4,1,classroom,60,classroom,S1
TTO-07572,boundary,C03,G2,F3,4,2,lab,30,lab,S1
TTO-07572,boundary,C04,G2,F1,3,1,classroom,60,classroom,S4
TTO-07572,boundary,C05,G1,F2,3,1,classroom,60,classroom,S5
TTO-07573,boundary,C01,G1,F1,4,1,lab,30,lab,S1
TTO-07573,boundary,C02,G2,F1,4,1,lab,30,lab,S1
TTO-07573,boundary,C03,G1,F1,4,2,lab,30,lab,S3
TTO-07573,boundary,C04,G2,F1,4,2,classroom,60,classroom,S2
TTO-07573,boundary,C05,G1,F2,4,1,lab,30,lab,S1
TTO-07574,boundary,C01,G2,F1,4,1,lab,30,lab,S1
TTO-07574,boundary,C02,G2,F2,3,2,lab,30,lab,S8
TTO-07574,boundary,C03,G2,F3,3,2,lab,30,lab,S2
TTO-07574,boundary,C04,G2,F2,3,2,lab,30,lab,S4
TTO-07574,boundary,C05,G2,F2,3,2,classroom,60,classroom,S9
TTO-07575,boundary,C01,G2,F3,3,2,lab,30,lab,S8
TTO-07575,boundary,C02,G2,F1,3,1,classroom,60,classroom,S3
TTO-07575,boundary,C03,G1,F2,4,1,lab,30,lab,S7
TTO-07575,boundary,C04,G2,F2,3,2,lab,30,lab,S2
TTO-07575,boundary,C05,G2,F2,3,2,lab,30,lab,S8
TTO-07576,boundary,C01,G1,F1,4,2,classroom,60,classroom,S7
TTO-07576,boundary,C02,G2,F2,3,2,lab,30,lab,S10
TTO-07576,boundary,C03,G2,F2,4,2,classroom,60,classroom,S3
TTO-07576,boundary,C04,G1,F2,3,2,lab,30,lab,S7
TTO-07576,boundary,C05,G1,F1,3,2,lab,30,lab,S4
TTO-07577,boundary,C01,G2,F3,4,2,lab,30,lab,S4
TTO-07577,boundary,C02,G1,F1,3,1,classroom,60,classroom,S10
TTO-07577,boundary,C03,G2,F1,4,1,lab,30,lab,S7
TTO-07577,boundary,C04,G2,F3,4,1,classroom,60,classroom,S3
TTO-07577,boundary,C05,G1,F2,4,1,classroom,60,classroom,S8
TTO-07578,boundary,C01,G1,F1,4,1,lab,30,lab,S5
TTO-07578,boundary,C02,G2,F3,4,1,lab,30,lab,S9
TTO-07578,boundary,C03,G1,F2,3,1,classroom,60,classroom,S7
TTO-07578,boundary,C04,G2,F3,4,2,classroom,60,classroom,S3
TTO-07578,boundary,C05,G2,F1,4,1,lab,30,lab,S6
TTO-07579,boundary,C01,G1,F1,3,2,classroom,60,classroom,S5
TTO-07579,boundary,C02,G2,F1,4,1,classroom,60,classroom,S2
TTO-07579,boundary,C03,G2,F3,3,2,lab,30,lab,S1
TTO-07579,boundary,C04,G2,F1,3,1,classroom,60,classroom,S2
TTO-07579,boundary,C05,G1,F2,4,2,classroom,60,classroom,S3
TTO-07580,boundary,C01,G1,F1,4,1,lab,30,lab,S7
TTO-07580,boundary,C02,G1,F1,4,2,lab,30,lab,S7
TTO-07580,boundary,C03,G2,F2,3,1,classroom,60,classroom,S4
TTO-07580,boundary,C04,G1,F3,3,2,classroom,60,classroom,S5
TTO-07580,boundary,C05,G1,F2,3,1,classroom,60,classroom,S3
TTO-07581,boundary,C01,G2,F2,3,1,classroom,60,classroom,S5
TTO-07581,boundary,C02,G1,F3,4,2,classroom,60,classroom,S1
TTO-07581,boundary,C03,G2,F2,3,1,classroom,60,classroom,S8
TTO-07581,boundary,C04,G1,F3,3,2,classroom,60,classroom,S6
TTO-07581,boundary,C05,G2,F1,4,2,lab,30,lab,S1
TTO-07582,boundary,C01,G2,F1,3,2,classroom,60,classroom,S9
TTO-07582,boundary,C02,G2,F2,4,1,lab,30,lab,S2
TTO-07582,boundary,C03,G1,F3,4,1,lab,30,lab,S8
TTO-07582,boundary,C04,G2,F1,4,2,lab,30,lab,S3
TTO-07582,boundary,C05,G1,F1,4,2,classroom,60,classroom,S5
TTO-07583,boundary,C01,G1,F2,3,1,lab,30,lab,S10
TTO-07583,boundary,C02,G1,F2,3,1,lab,30,lab,S6
TTO-07583,boundary,C03,G1,F3,3,2,lab,30,lab,S8
TTO-07583,boundary,C04,G1,F3,4,1,classroom,60,classroom,S1
TTO-07583,boundary,C05,G2,F3,3,1,lab,30,lab,S6
TTO-07584,boundary,C01,G1,F1,3,2,classroom,60,classroom,S3
TTO-07584,boundary,C02,G1,F1,4,2,classroom,60,classroom,S8
TTO-07584,boundary,C03,G1,F1,4,2,classroom,60,classroom,S10
TTO-07584,boundary,C04,G1,F2,3,1,lab,30,lab,S5
TTO-07584,boundary,C05,G2,F2,4,1,classroom,60,classroom,S3
TTO-07585,boundary,C01,G1,F1,4,2,lab,30,lab,S2
TTO-07585,boundary,C02,G2,F3,3,2,classroom,60,classroom,S8
TTO-07585,boundary,C03,G2,F1,4,2,classroom,60,classroom,S5
TTO-07585,boundary,C04,G2,F3,3,2,classroom,60,classroom,S10
TTO-07585,boundary,C05,G1,F3,4,2,classroom,60,classroom,S7
TTO-07586,boundary,C01,G2,F1,3,2,lab,30,lab,S10
TTO-07586,boundary,C02,G2,F1,4,1,classroom,60,classroom,S9
TTO-07586,boundary,C03,G1,F1,3,1,lab,30,lab,S5
TTO-07586,boundary,C04,G1,F3,3,2,classroom,60,classroom,S8
TTO-07586,boundary,C05,G2,F1,3,2,classroom,60,classroom,S3
TTO-07587,boundary,C01,G1,F2,3,2,classroom,60,classroom,S8
TTO-07587,boundary,C02,G1,F3,4,1,classroom,60,classroom,S4
TTO-07587,boundary,C03,G1,F1,3,2,classroom,60,classroom,S5
TTO-07587,boundary,C04,G1,F3,4,1,lab,30,lab,S6
TTO-07587,boundary,C05,G2,F3,4,2,lab,30,lab,S10
TTO-07588,boundary,C01,G2,F1,4,1,classroom,60,classroom,S1
TTO-07588,boundary,C02,G1,F2,3,1,lab,30,lab,S4
TTO-07588,boundary,C03,G1,F2,3,1,classroom,60,classroom,S1
TTO-07588,boundary,C04,G1,F1,3,1,classroom,60,classroom,S8
TTO-07588,boundary,C05,G1,F2,4,1,lab,30,lab,S8
TTO-07589,boundary,C01,G1,F3,3,1,classroom,60,classroom,S7
TTO-07589,boundary,C02,G1,F2,3,1,lab,30,lab,S5
TTO-07589,boundary,C03,G1,F3,4,1,lab,30,lab,S3
TTO-07589,boundary,C04,G1,F1,4,1,lab,30,lab,S5
TTO-07589,boundary,C05,G1,F3,4,1,lab,30,lab,S3
TTO-07590,boundary,C01,G1,F3,3,2,classroom,60,classroom,S5
TTO-07590,boundary,C02,G2,F1,3,1,classroom,60,classroom,S1
TTO-07590,boundary,C03,G2,F2,3,1,lab,30,lab,S7
TTO-07590,boundary,C04,G1,F2,3,1,lab,30,lab,S8
TTO-07590,boundary,C05,G2,F1,3,1,classroom,60,classroom,S7
TTO-07591,boundary,C01,G2,F3,4,2,lab,30,lab,S5
TTO-07591,boundary,C02,G1,F2,3,2,classroom,60,classroom,S7
TTO-07591,boundary,C03,G1,F3,4,1,classroom,60,classroom,S10
TTO-07591,boundary,C04,G1,F2,3,2,classroom,60,classroom,S3
TTO-07591,boundary,C05,G1,F1,3,2,lab,30,lab,S9
TTO-07592,boundary,C01,G1,F2,4,2,lab,30,lab,S7
TTO-07592,boundary,C02,G1,F3,4,2,classroom,60,classroom,S9
TTO-07592,boundary,C03,G2,F1,4,1,classroom,60,classroom,S10
TTO-07592,boundary,C04,G1,F3,4,2,classroom,60,classroom,S8
TTO-07592,boundary,C05,G1,F2,3,2,classroom,60,classroom,S7
TTO-07593,boundary,C01,G2,F1,3,1,lab,30,lab,S3
TTO-07593,boundary,C02,G2,F1,4,1,classroom,60,classroom,S4
TTO-07593,boundary,C03,G2,F3,3,2,classroom,60,classroom,S10
TTO-07593,boundary,C04,G1,F2,3,2,classroom,60,classroom,S3
TTO-07593,boundary,C05,G2,F1,3,2,lab,30,lab,S10
TTO-07594,boundary,C01,G1,F3,3,2,lab,30,lab,S4
TTO-07594,boundary,C02,G2,F3,4,1,classroom,60,classroom,S9
TTO-07594,boundary,C03,G2,F2,3,2,classroom,60,classroom,S8
TTO-07594,boundary,C04,G1,F1,4,2,lab,30,lab,S9
TTO-07594,boundary,C05,G1,F3,4,1,lab,30,lab,S4
TTO-07595,boundary,C01,G1,F3,4,1,lab,30,lab,S9
TTO-07595,boundary,C02,G1,F2,3,1,lab,30,lab,S10
TTO-07595,boundary,C03,G2,F3,4,2,lab,30,lab,S7
TTO-07595,boundary,C04,G1,F3,4,2,lab,30,lab,S6
TTO-07595,boundary,C05,G2,F3,4,2,classroom,60,classroom,S10
TTO-07596,boundary,C01,G1,F2,3,1,classroom,60,classroom,S10
TTO-07596,boundary,C02,G2,F1,4,1,classroom,60,classroom,S5
TTO-07596,boundary,C03,G2,F3,4,2,classroom,60,classroom,S9
TTO-07596,boundary,C04,G2,F3,3,1,classroom,60,classroom,S10
TTO-07596,boundary,C05,G2,F1,4,2,lab,30,lab,S1
TTO-07597,boundary,C01,G1,F2,4,1,classroom,60,classroom,S5
TTO-07597,boundary,C02,G1,F1,3,1,classroom,60,classroom,S4
TTO-07597,boundary,C03,G1,F1,4,1,classroom,60,classroom,S1
TTO-07597,boundary,C04,G2,F3,3,2,classroom,60,classroom,S8
TTO-07597,boundary,C05,G2,F3,4,2,classroom,60,classroom,S1
TTO-07598,boundary,C01,G1,F1,4,2,lab,30,lab,S4
TTO-07598,boundary,C02,G2,F2,4,1,lab,30,lab,S4
TTO-07598,boundary,C03,G2,F3,3,2,classroom,60,classroom,S5
TTO-07598,boundary,C04,G1,F2,3,2,classroom,60,classroom,S8
TTO-07598,boundary,C05,G2,F3,3,1,classroom,60,classroom,S8
TTO-07599,boundary,C01,G2,F2,3,2,classroom,60,classroom,S4
TTO-07599,boundary,C02,G1,F3,4,2,classroom,60,classroom,S9
TTO-07599,boundary,C03,G2,F3,4,1,lab,30,lab,S9
TTO-07599,boundary,C04,G2,F2,4,2,lab,30,lab,S3
TTO-07599,boundary,C05,G1,F3,3,1,classroom,60,classroom,S6
TTO-07600,boundary,C01,G1,F3,3,1,classroom,60,classroom,S1
TTO-07600,boundary,C02,G2,F1,3,1,lab,30,lab,S6
TTO-07600,boundary,C03,G2,F2,3,2,classroom,60,classroom,S2
TTO-07600,boundary,C04,G1,F3,3,2,lab,30,lab,S2
TTO-07600,boundary,C05,G1,F2,3,2,lab,30,lab,S10
TTO-07601,boundary,C01,G1,F3,3,2,classroom,60,classroom,S1
TTO-07601,boundary,C02,G2,F2,4,2,lab,30,lab,S4
TTO-07601,boundary,C03,G1,F1,4,2,lab,30,lab,S4
TTO-07601,boundary,C04,G2,F2,4,2,lab,30,lab,S4
TTO-07601,boundary,C05,G2,F2,4,1,classroom,60,classroom,S3
TTO-07602,boundary,C01,G2,F3,3,1,lab,30,lab,S8
TTO-07602,boundary,C02,G1,F3,4,1,classroom,60,classroom,S1
TTO-07602,boundary,C03,G2,F1,3,2,lab,30,lab,S8
TTO-07602,boundary,C04,G2,F1,3,2,lab,30,lab,S4
TTO-07602,boundary,C05,G2,F2,3,2,lab,30,lab,S9
TTO-07603,boundary,C01,G2,F2,4,2,classroom,60,classroom,S2
TTO-07603,boundary,C02,G2,F3,3,1,lab,30,lab,S5
TTO-07603,boundary,C03,G2,F1,4,2,lab,30,lab,S4
TTO-07603,boundary,C04,G2,F3,4,1,classroom,60,classroom,S9
TTO-07603,boundary,C05,G2,F3,4,1,classroom,60,classroom,S5
TTO-07604,boundary,C01,G2,F1,4,1,classroom,60,classroom,S10
TTO-07604,boundary,C02,G1,F1,4,1,lab,30,lab,S4
TTO-07604,boundary,C03,G2,F2,3,1,lab,30,lab,S6
TTO-07604,boundary,C04,G1,F2,3,2,classroom,60,classroom,S3
TTO-07604,boundary,C05,G1,F1,4,2,lab,30,lab,S10
TTO-07605,boundary,C01,G1,F2,4,2,classroom,60,classroom,S7
TTO-07605,boundary,C02,G1,F3,3,2,classroom,60,classroom,S6
TTO-07605,boundary,C03,G2,F3,3,1,lab,30,lab,S7
TTO-07605,boundary,C04,G2,F3,3,1,classroom,60,classroom,S5
TTO-07605,boundary,C05,G1,F2,4,2,lab,30,lab,S2
TTO-07606,boundary,C01,G1,F1,4,1,classroom,60,classroom,S10
TTO-07606,boundary,C02,G2,F2,4,1,lab,30,lab,S3
TTO-07606,boundary,C03,G1,F1,3,1,lab,30,lab,S8
TTO-07606,boundary,C04,G2,F2,4,1,lab,30,lab,S10
TTO-07606,boundary,C05,G2,F1,4,2,classroom,60,classroom,S7
TTO-07607,boundary,C01,G1,F3,3,1,lab,30,lab,S4
TTO-07607,boundary,C02,G2,F3,4,1,lab,30,lab,S5
TTO-07607,boundary,C03,G1,F3,3,1,lab,30,lab,S5
TTO-07607,boundary,C04,G2,F2,4,1,classroom,60,classroom,S10
TTO-07607,boundary,C05,G1,F2,3,2,classroom,60,classroom,S3
TTO-07608,boundary,C01,G2,F2,4,1,classroom,60,classroom,S4
TTO-07608,boundary,C02,G1,F2,3,2,lab,30,lab,S6
TTO-07608,boundary,C03,G2,F3,3,1,lab,30,lab,S5
TTO-07608,boundary,C04,G1,F3,3,1,lab,30,lab,S10
TTO-07608,boundary,C05,G2,F2,3,1,lab,30,lab,S10
TTO-07609,boundary,C01,G1,F3,3,2,lab,30,lab,S4
TTO-07609,boundary,C02,G2,F3,4,1,lab,30,lab,S7
TTO-07609,boundary,C03,G1,F2,3,2,lab,30,lab,S4
TTO-07609,boundary,C04,G1,F3,4,1,classroom,60,classroom,S4
TTO-07609,boundary,C05,G1,F2,3,1,lab,30,lab,S3
TTO-07610,boundary,C01,G1,F1,4,1,classroom,60,classroom,S5
TTO-07610,boundary,C02,G2,F3,4,2,lab,30,lab,S3
TTO-07610,boundary,C03,G2,F3,3,1,lab,30,lab,S9
TTO-07610,boundary,C04,G2,F2,3,1,lab,30,lab,S5
TTO-07610,boundary,C05,G1,F2,4,2,lab,30,lab,S3
TTO-07611,boundary,C01,G1,F2,4,2,lab,30,lab,S9
TTO-07611,boundary,C02,G1,F1,4,1,lab,30,lab,S9
TTO-07611,boundary,C03,G2,F3,3,2,lab,30,lab,S9
TTO-07611,boundary,C04,G2,F1,4,2,classroom,60,classroom,S5
TTO-07611,boundary,C05,G1,F2,3,2,lab,30,lab,S8
TTO-07612,boundary,C01,G2,F3,3,1,classroom,60,classroom,S8
TTO-07612,boundary,C02,G2,F3,3,2,classroom,60,classroom,S7
TTO-07612,boundary,C03,G1,F1,3,1,lab,30,lab,S6
TTO-07612,boundary,C04,G2,F2,4,2,classroom,60,classroom,S7
TTO-07612,boundary,C05,G2,F1,3,2,classroom,60,classroom,S6
TTO-07613,boundary,C01,G1,F3,4,2,classroom,60,classroom,S1
TTO-07613,boundary,C02,G2,F3,3,1,classroom,60,classroom,S5
TTO-07613,boundary,C03,G2,F2,4,1,classroom,60,classroom,S10
TTO-07613,boundary,C04,G1,F2,3,2,classroom,60,classroom,S8
TTO-07613,boundary,C05,G1,F1,4,2,classroom,60,classroom,S6
TTO-07614,boundary,C01,G2,F1,3,2,lab,30,lab,S7
TTO-07614,boundary,C02,G2,F2,4,2,lab,30,lab,S6
TTO-07614,boundary,C03,G1,F3,4,2,lab,30,lab,S9
TTO-07614,boundary,C04,G1,F3,3,1,lab,30,lab,S1
TTO-07614,boundary,C05,G1,F3,4,1,classroom,60,classroom,S9
TTO-07615,boundary,C01,G1,F1,3,2,classroom,60,classroom,S8
TTO-07615,boundary,C02,G1,F3,4,1,lab,30,lab,S4
TTO-07615,boundary,C03,G1,F3,3,2,classroom,60,classroom,S9
TTO-07615,boundary,C04,G2,F3,4,2,classroom,60,classroom,S3
TTO-07615,boundary,C05,G1,F1,3,2,classroom,60,classroom,S4
TTO-07616,boundary,C01,G1,F2,4,1,classroom,60,classroom,S7
TTO-07616,boundary,C02,G1,F3,3,2,classroom,60,classroom,S1
TTO-07616,boundary,C03,G1,F1,3,1,lab,30,lab,S8
TTO-07616,boundary,C04,G2,F3,4,2,lab,30,lab,S3
TTO-07616,boundary,C05,G1,F2,3,1,classroom,60,classroom,S10
TTO-07617,boundary,C01,G2,F1,4,1,classroom,60,classroom,S10
TTO-07617,boundary,C02,G2,F2,4,1,lab,30,lab,S1
TTO-07617,boundary,C03,G1,F1,3,2,lab,30,lab,S8
TTO-07617,boundary,C04,G1,F1,3,1,lab,30,lab,S1
TTO-07617,boundary,C05,G2,F2,3,2,classroom,60,classroom,S4
TTO-07618,boundary,C01,G1,F2,3,2,lab,30,lab,S8
TTO-07618,boundary,C02,G2,F1,4,1,classroom,60,classroom,S3
TTO-07618,boundary,C03,G1,F1,3,2,lab,30,lab,S5
TTO-07618,boundary,C04,G1,F1,4,1,classroom,60,classroom,S2
TTO-07618,boundary,C05,G2,F2,3,1,lab,30,lab,S5
TTO-07619,boundary,C01,G1,F1,3,2,lab,30,lab,S2
TTO-07619,boundary,C02,G1,F3,4,2,lab,30,lab,S1
TTO-07619,boundary,C03,G2,F3,3,2,lab,30,lab,S5
TTO-07619,boundary,C04,G2,F1,3,1,lab,30,lab,S9
TTO-07619,boundary,C05,G1,F2,4,2,lab,30,lab,S8
TTO-07620,boundary,C01,G1,F1,3,2,lab,30,lab,S8
TTO-07620,boundary,C02,G1,F1,3,1,lab,30,lab,S5
TTO-07620,boundary,C03,G1,F2,4,1,lab,30,lab,S1
TTO-07620,boundary,C04,G2,F1,3,1,classroom,60,classroom,S3
TTO-07620,boundary,C05,G1,F1,4,2,classroom,60,classroom,S3
TTO-07621,boundary,C01,G2,F3,4,2,lab,30,lab,S10
TTO-07621,boundary,C02,G2,F2,4,1,classroom,60,classroom,S1
TTO-07621,boundary,C03,G2,F1,4,2,lab,30,lab,S1
TTO-07621,boundary,C04,G2,F3,3,1,lab,30,lab,S1
TTO-07621,boundary,C05,G1,F3,3,1,classroom,60,classroom,S5
TTO-07622,boundary,C01,G2,F3,4,2,lab,30,lab,S1
TTO-07622,boundary,C02,G2,F1,3,2,lab,30,lab,S2
TTO-07622,boundary,C03,G1,F1,3,2,lab,30,lab,S2
TTO-07622,boundary,C04,G2,F2,3,1,lab,30,lab,S10
TTO-07622,boundary,C05,G2,F3,4,1,classroom,60,classroom,S8
TTO-07623,boundary,C01,G1,F3,3,2,classroom,60,classroom,S5
TTO-07623,boundary,C02,G1,F1,4,1,lab,30,lab,S3
TTO-07623,boundary,C03,G2,F1,3,2,classroom,60,classroom,S1
TTO-07623,boundary,C04,G2,F3,4,2,classroom,60,classroom,S2
TTO-07623,boundary,C05,G2,F1,3,2,lab,30,lab,S10
TTO-07624,boundary,C01,G1,F1,4,1,lab,30,lab,S1
TTO-07624,boundary,C02,G1,F2,4,2,classroom,60,classroom,S7
TTO-07624,boundary,C03,G1,F3,3,2,lab,30,lab,S3
TTO-07624,boundary,C04,G2,F2,3,1,lab,30,lab,S3
TTO-07624,boundary,C05,G1,F2,4,2,classroom,60,classroom,S2
TTO-07625,boundary,C01,G2,F3,4,1,lab,30,lab,S8
TTO-07625,boundary,C02,G1,F3,4,2,lab,30,lab,S7
TTO-07625,boundary,C03,G2,F1,3,1,lab,30,lab,S8
TTO-07625,boundary,C04,G1,F3,3,2,lab,30,lab,S6
TTO-07625,boundary,C05,G1,F1,4,2,lab,30,lab,S5
TTO-07626,boundary,C01,G1,F3,4,2,classroom,60,classroom,S5
TTO-07626,boundary,C02,G1,F3,4,2,classroom,60,classroom,S1
TTO-07626,boundary,C03,G2,F2,3,1,lab,30,lab,S1
TTO-07626,boundary,C04,G1,F3,3,2,lab,30,lab,S9
TTO-07626,boundary,C05,G1,F2,3,2,classroom,60,classroom,S6
TTO-07627,boundary,C01,G2,F3,3,2,classroom,60,classroom,S7
TTO-07627,boundary,C02,G1,F3,3,1,classroom,60,classroom,S3
TTO-07627,boundary,C03,G1,F3,4,2,lab,30,lab,S2
TTO-07627,boundary,C04,G2,F1,3,1,lab,30,lab,S5
TTO-07627,boundary,C05,G2,F3,4,2,lab,30,lab,S10
TTO-07628,boundary,C01,G2,F2,4,2,classroom,60,classroom,S2
TTO-07628,boundary,C02,G2,F2,3,2,classroom,60,classroom,S4
TTO-07628,boundary,C03,G1,F3,4,1,lab,30,lab,S8
TTO-07628,boundary,C04,G2,F3,4,2,lab,30,lab,S1
TTO-07628,boundary,C05,G1,F3,4,2,lab,30,lab,S3
TTO-07629,boundary,C01,G1,F1,3,1,classroom,60,classroom,S3
TTO-07629,boundary,C02,G1,F1,4,2,classroom,60,classroom,S9
TTO-07629,boundary,C03,G1,F2,4,2,lab,30,lab,S3
TTO-07629,boundary,C04,G2,F2,4,1,classroom,60,classroom,S3
TTO-07629,boundary,C05,G1,F3,4,2,classroom,60,classroom,S5
TTO-07630,boundary,C01,G2,F2,4,2,classroom,60,classroom,S3
TTO-07630,boundary,C02,G2,F2,3,1,lab,30,lab,S4
TTO-07630,boundary,C03,G1,F2,4,1,classroom,60,classroom,S10
TTO-07630,boundary,C04,G2,F1,3,2,classroom,60,classroom,S8
TTO-07630,boundary,C05,G1,F2,4,1,lab,30,lab,S8
TTO-07631,boundary,C01,G2,F1,4,2,classroom,60,classroom,S6
TTO-07631,boundary,C02,G2,F1,4,2,classroom,60,classroom,S2
TTO-07631,boundary,C03,G1,F2,4,1,lab,30,lab,S1
TTO-07631,boundary,C04,G1,F3,4,2,classroom,60,classroom,S2
TTO-07631,boundary,C05,G2,F2,4,1,lab,30,lab,S5
TTO-07632,boundary,C01,G2,F2,3,2,classroom,60,classroom,S1
TTO-07632,boundary,C02,G2,F1,3,1,lab,30,lab,S2
TTO-07632,boundary,C03,G2,F3,3,1,lab,30,lab,S1
TTO-07632,boundary,C04,G1,F1,4,2,lab,30,lab,S2
TTO-07632,boundary,C05,G1,F2,3,2,classroom,60,classroom,S9
TTO-07633,boundary,C01,G2,F2,4,2,lab,30,lab,S1
TTO-07633,boundary,C02,G2,F3,4,1,classroom,60,classroom,S5
TTO-07633,boundary,C03,G2,F1,4,2,lab,30,lab,S3
TTO-07633,boundary,C04,G1,F1,4,1,lab,30,lab,S8
TTO-07633,boundary,C05,G2,F2,4,2,classroom,60,classroom,S9
TTO-07634,boundary,C01,G1,F2,4,2,classroom,60,classroom,S8
TTO-07634,boundary,C02,G1,F2,4,2,classroom,60,classroom,S1
TTO-07634,boundary,C03,G1,F1,4,2,classroom,60,classroom,S8
TTO-07634,boundary,C04,G2,F1,3,2,classroom,60,classroom,S5
TTO-07634,boundary,C05,G2,F3,4,1,classroom,60,classroom,S3
TTO-07635,boundary,C01,G1,F3,3,2,classroom,60,classroom,S4
TTO-07635,boundary,C02,G2,F2,3,2,classroom,60,classroom,S5
TTO-07635,boundary,C03,G2,F2,4,1,classroom,60,classroom,S4
TTO-07635,boundary,C04,G2,F3,4,2,classroom,60,classroom,S1
TTO-07635,boundary,C05,G1,F3,4,1,classroom,60,classroom,S2
TTO-07636,boundary,C01,G2,F3,3,1,lab,30,lab,S10
TTO-07636,boundary,C02,G2,F2,4,1,classroom,60,classroom,S9
TTO-07636,boundary,C03,G2,F2,4,2,classroom,60,classroom,S4
TTO-07636,boundary,C04,G2,F1,4,2,classroom,60,classroom,S6
TTO-07636,boundary,C05,G2,F3,4,2,classroom,60,classroom,S10
TTO-07637,boundary,C01,G2,F3,4,1,classroom,60,classroom,S7
TTO-07637,boundary,C02,G1,F3,4,2,classroom,60,classroom,S7
TTO-07637,boundary,C03,G2,F1,4,2,classroom,60,classroom,S7
TTO-07637,boundary,C04,G2,F1,3,2,classroom,60,classroom,S9
TTO-07637,boundary,C05,G2,F2,4,1,lab,30,lab,S7
TTO-07638,boundary,C01,G2,F3,4,2,lab,30,lab,S9
TTO-07638,boundary,C02,G1,F1,3,2,lab,30,lab,S2
TTO-07638,boundary,C03,G2,F2,3,2,classroom,60,classroom,S8
TTO-07638,boundary,C04,G1,F3,3,2,classroom,60,classroom,S3
TTO-07638,boundary,C05,G1,F1,3,2,classroom,60,classroom,S3
TTO-07639,boundary,C01,G2,F2,4,1,classroom,60,classroom,S8
TTO-07639,boundary,C02,G2,F2,4,1,classroom,60,classroom,S10
TTO-07639,boundary,C03,G1,F2,4,1,lab,30,lab,S1
TTO-07639,boundary,C04,G2,F2,4,2,classroom,60,classroom,S4
TTO-07639,boundary,C05,G1,F1,4,2,lab,30,lab,S1
TTO-07640,boundary,C01,G1,F3,4,1,lab,30,lab,S7
TTO-07640,boundary,C02,G1,F3,4,1,lab,30,lab,S6
TTO-07640,boundary,C03,G2,F2,4,2,classroom,60,classroom,S10
TTO-07640,boundary,C04,G1,F3,3,2,classroom,60,classroom,S3
TTO-07640,boundary,C05,G1,F1,4,1,classroom,60,classroom,S7
TTO-07641,boundary,C01,G1,F1,3,2,classroom,60,classroom,S1
TTO-07641,boundary,C02,G1,F3,3,2,classroom,60,classroom,S3
TTO-07641,boundary,C03,G1,F3,3,2,lab,30,lab,S5
TTO-07641,boundary,C04,G1,F1,4,2,classroom,60,classroom,S8
TTO-07641,boundary,C05,G2,F2,4,2,lab,30,lab,S1
TTO-07642,boundary,C01,G1,F1,3,2,classroom,60,classroom,S9
TTO-07642,boundary,C02,G2,F2,4,1,lab,30,lab,S7
TTO-07642,boundary,C03,G2,F2,3,1,classroom,60,classroom,S1
TTO-07642,boundary,C04,G1,F3,3,1,classroom,60,classroom,S5
TTO-07642,boundary,C05,G1,F3,3,1,classroom,60,classroom,S10
TTO-07643,boundary,C01,G1,F1,4,2,lab,30,lab,S6
TTO-07643,boundary,C02,G2,F1,4,1,classroom,60,classroom,S8
TTO-07643,boundary,C03,G1,F1,3,1,lab,30,lab,S7
TTO-07643,boundary,C04,G2,F3,3,2,classroom,60,classroom,S10
TTO-07643,boundary,C05,G2,F3,4,2,classroom,60,classroom,S9
TTO-07644,boundary,C01,G1,F2,4,2,lab,30,lab,S4
TTO-07644,boundary,C02,G1,F1,4,2,classroom,60,classroom,S3
TTO-07644,boundary,C03,G1,F3,4,2,classroom,60,classroom,S3
TTO-07644,boundary,C04,G1,F3,3,2,lab,30,lab,S1
TTO-07644,boundary,C05,G2,F2,4,2,classroom,60,classroom,S10
TTO-07645,boundary,C01,G1,F3,4,1,classroom,60,classroom,S3
TTO-07645,boundary,C02,G2,F1,3,1,lab,30,lab,S5
TTO-07645,boundary,C03,G1,F1,4,2,classroom,60,classroom,S3
TTO-07645,boundary,C04,G2,F1,3,2,classroom,60,classroom,S2
TTO-07645,boundary,C05,G1,F2,3,2,lab,30,lab,S6
TTO-07646,boundary,C01,G1,F1,3,2,lab,30,lab,S10
TTO-07646,boundary,C02,G1,F2,3,1,classroom,60,classroom,S7
TTO-07646,boundary,C03,G1,F3,4,2,classroom,60,classroom,S7
TTO-07646,boundary,C04,G1,F3,3,1,classroom,60,classroom,S7
TTO-07646,boundary,C05,G2,F1,4,2,lab,30,lab,S1
TTO-07647,boundary,C01,G1,F3,4,1,lab,30,lab,S9
TTO-07647,boundary,C02,G1,F1,4,1,lab,30,lab,S1
TTO-07647,boundary,C03,G1,F3,4,2,classroom,60,classroom,S1
TTO-07647,boundary,C04,G2,F2,3,2,lab,30,lab,S6
TTO-07647,boundary,C05,G2,F1,3,1,classroom,60,classroom,S3
TTO-07648,boundary,C01,G2,F2,3,2,lab,30,lab,S1
TTO-07648,boundary,C02,G2,F2,3,2,classroom,60,classroom,S9
TTO-07648,boundary,C03,G2,F3,3,1,lab,30,lab,S3
TTO-07648,boundary,C04,G1,F1,4,2,classroom,60,classroom,S5
TTO-07648,boundary,C05,G1,F1,4,2,lab,30,lab,S3
TTO-07649,boundary,C01,G2,F2,3,1,classroom,60,classroom,S8
TTO-07649,boundary,C02,G2,F3,4,1,classroom,60,classroom,S4
TTO-07649,boundary,C03,G1,F2,4,1,lab,30,lab,S9
TTO-07649,boundary,C04,G2,F2,3,1,lab,30,lab,S1
TTO-07649,boundary,C05,G1,F3,3,1,classroom,60,classroom,S9
TTO-07650,boundary,C01,G1,F2,4,1,lab,30,lab,S4
TTO-07650,boundary,C02,G2,F3,4,2,classroom,60,classroom,S9
TTO-07650,boundary,C03,G2,F1,4,1,classroom,60,classroom,S9
TTO-07650,boundary,C04,G2,F1,4,1,classroom,60,classroom,S9
TTO-07650,boundary,C05,G1,F3,3,2,lab,30,lab,S1
TTO-07651,boundary,C01,G2,F2,4,1,classroom,60,classroom,S5
TTO-07651,boundary,C02,G1,F2,3,2,classroom,60,classroom,S3
TTO-07651,boundary,C03,G1,F3,4,2,lab,30,lab,S3
TTO-07651,boundary,C04,G2,F3,3,1,lab,30,lab,S3
TTO-07651,boundary,C05,G2,F3,4,2,classroom,60,classroom,S1
TTO-07652,boundary,C01,G2,F2,3,1,lab,30,lab,S7
TTO-07652,boundary,C02,G2,F1,3,2,lab,30,lab,S8
TTO-07652,boundary,C03,G1,F1,3,1,lab,30,lab,S7
TTO-07652,boundary,C04,G1,F1,3,2,lab,30,lab,S3
TTO-07652,boundary,C05,G2,F2,4,2,lab,30,lab,S2
TTO-07653,boundary,C01,G2,F3,3,1,lab,30,lab,S9
TTO-07653,boundary,C02,G2,F1,4,1,lab,30,lab,S10
TTO-07653,boundary,C03,G1,F2,4,2,lab,30,lab,S4
TTO-07653,boundary,C04,G2,F1,4,1,classroom,60,classroom,S2
TTO-07653,boundary,C05,G1,F2,4,2,classroom,60,classroom,S10
TTO-07654,boundary,C01,G2,F1,4,2,lab,30,lab,S7
TTO-07654,boundary,C02,G2,F1,4,1,lab,30,lab,S2
TTO-07654,boundary,C03,G1,F3,3,2,lab,30,lab,S8
TTO-07654,boundary,C04,G1,F1,3,2,lab,30,lab,S7
TTO-07654,boundary,C05,G1,F1,3,2,lab,30,lab,S3
TTO-07655,boundary,C01,G1,F1,3,1,classroom,60,classroom,S7
TTO-07655,boundary,C02,G1,F3,4,1,classroom,60,classroom,S10
TTO-07655,boundary,C03,G2,F3,3,2,lab,30,lab,S5
TTO-07655,boundary,C04,G2,F3,3,1,classroom,60,classroom,S5
TTO-07655,boundary,C05,G2,F2,4,2,lab,30,lab,S3
TTO-07656,boundary,C01,G2,F2,3,2,lab,30,lab,S7
TTO-07656,boundary,C02,G2,F2,3,1,lab,30,lab,S1
TTO-07656,boundary,C03,G1,F1,4,1,lab,30,lab,S8
TTO-07656,boundary,C04,G2,F1,3,2,lab,30,lab,S10
TTO-07656,boundary,C05,G2,F1,3,2,lab,30,lab,S5
TTO-07657,boundary,C01,G2,F1,4,1,lab,30,lab,S1
TTO-07657,boundary,C02,G2,F1,3,2,lab,30,lab,S2
TTO-07657,boundary,C03,G1,F3,4,1,classroom,60,classroom,S7
TTO-07657,boundary,C04,G1,F2,3,1,lab,30,lab,S4
TTO-07657,boundary,C05,G1,F3,3,2,lab,30,lab,S1
TTO-07658,boundary,C01,G1,F1,4,1,lab,30,lab,S6
TTO-07658,boundary,C02,G1,F1,3,1,lab,30,lab,S3
TTO-07658,boundary,C03,G1,F1,4,2,lab,30,lab,S8
TTO-07658,boundary,C04,G2,F2,4,2,classroom,60,classroom,S10
TTO-07658,boundary,C05,G1,F2,3,2,classroom,60,classroom,S5
TTO-07659,boundary,C01,G2,F2,3,2,classroom,60,classroom,S9
TTO-07659,boundary,C02,G2,F2,4,2,lab,30,lab,S4
TTO-07659,boundary,C03,G1,F2,3,1,lab,30,lab,S6
TTO-07659,boundary,C04,G1,F1,3,1,classroom,60,classroom,S10
TTO-07659,boundary,C05,G2,F1,3,1,classroom,60,classroom,S8
TTO-07660,boundary,C01,G2,F2,3,2,classroom,60,classroom,S3
TTO-07660,boundary,C02,G1,F3,4,2,lab,30,lab,S3
TTO-07660,boundary,C03,G2,F3,4,1,classroom,60,classroom,S10
TTO-07660,boundary,C04,G2,F2,4,1,classroom,60,classroom,S2
TTO-07660,boundary,C05,G1,F1,3,2,classroom,60,classroom,S6
TTO-07661,boundary,C01,G1,F1,3,1,lab,30,lab,S6
TTO-07661,boundary,C02,G1,F2,4,2,classroom,60,classroom,S5
TTO-07661,boundary,C03,G2,F1,3,1,lab,30,lab,S10
TTO-07661,boundary,C04,G1,F1,3,2,lab,30,lab,S5
TTO-07661,boundary,C05,G1,F1,3,1,classroom,60,classroom,S7
TTO-07662,boundary,C01,G2,F1,4,2,lab,30,lab,S9
TTO-07662,boundary,C02,G1,F2,4,1,lab,30,lab,S6
TTO-07662,boundary,C03,G1,F1,4,1,classroom,60,classroom,S2
TTO-07662,boundary,C04,G2,F1,4,2,classroom,60,classroom,S3
TTO-07662,boundary,C05,G1,F2,3,2,lab,30,lab,S8
TTO-07663,boundary,C01,G2,F1,4,1,classroom,60,classroom,S2
TTO-07663,boundary,C02,G2,F3,3,2,classroom,60,classroom,S2
TTO-07663,boundary,C03,G2,F2,4,2,lab,30,lab,S2
TTO-07663,boundary,C04,G1,F3,4,1,classroom,60,classroom,S9
TTO-07663,boundary,C05,G2,F1,3,1,classroom,60,classroom,S7
TTO-07664,boundary,C01,G2,F1,3,1,lab,30,lab,S5
TTO-07664,boundary,C02,G2,F2,3,1,lab,30,lab,S1
TTO-07664,boundary,C03,G2,F3,4,1,classroom,60,classroom,S7
TTO-07664,boundary,C04,G2,F2,4,1,classroom,60,classroom,S7
TTO-07664,boundary,C05,G1,F1,4,2,lab,30,lab,S4
TTO-07665,boundary,C01,G1,F2,3,2,lab,30,lab,S7
TTO-07665,boundary,C02,G1,F3,3,1,classroom,60,classroom,S10
TTO-07665,boundary,C03,G1,F3,3,1,lab,30,lab,S4
TTO-07665,boundary,C04,G2,F1,4,2,lab,30,lab,S4
TTO-07665,boundary,C05,G2,F2,4,2,lab,30,lab,S2
TTO-07666,boundary,C01,G1,F2,3,1,classroom,60,classroom,S5
TTO-07666,boundary,C02,G1,F3,3,1,classroom,60,classroom,S10
TTO-07666,boundary,C03,G1,F1,4,1,classroom,60,classroom,S5
TTO-07666,boundary,C04,G1,F1,3,1,lab,30,lab,S4
TTO-07666,boundary,C05,G2,F2,3,1,classroom,60,classroom,S8
TTO-07667,boundary,C01,G2,F1,4,1,classroom,60,classroom,S10
TTO-07667,boundary,C02,G2,F1,4,2,lab,30,lab,S3
TTO-07667,boundary,C03,G2,F2,3,1,classroom,60,classroom,S8
TTO-07667,boundary,C04,G2,F1,3,2,lab,30,lab,S3
TTO-07667,boundary,C05,G2,F3,3,1,classroom,60,classroom,S2
TTO-07668,boundary,C01,G1,F2,4,1,lab,30,lab,S4
TTO-07668,boundary,C02,G2,F3,3,2,classroom,60,classroom,S6
TTO-07668,boundary,C03,G2,F2,3,1,classroom,60,classroom,S1
TTO-07668,boundary,C04,G2,F3,4,1,lab,30,lab,S10
TTO-07668,boundary,C05,G2,F3,3,2,lab,30,lab,S3
TTO-07669,boundary,C01,G1,F2,4,2,classroom,60,classroom,S9
TTO-07669,boundary,C02,G2,F2,4,1,classroom,60,classroom,S5
TTO-07669,boundary,C03,G1,F3,3,2,classroom,60,classroom,S5
TTO-07669,boundary,C04,G2,F3,4,1,classroom,60,classroom,S7
TTO-07669,boundary,C05,G2,F1,4,1,classroom,60,classroom,S5
TTO-07670,boundary,C01,G2,F1,3,1,classroom,60,classroom,S8
TTO-07670,boundary,C02,G2,F1,3,1,classroom,60,classroom,S8
TTO-07670,boundary,C03,G2,F2,3,1,lab,30,lab,S5
TTO-07670,boundary,C04,G1,F2,4,2,classroom,60,classroom,S7
TTO-07670,boundary,C05,G1,F1,3,2,classroom,60,classroom,S6
TTO-07671,boundary,C01,G1,F1,3,2,classroom,60,classroom,S10
TTO-07671,boundary,C02,G1,F2,4,2,classroom,60,classroom,S10
TTO-07671,boundary,C03,G2,F2,4,2,classroom,60,classroom,S10
TTO-07671,boundary,C04,G1,F1,3,2,lab,30,lab,S1
TTO-07671,boundary,C05,G1,F1,4,1,lab,30,lab,S7
TTO-07672,boundary,C01,G1,F2,4,2,lab,30,lab,S4
TTO-07672,boundary,C02,G1,F2,3,2,lab,30,lab,S1
TTO-07672,boundary,C03,G1,F2,3,2,classroom,60,classroom,S3
TTO-07672,boundary,C04,G1,F2,3,1,lab,30,lab,S10
TTO-07672,boundary,C05,G2,F2,3,1,classroom,60,classroom,S8
TTO-07673,boundary,C01,G2,F1,4,2,classroom,60,classroom,S8
TTO-07673,boundary,C02,G2,F2,4,2,classroom,60,classroom,S1
TTO-07673,boundary,C03,G2,F2,4,1,classroom,60,classroom,S3
TTO-07673,boundary,C04,G2,F2,4,2,lab,30,lab,S6
TTO-07673,boundary,C05,G2,F3,3,1,classroom,60,classroom,S4
TTO-07674,boundary,C01,G1,F1,4,1,classroom,60,classroom,S7
TTO-07674,boundary,C02,G2,F3,3,2,classroom,60,classroom,S9
TTO-07674,boundary,C03,G2,F2,4,2,lab,30,lab,S1
TTO-07674,boundary,C04,G2,F2,4,1,lab,30,lab,S7
TTO-07674,boundary,C05,G1,F3,4,1,classroom,60,classroom,S10
TTO-07675,boundary,C01,G2,F3,4,1,classroom,60,classroom,S10
TTO-07675,boundary,C02,G2,F2,4,1,classroom,60,classroom,S3
TTO-07675,boundary,C03,G1,F3,3,2,lab,30,lab,S2
TTO-07675,boundary,C04,G2,F3,3,1,classroom,60,classroom,S10
TTO-07675,boundary,C05,G2,F3,4,1,lab,30,lab,S5
TTO-07676,boundary,C01,G2,F1,3,2,classroom,60,classroom,S9
TTO-07676,boundary,C02,G1,F1,3,1,classroom,60,classroom,S2
TTO-07676,boundary,C03,G2,F3,3,2,classroom,60,classroom,S8
TTO-07676,boundary,C04,G1,F3,4,2,classroom,60,classroom,S4
TTO-07676,boundary,C05,G2,F2,3,2,classroom,60,classroom,S9
TTO-07677,boundary,C01,G2,F1,4,1,lab,30,lab,S2
TTO-07677,boundary,C02,G1,F2,3,2,classroom,60,classroom,S3
TTO-07677,boundary,C03,G1,F2,3,1,classroom,60,classroom,S1
TTO-07677,boundary,C04,G1,F2,4,2,classroom,60,classroom,S9
TTO-07677,boundary,C05,G2,F1,4,1,classroom,60,classroom,S3
TTO-07678,boundary,C01,G1,F1,4,1,classroom,60,classroom,S10
TTO-07678,boundary,C02,G2,F2,4,1,lab,30,lab,S5
TTO-07678,boundary,C03,G1,F3,4,2,lab,30,lab,S1
TTO-07678,boundary,C04,G1,F3,3,1,classroom,60,classroom,S1
TTO-07678,boundary,C05,G1,F2,4,2,classroom,60,classroom,S2
TTO-07679,boundary,C01,G2,F2,3,1,classroom,60,classroom,S4
TTO-07679,boundary,C02,G1,F2,3,2,classroom,60,classroom,S4
TTO-07679,boundary,C03,G2,F3,4,1,lab,30,lab,S3
TTO-07679,boundary,C04,G2,F3,3,2,lab,30,lab,S4
TTO-07679,boundary,C05,G2,F2,3,2,classroom,60,classroom,S10
TTO-07680,boundary,C01,G2,F2,4,1,lab,30,lab,S8
TTO-07680,boundary,C02,G2,F2,3,1,lab,30,lab,S8
TTO-07680,boundary,C03,G1,F3,3,2,lab,30,lab,S10
TTO-07680,boundary,C04,G1,F3,3,2,classroom,60,classroom,S3
TTO-07680,boundary,C05,G1,F3,3,1,classroom,60,classroom,S9
TTO-07681,boundary,C01,G1,F2,3,1,classroom,60,classroom,S1
TTO-07681,boundary,C02,G2,F2,3,1,lab,30,lab,S4
TTO-07681,boundary,C03,G1,F1,3,2,lab,30,lab,S4
TTO-07681,boundary,C04,G2,F3,4,1,classroom,60,classroom,S4
TTO-07681,boundary,C05,G2,F3,3,2,classroom,60,classroom,S6
TTO-07682,boundary,C01,G2,F1,3,2,classroom,60,classroom,S5
TTO-07682,boundary,C02,G2,F2,3,1,lab,30,lab,S3
TTO-07682,boundary,C03,G1,F3,4,1,classroom,60,classroom,S10
TTO-07682,boundary,C04,G1,F2,4,2,classroom,60,classroom,S4
TTO-07682,boundary,C05,G1,F2,3,1,classroom,60,classroom,S9
TTO-07683,boundary,C01,G2,F3,3,1,classroom,60,classroom,S9
TTO-07683,boundary,C02,G2,F3,4,2,classroom,60,classroom,S1
TTO-07683,boundary,C03,G2,F3,4,1,classroom,60,classroom,S6
TTO-07683,boundary,C04,G1,F2,4,2,lab,30,lab,S9
TTO-07683,boundary,C05,G2,F2,4,2,classroom,60,classroom,S10
TTO-07684,boundary,C01,G1,F1,3,2,lab,30,lab,S6
TTO-07684,boundary,C02,G1,F3,4,2,lab,30,lab,S1
TTO-07684,boundary,C03,G1,F1,3,1,lab,30,lab,S6
TTO-07684,boundary,C04,G1,F3,4,1,lab,30,lab,S10
TTO-07684,boundary,C05,G2,F3,3,1,classroom,60,classroom,S10
TTO-07685,boundary,C01,G2,F1,3,2,classroom,60,classroom,S10
TTO-07685,boundary,C02,G1,F2,4,1,classroom,60,classroom,S8
TTO-07685,boundary,C03,G1,F1,4,2,classroom,60,classroom,S5
TTO-07685,boundary,C04,G2,F1,4,2,lab,30,lab,S7
TTO-07685,boundary,C05,G1,F1,4,2,lab,30,lab,S5
TTO-07686,boundary,C01,G1,F1,4,2,classroom,60,classroom,S8
TTO-07686,boundary,C02,G2,F1,3,2,lab,30,lab,S10
TTO-07686,boundary,C03,G2,F3,3,2,lab,30,lab,S2
TTO-07686,boundary,C04,G2,F2,3,1,classroom,60,classroom,S9
TTO-07686,boundary,C05,G2,F3,4,1,classroom,60,classroom,S6
TTO-07687,boundary,C01,G1,F2,3,1,lab,30,lab,S10
TTO-07687,boundary,C02,G1,F1,3,2,lab,30,lab,S9
TTO-07687,boundary,C03,G1,F1,3,2,classroom,60,classroom,S4
TTO-07687,boundary,C04,G2,F1,3,2,classroom,60,classroom,S6
TTO-07687,boundary,C05,G2,F1,4,1,lab,30,lab,S6
TTO-07688,boundary,C01,G2,F2,4,2,classroom,60,classroom,S8
TTO-07688,boundary,C02,G1,F2,3,1,lab,30,lab,S2
TTO-07688,boundary,C03,G2,F1,3,1,lab,30,lab,S7
TTO-07688,boundary,C04,G1,F1,4,2,classroom,60,classroom,S8
TTO-07688,boundary,C05,G1,F1,4,2,classroom,60,classroom,S7
TTO-07689,boundary,C01,G2,F3,3,1,lab,30,lab,S6
TTO-07689,boundary,C02,G1,F3,3,1,lab,30,lab,S1
TTO-07689,boundary,C03,G1,F3,3,1,lab,30,lab,S3
TTO-07689,boundary,C04,G2,F2,4,2,lab,30,lab,S4
TTO-07689,boundary,C05,G1,F1,3,2,lab,30,lab,S3
TTO-07690,boundary,C01,G2,F3,4,1,lab,30,lab,S10
TTO-07690,boundary,C02,G2,F2,3,2,classroom,60,classroom,S3
TTO-07690,boundary,C03,G1,F3,3,2,lab,30,lab,S4
TTO-07690,boundary,C04,G1,F2,4,2,classroom,60,classroom,S3
TTO-07690,boundary,C05,G2,F1,3,2,lab,30,lab,S5
TTO-07691,boundary,C01,G1,F1,4,2,classroom,60,classroom,S1
TTO-07691,boundary,C02,G1,F2,3,2,lab,30,lab,S1
TTO-07691,boundary,C03,G1,F1,4,1,lab,30,lab,S9
TTO-07691,boundary,C04,G1,F2,3,2,classroom,60,classroom,S2
TTO-07691,boundary,C05,G1,F3,3,2,lab,30,lab,S10
TTO-07692,boundary,C01,G1,F2,4,2,lab,30,lab,S9
TTO-07692,boundary,C02,G2,F1,4,1,classroom,60,classroom,S5
TTO-07692,boundary,C03,G2,F3,4,2,lab,30,lab,S10
TTO-07692,boundary,C04,G2,F3,4,2,lab,30,lab,S5
TTO-07692,boundary,C05,G2,F2,4,2,classroom,60,classroom,S3
TTO-07693,boundary,C01,G1,F2,4,2,lab,30,lab,S9
TTO-07693,boundary,C02,G2,F3,3,2,classroom,60,classroom,S5
TTO-07693,boundary,C03,G2,F2,3,2,classroom,60,classroom,S8
TTO-07693,boundary,C04,G2,F2,4,1,classroom,60,classroom,S3
TTO-07693,boundary,C05,G2,F2,3,2,lab,30,lab,S8
TTO-07694,boundary,C01,G2,F1,3,1,classroom,60,classroom,S1
TTO-07694,boundary,C02,G1,F3,3,1,lab,30,lab,S8
TTO-07694,boundary,C03,G1,F2,3,2,lab,30,lab,S9
TTO-07694,boundary,C04,G2,F2,3,1,classroom,60,classroom,S5
TTO-07694,boundary,C05,G2,F1,3,1,lab,30,lab,S2
TTO-07695,boundary,C01,G1,F1,4,2,lab,30,lab,S8
TTO-07695,boundary,C02,G2,F1,3,2,classroom,60,classroom,S5
TTO-07695,boundary,C03,G2,F2,3,1,lab,30,lab,S3
TTO-07695,boundary,C04,G1,F3,3,1,classroom,60,classroom,S3
TTO-07695,boundary,C05,G2,F3,4,2,classroom,60,classroom,S9
TTO-07696,boundary,C01,G1,F1,3,1,lab,30,lab,S4
TTO-07696,boundary,C02,G1,F1,4,2,classroom,60,classroom,S8
TTO-07696,boundary,C03,G1,F3,4,2,lab,30,lab,S7
TTO-07696,boundary,C04,G2,F3,3,1,classroom,60,classroom,S10
TTO-07696,boundary,C05,G1,F3,4,1,lab,30,lab,S2
TTO-07697,boundary,C01,G2,F3,3,2,classroom,60,classroom,S8
TTO-07697,boundary,C02,G1,F3,3,2,classroom,60,classroom,S10
TTO-07697,boundary,C03,G1,F3,4,2,classroom,60,classroom,S6
TTO-07697,boundary,C04,G2,F1,3,1,classroom,60,classroom,S4
TTO-07697,boundary,C05,G2,F3,4,1,lab,30,lab,S5
TTO-07698,boundary,C01,G1,F3,4,1,classroom,60,classroom,S8
TTO-07698,boundary,C02,G1,F3,3,1,classroom,60,classroom,S1
TTO-07698,boundary,C03,G2,F3,3,2,classroom,60,classroom,S10
TTO-07698,boundary,C04,G1,F1,3,1,classroom,60,classroom,S9
TTO-07698,boundary,C05,G2,F1,4,1,classroom,60,classroom,S2
TTO-07699,boundary,C01,G1,F1,4,1,lab,30,lab,S5
TTO-07699,boundary,C02,G2,F2,4,2,classroom,60,classroom,S8
TTO-07699,boundary,C03,G2,F1,3,2,classroom,60,classroom,S10
TTO-07699,boundary,C04,G2,F3,4,1,lab,30,lab,S2
TTO-07699,boundary,C05,G2,F1,4,2,lab,30,lab,S1
TTO-07700,boundary,C01,G2,F3,4,2,classroom,60,classroom,S8
TTO-07700,boundary,C02,G1,F1,3,2,lab,30,lab,S5
TTO-07700,boundary,C03,G1,F1,4,1,lab,30,lab,S4
TTO-07700,boundary,C04,G2,F2,3,1,classroom,60,classroom,S2
TTO-07700,boundary,C05,G1,F1,4,1,lab,30,lab,S10
TTO-07701,boundary,C01,G2,F3,4,2,classroom,60,classroom,S9
TTO-07701,boundary,C02,G1,F3,4,2,lab,30,lab,S3
TTO-07701,boundary,C03,G1,F2,3,1,lab,30,lab,S8
TTO-07701,boundary,C04,G1,F1,4,2,lab,30,lab,S10
TTO-07701,boundary,C05,G2,F1,3,1,lab,30,lab,S8
TTO-07702,boundary,C01,G1,F1,3,1,lab,30,lab,S9
TTO-07702,boundary,C02,G1,F3,3,2,lab,30,lab,S4
TTO-07702,boundary,C03,G1,F2,3,1,lab,30,lab,S4
TTO-07702,boundary,C04,G1,F3,3,2,lab,30,lab,S5
TTO-07702,boundary,C05,G2,F1,4,2,classroom,60,classroom,S2
TTO-07703,boundary,C01,G2,F1,3,2,classroom,60,classroom,S7
TTO-07703,boundary,C02,G2,F1,3,2,classroom,60,classroom,S6
TTO-07703,boundary,C03,G2,F2,3,2,classroom,60,classroom,S10
TTO-07703,boundary,C04,G2,F2,4,2,lab,30,lab,S2
TTO-07703,boundary,C05,G1,F2,3,2,classroom,60,classroom,S6
TTO-07704,boundary,C01,G2,F1,3,2,classroom,60,classroom,S1
TTO-07704,boundary,C02,G2,F2,4,2,classroom,60,classroom,S9
TTO-07704,boundary,C03,G1,F1,4,1,classroom,60,classroom,S10
TTO-07704,boundary,C04,G1,F2,3,2,classroom,60,classroom,S10
TTO-07704,boundary,C05,G2,F2,3,1,lab,30,lab,S1
TTO-07705,boundary,C01,G1,F3,4,1,classroom,60,classroom,S4
TTO-07705,boundary,C02,G1,F1,4,1,classroom,60,classroom,S6
TTO-07705,boundary,C03,G1,F2,4,2,classroom,60,classroom,S1
TTO-07705,boundary,C04,G1,F1,3,2,lab,30,lab,S2
TTO-07705,boundary,C05,G1,F1,4,1,classroom,60,classroom,S3
TTO-07706,boundary,C01,G1,F3,4,1,lab,30,lab,S8
TTO-07706,boundary,C02,G1,F1,3,1,classroom,60,classroom,S9
TTO-07706,boundary,C03,G2,F2,3,1,lab,30,lab,S1
TTO-07706,boundary,C04,G1,F1,3,2,lab,30,lab,S9
TTO-07706,boundary,C05,G1,F3,4,2,classroom,60,classroom,S8
TTO-07707,boundary,C01,G1,F2,3,1,lab,30,lab,S1
TTO-07707,boundary,C02,G2,F1,3,1,lab,30,lab,S6
TTO-07707,boundary,C03,G1,F3,3,2,classroom,60,classroom,S6
TTO-07707,boundary,C04,G2,F2,4,1,classroom,60,classroom,S1
TTO-07707,boundary,C05,G2,F1,3,2,lab,30,lab,S7
TTO-07708,boundary,C01,G2,F3,3,1,classroom,60,classroom,S3
TTO-07708,boundary,C02,G1,F3,3,1,lab,30,lab,S6
TTO-07708,boundary,C03,G1,F1,3,1,classroom,60,classroom,S10
TTO-07708,boundary,C04,G1,F3,3,1,lab,30,lab,S4
TTO-07708,boundary,C05,G2,F2,3,1,classroom,60,classroom,S1
TTO-07709,boundary,C01,G2,F1,3,1,lab,30,lab,S6
TTO-07709,boundary,C02,G2,F3,3,1,classroom,60,classroom,S9
TTO-07709,boundary,C03,G1,F2,3,2,classroom,60,classroom,S1
TTO-07709,boundary,C04,G1,F3,3,1,lab,30,lab,S4
TTO-07709,boundary,C05,G1,F2,4,2,lab,30,lab,S10
TTO-07710,boundary,C01,G1,F3,3,2,classroom,60,classroom,S10
TTO-07710,boundary,C02,G1,F3,3,2,lab,30,lab,S2
TTO-07710,boundary,C03,G2,F1,3,2,classroom,60,classroom,S2
TTO-07710,boundary,C04,G2,F3,3,2,lab,30,lab,S9
TTO-07710,boundary,C05,G2,F3,4,2,lab,30,lab,S10
TTO-07711,boundary,C01,G2,F3,3,2,classroom,60,classroom,S1
TTO-07711,boundary,C02,G2,F2,4,2,lab,30,lab,S2
TTO-07711,boundary,C03,G2,F1,3,2,lab,30,lab,S8
TTO-07711,boundary,C04,G2,F1,4,2,lab,30,lab,S7
TTO-07711,boundary,C05,G1,F3,4,2,classroom,60,classroom,S6
TTO-07712,boundary,C01,G2,F1,4,2,classroom,60,classroom,S10
TTO-07712,boundary,C02,G2,F1,4,2,lab,30,lab,S9
TTO-07712,boundary,C03,G1,F3,3,2,lab,30,lab,S7
TTO-07712,boundary,C04,G1,F3,4,2,lab,30,lab,S8
TTO-07712,boundary,C05,G2,F3,4,2,classroom,60,classroom,S10
TTO-07713,boundary,C01,G1,F3,4,1,classroom,60,classroom,S8
TTO-07713,boundary,C02,G2,F1,4,2,classroom,60,classroom,S8
TTO-07713,boundary,C03,G1,F3,3,1,classroom,60,classroom,S4
TTO-07713,boundary,C04,G2,F1,3,2,classroom,60,classroom,S4
TTO-07713,boundary,C05,G2,F2,3,1,lab,30,lab,S2
TTO-07714,boundary,C01,G2,F2,3,1,classroom,60,classroom,S1
TTO-07714,boundary,C02,G1,F3,4,1,lab,30,lab,S7
TTO-07714,boundary,C03,G1,F2,3,1,classroom,60,classroom,S1
TTO-07714,boundary,C04,G2,F1,4,2,lab,30,lab,S7
TTO-07714,boundary,C05,G2,F1,4,2,lab,30,lab,S9
TTO-07715,boundary,C01,G1,F2,3,2,lab,30,lab,S1
TTO-07715,boundary,C02,G1,F1,4,1,classroom,60,classroom,S5
TTO-07715,boundary,C03,G1,F2,3,2,classroom,60,classroom,S1
TTO-07715,boundary,C04,G1,F2,3,1,classroom,60,classroom,S2
TTO-07715,boundary,C05,G1,F3,4,2,classroom,60,classroom,S4
TTO-07716,boundary,C01,G2,F2,4,1,classroom,60,classroom,S3
TTO-07716,boundary,C02,G1,F1,4,1,classroom,60,classroom,S4
TTO-07716,boundary,C03,G1,F1,3,1,classroom,60,classroom,S9
TTO-07716,boundary,C04,G2,F1,3,2,lab,30,lab,S7
TTO-07716,boundary,C05,G1,F1,4,2,lab,30,lab,S1
TTO-07717,boundary,C01,G2,F1,3,2,classroom,60,classroom,S10
TTO-07717,boundary,C02,G2,F2,3,1,classroom,60,classroom,S10
TTO-07717,boundary,C03,G1,F3,4,1,classroom,60,classroom,S8
TTO-07717,boundary,C04,G1,F2,3,2,classroom,60,classroom,S7
TTO-07717,boundary,C05,G1,F2,3,1,classroom,60,classroom,S4
TTO-07718,boundary,C01,G2,F2,3,1,lab,30,lab,S8
TTO-07718,boundary,C02,G2,F2,3,1,lab,30,lab,S6
TTO-07718,boundary,C03,G1,F1,4,2,lab,30,lab,S10
TTO-07718,boundary,C04,G2,F3,3,2,classroom,60,classroom,S6
TTO-07718,boundary,C05,G2,F3,3,2,classroom,60,classroom,S3
TTO-07719,boundary,C01,G2,F3,4,2,classroom,60,classroom,S6
TTO-07719,boundary,C02,G1,F2,4,1,classroom,60,classroom,S10
TTO-07719,boundary,C03,G1,F2,4,1,classroom,60,classroom,S6
TTO-07719,boundary,C04,G2,F2,4,2,classroom,60,classroom,S10
TTO-07719,boundary,C05,G1,F3,4,2,classroom,60,classroom,S10
TTO-07720,boundary,C01,G1,F2,4,2,lab,30,lab,S6
TTO-07720,boundary,C02,G2,F2,3,2,classroom,60,classroom,S3
TTO-07720,boundary,C03,G1,F3,4,1,lab,30,lab,S9
TTO-07720,boundary,C04,G2,F3,4,2,lab,30,lab,S8
TTO-07720,boundary,C05,G2,F3,3,1,classroom,60,classroom,S1
TTO-07721,boundary,C01,G1,F2,4,2,lab,30,lab,S7
TTO-07721,boundary,C02,G1,F1,3,1,lab,30,lab,S7
TTO-07721,boundary,C03,G1,F3,3,1,lab,30,lab,S2
TTO-07721,boundary,C04,G2,F1,4,2,classroom,60,classroom,S5
TTO-07721,boundary,C05,G1,F3,3,2,classroom,60,classroom,S8
TTO-07722,boundary,C01,G2,F3,4,1,lab,30,lab,S4
TTO-07722,boundary,C02,G2,F3,4,2,classroom,60,classroom,S5
TTO-07722,boundary,C03,G1,F2,4,1,lab,30,lab,S4
TTO-07722,boundary,C04,G2,F2,3,1,classroom,60,classroom,S5
TTO-07722,boundary,C05,G2,F2,3,1,classroom,60,classroom,S1
TTO-07723,boundary,C01,G2,F1,4,1,lab,30,lab,S3
TTO-07723,boundary,C02,G1,F3,3,1,classroom,60,classroom,S7
TTO-07723,boundary,C03,G2,F2,4,1,classroom,60,classroom,S2
TTO-07723,boundary,C04,G2,F2,3,1,classroom,60,classroom,S7
TTO-07723,boundary,C05,G1,F2,3,2,lab,30,lab,S8
TTO-07724,boundary,C01,G2,F1,4,1,classroom,60,classroom,S10
TTO-07724,boundary,C02,G1,F1,4,2,classroom,60,classroom,S3
TTO-07724,boundary,C03,G2,F1,3,2,classroom,60,classroom,S5
TTO-07724,boundary,C04,G2,F3,3,2,classroom,60,classroom,S3
TTO-07724,boundary,C05,G2,F3,3,2,lab,30,lab,S2
TTO-07725,boundary,C01,G2,F3,4,2,lab,30,lab,S1
TTO-07725,boundary,C02,G2,F1,3,1,classroom,60,classroom,S5
TTO-07725,boundary,C03,G2,F3,4,2,classroom,60,classroom,S10
TTO-07725,boundary,C04,G1,F3,3,2,classroom,60,classroom,S1
TTO-07725,boundary,C05,G1,F2,3,2,lab,30,lab,S3
TTO-07726,boundary,C01,G2,F3,3,2,lab,30,lab,S2
TTO-07726,boundary,C02,G1,F2,3,2,lab,30,lab,S2
TTO-07726,boundary,C03,G1,F3,4,1,classroom,60,classroom,S7
TTO-07726,boundary,C04,G2,F1,3,2,classroom,60,classroom,S4
TTO-07726,boundary,C05,G1,F1,3,1,lab,30,lab,S4
TTO-07727,boundary,C01,G2,F3,3,2,classroom,60,classroom,S5
TTO-07727,boundary,C02,G1,F1,3,1,classroom,60,classroom,S9
TTO-07727,boundary,C03,G2,F1,4,1,lab,30,lab,S9
TTO-07727,boundary,C04,G1,F3,3,1,lab,30,lab,S7
TTO-07727,boundary,C05,G1,F2,4,1,lab,30,lab,S9
TTO-07728,boundary,C01,G2,F2,3,2,lab,30,lab,S8
TTO-07728,boundary,C02,G2,F3,4,2,lab,30,lab,S2
TTO-07728,boundary,C03,G2,F1,4,2,classroom,60,classroom,S9
TTO-07728,boundary,C04,G2,F1,3,1,lab,30,lab,S8
TTO-07728,boundary,C05,G1,F1,3,2,lab,30,lab,S10
TTO-07729,boundary,C01,G2,F1,4,1,classroom,60,classroom,S6
TTO-07729,boundary,C02,G2,F3,3,2,lab,30,lab,S3
TTO-07729,boundary,C03,G1,F2,3,1,classroom,60,classroom,S6
TTO-07729,boundary,C04,G2,F1,4,2,classroom,60,classroom,S6
TTO-07729,boundary,C05,G2,F3,4,1,classroom,60,classroom,S7
TTO-07730,boundary,C01,G1,F1,3,1,lab,30,lab,S8
TTO-07730,boundary,C02,G2,F3,3,2,classroom,60,classroom,S7
TTO-07730,boundary,C03,G1,F2,4,1,classroom,60,classroom,S9
TTO-07730,boundary,C04,G1,F2,4,2,lab,30,lab,S10
TTO-07730,boundary,C05,G2,F2,3,2,classroom,60,classroom,S1
TTO-07731,boundary,C01,G1,F1,3,2,classroom,60,classroom,S7
TTO-07731,boundary,C02,G2,F3,3,2,classroom,60,classroom,S10
TTO-07731,boundary,C03,G1,F1,4,1,classroom,60,classroom,S4
TTO-07731,boundary,C04,G2,F2,4,2,classroom,60,classroom,S7
TTO-07731,boundary,C05,G1,F2,4,2,lab,30,lab,S9
TTO-07732,boundary,C01,G1,F2,3,1,lab,30,lab,S8
TTO-07732,boundary,C02,G1,F1,4,1,lab,30,lab,S4
TTO-07732,boundary,C03,G2,F1,4,1,lab,30,lab,S8
TTO-07732,boundary,C04,G2,F1,4,1,classroom,60,classroom,S8
TTO-07732,boundary,C05,G2,F3,3,1,classroom,60,classroom,S1
TTO-07733,boundary,C01,G2,F1,4,1,lab,30,lab,S3
TTO-07733,boundary,C02,G2,F1,3,1,classroom,60,classroom,S5
TTO-07733,boundary,C03,G2,F3,3,2,classroom,60,classroom,S4
TTO-07733,boundary,C04,G2,F2,4,1,classroom,60,classroom,S6
TTO-07733,boundary,C05,G1,F3,3,1,lab,30,lab,S10
TTO-07734,boundary,C01,G2,F3,3,1,lab,30,lab,S5
TTO-07734,boundary,C02,G1,F1,3,1,classroom,60,classroom,S2
TTO-07734,boundary,C03,G2,F3,3,2,classroom,60,classroom,S7
TTO-07734,boundary,C04,G1,F1,3,2,classroom,60,classroom,S7
TTO-07734,boundary,C05,G2,F1,3,2,lab,30,lab,S1
TTO-07735,boundary,C01,G2,F1,3,1,lab,30,lab,S4
TTO-07735,boundary,C02,G1,F1,4,1,classroom,60,classroom,S4
TTO-07735,boundary,C03,G2,F2,4,2,classroom,60,classroom,S10
TTO-07735,boundary,C04,G2,F1,4,2,lab,30,lab,S7
TTO-07735,boundary,C05,G2,F1,4,1,lab,30,lab,S5
TTO-07736,boundary,C01,G2,F2,3,1,lab,30,lab,S4
TTO-07736,boundary,C02,G1,F3,3,1,lab,30,lab,S9
TTO-07736,boundary,C03,G1,F1,3,1,classroom,60,classroom,S8
TTO-07736,boundary,C04,G1,F1,3,1,classroom,60,classroom,S3
TTO-07736,boundary,C05,G1,F1,3,1,classroom,60,classroom,S1
TTO-07737,boundary,C01,G2,F2,4,2,classroom,60,classroom,S1
TTO-07737,boundary,C02,G1,F2,4,1,lab,30,lab,S9
TTO-07737,boundary,C03,G1,F1,3,2,classroom,60,classroom,S5
TTO-07737,boundary,C04,G1,F3,3,2,classroom,60,classroom,S8
TTO-07737,boundary,C05,G1,F3,4,1,lab,30,lab,S5
TTO-07738,boundary,C01,G2,F2,4,2,classroom,60,classroom,S8
TTO-07738,boundary,C02,G2,F3,4,2,classroom,60,classroom,S8
TTO-07738,boundary,C03,G1,F2,4,2,lab,30,lab,S4
TTO-07738,boundary,C04,G1,F2,3,2,lab,30,lab,S1
TTO-07738,boundary,C05,G1,F1,4,1,lab,30,lab,S3
TTO-07739,boundary,C01,G1,F3,3,1,lab,30,lab,S2
TTO-07739,boundary,C02,G1,F2,4,1,classroom,60,classroom,S7
TTO-07739,boundary,C03,G2,F3,3,2,classroom,60,classroom,S10
TTO-07739,boundary,C04,G1,F3,4,2,classroom,60,classroom,S5
TTO-07739,boundary,C05,G2,F1,4,2,lab,30,lab,S9
TTO-07740,boundary,C01,G1,F1,3,1,lab,30,lab,S9
TTO-07740,boundary,C02,G2,F2,4,1,classroom,60,classroom,S3
TTO-07740,boundary,C03,G2,F1,4,1,classroom,60,classroom,S6
TTO-07740,boundary,C04,G2,F3,4,2,lab,30,lab,S2
TTO-07740,boundary,C05,G1,F3,3,1,lab,30,lab,S10
TTO-07741,boundary,C01,G1,F2,3,2,lab,30,lab,S3
TTO-07741,boundary,C02,G1,F3,4,1,classroom,60,classroom,S2
TTO-07741,boundary,C03,G1,F2,4,1,classroom,60,classroom,S9
TTO-07741,boundary,C04,G1,F1,3,2,lab,30,lab,S6
TTO-07741,boundary,C05,G2,F1,4,1,lab,30,lab,S3
TTO-07742,boundary,C01,G2,F1,4,2,classroom,60,classroom,S3
TTO-07742,boundary,C02,G1,F1,4,1,lab,30,lab,S9
TTO-07742,boundary,C03,G2,F1,3,1,lab,30,lab,S5
TTO-07742,boundary,C04,G1,F2,3,2,lab,30,lab,S7
TTO-07742,boundary,C05,G1,F3,3,2,classroom,60,classroom,S9
TTO-07743,boundary,C01,G1,F2,3,2,classroom,60,classroom,S2
TTO-07743,boundary,C02,G2,F2,4,2,classroom,60,classroom,S7
TTO-07743,boundary,C03,G2,F1,3,1,lab,30,lab,S7
TTO-07743,boundary,C04,G2,F1,4,2,classroom,60,classroom,S2
TTO-07743,boundary,C05,G1,F3,3,2,lab,30,lab,S3
TTO-07744,boundary,C01,G1,F2,4,2,classroom,60,classroom,S10
TTO-07744,boundary,C02,G2,F2,3,1,lab,30,lab,S9
TTO-07744,boundary,C03,G2,F2,4,1,lab,30,lab,S8
TTO-07744,boundary,C04,G2,F3,3,2,lab,30,lab,S2
TTO-07744,boundary,C05,G2,F3,3,2,classroom,60,classroom,S3
TTO-07745,boundary,C01,G2,F1,4,2,lab,30,lab,S3
TTO-07745,boundary,C02,G2,F2,3,2,lab,30,lab,S6
TTO-07745,boundary,C03,G1,F1,3,2,lab,30,lab,S6
TTO-07745,boundary,C04,G2,F1,3,2,lab,30,lab,S6
TTO-07745,boundary,C05,G1,F3,4,2,classroom,60,classroom,S3
TTO-07746,boundary,C01,G2,F3,3,2,lab,30,lab,S8
TTO-07746,boundary,C02,G2,F3,3,1,lab,30,lab,S10
TTO-07746,boundary,C03,G2,F1,3,2,lab,30,lab,S2
TTO-07746,boundary,C04,G1,F1,3,1,classroom,60,classroom,S6
TTO-07746,boundary,C05,G1,F1,4,2,classroom,60,classroom,S2
TTO-07747,boundary,C01,G1,F3,4,1,lab,30,lab,S2
TTO-07747,boundary,C02,G1,F1,4,1,lab,30,lab,S10
TTO-07747,boundary,C03,G2,F1,4,1,lab,30,lab,S2
TTO-07747,boundary,C04,G2,F1,3,1,classroom,60,classroom,S5
TTO-07747,boundary,C05,G2,F3,3,1,lab,30,lab,S7
TTO-07748,boundary,C01,G2,F2,4,1,classroom,60,classroom,S1
TTO-07748,boundary,C02,G2,F3,4,1,lab,30,lab,S10
TTO-07748,boundary,C03,G2,F3,4,1,classroom,60,classroom,S4
TTO-07748,boundary,C04,G1,F1,3,1,lab,30,lab,S7
TTO-07748,boundary,C05,G1,F3,4,2,lab,30,lab,S1
TTO-07749,boundary,C01,G2,F1,3,1,classroom,60,classroom,S1
TTO-07749,boundary,C02,G2,F3,3,1,classroom,60,classroom,S3
TTO-07749,boundary,C03,G1,F2,3,1,lab,30,lab,S10
TTO-07749,boundary,C04,G1,F3,4,1,lab,30,lab,S7
TTO-07749,boundary,C05,G1,F1,4,2,lab,30,lab,S3
TTO-07750,boundary,C01,G2,F3,4,2,classroom,60,classroom,S7
TTO-07750,boundary,C02,G2,F2,3,1,lab,30,lab,S3
TTO-07750,boundary,C03,G1,F3,3,1,lab,30,lab,S10
TTO-07750,boundary,C04,G1,F2,4,2,lab,30,lab,S9
TTO-07750,boundary,C05,G2,F1,4,2,lab,30,lab,S5
TTO-07751,boundary,C01,G1,F1,4,1,classroom,60,classroom,S4
TTO-07751,boundary,C02,G2,F3,3,2,classroom,60,classroom,S2
TTO-07751,boundary,C03,G1,F3,4,2,lab,30,lab,S5
TTO-07751,boundary,C04,G1,F1,3,2,lab,30,lab,S9
TTO-07751,boundary,C05,G2,F3,4,2,lab,30,lab,S4
TTO-07752,boundary,C01,G2,F1,3,2,classroom,60,classroom,S7
TTO-07752,boundary,C02,G1,F1,4,1,classroom,60,classroom,S1
TTO-07752,boundary,C03,G2,F3,4,1,classroom,60,classroom,S2
TTO-07752,boundary,C04,G1,F3,3,1,classroom,60,classroom,S9
TTO-07752,boundary,C05,G2,F2,3,1,classroom,60,classroom,S9
TTO-07753,boundary,C01,G2,F1,3,1,lab,30,lab,S1
TTO-07753,boundary,C02,G1,F3,4,1,lab,30,lab,S1
TTO-07753,boundary,C03,G2,F3,3,2,lab,30,lab,S7
TTO-07753,boundary,C04,G2,F2,3,1,classroom,60,classroom,S2
TTO-07753,boundary,C05,G2,F3,3,2,classroom,60,classroom,S5
TTO-07754,boundary,C01,G1,F1,4,2,classroom,60,classroom,S7
TTO-07754,boundary,C02,G1,F3,4,2,classroom,60,classroom,S9
TTO-07754,boundary,C03,G2,F2,4,2,lab,30,lab,S1
TTO-07754,boundary,C04,G2,F1,3,2,lab,30,lab,S6
TTO-07754,boundary,C05,G1,F1,3,2,lab,30,lab,S5
TTO-07755,boundary,C01,G2,F1,4,1,lab,30,lab,S2
TTO-07755,boundary,C02,G2,F1,4,1,classroom,60,classroom,S10
TTO-07755,boundary,C03,G1,F2,4,2,classroom,60,classroom,S5
TTO-07755,boundary,C04,G1,F3,3,2,lab,30,lab,S9
TTO-07755,boundary,C05,G1,F2,4,2,lab,30,lab,S6
TTO-07756,boundary,C01,G2,F1,4,2,classroom,60,classroom,S2
TTO-07756,boundary,C02,G2,F2,3,1,lab,30,lab,S4
TTO-07756,boundary,C03,G1,F2,4,1,lab,30,lab,S1
TTO-07756,boundary,C04,G2,F2,3,2,lab,30,lab,S2
TTO-07756,boundary,C05,G2,F3,3,1,classroom,60,classroom,S2
TTO-07757,boundary,C01,G2,F3,4,2,classroom,60,classroom,S9
TTO-07757,boundary,C02,G2,F2,3,1,lab,30,lab,S8
TTO-07757,boundary,C03,G1,F3,4,1,lab,30,lab,S5
TTO-07757,boundary,C04,G1,F1,3,1,lab,30,lab,S6
TTO-07757,boundary,C05,G2,F1,3,1,classroom,60,classroom,S8
TTO-07758,boundary,C01,G1,F3,3,2,classroom,60,classroom,S5
TTO-07758,boundary,C02,G2,F3,3,1,classroom,60,classroom,S6
TTO-07758,boundary,C03,G1,F3,4,2,classroom,60,classroom,S1
TTO-07758,boundary,C04,G1,F1,3,2,lab,30,lab,S2
TTO-07758,boundary,C05,G1,F1,3,2,lab,30,lab,S9
TTO-07759,boundary,C01,G2,F2,3,1,classroom,60,classroom,S2
TTO-07759,boundary,C02,G2,F3,3,2,lab,30,lab,S5
TTO-07759,boundary,C03,G2,F1,3,1,lab,30,lab,S6
TTO-07759,boundary,C04,G2,F1,4,1,classroom,60,classroom,S1
TTO-07759,boundary,C05,G1,F2,3,1,classroom,60,classroom,S4
TTO-07760,boundary,C01,G1,F2,3,1,lab,30,lab,S6
TTO-07760,boundary,C02,G1,F1,3,2,classroom,60,classroom,S8
TTO-07760,boundary,C03,G1,F3,3,1,lab,30,lab,S5
TTO-07760,boundary,C04,G1,F2,4,2,lab,30,lab,S9
TTO-07760,boundary,C05,G2,F3,4,2,lab,30,lab,S6
TTO-07761,boundary,C01,G2,F2,3,2,classroom,60,classroom,S9
TTO-07761,boundary,C02,G2,F3,4,1,classroom,60,classroom,S8
TTO-07761,boundary,C03,G1,F2,4,1,lab,30,lab,S6
TTO-07761,boundary,C04,G1,F2,4,2,lab,30,lab,S1
TTO-07761,boundary,C05,G1,F1,3,2,classroom,60,classroom,S5
TTO-07762,boundary,C01,G1,F2,3,1,lab,30,lab,S1
TTO-07762,boundary,C02,G2,F3,4,1,classroom,60,classroom,S4
TTO-07762,boundary,C03,G1,F2,4,1,classroom,60,classroom,S5
TTO-07762,boundary,C04,G1,F1,4,1,lab,30,lab,S8
TTO-07762,boundary,C05,G2,F1,3,1,classroom,60,classroom,S3
TTO-07763,boundary,C01,G1,F3,3,1,lab,30,lab,S3
TTO-07763,boundary,C02,G1,F2,3,2,classroom,60,classroom,S10
TTO-07763,boundary,C03,G2,F3,3,1,lab,30,lab,S4
TTO-07763,boundary,C04,G2,F2,3,2,classroom,60,classroom,S10
TTO-07763,boundary,C05,G1,F2,3,1,lab,30,lab,S10
TTO-07764,boundary,C01,G1,F2,4,2,lab,30,lab,S6
TTO-07764,boundary,C02,G2,F2,3,1,classroom,60,classroom,S2
TTO-07764,boundary,C03,G2,F2,3,2,lab,30,lab,S10
TTO-07764,boundary,C04,G1,F3,3,1,classroom,60,classroom,S5
TTO-07764,boundary,C05,G2,F3,3,2,lab,30,lab,S1
TTO-07765,boundary,C01,G2,F1,3,2,lab,30,lab,S7
TTO-07765,boundary,C02,G2,F2,4,1,classroom,60,classroom,S10
TTO-07765,boundary,C03,G1,F2,4,2,classroom,60,classroom,S9
TTO-07765,boundary,C04,G2,F2,4,2,lab,30,lab,S8
TTO-07765,boundary,C05,G1,F1,3,2,lab,30,lab,S4
TTO-07766,boundary,C01,G2,F2,3,1,classroom,60,classroom,S8
TTO-07766,boundary,C02,G2,F3,4,1,lab,30,lab,S4
TTO-07766,boundary,C03,G2,F3,3,1,classroom,60,classroom,S5
TTO-07766,boundary,C04,G2,F1,4,1,lab,30,lab,S8
TTO-07766,boundary,C05,G2,F2,4,2,lab,30,lab,S6
TTO-07767,boundary,C01,G2,F1,3,1,classroom,60,classroom,S10
TTO-07767,boundary,C02,G1,F3,3,1,classroom,60,classroom,S1
TTO-07767,boundary,C03,G1,F2,3,1,lab,30,lab,S8
TTO-07767,boundary,C04,G1,F3,4,1,classroom,60,classroom,S6
TTO-07767,boundary,C05,G1,F3,4,1,classroom,60,classroom,S4
TTO-07768,boundary,C01,G1,F2,4,1,classroom,60,classroom,S5
TTO-07768,boundary,C02,G1,F3,3,2,classroom,60,classroom,S1
TTO-07768,boundary,C03,G2,F2,3,2,classroom,60,classroom,S7
TTO-07768,boundary,C04,G2,F1,3,1,classroom,60,classroom,S5
TTO-07768,boundary,C05,G1,F2,4,2,classroom,60,classroom,S6
TTO-07769,boundary,C01,G1,F1,4,2,lab,30,lab,S1
TTO-07769,boundary,C02,G2,F3,4,2,classroom,60,classroom,S7
TTO-07769,boundary,C03,G1,F1,3,2,lab,30,lab,S5
TTO-07769,boundary,C04,G1,F2,3,2,classroom,60,classroom,S10
TTO-07769,boundary,C05,G1,F2,3,2,classroom,60,classroom,S1
TTO-07770,boundary,C01,G1,F3,3,2,classroom,60,classroom,S7
TTO-07770,boundary,C02,G2,F3,3,2,lab,30,lab,S3
TTO-07770,boundary,C03,G1,F1,3,2,lab,30,lab,S1
TTO-07770,boundary,C04,G1,F3,3,2,lab,30,lab,S2
TTO-07770,boundary,C05,G1,F1,3,2,lab,30,lab,S7
TTO-07771,boundary,C01,G1,F1,4,1,classroom,60,classroom,S4
TTO-07771,boundary,C02,G1,F1,3,2,lab,30,lab,S6
TTO-07771,boundary,C03,G1,F3,3,1,classroom,60,classroom,S6
TTO-07771,boundary,C04,G1,F2,4,2,lab,30,lab,S2
TTO-07771,boundary,C05,G1,F1,3,2,lab,30,lab,S10
TTO-07772,boundary,C01,G1,F2,4,2,classroom,60,classroom,S4
TTO-07772,boundary,C02,G2,F1,3,1,classroom,60,classroom,S6
TTO-07772,boundary,C03,G2,F3,4,2,classroom,60,classroom,S4
TTO-07772,boundary,C04,G2,F1,3,1,lab,30,lab,S6
TTO-07772,boundary,C05,G1,F3,4,2,lab,30,lab,S2
TTO-07773,boundary,C01,G2,F1,4,1,classroom,60,classroom,S2
TTO-07773,boundary,C02,G2,F1,3,2,lab,30,lab,S2
TTO-07773,boundary,C03,G2,F1,3,2,lab,30,lab,S6
TTO-07773,boundary,C04,G2,F2,4,1,lab,30,lab,S1
TTO-07773,boundary,C05,G1,F2,4,2,lab,30,lab,S5
TTO-07774,boundary,C01,G2,F1,3,2,lab,30,lab,S8
TTO-07774,boundary,C02,G2,F3,3,2,lab,30,lab,S6
TTO-07774,boundary,C03,G1,F1,4,1,classroom,60,classroom,S3
TTO-07774,boundary,C04,G1,F2,3,1,lab,30,lab,S3
TTO-07774,boundary,C05,G1,F2,3,2,lab,30,lab,S6
TTO-07775,boundary,C01,G1,F3,3,2,classroom,60,classroom,S4
TTO-07775,boundary,C02,G2,F2,3,1,classroom,60,classroom,S5
TTO-07775,boundary,C03,G2,F3,3,1,lab,30,lab,S5
TTO-07775,boundary,C04,G2,F3,4,1,classroom,60,classroom,S2
TTO-07775,boundary,C05,G2,F1,4,2,lab,30,lab,S4
TTO-07776,boundary,C01,G2,F3,3,1,lab,30,lab,S4
TTO-07776,boundary,C02,G1,F3,3,1,lab,30,lab,S8
TTO-07776,boundary,C03,G1,F2,4,2,classroom,60,classroom,S4
TTO-07776,boundary,C04,G1,F3,3,1,classroom,60,classroom,S1
TTO-07776,boundary,C05,G2,F3,3,1,classroom,60,classroom,S6
TTO-07777,boundary,C01,G2,F2,3,1,lab,30,lab,S5
TTO-07777,boundary,C02,G1,F3,4,2,classroom,60,classroom,S1
TTO-07777,boundary,C03,G1,F3,3,1,classroom,60,classroom,S5
TTO-07777,boundary,C04,G2,F1,4,2,classroom,60,classroom,S5
TTO-07777,boundary,C05,G1,F1,4,2,lab,30,lab,S2
TTO-07778,boundary,C01,G2,F1,4,1,classroom,60,classroom,S8
TTO-07778,boundary,C02,G1,F1,4,1,lab,30,lab,S6
TTO-07778,boundary,C03,G2,F3,3,1,classroom,60,classroom,S3
TTO-07778,boundary,C04,G1,F3,3,1,classroom,60,classroom,S9
TTO-07778,boundary,C05,G1,F3,4,2,lab,30,lab,S6
TTO-07779,boundary,C01,G1,F2,4,1,classroom,60,classroom,S6
TTO-07779,boundary,C02,G2,F2,4,1,classroom,60,classroom,S4
TTO-07779,boundary,C03,G1,F2,3,2,lab,30,lab,S9
TTO-07779,boundary,C04,G1,F3,3,1,lab,30,lab,S1
TTO-07779,boundary,C05,G1,F3,3,2,lab,30,lab,S3
TTO-07780,boundary,C01,G2,F3,4,2,lab,30,lab,S6
TTO-07780,boundary,C02,G2,F3,3,1,lab,30,lab,S3
TTO-07780,boundary,C03,G2,F3,4,1,classroom,60,classroom,S5
TTO-07780,boundary,C04,G2,F1,4,1,lab,30,lab,S5
TTO-07780,boundary,C05,G2,F3,3,1,lab,30,lab,S7
TTO-07781,boundary,C01,G1,F2,4,1,lab,30,lab,S1
TTO-07781,boundary,C02,G1,F3,3,1,lab,30,lab,S2
TTO-07781,boundary,C03,G2,F1,4,1,classroom,60,classroom,S5
TTO-07781,boundary,C04,G2,F2,3,1,classroom,60,classroom,S5
TTO-07781,boundary,C05,G2,F3,4,2,lab,30,lab,S7
TTO-07782,boundary,C01,G1,F1,4,2,classroom,60,classroom,S2
TTO-07782,boundary,C02,G1,F1,3,2,lab,30,lab,S2
TTO-07782,boundary,C03,G2,F2,3,2,lab,30,lab,S10
TTO-07782,boundary,C04,G1,F2,3,1,classroom,60,classroom,S9
TTO-07782,boundary,C05,G2,F1,3,1,classroom,60,classroom,S4
TTO-07783,boundary,C01,G1,F2,3,2,lab,30,lab,S3
TTO-07783,boundary,C02,G1,F3,4,1,classroom,60,classroom,S8
TTO-07783,boundary,C03,G1,F1,3,1,classroom,60,classroom,S1
TTO-07783,boundary,C04,G2,F1,4,1,lab,30,lab,S10
TTO-07783,boundary,C05,G2,F3,3,1,classroom,60,classroom,S9
TTO-07784,boundary,C01,G1,F3,3,2,classroom,60,classroom,S2
TTO-07784,boundary,C02,G2,F3,4,2,lab,30,lab,S2
TTO-07784,boundary,C03,G1,F3,3,1,classroom,60,classroom,S4
TTO-07784,boundary,C04,G1,F2,3,2,lab,30,lab,S4
TTO-07784,boundary,C05,G1,F3,3,1,lab,30,lab,S5
TTO-07785,boundary,C01,G2,F3,3,1,lab,30,lab,S8
TTO-07785,boundary,C02,G1,F2,3,1,classroom,60,classroom,S8
TTO-07785,boundary,C03,G2,F3,4,2,lab,30,lab,S8
TTO-07785,boundary,C04,G1,F3,4,1,classroom,60,classroom,S5
TTO-07785,boundary,C05,G2,F1,4,1,classroom,60,classroom,S7
TTO-07786,boundary,C01,G1,F3,3,1,classroom,60,classroom,S9
TTO-07786,boundary,C02,G2,F3,4,2,classroom,60,classroom,S1
TTO-07786,boundary,C03,G2,F1,3,2,classroom,60,classroom,S5
TTO-07786,boundary,C04,G1,F2,3,1,lab,30,lab,S8
TTO-07786,boundary,C05,G2,F1,4,1,lab,30,lab,S1
TTO-07787,boundary,C01,G2,F3,4,2,lab,30,lab,S1
TTO-07787,boundary,C02,G1,F3,3,1,classroom,60,classroom,S3
TTO-07787,boundary,C03,G1,F2,4,2,classroom,60,classroom,S1
TTO-07787,boundary,C04,G1,F3,3,1,lab,30,lab,S1
TTO-07787,boundary,C05,G1,F2,4,2,classroom,60,classroom,S5
TTO-07788,boundary,C01,G2,F1,4,1,lab,30,lab,S8
TTO-07788,boundary,C02,G1,F1,3,1,classroom,60,classroom,S10
TTO-07788,boundary,C03,G2,F1,3,1,classroom,60,classroom,S6
TTO-07788,boundary,C04,G1,F2,4,1,classroom,60,classroom,S10
TTO-07788,boundary,C05,G2,F3,3,2,classroom,60,classroom,S8
TTO-07789,boundary,C01,G2,F1,4,2,lab,30,lab,S3
TTO-07789,boundary,C02,G1,F2,3,2,lab,30,lab,S10
TTO-07789,boundary,C03,G1,F3,3,1,classroom,60,classroom,S3
TTO-07789,boundary,C04,G1,F1,3,2,classroom,60,classroom,S6
TTO-07789,boundary,C05,G1,F3,3,1,classroom,60,classroom,S2
TTO-07790,boundary,C01,G2,F2,4,1,lab,30,lab,S3
TTO-07790,boundary,C02,G2,F1,4,2,classroom,60,classroom,S3
TTO-07790,boundary,C03,G1,F1,3,1,classroom,60,classroom,S6
TTO-07790,boundary,C04,G2,F2,3,2,lab,30,lab,S1
TTO-07790,boundary,C05,G1,F1,3,2,classroom,60,classroom,S7
TTO-07791,boundary,C01,G1,F3,4,2,classroom,60,classroom,S2
TTO-07791,boundary,C02,G1,F2,4,2,lab,30,lab,S7
TTO-07791,boundary,C03,G2,F1,3,1,lab,30,lab,S3
TTO-07791,boundary,C04,G1,F3,4,1,lab,30,lab,S3
TTO-07791,boundary,C05,G1,F2,4,2,classroom,60,classroom,S3
TTO-07792,boundary,C01,G1,F3,4,2,classroom,60,classroom,S1
TTO-07792,boundary,C02,G2,F3,4,1,lab,30,lab,S6
TTO-07792,boundary,C03,G2,F2,4,2,lab,30,lab,S10
TTO-07792,boundary,C04,G1,F2,3,1,classroom,60,classroom,S1
TTO-07792,boundary,C05,G1,F1,4,2,lab,30,lab,S8
TTO-07793,boundary,C01,G2,F3,4,1,lab,30,lab,S7
TTO-07793,boundary,C02,G2,F1,4,1,lab,30,lab,S6
TTO-07793,boundary,C03,G1,F3,3,1,lab,30,lab,S1
TTO-07793,boundary,C04,G2,F3,4,2,classroom,60,classroom,S5
TTO-07793,boundary,C05,G2,F2,3,2,classroom,60,classroom,S3
TTO-07794,boundary,C01,G1,F3,3,2,classroom,60,classroom,S4
TTO-07794,boundary,C02,G1,F3,3,2,classroom,60,classroom,S3
TTO-07794,boundary,C03,G1,F3,3,2,lab,30,lab,S4
TTO-07794,boundary,C04,G1,F1,3,1,classroom,60,classroom,S3
TTO-07794,boundary,C05,G2,F2,3,2,lab,30,lab,S3
TTO-07795,boundary,C01,G1,F2,4,2,classroom,60,classroom,S9
TTO-07795,boundary,C02,G2,F2,3,2,lab,30,lab,S1
TTO-07795,boundary,C03,G2,F3,4,2,lab,30,lab,S1
TTO-07795,boundary,C04,G1,F1,4,2,classroom,60,classroom,S10
TTO-07795,boundary,C05,G1,F1,4,1,lab,30,lab,S4
TTO-07796,boundary,C01,G2,F1,4,1,classroom,60,classroom,S3
TTO-07796,boundary,C02,G2,F3,4,2,classroom,60,classroom,S4
TTO-07796,boundary,C03,G1,F3,3,1,lab,30,lab,S7
TTO-07796,boundary,C04,G2,F1,3,2,lab,30,lab,S2
TTO-07796,boundary,C05,G2,F2,3,2,lab,30,lab,S9
TTO-07797,boundary,C01,G2,F2,3,2,classroom,60,classroom,S7
TTO-07797,boundary,C02,G1,F1,3,1,classroom,60,classroom,S8
TTO-07797,boundary,C03,G2,F2,4,2,lab,30,lab,S5
TTO-07797,boundary,C04,G2,F1,3,1,lab,30,lab,S9
TTO-07797,boundary,C05,G2,F1,3,2,lab,30,lab,S6
TTO-07798,boundary,C01,G2,F3,3,1,classroom,60,classroom,S8
TTO-07798,boundary,C02,G2,F2,3,2,lab,30,lab,S5
TTO-07798,boundary,C03,G2,F1,3,2,classroom,60,classroom,S7
TTO-07798,boundary,C04,G2,F1,4,2,lab,30,lab,S9
TTO-07798,boundary,C05,G1,F1,4,2,lab,30,lab,S10
TTO-07799,boundary,C01,G2,F3,4,1,classroom,60,classroom,S9
TTO-07799,boundary,C02,G2,F3,4,2,classroom,60,classroom,S7
TTO-07799,boundary,C03,G1,F3,3,1,lab,30,lab,S10
TTO-07799,boundary,C04,G1,F2,4,2,classroom,60,classroom,S8
TTO-07799,boundary,C05,G2,F1,4,2,classroom,60,classroom,S7
TTO-07800,boundary,C01,G1,F2,3,2,lab,30,lab,S4
TTO-07800,boundary,C02,G1,F3,3,2,lab,30,lab,S7
TTO-07800,boundary,C03,G2,F2,4,1,lab,30,lab,S8
TTO-07800,boundary,C04,G1,F1,3,1,classroom,60,classroom,S7
TTO-07800,boundary,C05,G2,F2,3,1,lab,30,lab,S5
TTO-07801,boundary,C01,G1,F1,3,1,classroom,60,classroom,S2
TTO-07801,boundary,C02,G1,F1,3,1,classroom,60,classroom,S6
TTO-07801,boundary,C03,G1,F2,4,1,classroom,60,classroom,S4
TTO-07801,boundary,C04,G1,F1,4,1,classroom,60,classroom,S2
TTO-07801,boundary,C05,G2,F3,4,2,classroom,60,classroom,S2
TTO-07802,boundary,C01,G1,F3,4,1,lab,30,lab,S5
TTO-07802,boundary,C02,G1,F3,4,2,lab,30,lab,S5
TTO-07802,boundary,C03,G2,F3,4,1,classroom,60,classroom,S6
TTO-07802,boundary,C04,G2,F3,4,1,lab,30,lab,S9
TTO-07802,boundary,C05,G1,F3,3,2,classroom,60,classroom,S1
TTO-07803,boundary,C01,G1,F2,4,1,lab,30,lab,S7
TTO-07803,boundary,C02,G2,F1,4,2,classroom,60,classroom,S5
TTO-07803,boundary,C03,G1,F3,4,1,classroom,60,classroom,S6
TTO-07803,boundary,C04,G1,F2,3,1,classroom,60,classroom,S5
TTO-07803,boundary,C05,G2,F3,3,2,classroom,60,classroom,S3
TTO-07804,boundary,C01,G1,F3,4,2,classroom,60,classroom,S3
TTO-07804,boundary,C02,G2,F3,4,2,lab,30,lab,S10
TTO-07804,boundary,C03,G1,F3,3,1,lab,30,lab,S4
TTO-07804,boundary,C04,G2,F1,3,2,lab,30,lab,S3
TTO-07804,boundary,C05,G1,F2,4,2,classroom,60,classroom,S2
TTO-07805,boundary,C01,G1,F2,4,1,classroom,60,classroom,S9
TTO-07805,boundary,C02,G1,F2,3,1,classroom,60,classroom,S1
TTO-07805,boundary,C03,G1,F1,3,1,classroom,60,classroom,S9
TTO-07805,boundary,C04,G1,F1,3,1,classroom,60,classroom,S2
TTO-07805,boundary,C05,G2,F1,3,2,classroom,60,classroom,S3
TTO-07806,boundary,C01,G2,F3,4,1,classroom,60,classroom,S3
TTO-07806,boundary,C02,G2,F2,3,1,lab,30,lab,S8
TTO-07806,boundary,C03,G2,F2,4,1,lab,30,lab,S3
TTO-07806,boundary,C04,G1,F3,4,2,classroom,60,classroom,S8
TTO-07806,boundary,C05,G2,F1,4,2,lab,30,lab,S3
TTO-07807,boundary,C01,G1,F1,3,2,lab,30,lab,S10
TTO-07807,boundary,C02,G2,F2,3,1,classroom,60,classroom,S9
TTO-07807,boundary,C03,G1,F2,3,1,lab,30,lab,S7
TTO-07807,boundary,C04,G1,F1,4,1,lab,30,lab,S7
TTO-07807,boundary,C05,G2,F2,4,2,lab,30,lab,S10
TTO-07808,boundary,C01,G2,F1,4,1,classroom,60,classroom,S5
TTO-07808,boundary,C02,G2,F2,3,1,lab,30,lab,S2
TTO-07808,boundary,C03,G2,F3,3,1,lab,30,lab,S6
TTO-07808,boundary,C04,G1,F1,4,2,lab,30,lab,S2
TTO-07808,boundary,C05,G2,F2,4,1,lab,30,lab,S10
TTO-07809,boundary,C01,G2,F1,3,2,classroom,60,classroom,S4
TTO-07809,boundary,C02,G1,F3,4,1,classroom,60,classroom,S1
TTO-07809,boundary,C03,G1,F3,4,2,classroom,60,classroom,S9
TTO-07809,boundary,C04,G2,F3,4,2,lab,30,lab,S5
TTO-07809,boundary,C05,G2,F1,3,1,classroom,60,classroom,S4
TTO-07810,boundary,C01,G2,F1,4,1,lab,30,lab,S2
TTO-07810,boundary,C02,G2,F3,4,2,classroom,60,classroom,S1
TTO-07810,boundary,C03,G2,F1,4,1,classroom,60,classroom,S7
TTO-07810,boundary,C04,G1,F2,4,2,lab,30,lab,S10
TTO-07810,boundary,C05,G1,F1,4,1,classroom,60,classroom,S8
TTO-07811,boundary,C01,G2,F2,4,1,lab,30,lab,S10
TTO-07811,boundary,C02,G1,F3,4,1,classroom,60,classroom,S8
TTO-07811,boundary,C03,G2,F3,4,1,classroom,60,classroom,S5
TTO-07811,boundary,C04,G1,F3,4,1,lab,30,lab,S1
TTO-07811,boundary,C05,G1,F3,4,2,lab,30,lab,S10
TTO-07812,boundary,C01,G2,F1,3,2,classroom,60,classroom,S3
TTO-07812,boundary,C02,G1,F1,4,1,classroom,60,classroom,S1
TTO-07812,boundary,C03,G1,F2,3,1,lab,30,lab,S5
TTO-07812,boundary,C04,G2,F1,4,1,classroom,60,classroom,S6
TTO-07812,boundary,C05,G2,F1,3,2,classroom,60,classroom,S1
TTO-07813,boundary,C01,G1,F2,3,1,lab,30,lab,S2
TTO-07813,boundary,C02,G1,F1,3,1,lab,30,lab,S10
TTO-07813,boundary,C03,G2,F1,4,2,lab,30,lab,S7
TTO-07813,boundary,C04,G2,F2,4,1,lab,30,lab,S4
TTO-07813,boundary,C05,G2,F3,4,1,classroom,60,classroom,S9
TTO-07814,boundary,C01,G1,F3,4,2,classroom,60,classroom,S3
TTO-07814,boundary,C02,G2,F2,3,2,classroom,60,classroom,S4
TTO-07814,boundary,C03,G2,F3,4,2,classroom,60,classroom,S7
TTO-07814,boundary,C04,G1,F1,3,1,classroom,60,classroom,S9
TTO-07814,boundary,C05,G2,F2,3,1,lab,30,lab,S10
TTO-07815,boundary,C01,G1,F3,3,1,lab,30,lab,S9
TTO-07815,boundary,C02,G2,F1,4,2,lab,30,lab,S9
TTO-07815,boundary,C03,G2,F1,4,1,classroom,60,classroom,S9
TTO-07815,boundary,C04,G1,F1,3,2,classroom,60,classroom,S8
TTO-07815,boundary,C05,G1,F1,4,1,classroom,60,classroom,S8
TTO-07816,boundary,C01,G2,F2,3,1,classroom,60,classroom,S10
TTO-07816,boundary,C02,G1,F3,3,1,classroom,60,classroom,S7
TTO-07816,boundary,C03,G1,F2,3,1,lab,30,lab,S4
TTO-07816,boundary,C04,G2,F1,3,2,classroom,60,classroom,S10
TTO-07816,boundary,C05,G1,F3,3,2,lab,30,lab,S4
TTO-07817,boundary,C01,G1,F1,4,1,classroom,60,classroom,S9
TTO-07817,boundary,C02,G1,F3,4,2,lab,30,lab,S4
TTO-07817,boundary,C03,G1,F1,4,2,lab,30,lab,S3
TTO-07817,boundary,C04,G2,F3,4,1,classroom,60,classroom,S8
TTO-07817,boundary,C05,G1,F1,3,2,classroom,60,classroom,S8
TTO-07818,boundary,C01,G2,F1,3,2,classroom,60,classroom,S5
TTO-07818,boundary,C02,G1,F2,4,2,classroom,60,classroom,S6
TTO-07818,boundary,C03,G2,F3,3,1,lab,30,lab,S9
TTO-07818,boundary,C04,G2,F2,3,1,classroom,60,classroom,S10
TTO-07818,boundary,C05,G1,F2,4,2,lab,30,lab,S3
TTO-07819,boundary,C01,G2,F3,3,2,lab,30,lab,S4
TTO-07819,boundary,C02,G2,F2,3,1,classroom,60,classroom,S2
TTO-07819,boundary,C03,G1,F1,3,2,classroom,60,classroom,S3
TTO-07819,boundary,C04,G2,F3,3,1,lab,30,lab,S7
TTO-07819,boundary,C05,G1,F1,4,1,classroom,60,classroom,S1
TTO-07820,boundary,C01,G2,F2,3,2,classroom,60,classroom,S9
TTO-07820,boundary,C02,G2,F3,4,2,classroom,60,classroom,S5
TTO-07820,boundary,C03,G1,F2,4,2,lab,30,lab,S8
TTO-07820,boundary,C04,G1,F2,4,2,lab,30,lab,S6
TTO-07820,boundary,C05,G2,F1,3,1,classroom,60,classroom,S8
TTO-07821,boundary,C01,G1,F1,3,1,lab,30,lab,S4
TTO-07821,boundary,C02,G2,F3,4,1,classroom,60,classroom,S3
TTO-07821,boundary,C03,G2,F1,4,2,classroom,60,classroom,S8
TTO-07821,boundary,C04,G2,F1,4,1,lab,30,lab,S10
TTO-07821,boundary,C05,G1,F2,4,1,classroom,60,classroom,S10
TTO-07822,boundary,C01,G1,F3,3,2,classroom,60,classroom,S6
TTO-07822,boundary,C02,G2,F1,3,2,lab,30,lab,S3
TTO-07822,boundary,C03,G1,F3,3,2,classroom,60,classroom,S4
TTO-07822,boundary,C04,G1,F1,3,2,lab,30,lab,S10
TTO-07822,boundary,C05,G1,F2,4,1,lab,30,lab,S9
TTO-07823,boundary,C01,G1,F2,4,1,lab,30,lab,S2
TTO-07823,boundary,C02,G2,F3,3,2,lab,30,lab,S8
TTO-07823,boundary,C03,G1,F2,3,1,lab,30,lab,S10
TTO-07823,boundary,C04,G2,F2,4,2,classroom,60,classroom,S4
TTO-07823,boundary,C05,G1,F3,4,2,lab,30,lab,S3
TTO-07824,boundary,C01,G1,F2,3,2,lab,30,lab,S7
TTO-07824,boundary,C02,G1,F2,4,2,lab,30,lab,S2
TTO-07824,boundary,C03,G1,F3,3,2,lab,30,lab,S5
TTO-07824,boundary,C04,G2,F2,4,2,lab,30,lab,S6
TTO-07824,boundary,C05,G1,F2,3,1,classroom,60,classroom,S3
TTO-07825,boundary,C01,G2,F2,4,1,classroom,60,classroom,S5
TTO-07825,boundary,C02,G1,F3,3,1,classroom,60,classroom,S4
TTO-07825,boundary,C03,G2,F2,4,2,lab,30,lab,S5
TTO-07825,boundary,C04,G2,F3,4,2,lab,30,lab,S4
TTO-07825,boundary,C05,G1,F1,3,1,lab,30,lab,S10
TTO-07826,boundary,C01,G2,F3,4,1,classroom,60,classroom,S2
TTO-07826,boundary,C02,G1,F2,4,2,lab,30,lab,S6
TTO-07826,boundary,C03,G1,F2,4,2,lab,30,lab,S9
TTO-07826,boundary,C04,G2,F3,4,2,classroom,60,classroom,S7
TTO-07826,boundary,C05,G1,F2,3,2,classroom,60,classroom,S10
TTO-07827,boundary,C01,G2,F2,3,2,classroom,60,classroom,S3
TTO-07827,boundary,C02,G1,F3,3,1,lab,30,lab,S1
TTO-07827,boundary,C03,G2,F3,3,2,classroom,60,classroom,S8
TTO-07827,boundary,C04,G2,F2,4,1,lab,30,lab,S3
TTO-07827,boundary,C05,G2,F2,3,2,classroom,60,classroom,S9
TTO-07828,boundary,C01,G2,F1,4,1,lab,30,lab,S7
TTO-07828,boundary,C02,G1,F2,4,1,classroom,60,classroom,S7
TTO-07828,boundary,C03,G2,F3,4,1,classroom,60,classroom,S6
TTO-07828,boundary,C04,G1,F1,3,2,lab,30,lab,S1
TTO-07828,boundary,C05,G1,F1,3,1,classroom,60,classroom,S8
TTO-07829,boundary,C01,G2,F2,3,2,lab,30,lab,S4
TTO-07829,boundary,C02,G2,F2,4,2,lab,30,lab,S2
TTO-07829,boundary,C03,G2,F2,4,1,classroom,60,classroom,S5
TTO-07829,boundary,C04,G2,F2,4,2,lab,30,lab,S10
TTO-07829,boundary,C05,G1,F3,4,1,lab,30,lab,S1
TTO-07830,boundary,C01,G2,F2,3,2,classroom,60,classroom,S10
TTO-07830,boundary,C02,G2,F2,3,1,lab,30,lab,S9
TTO-07830,boundary,C03,G1,F1,4,1,classroom,60,classroom,S6
TTO-07830,boundary,C04,G2,F1,4,2,lab,30,lab,S3
TTO-07830,boundary,C05,G1,F2,4,1,classroom,60,classroom,S9
TTO-07831,boundary,C01,G2,F3,4,1,lab,30,lab,S9
TTO-07831,boundary,C02,G2,F1,4,1,lab,30,lab,S7
TTO-07831,boundary,C03,G2,F1,3,1,classroom,60,classroom,S3
TTO-07831,boundary,C04,G1,F3,3,2,lab,30,lab,S8
TTO-07831,boundary,C05,G1,F2,3,2,classroom,60,classroom,S5
TTO-07832,boundary,C01,G2,F1,4,1,lab,30,lab,S8
TTO-07832,boundary,C02,G1,F3,4,2,classroom,60,classroom,S7
TTO-07832,boundary,C03,G1,F1,4,1,classroom,60,classroom,S1
TTO-07832,boundary,C04,G1,F1,3,2,lab,30,lab,S6
TTO-07832,boundary,C05,G1,F2,3,2,classroom,60,classroom,S3
TTO-07833,boundary,C01,G1,F1,3,1,lab,30,lab,S2
TTO-07833,boundary,C02,G2,F2,3,1,lab,30,lab,S2
TTO-07833,boundary,C03,G2,F3,3,1,classroom,60,classroom,S6
TTO-07833,boundary,C04,G2,F2,3,2,lab,30,lab,S8
TTO-07833,boundary,C05,G2,F1,4,2,classroom,60,classroom,S1
TTO-07834,boundary,C01,G1,F2,3,2,classroom,60,classroom,S5
TTO-07834,boundary,C02,G1,F1,4,2,lab,30,lab,S9
TTO-07834,boundary,C03,G1,F1,3,2,classroom,60,classroom,S5
TTO-07834,boundary,C04,G1,F3,3,2,classroom,60,classroom,S6
TTO-07834,boundary,C05,G1,F2,4,1,lab,30,lab,S6
TTO-07835,boundary,C01,G1,F3,3,2,lab,30,lab,S4
TTO-07835,boundary,C02,G2,F2,3,2,lab,30,lab,S7
TTO-07835,boundary,C03,G2,F1,4,2,classroom,60,classroom,S7
TTO-07835,boundary,C04,G2,F1,4,2,classroom,60,classroom,S5
TTO-07835,boundary,C05,G1,F3,3,1,classroom,60,classroom,S5
TTO-07836,boundary,C01,G2,F3,3,2,classroom,60,classroom,S10
TTO-07836,boundary,C02,G1,F1,3,1,classroom,60,classroom,S6
TTO-07836,boundary,C03,G2,F2,4,1,classroom,60,classroom,S10
TTO-07836,boundary,C04,G1,F2,4,2,classroom,60,classroom,S6
TTO-07836,boundary,C05,G2,F1,3,1,lab,30,lab,S7
TTO-07837,boundary,C01,G2,F2,3,2,lab,30,lab,S7
TTO-07837,boundary,C02,G2,F3,4,1,classroom,60,classroom,S10
TTO-07837,boundary,C03,G1,F2,3,1,classroom,60,classroom,S1
TTO-07837,boundary,C04,G2,F3,3,2,lab,30,lab,S2
TTO-07837,boundary,C05,G1,F3,4,1,classroom,60,classroom,S7
TTO-07838,boundary,C01,G1,F1,4,2,classroom,60,classroom,S4
TTO-07838,boundary,C02,G2,F2,3,2,lab,30,lab,S10
TTO-07838,boundary,C03,G1,F1,4,1,lab,30,lab,S5
TTO-07838,boundary,C04,G2,F3,4,2,lab,30,lab,S7
TTO-07838,boundary,C05,G2,F1,4,1,classroom,60,classroom,S7
TTO-07839,boundary,C01,G2,F3,3,1,lab,30,lab,S10
TTO-07839,boundary,C02,G1,F1,3,2,lab,30,lab,S8
TTO-07839,boundary,C03,G2,F2,4,1,classroom,60,classroom,S9
TTO-07839,boundary,C04,G1,F2,4,1,lab,30,lab,S6
TTO-07839,boundary,C05,G1,F2,3,2,classroom,60,classroom,S2
TTO-07840,boundary,C01,G2,F2,4,2,classroom,60,classroom,S1
TTO-07840,boundary,C02,G1,F1,4,2,classroom,60,classroom,S3
TTO-07840,boundary,C03,G1,F1,4,2,classroom,60,classroom,S3
TTO-07840,boundary,C04,G2,F3,3,2,classroom,60,classroom,S8
TTO-07840,boundary,C05,G1,F1,3,2,classroom,60,classroom,S1
TTO-07841,boundary,C01,G2,F1,3,1,classroom,60,classroom,S10
TTO-07841,boundary,C02,G1,F3,4,2,classroom,60,classroom,S6
TTO-07841,boundary,C03,G1,F3,4,1,classroom,60,classroom,S10
TTO-07841,boundary,C04,G2,F3,3,2,lab,30,lab,S4
TTO-07841,boundary,C05,G1,F3,4,2,classroom,60,classroom,S10
TTO-07842,boundary,C01,G1,F2,4,2,classroom,60,classroom,S8
TTO-07842,boundary,C02,G2,F3,3,2,lab,30,lab,S6
TTO-07842,boundary,C03,G1,F2,3,1,lab,30,lab,S5
TTO-07842,boundary,C04,G2,F3,3,1,classroom,60,classroom,S10
TTO-07842,boundary,C05,G1,F3,4,1,lab,30,lab,S6
TTO-07843,boundary,C01,G2,F1,4,1,lab,30,lab,S8
TTO-07843,boundary,C02,G1,F2,3,2,lab,30,lab,S7
TTO-07843,boundary,C03,G2,F3,4,2,classroom,60,classroom,S9
TTO-07843,boundary,C04,G2,F2,4,2,lab,30,lab,S10
TTO-07843,boundary,C05,G2,F2,4,2,lab,30,lab,S1
TTO-07844,boundary,C01,G1,F2,3,1,lab,30,lab,S10
TTO-07844,boundary,C02,G2,F3,4,2,lab,30,lab,S9
TTO-07844,boundary,C03,G2,F1,3,2,classroom,60,classroom,S6
TTO-07844,boundary,C04,G1,F2,4,1,classroom,60,classroom,S9
TTO-07844,boundary,C05,G2,F1,3,2,lab,30,lab,S10
TTO-07845,boundary,C01,G2,F2,3,2,classroom,60,classroom,S3
TTO-07845,boundary,C02,G2,F2,3,1,classroom,60,classroom,S9
TTO-07845,boundary,C03,G2,F2,3,1,classroom,60,classroom,S10
TTO-07845,boundary,C04,G2,F1,4,1,lab,30,lab,S8
TTO-07845,boundary,C05,G2,F1,3,2,classroom,60,classroom,S2
TTO-07846,boundary,C01,G1,F2,4,2,classroom,60,classroom,S1
TTO-07846,boundary,C02,G2,F1,4,1,classroom,60,classroom,S3
TTO-07846,boundary,C03,G1,F3,3,2,lab,30,lab,S10
TTO-07846,boundary,C04,G2,F2,4,2,lab,30,lab,S10
TTO-07846,boundary,C05,G2,F1,3,1,classroom,60,classroom,S5
TTO-07847,boundary,C01,G1,F3,3,1,lab,30,lab,S6
TTO-07847,boundary,C02,G2,F3,3,2,lab,30,lab,S6
TTO-07847,boundary,C03,G2,F2,4,2,classroom,60,classroom,S4
TTO-07847,boundary,C04,G1,F3,4,1,classroom,60,classroom,S9
TTO-07847,boundary,C05,G2,F1,3,2,classroom,60,classroom,S7
TTO-07848,boundary,C01,G1,F1,4,2,lab,30,lab,S10
TTO-07848,boundary,C02,G2,F2,4,1,lab,30,lab,S10
TTO-07848,boundary,C03,G2,F2,4,2,lab,30,lab,S3
TTO-07848,boundary,C04,G1,F3,4,1,lab,30,lab,S8
TTO-07848,boundary,C05,G2,F1,4,2,lab,30,lab,S10
TTO-07849,boundary,C01,G2,F3,4,2,lab,30,lab,S9
TTO-07849,boundary,C02,G1,F3,3,1,classroom,60,classroom,S10
TTO-07849,boundary,C03,G2,F1,4,2,lab,30,lab,S6
TTO-07849,boundary,C04,G2,F1,3,1,classroom,60,classroom,S3
TTO-07849,boundary,C05,G1,F3,4,1,classroom,60,classroom,S8
TTO-07850,boundary,C01,G1,F1,3,2,classroom,60,classroom,S8
TTO-07850,boundary,C02,G2,F3,3,2,lab,30,lab,S1
TTO-07850,boundary,C03,G1,F2,4,2,lab,30,lab,S10
TTO-07850,boundary,C04,G2,F1,3,2,classroom,60,classroom,S8
TTO-07850,boundary,C05,G2,F2,4,1,classroom,60,classroom,S6
TTO-07851,boundary,C01,G2,F2,4,1,classroom,60,classroom,S3
TTO-07851,boundary,C02,G2,F1,4,1,classroom,60,classroom,S10
TTO-07851,boundary,C03,G1,F1,4,2,classroom,60,classroom,S9
TTO-07851,boundary,C04,G1,F2,3,1,classroom,60,classroom,S6
TTO-07851,boundary,C05,G1,F3,3,1,lab,30,lab,S5
TTO-07852,boundary,C01,G2,F1,3,1,lab,30,lab,S10
TTO-07852,boundary,C02,G1,F2,3,1,lab,30,lab,S3
TTO-07852,boundary,C03,G2,F1,4,2,classroom,60,classroom,S4
TTO-07852,boundary,C04,G2,F3,3,1,classroom,60,classroom,S1
TTO-07852,boundary,C05,G2,F1,4,1,classroom,60,classroom,S4
TTO-07853,boundary,C01,G1,F3,4,2,classroom,60,classroom,S1
TTO-07853,boundary,C02,G1,F1,4,2,classroom,60,classroom,S5
TTO-07853,boundary,C03,G2,F2,3,1,classroom,60,classroom,S10
TTO-07853,boundary,C04,G2,F2,3,2,classroom,60,classroom,S3
TTO-07853,boundary,C05,G2,F3,3,2,lab,30,lab,S5
TTO-07854,boundary,C01,G1,F3,4,1,lab,30,lab,S6
TTO-07854,boundary,C02,G1,F1,4,1,classroom,60,classroom,S4
TTO-07854,boundary,C03,G1,F2,4,1,lab,30,lab,S8
TTO-07854,boundary,C04,G1,F2,4,2,lab,30,lab,S6
TTO-07854,boundary,C05,G1,F3,4,1,lab,30,lab,S4
TTO-07855,boundary,C01,G1,F3,4,2,lab,30,lab,S6
TTO-07855,boundary,C02,G1,F2,3,1,classroom,60,classroom,S3
TTO-07855,boundary,C03,G2,F1,3,1,classroom,60,classroom,S9
TTO-07855,boundary,C04,G1,F2,3,2,lab,30,lab,S3
TTO-07855,boundary,C05,G2,F2,4,1,classroom,60,classroom,S4
TTO-07856,boundary,C01,G1,F1,4,2,classroom,60,classroom,S4
TTO-07856,boundary,C02,G2,F3,4,1,lab,30,lab,S6
TTO-07856,boundary,C03,G1,F2,3,1,lab,30,lab,S8
TTO-07856,boundary,C04,G2,F3,4,2,classroom,60,classroom,S7
TTO-07856,boundary,C05,G1,F2,4,1,lab,30,lab,S1
TTO-07857,boundary,C01,G1,F3,3,2,classroom,60,classroom,S6
TTO-07857,boundary,C02,G2,F1,4,1,lab,30,lab,S7
TTO-07857,boundary,C03,G2,F1,3,2,lab,30,lab,S5
TTO-07857,boundary,C04,G2,F1,3,1,lab,30,lab,S7
TTO-07857,boundary,C05,G2,F3,3,2,lab,30,lab,S9
TTO-07858,boundary,C01,G1,F2,3,1,classroom,60,classroom,S7
TTO-07858,boundary,C02,G2,F1,3,1,classroom,60,classroom,S6
TTO-07858,boundary,C03,G1,F3,3,2,lab,30,lab,S10
TTO-07858,boundary,C04,G1,F2,4,1,lab,30,lab,S9
TTO-07858,boundary,C05,G1,F2,3,1,lab,30,lab,S3
TTO-07859,boundary,C01,G2,F2,3,2,classroom,60,classroom,S5
TTO-07859,boundary,C02,G1,F3,4,2,classroom,60,classroom,S7
TTO-07859,boundary,C03,G1,F2,4,2,classroom,60,classroom,S8
TTO-07859,boundary,C04,G2,F2,4,1,lab,30,lab,S2
TTO-07859,boundary,C05,G2,F2,3,1,lab,30,lab,S8
TTO-07860,boundary,C01,G2,F2,3,2,classroom,60,classroom,S7
TTO-07860,boundary,C02,G2,F2,3,2,lab,30,lab,S5
TTO-07860,boundary,C03,G2,F1,3,1,classroom,60,classroom,S2
TTO-07860,boundary,C04,G1,F1,4,2,classroom,60,classroom,S3
TTO-07860,boundary,C05,G2,F1,4,2,classroom,60,classroom,S1
TTO-07861,boundary,C01,G1,F1,4,1,lab,30,lab,S8
TTO-07861,boundary,C02,G2,F2,4,2,classroom,60,classroom,S6
TTO-07861,boundary,C03,G2,F1,4,2,classroom,60,classroom,S4
TTO-07861,boundary,C04,G2,F2,4,1,lab,30,lab,S5
TTO-07861,boundary,C05,G1,F1,3,1,classroom,60,classroom,S2
TTO-07862,boundary,C01,G1,F1,3,1,lab,30,lab,S6
TTO-07862,boundary,C02,G1,F3,3,2,classroom,60,classroom,S4
TTO-07862,boundary,C03,G2,F2,4,1,classroom,60,classroom,S9
TTO-07862,boundary,C04,G2,F2,4,2,lab,30,lab,S9
TTO-07862,boundary,C05,G2,F3,3,1,lab,30,lab,S7
TTO-07863,boundary,C01,G2,F2,4,1,lab,30,lab,S6
TTO-07863,boundary,C02,G2,F2,3,2,classroom,60,classroom,S6
TTO-07863,boundary,C03,G2,F2,4,2,lab,30,lab,S8
TTO-07863,boundary,C04,G1,F2,4,2,classroom,60,classroom,S4
TTO-07863,boundary,C05,G1,F3,4,1,lab,30,lab,S9
TTO-07864,boundary,C01,G2,F2,4,1,classroom,60,classroom,S6
TTO-07864,boundary,C02,G1,F3,3,1,classroom,60,classroom,S7
TTO-07864,boundary,C03,G1,F1,4,1,lab,30,lab,S5
TTO-07864,boundary,C04,G2,F3,3,2,lab,30,lab,S6
TTO-07864,boundary,C05,G2,F1,4,2,classroom,60,classroom,S8
TTO-07865,boundary,C01,G2,F2,3,2,lab,30,lab,S9
TTO-07865,boundary,C02,G2,F2,4,2,classroom,60,classroom,S4
TTO-07865,boundary,C03,G1,F2,4,2,lab,30,lab,S3
TTO-07865,boundary,C04,G2,F1,3,2,lab,30,lab,S3
TTO-07865,boundary,C05,G2,F2,3,2,lab,30,lab,S8
TTO-07866,boundary,C01,G1,F3,4,1,classroom,60,classroom,S9
TTO-07866,boundary,C02,G2,F2,4,2,classroom,60,classroom,S7
TTO-07866,boundary,C03,G1,F3,4,1,classroom,60,classroom,S9
TTO-07866,boundary,C04,G2,F2,4,1,lab,30,lab,S8
TTO-07866,boundary,C05,G1,F3,3,1,lab,30,lab,S1
TTO-07867,boundary,C01,G2,F1,3,2,lab,30,lab,S9
TTO-07867,boundary,C02,G1,F3,4,2,lab,30,lab,S6
TTO-07867,boundary,C03,G2,F3,4,2,lab,30,lab,S5
TTO-07867,boundary,C04,G1,F2,3,1,classroom,60,classroom,S2
TTO-07867,boundary,C05,G1,F2,4,2,classroom,60,classroom,S9
TTO-07868,boundary,C01,G2,F2,3,2,classroom,60,classroom,S8
TTO-07868,boundary,C02,G2,F2,4,2,lab,30,lab,S8
TTO-07868,boundary,C03,G1,F1,3,1,classroom,60,classroom,S4
TTO-07868,boundary,C04,G2,F2,3,2,classroom,60,classroom,S6
TTO-07868,boundary,C05,G1,F1,3,1,lab,30,lab,S1
TTO-07869,boundary,C01,G1,F3,4,2,classroom,60,classroom,S10
TTO-07869,boundary,C02,G1,F3,3,2,classroom,60,classroom,S6
TTO-07869,boundary,C03,G2,F3,4,2,classroom,60,classroom,S3
TTO-07869,boundary,C04,G2,F2,3,1,lab,30,lab,S1
TTO-07869,boundary,C05,G1,F3,4,1,lab,30,lab,S2
TTO-07870,boundary,C01,G1,F3,3,1,lab,30,lab,S6
TTO-07870,boundary,C02,G2,F2,4,1,lab,30,lab,S10
TTO-07870,boundary,C03,G1,F1,3,2,classroom,60,classroom,S10
TTO-07870,boundary,C04,G2,F3,3,2,lab,30,lab,S1
TTO-07870,boundary,C05,G2,F2,4,1,lab,30,lab,S3
TTO-07871,boundary,C01,G2,F1,4,2,lab,30,lab,S3
TTO-07871,boundary,C02,G2,F1,3,1,classroom,60,classroom,S5
TTO-07871,boundary,C03,G2,F2,3,2,classroom,60,classroom,S10
TTO-07871,boundary,C04,G1,F3,4,1,classroom,60,classroom,S6
TTO-07871,boundary,C05,G2,F1,4,1,classroom,60,classroom,S5
TTO-07872,boundary,C01,G1,F1,4,1,classroom,60,classroom,S7
TTO-07872,boundary,C02,G1,F1,4,1,classroom,60,classroom,S6
TTO-07872,boundary,C03,G1,F3,4,2,classroom,60,classroom,S5
TTO-07872,boundary,C04,G1,F1,4,1,lab,30,lab,S2
TTO-07872,boundary,C05,G1,F2,3,1,classroom,60,classroom,S7
TTO-07873,boundary,C01,G2,F2,4,2,lab,30,lab,S3
TTO-07873,boundary,C02,G1,F2,3,2,lab,30,lab,S8
TTO-07873,boundary,C03,G2,F3,4,2,classroom,60,classroom,S5
TTO-07873,boundary,C04,G2,F1,4,2,classroom,60,classroom,S9
TTO-07873,boundary,C05,G2,F1,3,2,lab,30,lab,S3
TTO-07874,boundary,C01,G1,F3,4,1,lab,30,lab,S5
TTO-07874,boundary,C02,G1,F1,3,2,lab,30,lab,S10
TTO-07874,boundary,C03,G1,F2,3,2,classroom,60,classroom,S9
TTO-07874,boundary,C04,G2,F2,3,2,classroom,60,classroom,S7
TTO-07874,boundary,C05,G1,F2,3,2,lab,30,lab,S8
TTO-07875,boundary,C01,G1,F1,4,1,lab,30,lab,S1
TTO-07875,boundary,C02,G2,F1,4,1,classroom,60,classroom,S6
TTO-07875,boundary,C03,G2,F2,3,2,classroom,60,classroom,S4
TTO-07875,boundary,C04,G2,F2,4,2,lab,30,lab,S8
TTO-07875,boundary,C05,G1,F3,4,2,lab,30,lab,S7
TTO-07876,boundary,C01,G1,F3,4,2,lab,30,lab,S3
TTO-07876,boundary,C02,G2,F3,3,1,lab,30,lab,S4
TTO-07876,boundary,C03,G2,F1,4,1,lab,30,lab,S1
TTO-07876,boundary,C04,G2,F1,4,2,lab,30,lab,S4
TTO-07876,boundary,C05,G2,F3,4,1,lab,30,lab,S3
TTO-07877,boundary,C01,G1,F1,3,2,classroom,60,classroom,S6
TTO-07877,boundary,C02,G1,F2,3,2,lab,30,lab,S2
TTO-07877,boundary,C03,G2,F1,4,2,lab,30,lab,S5
TTO-07877,boundary,C04,G2,F3,4,2,lab,30,lab,S7
TTO-07877,boundary,C05,G1,F2,4,1,lab,30,lab,S8
TTO-07878,boundary,C01,G1,F3,4,2,classroom,60,classroom,S3
TTO-07878,boundary,C02,G2,F3,3,1,classroom,60,classroom,S1
TTO-07878,boundary,C03,G2,F2,4,2,classroom,60,classroom,S7
TTO-07878,boundary,C04,G2,F3,4,1,lab,30,lab,S8
TTO-07878,boundary,C05,G2,F3,4,1,lab,30,lab,S2
TTO-07879,boundary,C01,G1,F1,4,2,lab,30,lab,S2
TTO-07879,boundary,C02,G2,F3,4,1,classroom,60,classroom,S10
TTO-07879,boundary,C03,G1,F1,4,1,classroom,60,classroom,S1
TTO-07879,boundary,C04,G1,F1,3,2,lab,30,lab,S6
TTO-07879,boundary,C05,G2,F2,4,2,lab,30,lab,S4
TTO-07880,boundary,C01,G1,F2,3,1,classroom,60,classroom,S7
TTO-07880,boundary,C02,G1,F2,3,2,classroom,60,classroom,S4
TTO-07880,boundary,C03,G1,F3,4,1,lab,30,lab,S7
TTO-07880,boundary,C04,G1,F2,3,2,classroom,60,classroom,S5
TTO-07880,boundary,C05,G2,F3,4,1,classroom,60,classroom,S2
TTO-07881,boundary,C01,G1,F3,3,2,lab,30,lab,S2
TTO-07881,boundary,C02,G1,F2,4,2,lab,30,lab,S6
TTO-07881,boundary,C03,G1,F3,4,1,classroom,60,classroom,S3
TTO-07881,boundary,C04,G2,F3,4,2,classroom,60,classroom,S6
TTO-07881,boundary,C05,G1,F3,4,1,lab,30,lab,S8
TTO-07882,boundary,C01,G1,F3,3,1,lab,30,lab,S2
TTO-07882,boundary,C02,G2,F2,4,1,lab,30,lab,S4
TTO-07882,boundary,C03,G1,F1,4,1,lab,30,lab,S6
TTO-07882,boundary,C04,G2,F3,3,2,lab,30,lab,S5
TTO-07882,boundary,C05,G1,F2,4,1,lab,30,lab,S9
TTO-07883,boundary,C01,G2,F1,3,1,classroom,60,classroom,S1
TTO-07883,boundary,C02,G2,F3,3,1,classroom,60,classroom,S7
TTO-07883,boundary,C03,G2,F2,4,2,lab,30,lab,S7
TTO-07883,boundary,C04,G2,F2,3,2,classroom,60,classroom,S3
TTO-07883,boundary,C05,G1,F2,4,1,classroom,60,classroom,S1
TTO-07884,boundary,C01,G2,F3,4,2,classroom,60,classroom,S9
TTO-07884,boundary,C02,G2,F3,3,2,lab,30,lab,S3
TTO-07884,boundary,C03,G1,F1,4,1,classroom,60,classroom,S7
TTO-07884,boundary,C04,G1,F3,4,2,lab,30,lab,S9
TTO-07884,boundary,C05,G1,F2,4,1,classroom,60,classroom,S7
TTO-07885,boundary,C01,G1,F3,3,1,lab,30,lab,S3
TTO-07885,boundary,C02,G1,F1,4,2,classroom,60,classroom,S9
TTO-07885,boundary,C03,G2,F2,4,1,classroom,60,classroom,S4
TTO-07885,boundary,C04,G2,F1,3,1,lab,30,lab,S6
TTO-07885,boundary,C05,G2,F1,4,1,lab,30,lab,S7
TTO-07886,boundary,C01,G2,F1,3,1,lab,30,lab,S1
TTO-07886,boundary,C02,G1,F1,3,1,lab,30,lab,S3
TTO-07886,boundary,C03,G1,F2,4,1,classroom,60,classroom,S5
TTO-07886,boundary,C04,G1,F3,4,2,classroom,60,classroom,S9
TTO-07886,boundary,C05,G2,F2,3,2,classroom,60,classroom,S2
TTO-07887,boundary,C01,G2,F2,4,2,lab,30,lab,S3
TTO-07887,boundary,C02,G1,F1,3,2,lab,30,lab,S3
TTO-07887,boundary,C03,G2,F2,3,1,lab,30,lab,S9
TTO-07887,boundary,C04,G1,F3,4,2,lab,30,lab,S10
TTO-07887,boundary,C05,G2,F2,3,2,lab,30,lab,S8
TTO-07888,boundary,C01,G2,F1,4,1,lab,30,lab,S9
TTO-07888,boundary,C02,G2,F2,4,1,classroom,60,classroom,S1
TTO-07888,boundary,C03,G2,F2,3,1,lab,30,lab,S4
TTO-07888,boundary,C04,G2,F1,3,2,lab,30,lab,S4
TTO-07888,boundary,C05,G1,F2,4,2,lab,30,lab,S9
TTO-07889,boundary,C01,G1,F1,4,1,lab,30,lab,S6
TTO-07889,boundary,C02,G2,F2,4,1,classroom,60,classroom,S10
TTO-07889,boundary,C03,G1,F3,4,2,classroom,60,classroom,S2
TTO-07889,boundary,C04,G1,F1,4,1,classroom,60,classroom,S8
TTO-07889,boundary,C05,G2,F1,4,1,classroom,60,classroom,S10
TTO-07890,boundary,C01,G2,F3,3,2,classroom,60,classroom,S1
TTO-07890,boundary,C02,G1,F1,4,1,lab,30,lab,S2
TTO-07890,boundary,C03,G2,F3,4,1,lab,30,lab,S10
TTO-07890,boundary,C04,G1,F3,3,2,lab,30,lab,S5
TTO-07890,boundary,C05,G1,F1,3,2,lab,30,lab,S8
TTO-07891,boundary,C01,G2,F1,3,2,lab,30,lab,S6
TTO-07891,boundary,C02,G2,F2,3,1,lab,30,lab,S7
TTO-07891,boundary,C03,G2,F2,3,2,classroom,60,classroom,S2
TTO-07891,boundary,C04,G2,F2,3,1,lab,30,lab,S1
TTO-07891,boundary,C05,G1,F1,4,2,classroom,60,classroom,S8
TTO-07892,boundary,C01,G2,F2,3,1,lab,30,lab,S7
TTO-07892,boundary,C02,G1,F2,3,1,classroom,60,classroom,S3
TTO-07892,boundary,C03,G1,F2,3,2,lab,30,lab,S4
TTO-07892,boundary,C04,G1,F2,3,1,lab,30,lab,S7
TTO-07892,boundary,C05,G1,F1,4,1,lab,30,lab,S1
TTO-07893,boundary,C01,G1,F3,4,2,classroom,60,classroom,S10
TTO-07893,boundary,C02,G2,F3,4,2,classroom,60,classroom,S7
TTO-07893,boundary,C03,G2,F3,4,1,lab,30,lab,S5
TTO-07893,boundary,C04,G2,F1,4,1,classroom,60,classroom,S7
TTO-07893,boundary,C05,G2,F3,3,1,classroom,60,classroom,S6
TTO-07894,boundary,C01,G2,F1,4,1,classroom,60,classroom,S9
TTO-07894,boundary,C02,G2,F1,4,2,lab,30,lab,S5
TTO-07894,boundary,C03,G1,F1,3,2,lab,30,lab,S8
TTO-07894,boundary,C04,G1,F3,3,1,classroom,60,classroom,S3
TTO-07894,boundary,C05,G2,F2,4,1,classroom,60,classroom,S4
TTO-07895,boundary,C01,G2,F1,3,1,lab,30,lab,S4
TTO-07895,boundary,C02,G1,F1,3,2,classroom,60,classroom,S8
TTO-07895,boundary,C03,G2,F1,4,1,classroom,60,classroom,S1
TTO-07895,boundary,C04,G1,F3,3,2,lab,30,lab,S3
TTO-07895,boundary,C05,G1,F3,4,1,lab,30,lab,S6
TTO-07896,boundary,C01,G1,F2,4,2,classroom,60,classroom,S9
TTO-07896,boundary,C02,G2,F1,3,1,lab,30,lab,S10
TTO-07896,boundary,C03,G1,F3,4,2,classroom,60,classroom,S2
TTO-07896,boundary,C04,G2,F2,4,1,lab,30,lab,S5
TTO-07896,boundary,C05,G2,F1,4,2,lab,30,lab,S3
TTO-07897,boundary,C01,G1,F2,3,1,lab,30,lab,S2
TTO-07897,boundary,C02,G1,F3,4,2,lab,30,lab,S2
TTO-07897,boundary,C03,G1,F3,4,1,lab,30,lab,S6
TTO-07897,boundary,C04,G1,F3,3,2,classroom,60,classroom,S9
TTO-07897,boundary,C05,G1,F2,3,1,lab,30,lab,S8
TTO-07898,boundary,C01,G2,F1,3,2,lab,30,lab,S8
TTO-07898,boundary,C02,G2,F1,3,2,classroom,60,classroom,S6
TTO-07898,boundary,C03,G1,F1,3,1,lab,30,lab,S8
TTO-07898,boundary,C04,G1,F3,4,2,classroom,60,classroom,S3
TTO-07898,boundary,C05,G1,F2,3,2,classroom,60,classroom,S6
TTO-07899,boundary,C01,G2,F3,4,1,lab,30,lab,S2
TTO-07899,boundary,C02,G2,F3,3,1,lab,30,lab,S5
TTO-07899,boundary,C03,G1,F3,3,1,lab,30,lab,S7
TTO-07899,boundary,C04,G1,F2,4,2,lab,30,lab,S2
TTO-07899,boundary,C05,G1,F3,3,1,lab,30,lab,S2
TTO-07900,boundary,C01,G2,F2,4,2,lab,30,lab,S5
TTO-07900,boundary,C02,G2,F2,4,2,lab,30,lab,S8
TTO-07900,boundary,C03,G1,F1,4,2,classroom,60,classroom,S5
TTO-07900,boundary,C04,G2,F3,3,2,lab,30,lab,S6
TTO-07900,boundary,C05,G1,F3,4,2,lab,30,lab,S1
TTO-07901,boundary,C01,G2,F1,4,1,lab,30,lab,S10
TTO-07901,boundary,C02,G1,F3,3,2,lab,30,lab,S9
TTO-07901,boundary,C03,G2,F3,3,1,classroom,60,classroom,S1
TTO-07901,boundary,C04,G2,F3,4,1,lab,30,lab,S6
TTO-07901,boundary,C05,G1,F1,4,2,lab,30,lab,S10
TTO-07902,boundary,C01,G2,F2,3,2,lab,30,lab,S1
TTO-07902,boundary,C02,G1,F2,4,2,classroom,60,classroom,S7
TTO-07902,boundary,C03,G2,F2,4,1,lab,30,lab,S3
TTO-07902,boundary,C04,G2,F1,4,1,classroom,60,classroom,S6
TTO-07902,boundary,C05,G2,F1,4,1,classroom,60,classroom,S6
TTO-07903,boundary,C01,G1,F3,4,1,lab,30,lab,S4
TTO-07903,boundary,C02,G1,F1,3,1,classroom,60,classroom,S10
TTO-07903,boundary,C03,G1,F1,3,2,lab,30,lab,S3
TTO-07903,boundary,C04,G1,F3,4,1,lab,30,lab,S3
TTO-07903,boundary,C05,G2,F2,4,2,lab,30,lab,S2
TTO-07904,boundary,C01,G1,F3,3,2,classroom,60,classroom,S7
TTO-07904,boundary,C02,G2,F3,3,2,classroom,60,classroom,S8
TTO-07904,boundary,C03,G1,F2,3,2,lab,30,lab,S1
TTO-07904,boundary,C04,G1,F3,4,2,classroom,60,classroom,S1
TTO-07904,boundary,C05,G1,F1,4,1,lab,30,lab,S5
TTO-07905,boundary,C01,G2,F3,4,2,lab,30,lab,S5
TTO-07905,boundary,C02,G2,F3,4,1,lab,30,lab,S3
TTO-07905,boundary,C03,G2,F3,3,1,lab,30,lab,S8
TTO-07905,boundary,C04,G1,F1,4,1,classroom,60,classroom,S7
TTO-07905,boundary,C05,G1,F3,3,2,classroom,60,classroom,S2
TTO-07906,boundary,C01,G1,F1,3,2,classroom,60,classroom,S9
TTO-07906,boundary,C02,G1,F1,4,1,classroom,60,classroom,S9
TTO-07906,boundary,C03,G1,F1,3,2,classroom,60,classroom,S9
TTO-07906,boundary,C04,G1,F2,4,1,classroom,60,classroom,S6
TTO-07906,boundary,C05,G1,F2,4,2,lab,30,lab,S2
TTO-07907,boundary,C01,G2,F1,3,1,lab,30,lab,S4
TTO-07907,boundary,C02,G1,F1,4,2,classroom,60,classroom,S8
TTO-07907,boundary,C03,G1,F2,3,2,lab,30,lab,S2
TTO-07907,boundary,C04,G1,F3,3,1,lab,30,lab,S1
TTO-07907,boundary,C05,G2,F1,3,1,classroom,60,classroom,S8
TTO-07908,boundary,C01,G1,F3,4,1,classroom,60,classroom,S6
TTO-07908,boundary,C02,G2,F1,3,1,classroom,60,classroom,S5
TTO-07908,boundary,C03,G1,F2,4,2,classroom,60,classroom,S5
TTO-07908,boundary,C04,G1,F1,4,2,classroom,60,classroom,S7
TTO-07908,boundary,C05,G1,F3,4,1,lab,30,lab,S4
TTO-07909,boundary,C01,G2,F2,4,2,classroom,60,classroom,S7
TTO-07909,boundary,C02,G1,F3,4,1,lab,30,lab,S3
TTO-07909,boundary,C03,G1,F3,3,2,classroom,60,classroom,S10
TTO-07909,boundary,C04,G1,F1,3,1,lab,30,lab,S7
TTO-07909,boundary,C05,G2,F1,3,2,lab,30,lab,S5
TTO-07910,boundary,C01,G2,F3,4,1,lab,30,lab,S10
TTO-07910,boundary,C02,G2,F1,3,2,lab,30,lab,S8
TTO-07910,boundary,C03,G2,F2,4,2,lab,30,lab,S2
TTO-07910,boundary,C04,G2,F3,4,2,lab,30,lab,S4
TTO-07910,boundary,C05,G1,F2,3,2,lab,30,lab,S2
TTO-07911,boundary,C01,G1,F1,3,2,classroom,60,classroom,S9
TTO-07911,boundary,C02,G1,F3,3,2,lab,30,lab,S2
TTO-07911,boundary,C03,G1,F2,4,1,lab,30,lab,S1
TTO-07911,boundary,C04,G2,F1,4,1,classroom,60,classroom,S7
TTO-07911,boundary,C05,G2,F1,4,2,classroom,60,classroom,S7
TTO-07912,boundary,C01,G2,F3,3,2,lab,30,lab,S2
TTO-07912,boundary,C02,G2,F1,3,2,classroom,60,classroom,S4
TTO-07912,boundary,C03,G2,F3,4,1,lab,30,lab,S2
TTO-07912,boundary,C04,G2,F1,3,1,classroom,60,classroom,S8
TTO-07912,boundary,C05,G2,F3,3,2,lab,30,lab,S5
TTO-07913,boundary,C01,G2,F2,4,1,lab,30,lab,S5
TTO-07913,boundary,C02,G1,F1,4,2,classroom,60,classroom,S7
TTO-07913,boundary,C03,G1,F1,3,2,classroom,60,classroom,S6
TTO-07913,boundary,C04,G2,F3,3,2,lab,30,lab,S1
TTO-07913,boundary,C05,G2,F2,3,1,classroom,60,classroom,S10
TTO-07914,boundary,C01,G1,F1,4,2,classroom,60,classroom,S5
TTO-07914,boundary,C02,G2,F1,4,1,lab,30,lab,S2
TTO-07914,boundary,C03,G1,F3,3,2,lab,30,lab,S1
TTO-07914,boundary,C04,G1,F3,3,1,classroom,60,classroom,S10
TTO-07914,boundary,C05,G2,F2,4,1,lab,30,lab,S9
TTO-07915,boundary,C01,G2,F2,4,2,classroom,60,classroom,S6
TTO-07915,boundary,C02,G2,F1,3,2,lab,30,lab,S1
TTO-07915,boundary,C03,G2,F1,4,2,lab,30,lab,S7
TTO-07915,boundary,C04,G2,F1,4,2,lab,30,lab,S6
TTO-07915,boundary,C05,G2,F2,4,1,lab,30,lab,S10
TTO-07916,boundary,C01,G1,F3,3,1,classroom,60,classroom,S7
TTO-07916,boundary,C02,G2,F3,3,2,lab,30,lab,S2
TTO-07916,boundary,C03,G2,F2,4,2,lab,30,lab,S10
TTO-07916,boundary,C04,G2,F2,4,1,lab,30,lab,S2
TTO-07916,boundary,C05,G2,F2,4,2,classroom,60,classroom,S3
TTO-07917,boundary,C01,G1,F3,4,1,classroom,60,classroom,S7
TTO-07917,boundary,C02,G2,F1,3,1,classroom,60,classroom,S4
TTO-07917,boundary,C03,G1,F3,3,2,lab,30,lab,S9
TTO-07917,boundary,C04,G1,F2,3,1,lab,30,lab,S5
TTO-07917,boundary,C05,G2,F2,3,1,classroom,60,classroom,S8
TTO-07918,boundary,C01,G2,F3,3,2,lab,30,lab,S7
TTO-07918,boundary,C02,G2,F3,3,2,lab,30,lab,S8
TTO-07918,boundary,C03,G1,F3,4,1,lab,30,lab,S10
TTO-07918,boundary,C04,G2,F1,4,2,lab,30,lab,S7
TTO-07918,boundary,C05,G1,F2,3,2,lab,30,lab,S2
TTO-07919,boundary,C01,G1,F3,3,1,classroom,60,classroom,S5
TTO-07919,boundary,C02,G1,F3,4,1,lab,30,lab,S6
TTO-07919,boundary,C03,G2,F1,4,1,classroom,60,classroom,S5
TTO-07919,boundary,C04,G2,F1,3,2,classroom,60,classroom,S8
TTO-07919,boundary,C05,G2,F1,4,2,lab,30,lab,S1
TTO-07920,boundary,C01,G2,F2,3,1,classroom,60,classroom,S9
TTO-07920,boundary,C02,G2,F3,4,2,lab,30,lab,S9
TTO-07920,boundary,C03,G1,F3,3,2,classroom,60,classroom,S9
TTO-07920,boundary,C04,G2,F2,3,1,classroom,60,classroom,S7
TTO-07920,boundary,C05,G2,F1,3,1,classroom,60,classroom,S4
TTO-07921,boundary,C01,G1,F2,4,1,lab,30,lab,S1
TTO-07921,boundary,C02,G2,F1,4,2,classroom,60,classroom,S7
TTO-07921,boundary,C03,G1,F3,3,1,lab,30,lab,S9
TTO-07921,boundary,C04,G1,F3,3,2,lab,30,lab,S4
TTO-07921,boundary,C05,G1,F1,4,1,classroom,60,classroom,S2
TTO-07922,boundary,C01,G2,F1,3,1,lab,30,lab,S5
TTO-07922,boundary,C02,G1,F3,3,1,lab,30,lab,S1
TTO-07922,boundary,C03,G1,F3,4,2,lab,30,lab,S9
TTO-07922,boundary,C04,G2,F3,3,1,classroom,60,classroom,S10
TTO-07922,boundary,C05,G1,F3,3,1,classroom,60,classroom,S7
TTO-07923,boundary,C01,G2,F2,3,2,classroom,60,classroom,S7
TTO-07923,boundary,C02,G2,F3,4,1,lab,30,lab,S5
TTO-07923,boundary,C03,G1,F2,4,2,lab,30,lab,S1
TTO-07923,boundary,C04,G1,F2,4,2,lab,30,lab,S9
TTO-07923,boundary,C05,G1,F2,4,1,lab,30,lab,S5
TTO-07924,boundary,C01,G2,F3,4,1,classroom,60,classroom,S6
TTO-07924,boundary,C02,G1,F3,3,1,lab,30,lab,S6
TTO-07924,boundary,C03,G1,F3,3,2,classroom,60,classroom,S3
TTO-07924,boundary,C04,G1,F1,4,2,classroom,60,classroom,S1
TTO-07924,boundary,C05,G1,F3,3,2,lab,30,lab,S8
TTO-07925,boundary,C01,G1,F3,3,2,classroom,60,classroom,S7
TTO-07925,boundary,C02,G2,F1,3,2,lab,30,lab,S10
TTO-07925,boundary,C03,G2,F1,3,1,lab,30,lab,S8
TTO-07925,boundary,C04,G1,F1,4,1,classroom,60,classroom,S7
TTO-07925,boundary,C05,G2,F2,3,1,classroom,60,classroom,S1
TTO-07926,boundary,C01,G1,F3,4,1,lab,30,lab,S2
TTO-07926,boundary,C02,G2,F3,4,2,classroom,60,classroom,S9
TTO-07926,boundary,C03,G2,F1,3,1,classroom,60,classroom,S9
TTO-07926,boundary,C04,G2,F2,3,1,lab,30,lab,S8
TTO-07926,boundary,C05,G1,F2,4,2,lab,30,lab,S9
TTO-07927,boundary,C01,G2,F1,4,2,lab,30,lab,S10
TTO-07927,boundary,C02,G2,F1,4,1,classroom,60,classroom,S4
TTO-07927,boundary,C03,G1,F2,4,2,lab,30,lab,S5
TTO-07927,boundary,C04,G2,F1,3,1,classroom,60,classroom,S5
TTO-07927,boundary,C05,G2,F2,4,1,classroom,60,classroom,S6
TTO-07928,boundary,C01,G2,F3,3,1,lab,30,lab,S1
TTO-07928,boundary,C02,G1,F3,4,1,lab,30,lab,S4
TTO-07928,boundary,C03,G2,F2,3,2,lab,30,lab,S5
TTO-07928,boundary,C04,G1,F2,4,1,classroom,60,classroom,S4
TTO-07928,boundary,C05,G1,F1,4,1,classroom,60,classroom,S2
TTO-07929,boundary,C01,G1,F3,4,1,lab,30,lab,S8
TTO-07929,boundary,C02,G2,F1,3,2,classroom,60,classroom,S9
TTO-07929,boundary,C03,G2,F1,4,1,classroom,60,classroom,S9
TTO-07929,boundary,C04,G2,F2,3,1,lab,30,lab,S1
TTO-07929,boundary,C05,G1,F2,3,2,lab,30,lab,S6
TTO-07930,boundary,C01,G1,F3,3,2,lab,30,lab,S5
TTO-07930,boundary,C02,G2,F1,4,1,lab,30,lab,S9
TTO-07930,boundary,C03,G2,F3,4,1,classroom,60,classroom,S9
TTO-07930,boundary,C04,G1,F2,3,1,lab,30,lab,S5
TTO-07930,boundary,C05,G1,F2,3,2,classroom,60,classroom,S2
TTO-07931,boundary,C01,G1,F2,4,1,lab,30,lab,S9
TTO-07931,boundary,C02,G2,F3,4,1,lab,30,lab,S5
TTO-07931,boundary,C03,G2,F1,4,1,classroom,60,classroom,S3
TTO-07931,boundary,C04,G1,F2,4,1,classroom,60,classroom,S5
TTO-07931,boundary,C05,G1,F3,3,1,lab,30,lab,S9
TTO-07932,boundary,C01,G1,F3,4,1,classroom,60,classroom,S7
TTO-07932,boundary,C02,G1,F3,3,1,classroom,60,classroom,S9
TTO-07932,boundary,C03,G2,F2,3,1,classroom,60,classroom,S3
TTO-07932,boundary,C04,G2,F1,4,1,lab,30,lab,S4
TTO-07932,boundary,C05,G1,F2,4,2,lab,30,lab,S8
TTO-07933,boundary,C01,G2,F2,3,2,classroom,60,classroom,S8
TTO-07933,boundary,C02,G1,F1,3,2,lab,30,lab,S8
TTO-07933,boundary,C03,G1,F1,3,1,classroom,60,classroom,S9
TTO-07933,boundary,C04,G1,F1,3,2,lab,30,lab,S5
TTO-07933,boundary,C05,G1,F1,4,1,classroom,60,classroom,S1
TTO-07934,boundary,C01,G1,F1,3,2,classroom,60,classroom,S8
TTO-07934,boundary,C02,G1,F3,4,1,classroom,60,classroom,S1
TTO-07934,boundary,C03,G1,F2,4,2,classroom,60,classroom,S8
TTO-07934,boundary,C04,G1,F3,4,1,classroom,60,classroom,S3
TTO-07934,boundary,C05,G1,F2,4,2,classroom,60,classroom,S6
TTO-07935,boundary,C01,G2,F1,3,2,classroom,60,classroom,S2
TTO-07935,boundary,C02,G2,F1,4,1,classroom,60,classroom,S6
TTO-07935,boundary,C03,G2,F3,3,2,classroom,60,classroom,S8
TTO-07935,boundary,C04,G1,F3,3,1,lab,30,lab,S3
TTO-07935,boundary,C05,G2,F3,3,1,lab,30,lab,S4
TTO-07936,boundary,C01,G1,F1,4,2,classroom,60,classroom,S9
TTO-07936,boundary,C02,G2,F3,4,1,classroom,60,classroom,S5
TTO-07936,boundary,C03,G1,F3,3,2,lab,30,lab,S4
TTO-07936,boundary,C04,G1,F1,3,2,lab,30,lab,S3
TTO-07936,boundary,C05,G2,F1,3,1,lab,30,lab,S9
TTO-07937,boundary,C01,G2,F3,3,2,classroom,60,classroom,S7
TTO-07937,boundary,C02,G2,F2,3,2,classroom,60,classroom,S8
TTO-07937,boundary,C03,G1,F2,3,2,lab,30,lab,S6
TTO-07937,boundary,C04,G1,F3,3,2,classroom,60,classroom,S4
TTO-07937,boundary,C05,G2,F2,3,2,classroom,60,classroom,S2
TTO-07938,boundary,C01,G2,F3,4,1,lab,30,lab,S2
TTO-07938,boundary,C02,G1,F3,4,1,classroom,60,classroom,S1
TTO-07938,boundary,C03,G2,F2,4,2,classroom,60,classroom,S9
TTO-07938,boundary,C04,G1,F3,4,2,lab,30,lab,S4
TTO-07938,boundary,C05,G1,F1,4,2,lab,30,lab,S5
TTO-07939,boundary,C01,G1,F1,3,1,lab,30,lab,S5
TTO-07939,boundary,C02,G1,F2,4,1,classroom,60,classroom,S4
TTO-07939,boundary,C03,G2,F1,4,2,lab,30,lab,S8
TTO-07939,boundary,C04,G1,F3,3,1,lab,30,lab,S5
TTO-07939,boundary,C05,G1,F2,4,2,classroom,60,classroom,S10
TTO-07940,boundary,C01,G2,F1,4,1,lab,30,lab,S5
TTO-07940,boundary,C02,G1,F3,4,2,lab,30,lab,S7
TTO-07940,boundary,C03,G2,F1,4,2,lab,30,lab,S1
TTO-07940,boundary,C04,G1,F2,4,2,classroom,60,classroom,S5
TTO-07940,boundary,C05,G1,F1,3,1,lab,30,lab,S2
TTO-07941,boundary,C01,G2,F3,4,1,classroom,60,classroom,S9
TTO-07941,boundary,C02,G2,F2,4,2,classroom,60,classroom,S2
TTO-07941,boundary,C03,G1,F2,4,1,classroom,60,classroom,S6
TTO-07941,boundary,C04,G1,F2,3,1,classroom,60,classroom,S9
TTO-07941,boundary,C05,G1,F1,4,1,classroom,60,classroom,S1
TTO-07942,boundary,C01,G2,F1,3,2,classroom,60,classroom,S6
TTO-07942,boundary,C02,G1,F2,4,1,lab,30,lab,S5
TTO-07942,boundary,C03,G1,F3,3,1,lab,30,lab,S9
TTO-07942,boundary,C04,G2,F1,4,2,lab,30,lab,S3
TTO-07942,boundary,C05,G2,F3,3,1,lab,30,lab,S5
TTO-07943,boundary,C01,G2,F2,3,1,classroom,60,classroom,S7
TTO-07943,boundary,C02,G1,F1,3,2,lab,30,lab,S4
TTO-07943,boundary,C03,G2,F1,4,2,lab,30,lab,S1
TTO-07943,boundary,C04,G1,F3,3,2,classroom,60,classroom,S3
TTO-07943,boundary,C05,G1,F1,3,2,classroom,60,classroom,S7
TTO-07944,boundary,C01,G2,F3,3,2,classroom,60,classroom,S2
TTO-07944,boundary,C02,G1,F3,4,1,lab,30,lab,S4
TTO-07944,boundary,C03,G1,F3,4,2,lab,30,lab,S7
TTO-07944,boundary,C04,G2,F3,3,2,lab,30,lab,S3
TTO-07944,boundary,C05,G1,F2,3,1,classroom,60,classroom,S5
TTO-07945,boundary,C01,G2,F2,4,1,lab,30,lab,S7
TTO-07945,boundary,C02,G2,F3,4,1,classroom,60,classroom,S8
TTO-07945,boundary,C03,G2,F3,3,2,classroom,60,classroom,S2
TTO-07945,boundary,C04,G2,F2,4,1,classroom,60,classroom,S8
TTO-07945,boundary,C05,G1,F3,4,2,lab,30,lab,S6
TTO-07946,boundary,C01,G1,F3,3,2,classroom,60,classroom,S8
TTO-07946,boundary,C02,G2,F1,3,1,classroom,60,classroom,S8
TTO-07946,boundary,C03,G2,F2,3,2,classroom,60,classroom,S9
TTO-07946,boundary,C04,G2,F1,4,1,lab,30,lab,S5
TTO-07946,boundary,C05,G2,F2,3,1,classroom,60,classroom,S3
TTO-07947,boundary,C01,G1,F1,4,2,lab,30,lab,S9
TTO-07947,boundary,C02,G2,F1,4,2,classroom,60,classroom,S6
TTO-07947,boundary,C03,G2,F3,4,2,classroom,60,classroom,S9
TTO-07947,boundary,C04,G2,F2,3,1,lab,30,lab,S7
TTO-07947,boundary,C05,G2,F2,3,2,classroom,60,classroom,S9
TTO-07948,boundary,C01,G2,F1,4,1,classroom,60,classroom,S10
TTO-07948,boundary,C02,G1,F1,3,1,lab,30,lab,S5
TTO-07948,boundary,C03,G1,F1,3,2,classroom,60,classroom,S5
TTO-07948,boundary,C04,G1,F3,3,1,classroom,60,classroom,S2
TTO-07948,boundary,C05,G2,F3,3,1,classroom,60,classroom,S5
TTO-07949,boundary,C01,G1,F1,4,1,classroom,60,classroom,S10
TTO-07949,boundary,C02,G2,F1,3,1,classroom,60,classroom,S8
TTO-07949,boundary,C03,G1,F2,3,2,classroom,60,classroom,S8
TTO-07949,boundary,C04,G2,F3,3,2,lab,30,lab,S4
TTO-07949,boundary,C05,G1,F3,4,2,lab,30,lab,S7
TTO-07950,boundary,C01,G1,F2,3,1,lab,30,lab,S9
TTO-07950,boundary,C02,G2,F3,4,1,lab,30,lab,S1
TTO-07950,boundary,C03,G2,F1,4,2,lab,30,lab,S9
TTO-07950,boundary,C04,G1,F1,4,2,lab,30,lab,S4
TTO-07950,boundary,C05,G1,F1,4,1,classroom,60,classroom,S3
TTO-07951,boundary,C01,G1,F2,4,2,lab,30,lab,S3
TTO-07951,boundary,C02,G2,F1,3,2,classroom,60,classroom,S3
TTO-07951,boundary,C03,G1,F1,4,2,lab,30,lab,S10
TTO-07951,boundary,C04,G2,F2,4,1,lab,30,lab,S6
TTO-07951,boundary,C05,G1,F2,4,2,classroom,60,classroom,S10
TTO-07952,boundary,C01,G1,F2,4,2,lab,30,lab,S9
TTO-07952,boundary,C02,G1,F1,4,1,classroom,60,classroom,S3
TTO-07952,boundary,C03,G2,F1,3,1,lab,30,lab,S7
TTO-07952,boundary,C04,G2,F2,3,1,classroom,60,classroom,S5
TTO-07952,boundary,C05,G1,F3,3,2,classroom,60,classroom,S1
TTO-07953,boundary,C01,G2,F1,3,2,classroom,60,classroom,S5
TTO-07953,boundary,C02,G1,F2,4,2,classroom,60,classroom,S5
TTO-07953,boundary,C03,G1,F1,4,2,classroom,60,classroom,S3
TTO-07953,boundary,C04,G2,F2,4,1,classroom,60,classroom,S10
TTO-07953,boundary,C05,G1,F2,3,1,classroom,60,classroom,S4
TTO-07954,boundary,C01,G2,F2,4,2,classroom,60,classroom,S9
TTO-07954,boundary,C02,G2,F2,4,1,lab,30,lab,S6
TTO-07954,boundary,C03,G1,F2,4,2,lab,30,lab,S7
TTO-07954,boundary,C04,G1,F3,3,2,classroom,60,classroom,S5
TTO-07954,boundary,C05,G2,F2,3,2,lab,30,lab,S9
TTO-07955,boundary,C01,G1,F2,3,2,lab,30,lab,S4
TTO-07955,boundary,C02,G2,F3,4,2,lab,30,lab,S10
TTO-07955,boundary,C03,G2,F1,3,2,lab,30,lab,S3
TTO-07955,boundary,C04,G1,F1,4,1,classroom,60,classroom,S4
TTO-07955,boundary,C05,G2,F3,4,1,lab,30,lab,S10
TTO-07956,boundary,C01,G1,F2,4,2,lab,30,lab,S3
TTO-07956,boundary,C02,G1,F2,4,2,lab,30,lab,S3
TTO-07956,boundary,C03,G2,F3,4,1,lab,30,lab,S8
TTO-07956,boundary,C04,G1,F2,4,1,classroom,60,classroom,S8
TTO-07956,boundary,C05,G2,F1,3,2,lab,30,lab,S2
TTO-07957,boundary,C01,G2,F3,4,1,classroom,60,classroom,S4
TTO-07957,boundary,C02,G2,F1,4,2,lab,30,lab,S8
TTO-07957,boundary,C03,G2,F2,4,2,classroom,60,classroom,S7
TTO-07957,boundary,C04,G1,F1,3,2,classroom,60,classroom,S9
TTO-07957,boundary,C05,G2,F2,3,2,lab,30,lab,S10
TTO-07958,boundary,C01,G2,F1,4,1,lab,30,lab,S3
TTO-07958,boundary,C02,G1,F2,4,1,lab,30,lab,S10
TTO-07958,boundary,C03,G1,F1,3,1,classroom,60,classroom,S1
TTO-07958,boundary,C04,G1,F3,4,2,classroom,60,classroom,S4
TTO-07958,boundary,C05,G1,F1,4,2,classroom,60,classroom,S8
TTO-07959,boundary,C01,G1,F1,4,2,classroom,60,classroom,S1
TTO-07959,boundary,C02,G2,F1,3,2,classroom,60,classroom,S9
TTO-07959,boundary,C03,G2,F1,3,2,lab,30,lab,S5
TTO-07959,boundary,C04,G2,F3,4,1,lab,30,lab,S8
TTO-07959,boundary,C05,G2,F3,4,1,classroom,60,classroom,S7
TTO-07960,boundary,C01,G2,F3,3,2,lab,30,lab,S7
TTO-07960,boundary,C02,G2,F3,4,2,classroom,60,classroom,S5
TTO-07960,boundary,C03,G1,F1,3,1,lab,30,lab,S4
TTO-07960,boundary,C04,G2,F2,3,1,classroom,60,classroom,S2
TTO-07960,boundary,C05,G1,F2,3,2,classroom,60,classroom,S9
TTO-07961,boundary,C01,G2,F1,4,2,lab,30,lab,S2
TTO-07961,boundary,C02,G1,F2,4,1,classroom,60,classroom,S8
TTO-07961,boundary,C03,G2,F1,4,1,classroom,60,classroom,S6
TTO-07961,boundary,C04,G1,F1,3,1,classroom,60,classroom,S7
TTO-07961,boundary,C05,G1,F1,3,2,lab,30,lab,S6
TTO-07962,boundary,C01,G2,F3,4,1,classroom,60,classroom,S3
TTO-07962,boundary,C02,G2,F2,4,2,classroom,60,classroom,S8
TTO-07962,boundary,C03,G2,F1,3,2,lab,30,lab,S10
TTO-07962,boundary,C04,G2,F2,3,2,classroom,60,classroom,S6
TTO-07962,boundary,C05,G2,F3,3,2,lab,30,lab,S4
TTO-07963,boundary,C01,G1,F2,4,2,lab,30,lab,S2
TTO-07963,boundary,C02,G2,F2,3,1,classroom,60,classroom,S9
TTO-07963,boundary,C03,G2,F2,3,1,lab,30,lab,S10
TTO-07963,boundary,C04,G1,F3,3,2,classroom,60,classroom,S1
TTO-07963,boundary,C05,G1,F2,3,1,classroom,60,classroom,S1
TTO-07964,boundary,C01,G1,F1,3,2,lab,30,lab,S7
TTO-07964,boundary,C02,G1,F2,3,2,lab,30,lab,S2
TTO-07964,boundary,C03,G2,F3,3,1,lab,30,lab,S10
TTO-07964,boundary,C04,G1,F1,3,1,classroom,60,classroom,S4
TTO-07964,boundary,C05,G1,F1,3,2,classroom,60,classroom,S9
TTO-07965,boundary,C01,G2,F3,3,1,lab,30,lab,S3
TTO-07965,boundary,C02,G2,F2,3,1,lab,30,lab,S7
TTO-07965,boundary,C03,G2,F2,4,2,lab,30,lab,S1
TTO-07965,boundary,C04,G2,F1,4,2,lab,30,lab,S3
TTO-07965,boundary,C05,G2,F2,3,1,classroom,60,classroom,S10
TTO-07966,boundary,C01,G1,F3,3,1,lab,30,lab,S2
TTO-07966,boundary,C02,G2,F1,4,2,classroom,60,classroom,S8
TTO-07966,boundary,C03,G2,F3,3,2,classroom,60,classroom,S8
TTO-07966,boundary,C04,G2,F2,4,2,lab,30,lab,S6
TTO-07966,boundary,C05,G2,F2,3,2,classroom,60,classroom,S9
TTO-07967,boundary,C01,G1,F3,4,1,classroom,60,classroom,S1
TTO-07967,boundary,C02,G1,F1,3,1,classroom,60,classroom,S2
TTO-07967,boundary,C03,G1,F1,3,1,classroom,60,classroom,S9
TTO-07967,boundary,C04,G1,F2,4,1,classroom,60,classroom,S3
TTO-07967,boundary,C05,G1,F1,4,1,lab,30,lab,S7
TTO-07968,boundary,C01,G2,F3,3,1,classroom,60,classroom,S5
TTO-07968,boundary,C02,G1,F2,4,2,lab,30,lab,S9
TTO-07968,boundary,C03,G1,F1,4,1,lab,30,lab,S5
TTO-07968,boundary,C04,G2,F3,4,2,classroom,60,classroom,S2
TTO-07968,boundary,C05,G2,F1,3,1,lab,30,lab,S7
TTO-07969,boundary,C01,G2,F3,3,1,lab,30,lab,S2
TTO-07969,boundary,C02,G2,F2,3,1,classroom,60,classroom,S10
TTO-07969,boundary,C03,G1,F1,4,2,lab,30,lab,S2
TTO-07969,boundary,C04,G2,F2,3,1,classroom,60,classroom,S9
TTO-07969,boundary,C05,G2,F2,3,2,classroom,60,classroom,S6
TTO-07970,boundary,C01,G1,F2,4,1,lab,30,lab,S7
TTO-07970,boundary,C02,G1,F2,3,1,classroom,60,classroom,S1
TTO-07970,boundary,C03,G2,F3,4,1,lab,30,lab,S8
TTO-07970,boundary,C04,G2,F3,4,1,lab,30,lab,S10
TTO-07970,boundary,C05,G1,F1,4,2,lab,30,lab,S8
TTO-07971,boundary,C01,G1,F1,4,2,lab,30,lab,S10
TTO-07971,boundary,C02,G2,F2,3,2,classroom,60,classroom,S9
TTO-07971,boundary,C03,G2,F2,4,1,classroom,60,classroom,S7
TTO-07971,boundary,C04,G2,F2,3,1,classroom,60,classroom,S6
TTO-07971,boundary,C05,G1,F2,4,1,classroom,60,classroom,S3
TTO-07972,boundary,C01,G1,F3,4,2,classroom,60,classroom,S9
TTO-07972,boundary,C02,G2,F3,3,2,lab,30,lab,S7
TTO-07972,boundary,C03,G1,F3,3,2,lab,30,lab,S3
TTO-07972,boundary,C04,G2,F1,4,1,classroom,60,classroom,S1
TTO-07972,boundary,C05,G2,F1,3,1,lab,30,lab,S1
TTO-07973,boundary,C01,G1,F1,3,1,classroom,60,classroom,S5
TTO-07973,boundary,C02,G1,F2,3,1,classroom,60,classroom,S6
TTO-07973,boundary,C03,G1,F2,4,1,classroom,60,classroom,S2
TTO-07973,boundary,C04,G2,F2,3,2,classroom,60,classroom,S6
TTO-07973,boundary,C05,G1,F1,3,2,classroom,60,classroom,S6
TTO-07974,boundary,C01,G2,F1,3,2,lab,30,lab,S4
TTO-07974,boundary,C02,G1,F1,4,2,lab,30,lab,S6
TTO-07974,boundary,C03,G2,F2,3,1,lab,30,lab,S2
TTO-07974,boundary,C04,G2,F1,4,2,lab,30,lab,S5
TTO-07974,boundary,C05,G1,F3,3,1,classroom,60,classroom,S8
TTO-07975,boundary,C01,G1,F2,3,2,lab,30,lab,S10
TTO-07975,boundary,C02,G1,F3,4,2,lab,30,lab,S3
TTO-07975,boundary,C03,G2,F2,3,2,classroom,60,classroom,S4
TTO-07975,boundary,C04,G1,F2,3,2,classroom,60,classroom,S8
TTO-07975,boundary,C05,G1,F1,4,2,classroom,60,classroom,S10
TTO-07976,boundary,C01,G2,F3,3,1,lab,30,lab,S4
TTO-07976,boundary,C02,G1,F3,3,2,lab,30,lab,S6
TTO-07976,boundary,C03,G2,F3,3,1,classroom,60,classroom,S9
TTO-07976,boundary,C04,G2,F1,4,2,lab,30,lab,S1
TTO-07976,boundary,C05,G2,F3,4,1,classroom,60,classroom,S5
TTO-07977,boundary,C01,G2,F3,3,1,classroom,60,classroom,S3
TTO-07977,boundary,C02,G2,F1,3,2,classroom,60,classroom,S1
TTO-07977,boundary,C03,G1,F1,4,1,classroom,60,classroom,S8
TTO-07977,boundary,C04,G1,F2,4,1,classroom,60,classroom,S6
TTO-07977,boundary,C05,G1,F1,3,1,lab,30,lab,S10
TTO-07978,boundary,C01,G1,F1,4,1,lab,30,lab,S3
TTO-07978,boundary,C02,G1,F3,4,1,classroom,60,classroom,S9
TTO-07978,boundary,C03,G1,F1,3,1,classroom,60,classroom,S10
TTO-07978,boundary,C04,G1,F3,3,2,classroom,60,classroom,S8
TTO-07978,boundary,C05,G2,F1,4,2,lab,30,lab,S4
TTO-07979,boundary,C01,G1,F3,4,2,classroom,60,classroom,S9
TTO-07979,boundary,C02,G1,F2,4,2,classroom,60,classroom,S5
TTO-07979,boundary,C03,G2,F2,3,1,lab,30,lab,S8
TTO-07979,boundary,C04,G2,F2,3,1,lab,30,lab,S3
TTO-07979,boundary,C05,G1,F3,4,2,lab,30,lab,S4
TTO-07980,boundary,C01,G2,F3,3,1,classroom,60,classroom,S5
TTO-07980,boundary,C02,G1,F1,4,1,classroom,60,classroom,S6
TTO-07980,boundary,C03,G1,F2,3,2,classroom,60,classroom,S6
TTO-07980,boundary,C04,G1,F3,4,2,lab,30,lab,S7
TTO-07980,boundary,C05,G1,F2,3,1,classroom,60,classroom,S4
TTO-07981,boundary,C01,G2,F2,4,2,lab,30,lab,S5
TTO-07981,boundary,C02,G2,F2,4,1,classroom,60,classroom,S2
TTO-07981,boundary,C03,G2,F3,3,1,classroom,60,classroom,S9
TTO-07981,boundary,C04,G2,F1,4,1,lab,30,lab,S7
TTO-07981,boundary,C05,G2,F2,4,1,lab,30,lab,S10
TTO-07982,boundary,C01,G2,F2,4,1,lab,30,lab,S7
TTO-07982,boundary,C02,G2,F2,3,2,classroom,60,classroom,S10
TTO-07982,boundary,C03,G1,F2,3,1,lab,30,lab,S9
TTO-07982,boundary,C04,G2,F2,4,1,lab,30,lab,S6
TTO-07982,boundary,C05,G2,F3,4,2,classroom,60,classroom,S8
TTO-07983,boundary,C01,G2,F2,3,2,classroom,60,classroom,S3
TTO-07983,boundary,C02,G2,F3,4,2,classroom,60,classroom,S2
TTO-07983,boundary,C03,G1,F3,3,1,lab,30,lab,S2
TTO-07983,boundary,C04,G2,F1,4,1,lab,30,lab,S4
TTO-07983,boundary,C05,G1,F1,3,2,classroom,60,classroom,S3
TTO-07984,boundary,C01,G2,F3,3,1,lab,30,lab,S3
TTO-07984,boundary,C02,G2,F3,3,1,lab,30,lab,S3
TTO-07984,boundary,C03,G2,F1,4,1,classroom,60,classroom,S5
TTO-07984,boundary,C04,G1,F1,4,2,lab,30,lab,S7
TTO-07984,boundary,C05,G2,F3,4,2,classroom,60,classroom,S1
TTO-07985,boundary,C01,G1,F3,4,2,lab,30,lab,S7
TTO-07985,boundary,C02,G1,F2,3,2,lab,30,lab,S9
TTO-07985,boundary,C03,G2,F3,4,1,classroom,60,classroom,S8
TTO-07985,boundary,C04,G2,F2,4,2,classroom,60,classroom,S5
TTO-07985,boundary,C05,G2,F3,3,2,classroom,60,classroom,S4
TTO-07986,boundary,C01,G2,F1,3,2,lab,30,lab,S3
TTO-07986,boundary,C02,G1,F3,4,2,classroom,60,classroom,S10
TTO-07986,boundary,C03,G2,F3,3,2,classroom,60,classroom,S8
TTO-07986,boundary,C04,G2,F3,3,2,classroom,60,classroom,S5
TTO-07986,boundary,C05,G2,F3,3,1,classroom,60,classroom,S3
TTO-07987,boundary,C01,G1,F2,4,1,classroom,60,classroom,S5
TTO-07987,boundary,C02,G2,F3,4,2,classroom,60,classroom,S2
TTO-07987,boundary,C03,G2,F3,3,2,lab,30,lab,S9
TTO-07987,boundary,C04,G2,F1,3,1,lab,30,lab,S5
TTO-07987,boundary,C05,G2,F3,3,2,classroom,60,classroom,S1
TTO-07988,boundary,C01,G2,F1,3,1,lab,30,lab,S2
TTO-07988,boundary,C02,G2,F1,4,1,lab,30,lab,S6
TTO-07988,boundary,C03,G1,F2,3,1,classroom,60,classroom,S1
TTO-07988,boundary,C04,G2,F2,3,2,classroom,60,classroom,S6
TTO-07988,boundary,C05,G2,F1,4,2,classroom,60,classroom,S9
TTO-07989,boundary,C01,G2,F1,3,2,classroom,60,classroom,S4
TTO-07989,boundary,C02,G2,F3,3,1,classroom,60,classroom,S2
TTO-07989,boundary,C03,G1,F1,4,2,lab,30,lab,S8
TTO-07989,boundary,C04,G2,F2,3,1,classroom,60,classroom,S1
TTO-07989,boundary,C05,G1,F1,4,1,classroom,60,classroom,S7
TTO-07990,boundary,C01,G1,F3,3,1,classroom,60,classroom,S5
TTO-07990,boundary,C02,G1,F3,4,2,classroom,60,classroom,S8
TTO-07990,boundary,C03,G2,F2,4,2,lab,30,lab,S7
TTO-07990,boundary,C04,G1,F3,3,1,classroom,60,classroom,S9
TTO-07990,boundary,C05,G2,F3,4,1,lab,30,lab,S8
TTO-07991,boundary,C01,G1,F1,3,1,lab,30,lab,S3
TTO-07991,boundary,C02,G1,F1,4,2,classroom,60,classroom,S4
TTO-07991,boundary,C03,G2,F3,4,1,classroom,60,classroom,S4
TTO-07991,boundary,C04,G2,F1,4,2,lab,30,lab,S3
TTO-07991,boundary,C05,G1,F2,4,1,classroom,60,classroom,S9
TTO-07992,boundary,C01,G2,F3,3,2,lab,30,lab,S6
TTO-07992,boundary,C02,G1,F1,4,1,lab,30,lab,S9
TTO-07992,boundary,C03,G2,F2,4,1,classroom,60,classroom,S9
TTO-07992,boundary,C04,G2,F1,3,2,lab,30,lab,S10
TTO-07992,boundary,C05,G2,F1,3,2,classroom,60,classroom,S9
TTO-07993,boundary,C01,G2,F2,3,1,classroom,60,classroom,S8
TTO-07993,boundary,C02,G1,F1,4,1,classroom,60,classroom,S9
TTO-07993,boundary,C03,G1,F1,4,2,lab,30,lab,S8
TTO-07993,boundary,C04,G1,F3,3,2,lab,30,lab,S5
TTO-07993,boundary,C05,G1,F3,3,2,lab,30,lab,S3
TTO-07994,boundary,C01,G2,F2,4,1,lab,30,lab,S8
TTO-07994,boundary,C02,G2,F1,4,2,lab,30,lab,S8
TTO-07994,boundary,C03,G1,F1,4,1,lab,30,lab,S5
TTO-07994,boundary,C04,G2,F2,4,2,classroom,60,classroom,S1
TTO-07994,boundary,C05,G2,F2,3,1,lab,30,lab,S8
TTO-07995,boundary,C01,G1,F1,4,2,lab,30,lab,S7
TTO-07995,boundary,C02,G1,F2,4,1,lab,30,lab,S6
TTO-07995,boundary,C03,G2,F3,3,2,classroom,60,classroom,S4
TTO-07995,boundary,C04,G2,F1,3,2,lab,30,lab,S6
TTO-07995,boundary,C05,G2,F3,3,2,lab,30,lab,S2
TTO-07996,boundary,C01,G1,F2,4,1,lab,30,lab,S3
TTO-07996,boundary,C02,G1,F1,4,1,classroom,60,classroom,S9
TTO-07996,boundary,C03,G1,F1,4,1,lab,30,lab,S1
TTO-07996,boundary,C04,G1,F2,4,2,classroom,60,classroom,S1
TTO-07996,boundary,C05,G2,F2,3,2,lab,30,lab,S5
TTO-07997,boundary,C01,G1,F2,4,1,lab,30,lab,S8
TTO-07997,boundary,C02,G2,F1,4,1,classroom,60,classroom,S5
TTO-07997,boundary,C03,G1,F2,3,1,lab,30,lab,S8
TTO-07997,boundary,C04,G1,F2,4,1,classroom,60,classroom,S3
TTO-07997,boundary,C05,G2,F2,3,2,lab,30,lab,S7
TTO-07998,boundary,C01,G2,F2,3,2,lab,30,lab,S10
TTO-07998,boundary,C02,G1,F3,4,2,lab,30,lab,S4
TTO-07998,boundary,C03,G1,F2,4,2,classroom,60,classroom,S9
TTO-07998,boundary,C04,G1,F1,3,1,classroom,60,classroom,S8
TTO-07998,boundary,C05,G1,F3,4,2,classroom,60,classroom,S2
TTO-07999,boundary,C01,G2,F3,4,1,classroom,60,classroom,S3
TTO-07999,boundary,C02,G1,F1,4,2,lab,30,lab,S7
TTO-07999,boundary,C03,G1,F2,4,1,lab,30,lab,S6
TTO-07999,boundary,C04,G2,F3,4,1,classroom,60,classroom,S2
TTO-07999,boundary,C05,G2,F2,4,1,lab,30,lab,S1
TTO-08000,boundary,C01,G2,F1,3,2,lab,30,lab,S6
TTO-08000,boundary,C02,G2,F2,3,1,classroom,60,classroom,S2
TTO-08000,boundary,C03,G1,F3,3,2,classroom,60,classroom,S6
TTO-08000,boundary,C04,G1,F3,3,2,lab,30,lab,S3
TTO-08000,boundary,C05,G1,F2,4,1,lab,30,lab,S10
TTO-08001,boundary,C01,G2,F3,3,2,classroom,60,classroom,S3
TTO-08001,boundary,C02,G2,F1,3,2,lab,30,lab,S5
TTO-08001,boundary,C03,G2,F1,4,1,lab,30,lab,S1
TTO-08001,boundary,C04,G1,F1,4,2,lab,30,lab,S10
TTO-08001,boundary,C05,G2,F2,4,1,lab,30,lab,S8
TTO-08002,boundary,C01,G1,F1,4,2,classroom,60,classroom,S9
TTO-08002,boundary,C02,G2,F3,3,2,classroom,60,classroom,S1
TTO-08002,boundary,C03,G2,F3,4,1,classroom,60,classroom,S2
TTO-08002,boundary,C04,G1,F2,3,2,lab,30,lab,S9
TTO-08002,boundary,C05,G2,F1,4,2,classroom,60,classroom,S9
TTO-08003,boundary,C01,G2,F1,4,1,lab,30,lab,S3
TTO-08003,boundary,C02,G2,F2,3,1,lab,30,lab,S5
TTO-08003,boundary,C03,G1,F2,3,2,classroom,60,classroom,S10
TTO-08003,boundary,C04,G1,F2,4,2,lab,30,lab,S4
TTO-08003,boundary,C05,G1,F3,4,1,lab,30,lab,S8
TTO-08004,boundary,C01,G2,F2,4,2,classroom,60,classroom,S5
TTO-08004,boundary,C02,G1,F1,4,2,classroom,60,classroom,S5
TTO-08004,boundary,C03,G2,F2,4,1,lab,30,lab,S3
TTO-08004,boundary,C04,G2,F3,4,1,lab,30,lab,S7
TTO-08004,boundary,C05,G1,F3,4,1,lab,30,lab,S10
TTO-08005,boundary,C01,G1,F3,3,1,lab,30,lab,S10
TTO-08005,boundary,C02,G1,F2,4,1,classroom,60,classroom,S8
TTO-08005,boundary,C03,G2,F1,4,1,classroom,60,classroom,S7
TTO-08005,boundary,C04,G2,F2,4,2,classroom,60,classroom,S8
TTO-08005,boundary,C05,G2,F3,3,2,lab,30,lab,S4
TTO-08006,boundary,C01,G1,F3,4,2,lab,30,lab,S8
TTO-08006,boundary,C02,G1,F1,4,1,classroom,60,classroom,S6
TTO-08006,boundary,C03,G2,F1,3,1,lab,30,lab,S3
TTO-08006,boundary,C04,G2,F1,3,1,lab,30,lab,S9
TTO-08006,boundary,C05,G1,F2,4,2,classroom,60,classroom,S8
TTO-08007,boundary,C01,G1,F3,3,2,classroom,60,classroom,S5
TTO-08007,boundary,C02,G2,F1,3,1,classroom,60,classroom,S9
TTO-08007,boundary,C03,G2,F2,3,1,lab,30,lab,S9
TTO-08007,boundary,C04,G2,F1,3,1,lab,30,lab,S1
TTO-08007,boundary,C05,G1,F3,4,2,classroom,60,classroom,S3
TTO-08008,boundary,C01,G2,F3,4,2,lab,30,lab,S4
TTO-08008,boundary,C02,G2,F2,4,2,lab,30,lab,S3
TTO-08008,boundary,C03,G1,F3,3,1,lab,30,lab,S8
TTO-08008,boundary,C04,G2,F1,3,1,classroom,60,classroom,S8
TTO-08008,boundary,C05,G2,F2,4,2,classroom,60,classroom,S3
TTO-08009,boundary,C01,G2,F3,3,2,classroom,60,classroom,S2
TTO-08009,boundary,C02,G2,F1,3,1,classroom,60,classroom,S4
TTO-08009,boundary,C03,G2,F3,3,1,lab,30,lab,S1
TTO-08009,boundary,C04,G1,F3,3,1,lab,30,lab,S3
TTO-08009,boundary,C05,G2,F2,3,2,lab,30,lab,S4
TTO-08010,boundary,C01,G1,F3,3,2,lab,30,lab,S4
TTO-08010,boundary,C02,G1,F1,3,1,classroom,60,classroom,S9
TTO-08010,boundary,C03,G2,F2,3,1,lab,30,lab,S2
TTO-08010,boundary,C04,G2,F2,4,1,lab,30,lab,S1
TTO-08010,boundary,C05,G1,F3,3,1,lab,30,lab,S8
TTO-08011,boundary,C01,G1,F3,3,1,lab,30,lab,S9
TTO-08011,boundary,C02,G2,F3,3,1,lab,30,lab,S3
TTO-08011,boundary,C03,G1,F1,3,2,lab,30,lab,S3
TTO-08011,boundary,C04,G2,F2,4,1,lab,30,lab,S10
TTO-08011,boundary,C05,G1,F2,3,2,lab,30,lab,S7
TTO-08012,boundary,C01,G2,F2,4,2,classroom,60,classroom,S8
TTO-08012,boundary,C02,G1,F2,3,2,lab,30,lab,S3
TTO-08012,boundary,C03,G2,F1,3,2,classroom,60,classroom,S8
TTO-08012,boundary,C04,G1,F1,4,1,lab,30,lab,S1
TTO-08012,boundary,C05,G1,F2,4,1,classroom,60,classroom,S10
TTO-08013,boundary,C01,G1,F2,4,2,classroom,60,classroom,S10
TTO-08013,boundary,C02,G1,F1,4,2,classroom,60,classroom,S9
TTO-08013,boundary,C03,G2,F2,4,1,classroom,60,classroom,S6
TTO-08013,boundary,C04,G2,F1,4,1,classroom,60,classroom,S9
TTO-08013,boundary,C05,G1,F1,3,2,lab,30,lab,S7
TTO-08014,boundary,C01,G2,F1,4,2,classroom,60,classroom,S9
TTO-08014,boundary,C02,G1,F1,4,1,lab,30,lab,S5
TTO-08014,boundary,C03,G1,F3,4,2,lab,30,lab,S5
TTO-08014,boundary,C04,G1,F3,4,2,classroom,60,classroom,S10
TTO-08014,boundary,C05,G1,F3,4,1,classroom,60,classroom,S6
TTO-08015,boundary,C01,G1,F3,4,2,classroom,60,classroom,S1
TTO-08015,boundary,C02,G1,F3,3,1,classroom,60,classroom,S10
TTO-08015,boundary,C03,G2,F2,3,2,classroom,60,classroom,S10
TTO-08015,boundary,C04,G2,F3,3,2,lab,30,lab,S5
TTO-08015,boundary,C05,G2,F3,3,2,lab,30,lab,S3
TTO-08016,boundary,C01,G1,F3,3,2,lab,30,lab,S5
TTO-08016,boundary,C02,G1,F1,3,2,lab,30,lab,S10
TTO-08016,boundary,C03,G1,F1,4,2,classroom,60,classroom,S1
TTO-08016,boundary,C04,G1,F2,3,2,lab,30,lab,S9
TTO-08016,boundary,C05,G1,F3,4,1,lab,30,lab,S1
TTO-08017,boundary,C01,G2,F3,3,1,lab,30,lab,S5
TTO-08017,boundary,C02,G1,F2,4,2,classroom,60,classroom,S10
TTO-08017,boundary,C03,G1,F2,4,1,lab,30,lab,S7
TTO-08017,boundary,C04,G2,F3,3,1,classroom,60,classroom,S9
TTO-08017,boundary,C05,G1,F3,4,2,classroom,60,classroom,S7
TTO-08018,boundary,C01,G1,F2,3,2,lab,30,lab,S2
TTO-08018,boundary,C02,G2,F2,3,2,classroom,60,classroom,S10
TTO-08018,boundary,C03,G1,F1,3,2,lab,30,lab,S2
TTO-08018,boundary,C04,G2,F3,3,2,classroom,60,classroom,S1
TTO-08018,boundary,C05,G1,F3,3,2,lab,30,lab,S6
TTO-08019,boundary,C01,G2,F2,4,2,classroom,60,classroom,S8
TTO-08019,boundary,C02,G1,F1,3,1,classroom,60,classroom,S8
TTO-08019,boundary,C03,G2,F3,3,1,classroom,60,classroom,S6
TTO-08019,boundary,C04,G2,F2,4,1,lab,30,lab,S8
TTO-08019,boundary,C05,G1,F1,3,2,classroom,60,classroom,S4
TTO-08020,boundary,C01,G1,F1,3,1,classroom,60,classroom,S5
TTO-08020,boundary,C02,G2,F3,3,2,classroom,60,classroom,S6
TTO-08020,boundary,C03,G2,F2,3,1,lab,30,lab,S2
TTO-08020,boundary,C04,G2,F2,3,2,lab,30,lab,S6
TTO-08020,boundary,C05,G1,F2,3,2,lab,30,lab,S8
TTO-08021,boundary,C01,G1,F1,4,2,lab,30,lab,S4
TTO-08021,boundary,C02,G1,F3,3,1,classroom,60,classroom,S7
TTO-08021,boundary,C03,G1,F3,4,2,lab,30,lab,S7
TTO-08021,boundary,C04,G1,F1,3,1,lab,30,lab,S4
TTO-08021,boundary,C05,G1,F2,3,2,lab,30,lab,S10
TTO-08022,boundary,C01,G1,F2,3,1,lab,30,lab,S10
TTO-08022,boundary,C02,G2,F3,3,2,classroom,60,classroom,S6
TTO-08022,boundary,C03,G2,F3,3,1,classroom,60,classroom,S3
TTO-08022,boundary,C04,G2,F2,4,1,classroom,60,classroom,S8
TTO-08022,boundary,C05,G1,F1,4,1,lab,30,lab,S5
TTO-08023,boundary,C01,G1,F3,3,2,lab,30,lab,S8
TTO-08023,boundary,C02,G2,F3,3,1,classroom,60,classroom,S4
TTO-08023,boundary,C03,G2,F3,4,2,classroom,60,classroom,S5
TTO-08023,boundary,C04,G1,F3,4,2,classroom,60,classroom,S10
TTO-08023,boundary,C05,G1,F3,3,1,classroom,60,classroom,S2
TTO-08024,boundary,C01,G2,F3,3,1,lab,30,lab,S1
TTO-08024,boundary,C02,G1,F3,4,1,classroom,60,classroom,S6
TTO-08024,boundary,C03,G1,F1,3,1,lab,30,lab,S7
TTO-08024,boundary,C04,G1,F2,4,1,lab,30,lab,S3
TTO-08024,boundary,C05,G1,F1,3,2,classroom,60,classroom,S3
TTO-08025,boundary,C01,G2,F3,3,2,lab,30,lab,S1
TTO-08025,boundary,C02,G1,F1,4,2,lab,30,lab,S10
TTO-08025,boundary,C03,G2,F1,3,1,lab,30,lab,S10
TTO-08025,boundary,C04,G1,F2,4,1,classroom,60,classroom,S5
TTO-08025,boundary,C05,G1,F1,3,1,lab,30,lab,S5
TTO-08026,boundary,C01,G2,F3,3,1,classroom,60,classroom,S8
TTO-08026,boundary,C02,G1,F1,4,1,classroom,60,classroom,S8
TTO-08026,boundary,C03,G1,F1,3,2,lab,30,lab,S2
TTO-08026,boundary,C04,G2,F2,4,1,lab,30,lab,S7
TTO-08026,boundary,C05,G1,F2,4,2,lab,30,lab,S6
TTO-08027,boundary,C01,G2,F1,3,1,lab,30,lab,S1
TTO-08027,boundary,C02,G2,F1,3,1,classroom,60,classroom,S1
TTO-08027,boundary,C03,G2,F1,4,2,lab,30,lab,S6
TTO-08027,boundary,C04,G1,F2,4,2,classroom,60,classroom,S2
TTO-08027,boundary,C05,G1,F1,3,2,classroom,60,classroom,S2
TTO-08028,boundary,C01,G2,F3,3,2,lab,30,lab,S2
TTO-08028,boundary,C02,G2,F1,3,1,lab,30,lab,S1
TTO-08028,boundary,C03,G2,F2,4,1,lab,30,lab,S9
TTO-08028,boundary,C04,G1,F3,3,2,lab,30,lab,S10
TTO-08028,boundary,C05,G2,F1,3,1,classroom,60,classroom,S1
TTO-08029,boundary,C01,G1,F1,4,2,classroom,60,classroom,S9
TTO-08029,boundary,C02,G2,F2,3,2,classroom,60,classroom,S10
TTO-08029,boundary,C03,G1,F1,3,1,lab,30,lab,S8
TTO-08029,boundary,C04,G2,F2,4,2,classroom,60,classroom,S5
TTO-08029,boundary,C05,G1,F2,3,1,lab,30,lab,S7
TTO-08030,boundary,C01,G1,F3,3,2,classroom,60,classroom,S3
TTO-08030,boundary,C02,G1,F3,4,1,classroom,60,classroom,S5
TTO-08030,boundary,C03,G1,F1,4,2,classroom,60,classroom,S8
TTO-08030,boundary,C04,G2,F2,4,2,lab,30,lab,S10
TTO-08030,boundary,C05,G1,F3,3,1,lab,30,lab,S7
TTO-08031,boundary,C01,G1,F3,4,1,lab,30,lab,S4
TTO-08031,boundary,C02,G1,F3,4,1,lab,30,lab,S1
TTO-08031,boundary,C03,G1,F1,4,2,lab,30,lab,S8
TTO-08031,boundary,C04,G2,F3,4,1,lab,30,lab,S5
TTO-08031,boundary,C05,G2,F3,4,2,classroom,60,classroom,S9
TTO-08032,boundary,C01,G2,F3,3,2,lab,30,lab,S4
TTO-08032,boundary,C02,G2,F1,3,2,classroom,60,classroom,S2
TTO-08032,boundary,C03,G1,F3,4,2,classroom,60,classroom,S2
TTO-08032,boundary,C04,G1,F2,4,1,classroom,60,classroom,S5
TTO-08032,boundary,C05,G1,F2,3,1,lab,30,lab,S4
TTO-08033,boundary,C01,G2,F3,3,2,lab,30,lab,S8
TTO-08033,boundary,C02,G2,F2,3,2,lab,30,lab,S1
TTO-08033,boundary,C03,G1,F2,4,1,lab,30,lab,S1
TTO-08033,boundary,C04,G2,F1,3,1,classroom,60,classroom,S9
TTO-08033,boundary,C05,G2,F3,3,1,classroom,60,classroom,S5
TTO-08034,boundary,C01,G1,F3,3,2,classroom,60,classroom,S7
TTO-08034,boundary,C02,G2,F2,3,1,classroom,60,classroom,S1
TTO-08034,boundary,C03,G1,F3,4,1,classroom,60,classroom,S9
TTO-08034,boundary,C04,G1,F3,3,2,lab,30,lab,S1
TTO-08034,boundary,C05,G2,F3,3,2,lab,30,lab,S3
TTO-08035,boundary,C01,G2,F3,4,1,classroom,60,classroom,S10
TTO-08035,boundary,C02,G2,F1,3,2,classroom,60,classroom,S4
TTO-08035,boundary,C03,G1,F1,3,1,lab,30,lab,S1
TTO-08035,boundary,C04,G2,F1,4,1,lab,30,lab,S1
TTO-08035,boundary,C05,G2,F1,3,2,classroom,60,classroom,S9
TTO-08036,boundary,C01,G2,F3,3,2,classroom,60,classroom,S2
TTO-08036,boundary,C02,G2,F3,4,2,lab,30,lab,S1
TTO-08036,boundary,C03,G2,F1,3,2,classroom,60,classroom,S4
TTO-08036,boundary,C04,G1,F2,4,1,classroom,60,classroom,S8
TTO-08036,boundary,C05,G2,F1,4,2,classroom,60,classroom,S10
TTO-08037,boundary,C01,G1,F3,3,1,classroom,60,classroom,S5
TTO-08037,boundary,C02,G1,F1,3,1,classroom,60,classroom,S3
TTO-08037,boundary,C03,G2,F3,4,2,classroom,60,classroom,S8
TTO-08037,boundary,C04,G2,F1,3,1,lab,30,lab,S10
TTO-08037,boundary,C05,G2,F3,4,2,lab,30,lab,S4
TTO-08038,boundary,C01,G2,F3,4,1,lab,30,lab,S4
TTO-08038,boundary,C02,G2,F3,4,2,lab,30,lab,S9
TTO-08038,boundary,C03,G1,F2,4,1,lab,30,lab,S6
TTO-08038,boundary,C04,G2,F1,3,1,classroom,60,classroom,S7
TTO-08038,boundary,C05,G2,F3,3,2,classroom,60,classroom,S5
TTO-08039,boundary,C01,G2,F3,3,2,lab,30,lab,S9
TTO-08039,boundary,C02,G2,F3,4,2,lab,30,lab,S3
TTO-08039,boundary,C03,G1,F1,4,1,classroom,60,classroom,S5
TTO-08039,boundary,C04,G2,F1,3,1,lab,30,lab,S3
TTO-08039,boundary,C05,G2,F1,4,1,classroom,60,classroom,S3
TTO-08040,boundary,C01,G1,F3,3,2,lab,30,lab,S1
TTO-08040,boundary,C02,G2,F2,3,2,classroom,60,classroom,S1
TTO-08040,boundary,C03,G1,F1,3,2,lab,30,lab,S10
TTO-08040,boundary,C04,G1,F2,4,1,classroom,60,classroom,S5
TTO-08040,boundary,C05,G2,F2,3,2,classroom,60,classroom,S6
TTO-08041,boundary,C01,G2,F3,4,1,classroom,60,classroom,S9
TTO-08041,boundary,C02,G1,F2,4,2,lab,30,lab,S9
TTO-08041,boundary,C03,G2,F2,4,2,classroom,60,classroom,S10
TTO-08041,boundary,C04,G2,F2,3,2,classroom,60,classroom,S1
TTO-08041,boundary,C05,G1,F2,3,2,lab,30,lab,S1
TTO-08042,boundary,C01,G1,F2,3,2,classroom,60,classroom,S3
TTO-08042,boundary,C02,G1,F2,4,2,classroom,60,classroom,S7
TTO-08042,boundary,C03,G1,F1,4,2,lab,30,lab,S4
TTO-08042,boundary,C04,G2,F3,3,2,classroom,60,classroom,S4
TTO-08042,boundary,C05,G1,F3,4,2,lab,30,lab,S5
TTO-08043,boundary,C01,G2,F2,4,1,classroom,60,classroom,S7
TTO-08043,boundary,C02,G1,F1,4,1,lab,30,lab,S8
TTO-08043,boundary,C03,G2,F1,4,1,classroom,60,classroom,S6
TTO-08043,boundary,C04,G2,F2,3,1,lab,30,lab,S10
TTO-08043,boundary,C05,G2,F3,3,2,lab,30,lab,S10
TTO-08044,boundary,C01,G2,F1,3,1,classroom,60,classroom,S4
TTO-08044,boundary,C02,G1,F3,3,1,lab,30,lab,S9
TTO-08044,boundary,C03,G2,F2,4,2,lab,30,lab,S6
TTO-08044,boundary,C04,G1,F3,4,2,lab,30,lab,S10
TTO-08044,boundary,C05,G2,F3,3,1,lab,30,lab,S3
TTO-08045,boundary,C01,G2,F2,3,1,lab,30,lab,S2
TTO-08045,boundary,C02,G1,F2,3,2,classroom,60,classroom,S4
TTO-08045,boundary,C03,G2,F2,4,2,lab,30,lab,S3
TTO-08045,boundary,C04,G2,F3,4,2,classroom,60,classroom,S10
TTO-08045,boundary,C05,G1,F2,4,1,lab,30,lab,S2
TTO-08046,boundary,C01,G2,F3,3,2,classroom,60,classroom,S3
TTO-08046,boundary,C02,G1,F2,3,2,lab,30,lab,S1
TTO-08046,boundary,C03,G2,F2,3,2,classroom,60,classroom,S1
TTO-08046,boundary,C04,G2,F1,3,1,classroom,60,classroom,S8
TTO-08046,boundary,C05,G2,F2,4,1,lab,30,lab,S2
TTO-08047,boundary,C01,G2,F2,4,2,lab,30,lab,S2
TTO-08047,boundary,C02,G1,F2,3,2,lab,30,lab,S3
TTO-08047,boundary,C03,G2,F2,4,2,classroom,60,classroom,S5
TTO-08047,boundary,C04,G2,F1,4,2,lab,30,lab,S5
TTO-08047,boundary,C05,G2,F1,4,2,classroom,60,classroom,S2
TTO-08048,boundary,C01,G2,F2,3,1,classroom,60,classroom,S5
TTO-08048,boundary,C02,G2,F2,3,2,classroom,60,classroom,S7
TTO-08048,boundary,C03,G2,F1,3,2,lab,30,lab,S5
TTO-08048,boundary,C04,G2,F3,4,1,lab,30,lab,S6
TTO-08048,boundary,C05,G2,F1,4,1,classroom,60,classroom,S10
TTO-08049,boundary,C01,G2,F3,3,1,lab,30,lab,S3
TTO-08049,boundary,C02,G1,F1,3,2,classroom,60,classroom,S3
TTO-08049,boundary,C03,G2,F1,4,1,classroom,60,classroom,S3
TTO-08049,boundary,C04,G2,F1,3,1,lab,30,lab,S10
TTO-08049,boundary,C05,G2,F2,4,1,classroom,60,classroom,S2
TTO-08050,boundary,C01,G1,F1,4,2,lab,30,lab,S5
TTO-08050,boundary,C02,G2,F1,3,2,classroom,60,classroom,S9
TTO-08050,boundary,C03,G2,F3,4,1,lab,30,lab,S1
TTO-08050,boundary,C04,G2,F1,4,1,classroom,60,classroom,S4
TTO-08050,boundary,C05,G1,F2,3,1,lab,30,lab,S8
TTO-08051,boundary,C01,G2,F1,4,1,classroom,60,classroom,S5
TTO-08051,boundary,C02,G1,F2,3,2,classroom,60,classroom,S4
TTO-08051,boundary,C03,G1,F3,4,2,lab,30,lab,S6
TTO-08051,boundary,C04,G1,F3,3,2,classroom,60,classroom,S5
TTO-08051,boundary,C05,G1,F3,3,1,lab,30,lab,S1
TTO-08052,boundary,C01,G1,F3,3,2,lab,30,lab,S5
TTO-08052,boundary,C02,G2,F3,4,2,classroom,60,classroom,S3
TTO-08052,boundary,C03,G1,F2,3,1,lab,30,lab,S10
TTO-08052,boundary,C04,G1,F3,4,1,lab,30,lab,S2
TTO-08052,boundary,C05,G1,F2,4,2,classroom,60,classroom,S4
TTO-08053,boundary,C01,G2,F2,4,2,classroom,60,classroom,S7
TTO-08053,boundary,C02,G1,F1,3,1,classroom,60,classroom,S4
TTO-08053,boundary,C03,G1,F1,3,2,classroom,60,classroom,S10
TTO-08053,boundary,C04,G2,F3,3,2,lab,30,lab,S5
TTO-08053,boundary,C05,G1,F1,3,2,lab,30,lab,S2
TTO-08054,boundary,C01,G1,F1,4,2,classroom,60,classroom,S4
TTO-08054,boundary,C02,G1,F2,3,2,classroom,60,classroom,S7
TTO-08054,boundary,C03,G2,F2,4,2,lab,30,lab,S2
TTO-08054,boundary,C04,G1,F2,3,1,classroom,60,classroom,S8
TTO-08054,boundary,C05,G1,F1,3,2,lab,30,lab,S9
TTO-08055,boundary,C01,G1,F3,3,1,lab,30,lab,S3
TTO-08055,boundary,C02,G1,F1,4,2,classroom,60,classroom,S2
TTO-08055,boundary,C03,G1,F3,3,1,classroom,60,classroom,S2
TTO-08055,boundary,C04,G2,F2,4,1,classroom,60,classroom,S10
TTO-08055,boundary,C05,G2,F1,4,2,classroom,60,classroom,S7
TTO-08056,boundary,C01,G2,F1,3,2,classroom,60,classroom,S6
TTO-08056,boundary,C02,G2,F2,3,1,classroom,60,classroom,S1
TTO-08056,boundary,C03,G1,F3,4,1,classroom,60,classroom,S5
TTO-08056,boundary,C04,G2,F3,4,2,classroom,60,classroom,S7
TTO-08056,boundary,C05,G2,F3,3,1,classroom,60,classroom,S7
TTO-08057,boundary,C01,G2,F2,3,2,classroom,60,classroom,S3
TTO-08057,boundary,C02,G2,F2,4,1,lab,30,lab,S2
TTO-08057,boundary,C03,G2,F2,4,2,lab,30,lab,S7
TTO-08057,boundary,C04,G2,F3,4,2,classroom,60,classroom,S4
TTO-08057,boundary,C05,G1,F1,4,1,classroom,60,classroom,S10
TTO-08058,boundary,C01,G1,F3,4,1,lab,30,lab,S8
TTO-08058,boundary,C02,G1,F2,3,1,lab,30,lab,S1
TTO-08058,boundary,C03,G2,F2,3,2,classroom,60,classroom,S1
TTO-08058,boundary,C04,G2,F1,4,2,lab,30,lab,S1
TTO-08058,boundary,C05,G1,F3,3,2,classroom,60,classroom,S10
TTO-08059,boundary,C01,G1,F1,3,1,classroom,60,classroom,S10
TTO-08059,boundary,C02,G1,F2,3,1,classroom,60,classroom,S3
TTO-08059,boundary,C03,G2,F3,3,2,classroom,60,classroom,S2
TTO-08059,boundary,C04,G2,F2,3,2,lab,30,lab,S9
TTO-08059,boundary,C05,G1,F1,3,2,lab,30,lab,S5
TTO-08060,boundary,C01,G2,F2,3,1,classroom,60,classroom,S2
TTO-08060,boundary,C02,G1,F1,3,1,classroom,60,classroom,S9
TTO-08060,boundary,C03,G2,F2,4,1,classroom,60,classroom,S6
TTO-08060,boundary,C04,G2,F2,3,1,lab,30,lab,S9
TTO-08060,boundary,C05,G1,F3,4,1,classroom,60,classroom,S5
TTO-08061,boundary,C01,G2,F3,3,1,lab,30,lab,S2
TTO-08061,boundary,C02,G1,F1,3,1,classroom,60,classroom,S4
TTO-08061,boundary,C03,G2,F2,4,2,lab,30,lab,S6
TTO-08061,boundary,C04,G1,F3,3,2,lab,30,lab,S5
TTO-08061,boundary,C05,G2,F1,3,1,classroom,60,classroom,S4
TTO-08062,boundary,C01,G1,F2,4,2,lab,30,lab,S9
TTO-08062,boundary,C02,G1,F2,3,2,lab,30,lab,S10
TTO-08062,boundary,C03,G2,F1,3,1,lab,30,lab,S1
TTO-08062,boundary,C04,G2,F1,3,1,lab,30,lab,S2
TTO-08062,boundary,C05,G2,F3,4,2,lab,30,lab,S5
TTO-08063,boundary,C01,G1,F3,3,2,classroom,60,classroom,S4
TTO-08063,boundary,C02,G1,F1,4,2,classroom,60,classroom,S2
TTO-08063,boundary,C03,G2,F2,4,1,classroom,60,classroom,S3
TTO-08063,boundary,C04,G2,F3,4,1,lab,30,lab,S7
TTO-08063,boundary,C05,G2,F1,3,2,lab,30,lab,S9
TTO-08064,boundary,C01,G2,F2,3,2,classroom,60,classroom,S9
TTO-08064,boundary,C02,G1,F3,4,1,lab,30,lab,S2
TTO-08064,boundary,C03,G1,F3,3,2,classroom,60,classroom,S3
TTO-08064,boundary,C04,G1,F3,4,2,lab,30,lab,S8
TTO-08064,boundary,C05,G1,F2,4,1,classroom,60,classroom,S5
TTO-08065,boundary,C01,G2,F2,3,2,classroom,60,classroom,S2
TTO-08065,boundary,C02,G1,F1,3,1,lab,30,lab,S3
TTO-08065,boundary,C03,G1,F3,3,2,classroom,60,classroom,S7
TTO-08065,boundary,C04,G2,F1,4,1,classroom,60,classroom,S1
TTO-08065,boundary,C05,G1,F1,3,1,lab,30,lab,S5
TTO-08066,boundary,C01,G1,F3,4,1,lab,30,lab,S8
TTO-08066,boundary,C02,G2,F2,4,1,classroom,60,classroom,S5
TTO-08066,boundary,C03,G2,F2,3,2,lab,30,lab,S4
TTO-08066,boundary,C04,G1,F3,4,1,lab,30,lab,S4
TTO-08066,boundary,C05,G1,F3,4,2,classroom,60,classroom,S9
TTO-08067,boundary,C01,G1,F1,4,1,lab,30,lab,S6
TTO-08067,boundary,C02,G1,F2,3,2,classroom,60,classroom,S1
TTO-08067,boundary,C03,G1,F2,3,2,lab,30,lab,S8
TTO-08067,boundary,C04,G1,F2,3,1,classroom,60,classroom,S6
TTO-08067,boundary,C05,G2,F1,4,2,classroom,60,classroom,S6
TTO-08068,boundary,C01,G2,F2,3,1,classroom,60,classroom,S2
TTO-08068,boundary,C02,G1,F3,3,2,classroom,60,classroom,S6
TTO-08068,boundary,C03,G1,F2,3,1,classroom,60,classroom,S4
TTO-08068,boundary,C04,G2,F2,3,2,lab,30,lab,S8
TTO-08068,boundary,C05,G2,F3,4,2,classroom,60,classroom,S6
TTO-08069,boundary,C01,G2,F3,4,2,classroom,60,classroom,S5
TTO-08069,boundary,C02,G2,F2,3,1,lab,30,lab,S7
TTO-08069,boundary,C03,G1,F3,3,1,classroom,60,classroom,S10
TTO-08069,boundary,C04,G1,F2,3,2,lab,30,lab,S1
TTO-08069,boundary,C05,G2,F1,3,1,lab,30,lab,S2
TTO-08070,boundary,C01,G1,F1,4,1,lab,30,lab,S2
TTO-08070,boundary,C02,G1,F1,4,1,classroom,60,classroom,S5
TTO-08070,boundary,C03,G2,F1,4,2,classroom,60,classroom,S5
TTO-08070,boundary,C04,G1,F2,4,1,classroom,60,classroom,S10
TTO-08070,boundary,C05,G1,F2,4,2,classroom,60,classroom,S1
TTO-08071,boundary,C01,G1,F3,3,1,lab,30,lab,S2
TTO-08071,boundary,C02,G2,F3,4,2,lab,30,lab,S1
TTO-08071,boundary,C03,G1,F2,4,1,classroom,60,classroom,S1
TTO-08071,boundary,C04,G1,F2,4,1,lab,30,lab,S4
TTO-08071,boundary,C05,G2,F1,3,2,classroom,60,classroom,S6
TTO-08072,boundary,C01,G1,F1,3,2,classroom,60,classroom,S1
TTO-08072,boundary,C02,G1,F2,3,2,lab,30,lab,S8
TTO-08072,boundary,C03,G2,F1,3,2,lab,30,lab,S1
TTO-08072,boundary,C04,G1,F1,4,1,classroom,60,classroom,S10
TTO-08072,boundary,C05,G1,F3,3,1,lab,30,lab,S1
TTO-08073,boundary,C01,G2,F1,3,2,lab,30,lab,S6
TTO-08073,boundary,C02,G1,F2,4,1,classroom,60,classroom,S3
TTO-08073,boundary,C03,G1,F3,4,1,lab,30,lab,S4
TTO-08073,boundary,C04,G2,F1,3,2,classroom,60,classroom,S6
TTO-08073,boundary,C05,G1,F1,4,2,classroom,60,classroom,S2
TTO-08074,boundary,C01,G1,F3,3,2,lab,30,lab,S8
TTO-08074,boundary,C02,G2,F2,3,2,lab,30,lab,S6
TTO-08074,boundary,C03,G1,F3,3,2,classroom,60,classroom,S5
TTO-08074,boundary,C04,G1,F1,4,2,classroom,60,classroom,S2
TTO-08074,boundary,C05,G1,F3,4,1,lab,30,lab,S10
TTO-08075,boundary,C01,G2,F1,3,2,lab,30,lab,S7
TTO-08075,boundary,C02,G1,F1,3,2,classroom,60,classroom,S8
TTO-08075,boundary,C03,G1,F3,3,2,lab,30,lab,S5
TTO-08075,boundary,C04,G1,F2,4,2,lab,30,lab,S7
TTO-08075,boundary,C05,G1,F2,3,2,lab,30,lab,S9
TTO-08076,boundary,C01,G2,F3,3,2,classroom,60,classroom,S6
TTO-08076,boundary,C02,G2,F3,3,1,classroom,60,classroom,S2
TTO-08076,boundary,C03,G2,F1,3,2,lab,30,lab,S3
TTO-08076,boundary,C04,G1,F2,3,2,classroom,60,classroom,S4
TTO-08076,boundary,C05,G2,F2,3,1,lab,30,lab,S8
TTO-08077,boundary,C01,G1,F3,4,1,classroom,60,classroom,S6
TTO-08077,boundary,C02,G1,F2,4,2,classroom,60,classroom,S3
TTO-08077,boundary,C03,G1,F1,4,1,classroom,60,classroom,S6
TTO-08077,boundary,C04,G2,F1,4,1,lab,30,lab,S6
TTO-08077,boundary,C05,G1,F2,4,2,lab,30,lab,S8
TTO-08078,boundary,C01,G1,F3,4,1,classroom,60,classroom,S8
TTO-08078,boundary,C02,G2,F2,3,2,lab,30,lab,S4
TTO-08078,boundary,C03,G1,F1,4,1,classroom,60,classroom,S10
TTO-08078,boundary,C04,G2,F2,3,2,lab,30,lab,S7
TTO-08078,boundary,C05,G1,F1,3,1,classroom,60,classroom,S3
TTO-08079,boundary,C01,G2,F1,4,1,lab,30,lab,S5
TTO-08079,boundary,C02,G2,F2,3,1,lab,30,lab,S9
TTO-08079,boundary,C03,G2,F1,4,1,lab,30,lab,S6
TTO-08079,boundary,C04,G2,F2,4,2,classroom,60,classroom,S4
TTO-08079,boundary,C05,G1,F1,4,2,classroom,60,classroom,S1
TTO-08080,boundary,C01,G1,F2,4,2,classroom,60,classroom,S4
TTO-08080,boundary,C02,G2,F2,4,1,lab,30,lab,S9
TTO-08080,boundary,C03,G2,F1,4,2,lab,30,lab,S4
TTO-08080,boundary,C04,G2,F1,4,1,classroom,60,classroom,S2
TTO-08080,boundary,C05,G1,F2,4,1,classroom,60,classroom,S2
TTO-08081,boundary,C01,G1,F3,3,1,classroom,60,classroom,S6
TTO-08081,boundary,C02,G1,F2,4,2,classroom,60,classroom,S6
TTO-08081,boundary,C03,G2,F3,4,1,lab,30,lab,S3
TTO-08081,boundary,C04,G1,F3,4,1,classroom,60,classroom,S2
TTO-08081,boundary,C05,G2,F3,4,1,classroom,60,classroom,S5
TTO-08082,boundary,C01,G2,F2,3,1,classroom,60,classroom,S1
TTO-08082,boundary,C02,G2,F1,3,1,classroom,60,classroom,S5
TTO-08082,boundary,C03,G2,F1,4,2,classroom,60,classroom,S2
TTO-08082,boundary,C04,G1,F3,4,2,lab,30,lab,S7
TTO-08082,boundary,C05,G1,F1,3,1,classroom,60,classroom,S4
TTO-08083,boundary,C01,G2,F2,3,2,lab,30,lab,S4
TTO-08083,boundary,C02,G2,F3,3,2,lab,30,lab,S2
TTO-08083,boundary,C03,G2,F1,4,2,classroom,60,classroom,S3
TTO-08083,boundary,C04,G1,F2,4,1,classroom,60,classroom,S5
TTO-08083,boundary,C05,G1,F1,4,2,lab,30,lab,S3
TTO-08084,boundary,C01,G1,F1,4,1,lab,30,lab,S4
TTO-08084,boundary,C02,G2,F2,4,2,lab,30,lab,S4
TTO-08084,boundary,C03,G1,F1,4,2,classroom,60,classroom,S9
TTO-08084,boundary,C04,G1,F1,3,2,lab,30,lab,S1
TTO-08084,boundary,C05,G1,F3,3,2,classroom,60,classroom,S3
TTO-08085,boundary,C01,G1,F3,4,2,lab,30,lab,S8
TTO-08085,boundary,C02,G2,F3,3,2,lab,30,lab,S1
TTO-08085,boundary,C03,G2,F2,3,2,classroom,60,classroom,S10
TTO-08085,boundary,C04,G2,F1,3,1,classroom,60,classroom,S2
TTO-08085,boundary,C05,G1,F1,3,2,lab,30,lab,S4
TTO-08086,boundary,C01,G1,F2,4,1,classroom,60,classroom,S1
TTO-08086,boundary,C02,G1,F3,3,2,lab,30,lab,S7
TTO-08086,boundary,C03,G2,F2,4,2,classroom,60,classroom,S9
TTO-08086,boundary,C04,G2,F1,4,2,lab,30,lab,S1
TTO-08086,boundary,C05,G1,F3,3,2,lab,30,lab,S2
TTO-08087,boundary,C01,G1,F1,4,1,classroom,60,classroom,S5
TTO-08087,boundary,C02,G2,F1,4,2,classroom,60,classroom,S5
TTO-08087,boundary,C03,G2,F2,3,1,lab,30,lab,S10
TTO-08087,boundary,C04,G2,F2,4,2,classroom,60,classroom,S1
TTO-08087,boundary,C05,G2,F1,4,1,classroom,60,classroom,S5
TTO-08088,boundary,C01,G1,F3,4,2,classroom,60,classroom,S3
TTO-08088,boundary,C02,G1,F2,4,1,lab,30,lab,S3
TTO-08088,boundary,C03,G1,F1,3,2,lab,30,lab,S5
TTO-08088,boundary,C04,G1,F1,3,1,classroom,60,classroom,S4
TTO-08088,boundary,C05,G1,F2,3,2,lab,30,lab,S6
TTO-08089,boundary,C01,G1,F3,3,2,lab,30,lab,S3
TTO-08089,boundary,C02,G2,F3,4,1,classroom,60,classroom,S7
TTO-08089,boundary,C03,G1,F2,4,2,classroom,60,classroom,S3
TTO-08089,boundary,C04,G1,F1,4,2,lab,30,lab,S9
TTO-08089,boundary,C05,G1,F1,3,2,classroom,60,classroom,S2
TTO-08090,boundary,C01,G2,F1,4,2,classroom,60,classroom,S9
TTO-08090,boundary,C02,G1,F2,4,1,classroom,60,classroom,S6
TTO-08090,boundary,C03,G1,F3,3,2,classroom,60,classroom,S5
TTO-08090,boundary,C04,G2,F1,3,2,classroom,60,classroom,S3
TTO-08090,boundary,C05,G2,F3,4,2,lab,30,lab,S5
TTO-08091,boundary,C01,G1,F3,3,2,classroom,60,classroom,S10
TTO-08091,boundary,C02,G2,F1,3,1,classroom,60,classroom,S8
TTO-08091,boundary,C03,G1,F3,3,1,lab,30,lab,S3
TTO-08091,boundary,C04,G2,F1,4,2,classroom,60,classroom,S9
TTO-08091,boundary,C05,G2,F1,4,2,lab,30,lab,S9
TTO-08092,boundary,C01,G1,F1,4,1,classroom,60,classroom,S1
TTO-08092,boundary,C02,G2,F3,4,2,lab,30,lab,S9
TTO-08092,boundary,C03,G2,F3,4,2,lab,30,lab,S2
TTO-08092,boundary,C04,G1,F3,4,2,lab,30,lab,S2
TTO-08092,boundary,C05,G1,F1,4,2,classroom,60,classroom,S1
TTO-08093,boundary,C01,G1,F1,4,1,classroom,60,classroom,S6
TTO-08093,boundary,C02,G1,F3,3,2,lab,30,lab,S7
TTO-08093,boundary,C03,G1,F3,3,2,classroom,60,classroom,S6
TTO-08093,boundary,C04,G2,F2,3,2,classroom,60,classroom,S10
TTO-08093,boundary,C05,G1,F3,4,1,lab,30,lab,S3
TTO-08094,boundary,C01,G1,F2,3,1,classroom,60,classroom,S7
TTO-08094,boundary,C02,G1,F1,3,1,lab,30,lab,S1
TTO-08094,boundary,C03,G1,F2,4,2,lab,30,lab,S4
TTO-08094,boundary,C04,G1,F3,4,2,classroom,60,classroom,S9
TTO-08094,boundary,C05,G2,F3,4,1,lab,30,lab,S9
TTO-08095,boundary,C01,G2,F3,3,1,classroom,60,classroom,S1
TTO-08095,boundary,C02,G1,F2,3,2,lab,30,lab,S1
TTO-08095,boundary,C03,G1,F1,4,1,lab,30,lab,S2
TTO-08095,boundary,C04,G2,F2,4,2,classroom,60,classroom,S4
TTO-08095,boundary,C05,G2,F1,4,1,classroom,60,classroom,S5
TTO-08096,boundary,C01,G1,F3,3,2,lab,30,lab,S3
TTO-08096,boundary,C02,G2,F3,4,1,classroom,60,classroom,S2
TTO-08096,boundary,C03,G2,F3,4,1,classroom,60,classroom,S6
TTO-08096,boundary,C04,G1,F1,3,2,classroom,60,classroom,S4
TTO-08096,boundary,C05,G1,F2,3,2,lab,30,lab,S1
TTO-08097,boundary,C01,G1,F3,4,1,classroom,60,classroom,S7
TTO-08097,boundary,C02,G2,F2,4,1,classroom,60,classroom,S10
TTO-08097,boundary,C03,G1,F3,3,2,lab,30,lab,S9
TTO-08097,boundary,C04,G2,F3,3,1,lab,30,lab,S3
TTO-08097,boundary,C05,G2,F3,3,1,classroom,60,classroom,S3
TTO-08098,boundary,C01,G2,F3,3,2,lab,30,lab,S8
TTO-08098,boundary,C02,G1,F3,4,1,classroom,60,classroom,S6
TTO-08098,boundary,C03,G2,F3,4,2,classroom,60,classroom,S8
TTO-08098,boundary,C04,G2,F1,3,2,lab,30,lab,S2
TTO-08098,boundary,C05,G2,F2,3,1,classroom,60,classroom,S5
TTO-08099,boundary,C01,G1,F2,4,2,classroom,60,classroom,S5
TTO-08099,boundary,C02,G1,F1,4,1,classroom,60,classroom,S2
TTO-08099,boundary,C03,G2,F2,3,2,classroom,60,classroom,S7
TTO-08099,boundary,C04,G1,F3,4,2,lab,30,lab,S4
TTO-08099,boundary,C05,G1,F1,4,1,lab,30,lab,S10
TTO-08100,boundary,C01,G1,F3,4,2,classroom,60,classroom,S4
TTO-08100,boundary,C02,G2,F3,4,1,lab,30,lab,S8
TTO-08100,boundary,C03,G2,F1,4,2,classroom,60,classroom,S4
TTO-08100,boundary,C04,G2,F2,3,2,lab,30,lab,S2
TTO-08100,boundary,C05,G1,F2,3,1,classroom,60,classroom,S3
TTO-08101,boundary,C01,G1,F1,4,1,classroom,60,classroom,S8
TTO-08101,boundary,C02,G2,F2,3,2,lab,30,lab,S9
TTO-08101,boundary,C03,G2,F3,4,2,lab,30,lab,S7
TTO-08101,boundary,C04,G1,F3,3,2,lab,30,lab,S5
TTO-08101,boundary,C05,G2,F1,4,2,classroom,60,classroom,S4
TTO-08102,boundary,C01,G1,F3,3,2,lab,30,lab,S1
TTO-08102,boundary,C02,G2,F2,3,2,classroom,60,classroom,S4
TTO-08102,boundary,C03,G1,F1,4,1,classroom,60,classroom,S1
TTO-08102,boundary,C04,G2,F3,3,1,lab,30,lab,S5
TTO-08102,boundary,C05,G1,F2,4,1,classroom,60,classroom,S2
TTO-08103,boundary,C01,G2,F3,3,2,classroom,60,classroom,S3
TTO-08103,boundary,C02,G1,F3,4,1,lab,30,lab,S8
TTO-08103,boundary,C03,G1,F2,3,2,classroom,60,classroom,S2
TTO-08103,boundary,C04,G1,F1,3,1,classroom,60,classroom,S2
TTO-08103,boundary,C05,G2,F3,4,1,classroom,60,classroom,S5
TTO-08104,boundary,C01,G1,F3,4,1,lab,30,lab,S2
TTO-08104,boundary,C02,G2,F3,4,2,lab,30,lab,S6
TTO-08104,boundary,C03,G2,F2,3,1,lab,30,lab,S6
TTO-08104,boundary,C04,G2,F2,3,1,lab,30,lab,S5
TTO-08104,boundary,C05,G1,F1,4,1,classroom,60,classroom,S4
TTO-08105,boundary,C01,G1,F2,3,2,lab,30,lab,S2
TTO-08105,boundary,C02,G1,F1,3,2,lab,30,lab,S8
TTO-08105,boundary,C03,G2,F1,3,1,classroom,60,classroom,S1
TTO-08105,boundary,C04,G2,F2,3,1,lab,30,lab,S3
TTO-08105,boundary,C05,G2,F3,4,2,classroom,60,classroom,S8
TTO-08106,boundary,C01,G2,F3,3,2,lab,30,lab,S8
TTO-08106,boundary,C02,G1,F1,3,1,classroom,60,classroom,S10
TTO-08106,boundary,C03,G1,F3,3,2,classroom,60,classroom,S1
TTO-08106,boundary,C04,G2,F3,4,1,lab,30,lab,S1
TTO-08106,boundary,C05,G2,F1,3,1,lab,30,lab,S3
TTO-08107,boundary,C01,G2,F2,4,2,lab,30,lab,S6
TTO-08107,boundary,C02,G2,F1,3,2,classroom,60,classroom,S6
TTO-08107,boundary,C03,G2,F1,3,2,classroom,60,classroom,S8
TTO-08107,boundary,C04,G1,F1,3,2,lab,30,lab,S5
TTO-08107,boundary,C05,G2,F3,3,2,lab,30,lab,S9
TTO-08108,boundary,C01,G1,F3,4,1,classroom,60,classroom,S3
TTO-08108,boundary,C02,G1,F1,4,1,classroom,60,classroom,S4
TTO-08108,boundary,C03,G1,F2,4,1,classroom,60,classroom,S1
TTO-08108,boundary,C04,G2,F2,3,2,classroom,60,classroom,S4
TTO-08108,boundary,C05,G1,F1,4,1,classroom,60,classroom,S10
TTO-08109,boundary,C01,G1,F3,4,2,lab,30,lab,S8
TTO-08109,boundary,C02,G2,F2,3,2,classroom,60,classroom,S1
TTO-08109,boundary,C03,G1,F1,3,2,classroom,60,classroom,S3
TTO-08109,boundary,C04,G2,F2,3,1,classroom,60,classroom,S3
TTO-08109,boundary,C05,G2,F3,4,1,lab,30,lab,S1
TTO-08110,boundary,C01,G2,F2,3,1,lab,30,lab,S1
TTO-08110,boundary,C02,G1,F3,3,1,lab,30,lab,S8
TTO-08110,boundary,C03,G2,F2,3,2,lab,30,lab,S1
TTO-08110,boundary,C04,G1,F1,4,2,classroom,60,classroom,S8
TTO-08110,boundary,C05,G2,F1,3,2,classroom,60,classroom,S4
TTO-08111,boundary,C01,G2,F2,4,1,classroom,60,classroom,S8
TTO-08111,boundary,C02,G2,F1,4,2,lab,30,lab,S3
TTO-08111,boundary,C03,G2,F2,3,2,lab,30,lab,S8
TTO-08111,boundary,C04,G1,F2,4,2,classroom,60,classroom,S5
TTO-08111,boundary,C05,G1,F3,3,1,lab,30,lab,S8
TTO-08112,boundary,C01,G1,F3,4,2,classroom,60,classroom,S7
TTO-08112,boundary,C02,G1,F3,3,2,lab,30,lab,S7
TTO-08112,boundary,C03,G1,F3,3,1,lab,30,lab,S3
TTO-08112,boundary,C04,G1,F1,3,1,lab,30,lab,S5
TTO-08112,boundary,C05,G1,F2,3,2,classroom,60,classroom,S8
TTO-08113,boundary,C01,G2,F2,4,2,classroom,60,classroom,S10
TTO-08113,boundary,C02,G1,F3,4,2,classroom,60,classroom,S7
TTO-08113,boundary,C03,G2,F1,3,2,lab,30,lab,S1
TTO-08113,boundary,C04,G1,F2,4,1,lab,30,lab,S5
TTO-08113,boundary,C05,G1,F3,3,2,classroom,60,classroom,S9
TTO-08114,boundary,C01,G2,F1,3,1,lab,30,lab,S7
TTO-08114,boundary,C02,G2,F3,4,1,lab,30,lab,S2
TTO-08114,boundary,C03,G1,F1,4,2,classroom,60,classroom,S8
TTO-08114,boundary,C04,G1,F3,4,1,classroom,60,classroom,S8
TTO-08114,boundary,C05,G2,F1,3,1,classroom,60,classroom,S10
TTO-08115,boundary,C01,G2,F3,4,2,lab,30,lab,S8
TTO-08115,boundary,C02,G2,F2,3,1,lab,30,lab,S9
TTO-08115,boundary,C03,G1,F1,4,1,classroom,60,classroom,S7
TTO-08115,boundary,C04,G2,F2,4,2,lab,30,lab,S2
TTO-08115,boundary,C05,G2,F3,3,1,lab,30,lab,S3
TTO-08116,boundary,C01,G2,F3,3,2,lab,30,lab,S8
TTO-08116,boundary,C02,G2,F1,3,1,lab,30,lab,S6
TTO-08116,boundary,C03,G2,F3,4,1,classroom,60,classroom,S9
TTO-08116,boundary,C04,G1,F1,4,1,classroom,60,classroom,S10
TTO-08116,boundary,C05,G1,F3,4,1,classroom,60,classroom,S7
TTO-08117,boundary,C01,G1,F3,4,1,classroom,60,classroom,S8
TTO-08117,boundary,C02,G2,F2,3,2,classroom,60,classroom,S2
TTO-08117,boundary,C03,G1,F1,4,2,lab,30,lab,S6
TTO-08117,boundary,C04,G2,F2,4,1,classroom,60,classroom,S1
TTO-08117,boundary,C05,G1,F2,3,1,lab,30,lab,S4
TTO-08118,boundary,C01,G2,F3,4,1,classroom,60,classroom,S1
TTO-08118,boundary,C02,G1,F1,4,2,lab,30,lab,S4
TTO-08118,boundary,C03,G2,F3,3,2,classroom,60,classroom,S4
TTO-08118,boundary,C04,G1,F3,3,2,classroom,60,classroom,S3
TTO-08118,boundary,C05,G1,F1,4,2,lab,30,lab,S1
TTO-08119,boundary,C01,G2,F1,4,1,lab,30,lab,S9
TTO-08119,boundary,C02,G1,F1,3,1,classroom,60,classroom,S6
TTO-08119,boundary,C03,G1,F1,3,1,classroom,60,classroom,S8
TTO-08119,boundary,C04,G1,F2,3,2,lab,30,lab,S9
TTO-08119,boundary,C05,G2,F2,3,2,classroom,60,classroom,S1
TTO-08120,boundary,C01,G2,F3,3,1,classroom,60,classroom,S3
TTO-08120,boundary,C02,G2,F3,3,1,lab,30,lab,S7
TTO-08120,boundary,C03,G2,F1,4,2,lab,30,lab,S2
TTO-08120,boundary,C04,G1,F1,4,2,lab,30,lab,S6
TTO-08120,boundary,C05,G1,F2,3,1,classroom,60,classroom,S1
TTO-08121,boundary,C01,G2,F2,4,2,classroom,60,classroom,S5
TTO-08121,boundary,C02,G2,F2,4,2,lab,30,lab,S6
TTO-08121,boundary,C03,G1,F3,4,1,classroom,60,classroom,S3
TTO-08121,boundary,C04,G1,F2,4,2,lab,30,lab,S5
TTO-08121,boundary,C05,G2,F3,3,1,lab,30,lab,S1
TTO-08122,boundary,C01,G1,F1,3,2,classroom,60,classroom,S9
TTO-08122,boundary,C02,G2,F2,3,1,classroom,60,classroom,S8
TTO-08122,boundary,C03,G1,F3,4,2,classroom,60,classroom,S1
TTO-08122,boundary,C04,G2,F1,3,1,lab,30,lab,S5
TTO-08122,boundary,C05,G1,F3,4,2,lab,30,lab,S5
TTO-08123,boundary,C01,G2,F1,4,1,classroom,60,classroom,S3
TTO-08123,boundary,C02,G2,F3,4,2,lab,30,lab,S5
TTO-08123,boundary,C03,G1,F1,4,1,classroom,60,classroom,S6
TTO-08123,boundary,C04,G1,F1,4,1,classroom,60,classroom,S8
TTO-08123,boundary,C05,G2,F2,3,1,classroom,60,classroom,S5
TTO-08124,boundary,C01,G1,F2,3,1,classroom,60,classroom,S9
TTO-08124,boundary,C02,G1,F1,4,2,classroom,60,classroom,S1
TTO-08124,boundary,C03,G1,F1,3,2,lab,30,lab,S6
TTO-08124,boundary,C04,G2,F1,3,1,classroom,60,classroom,S1
TTO-08124,boundary,C05,G1,F2,4,2,classroom,60,classroom,S4
TTO-08125,boundary,C01,G1,F1,3,2,lab,30,lab,S4
TTO-08125,boundary,C02,G1,F3,4,1,lab,30,lab,S5
TTO-08125,boundary,C03,G2,F3,4,2,lab,30,lab,S5
TTO-08125,boundary,C04,G2,F2,4,1,lab,30,lab,S8
TTO-08125,boundary,C05,G2,F2,3,2,classroom,60,classroom,S2
TTO-08126,boundary,C01,G2,F2,3,1,lab,30,lab,S7
TTO-08126,boundary,C02,G1,F2,3,2,classroom,60,classroom,S8
TTO-08126,boundary,C03,G1,F2,4,1,classroom,60,classroom,S9
TTO-08126,boundary,C04,G1,F2,4,1,lab,30,lab,S5
TTO-08126,boundary,C05,G2,F3,3,2,classroom,60,classroom,S8
TTO-08127,boundary,C01,G2,F3,4,1,classroom,60,classroom,S3
TTO-08127,boundary,C02,G1,F3,3,1,lab,30,lab,S10
TTO-08127,boundary,C03,G2,F3,4,1,lab,30,lab,S8
TTO-08127,boundary,C04,G1,F3,3,1,classroom,60,classroom,S7
TTO-08127,boundary,C05,G2,F2,4,2,lab,30,lab,S9
TTO-08128,boundary,C01,G2,F3,4,1,classroom,60,classroom,S8
TTO-08128,boundary,C02,G1,F3,3,2,classroom,60,classroom,S10
TTO-08128,boundary,C03,G2,F1,3,2,classroom,60,classroom,S3
TTO-08128,boundary,C04,G1,F3,3,2,classroom,60,classroom,S8
TTO-08128,boundary,C05,G2,F1,4,2,lab,30,lab,S2
TTO-08129,boundary,C01,G1,F2,3,1,lab,30,lab,S7
TTO-08129,boundary,C02,G2,F3,3,2,classroom,60,classroom,S8
TTO-08129,boundary,C03,G1,F1,3,2,classroom,60,classroom,S10
TTO-08129,boundary,C04,G2,F2,3,1,lab,30,lab,S3
TTO-08129,boundary,C05,G2,F2,3,2,lab,30,lab,S1
TTO-08130,boundary,C01,G2,F3,4,2,classroom,60,classroom,S10
TTO-08130,boundary,C02,G2,F3,4,1,lab,30,lab,S9
TTO-08130,boundary,C03,G2,F2,4,2,classroom,60,classroom,S9
TTO-08130,boundary,C04,G1,F1,4,1,lab,30,lab,S5
TTO-08130,boundary,C05,G2,F1,3,1,classroom,60,classroom,S10
TTO-08131,boundary,C01,G1,F2,4,2,lab,30,lab,S10
TTO-08131,boundary,C02,G2,F1,3,1,lab,30,lab,S6
TTO-08131,boundary,C03,G1,F3,3,1,lab,30,lab,S5
TTO-08131,boundary,C04,G2,F3,4,1,classroom,60,classroom,S1
TTO-08131,boundary,C05,G2,F2,4,1,lab,30,lab,S9
TTO-08132,boundary,C01,G2,F1,3,1,classroom,60,classroom,S10
TTO-08132,boundary,C02,G2,F3,3,1,classroom,60,classroom,S8
TTO-08132,boundary,C03,G2,F2,3,2,lab,30,lab,S4
TTO-08132,boundary,C04,G2,F2,4,2,lab,30,lab,S9
TTO-08132,boundary,C05,G2,F1,3,2,lab,30,lab,S6
TTO-08133,boundary,C01,G1,F3,3,1,lab,30,lab,S6
TTO-08133,boundary,C02,G1,F2,4,1,classroom,60,classroom,S3
TTO-08133,boundary,C03,G2,F1,3,1,classroom,60,classroom,S10
TTO-08133,boundary,C04,G1,F2,3,1,classroom,60,classroom,S3
TTO-08133,boundary,C05,G1,F2,4,1,lab,30,lab,S10
TTO-08134,boundary,C01,G2,F1,4,2,classroom,60,classroom,S5
TTO-08134,boundary,C02,G1,F2,3,2,lab,30,lab,S5
TTO-08134,boundary,C03,G2,F3,3,1,classroom,60,classroom,S1
TTO-08134,boundary,C04,G2,F1,4,1,classroom,60,classroom,S9
TTO-08134,boundary,C05,G2,F3,4,1,lab,30,lab,S4
TTO-08135,boundary,C01,G2,F1,4,1,classroom,60,classroom,S7
TTO-08135,boundary,C02,G1,F3,3,1,lab,30,lab,S5
TTO-08135,boundary,C03,G1,F1,4,1,classroom,60,classroom,S10
TTO-08135,boundary,C04,G2,F1,4,2,lab,30,lab,S7
TTO-08135,boundary,C05,G2,F1,4,1,classroom,60,classroom,S10
TTO-08136,boundary,C01,G1,F3,3,2,classroom,60,classroom,S7
TTO-08136,boundary,C02,G1,F3,3,2,lab,30,lab,S8
TTO-08136,boundary,C03,G2,F2,4,1,lab,30,lab,S4
TTO-08136,boundary,C04,G1,F1,4,2,lab,30,lab,S1
TTO-08136,boundary,C05,G2,F2,3,1,classroom,60,classroom,S7
TTO-08137,boundary,C01,G1,F1,3,2,lab,30,lab,S3
TTO-08137,boundary,C02,G1,F1,3,1,lab,30,lab,S2
TTO-08137,boundary,C03,G1,F2,3,1,lab,30,lab,S4
TTO-08137,boundary,C04,G1,F3,3,2,classroom,60,classroom,S8
TTO-08137,boundary,C05,G2,F1,4,2,classroom,60,classroom,S4
TTO-08138,boundary,C01,G2,F2,4,1,lab,30,lab,S6
TTO-08138,boundary,C02,G2,F2,4,2,lab,30,lab,S8
TTO-08138,boundary,C03,G1,F3,4,1,classroom,60,classroom,S4
TTO-08138,boundary,C04,G2,F1,4,1,classroom,60,classroom,S5
TTO-08138,boundary,C05,G1,F1,4,1,lab,30,lab,S10
TTO-08139,boundary,C01,G1,F3,3,1,lab,30,lab,S8
TTO-08139,boundary,C02,G2,F3,4,1,lab,30,lab,S5
TTO-08139,boundary,C03,G1,F2,3,2,classroom,60,classroom,S1
TTO-08139,boundary,C04,G2,F2,4,2,lab,30,lab,S1
TTO-08139,boundary,C05,G2,F3,4,1,lab,30,lab,S4
TTO-08140,boundary,C01,G1,F2,3,1,lab,30,lab,S5
TTO-08140,boundary,C02,G1,F1,4,1,classroom,60,classroom,S6
TTO-08140,boundary,C03,G2,F2,4,2,classroom,60,classroom,S5
TTO-08140,boundary,C04,G2,F3,3,2,lab,30,lab,S7
TTO-08140,boundary,C05,G1,F3,3,1,lab,30,lab,S6
TTO-08141,boundary,C01,G1,F3,4,2,lab,30,lab,S8
TTO-08141,boundary,C02,G2,F3,3,2,classroom,60,classroom,S9
TTO-08141,boundary,C03,G1,F2,4,1,classroom,60,classroom,S2
TTO-08141,boundary,C04,G2,F2,4,2,lab,30,lab,S8
TTO-08141,boundary,C05,G1,F1,4,1,classroom,60,classroom,S8
TTO-08142,boundary,C01,G2,F3,4,1,classroom,60,classroom,S7
TTO-08142,boundary,C02,G2,F1,4,2,lab,30,lab,S6
TTO-08142,boundary,C03,G2,F2,4,2,lab,30,lab,S4
TTO-08142,boundary,C04,G1,F2,4,1,lab,30,lab,S6
TTO-08142,boundary,C05,G1,F3,3,2,lab,30,lab,S4
TTO-08143,boundary,C01,G2,F3,4,1,lab,30,lab,S2
TTO-08143,boundary,C02,G2,F2,4,2,lab,30,lab,S3
TTO-08143,boundary,C03,G1,F1,4,2,lab,30,lab,S5
TTO-08143,boundary,C04,G2,F1,3,1,classroom,60,classroom,S10
TTO-08143,boundary,C05,G1,F3,3,2,classroom,60,classroom,S6
TTO-08144,boundary,C01,G2,F2,3,1,classroom,60,classroom,S10
TTO-08144,boundary,C02,G2,F2,3,2,lab,30,lab,S8
TTO-08144,boundary,C03,G2,F2,3,2,lab,30,lab,S9
TTO-08144,boundary,C04,G1,F1,3,2,lab,30,lab,S7
TTO-08144,boundary,C05,G2,F3,3,1,lab,30,lab,S9
TTO-08145,boundary,C01,G2,F3,3,1,classroom,60,classroom,S9
TTO-08145,boundary,C02,G1,F3,4,2,lab,30,lab,S7
TTO-08145,boundary,C03,G1,F2,4,2,lab,30,lab,S2
TTO-08145,boundary,C04,G1,F2,3,2,classroom,60,classroom,S1
TTO-08145,boundary,C05,G1,F1,3,2,classroom,60,classroom,S9
TTO-08146,boundary,C01,G2,F1,3,1,lab,30,lab,S1
TTO-08146,boundary,C02,G2,F1,3,1,lab,30,lab,S2
TTO-08146,boundary,C03,G1,F2,4,1,lab,30,lab,S10
TTO-08146,boundary,C04,G2,F1,3,1,lab,30,lab,S4
TTO-08146,boundary,C05,G2,F1,3,1,classroom,60,classroom,S10
TTO-08147,boundary,C01,G1,F2,4,1,lab,30,lab,S9
TTO-08147,boundary,C02,G2,F2,4,2,lab,30,lab,S8
TTO-08147,boundary,C03,G1,F1,3,2,lab,30,lab,S6
TTO-08147,boundary,C04,G1,F3,3,2,lab,30,lab,S9
TTO-08147,boundary,C05,G1,F1,4,1,lab,30,lab,S4
TTO-08148,boundary,C01,G1,F1,3,1,classroom,60,classroom,S8
TTO-08148,boundary,C02,G2,F3,3,1,lab,30,lab,S2
TTO-08148,boundary,C03,G2,F1,4,2,classroom,60,classroom,S6
TTO-08148,boundary,C04,G1,F1,4,1,lab,30,lab,S4
TTO-08148,boundary,C05,G1,F3,3,2,lab,30,lab,S3
TTO-08149,boundary,C01,G2,F1,3,1,classroom,60,classroom,S4
TTO-08149,boundary,C02,G1,F2,4,2,classroom,60,classroom,S6
TTO-08149,boundary,C03,G2,F3,3,2,classroom,60,classroom,S4
TTO-08149,boundary,C04,G1,F3,3,1,lab,30,lab,S5
TTO-08149,boundary,C05,G1,F1,3,2,lab,30,lab,S5
TTO-08150,boundary,C01,G2,F1,4,1,lab,30,lab,S8
TTO-08150,boundary,C02,G2,F1,4,1,lab,30,lab,S7
TTO-08150,boundary,C03,G2,F2,3,1,lab,30,lab,S6
TTO-08150,boundary,C04,G1,F1,3,1,lab,30,lab,S8
TTO-08150,boundary,C05,G2,F2,3,1,lab,30,lab,S6
TTO-08151,boundary,C01,G1,F1,3,2,lab,30,lab,S7
TTO-08151,boundary,C02,G2,F2,3,1,lab,30,lab,S5
TTO-08151,boundary,C03,G2,F2,4,2,lab,30,lab,S10
TTO-08151,boundary,C04,G2,F1,4,2,lab,30,lab,S2
TTO-08151,boundary,C05,G2,F1,3,1,classroom,60,classroom,S3
TTO-08152,boundary,C01,G2,F2,3,2,classroom,60,classroom,S2
TTO-08152,boundary,C02,G2,F1,4,2,classroom,60,classroom,S4
TTO-08152,boundary,C03,G2,F3,3,1,classroom,60,classroom,S1
TTO-08152,boundary,C04,G1,F2,4,2,lab,30,lab,S5
TTO-08152,boundary,C05,G1,F3,3,2,lab,30,lab,S2
TTO-08153,boundary,C01,G2,F1,4,1,lab,30,lab,S1
TTO-08153,boundary,C02,G1,F2,4,1,lab,30,lab,S1
TTO-08153,boundary,C03,G1,F3,3,2,lab,30,lab,S4
TTO-08153,boundary,C04,G2,F1,4,2,lab,30,lab,S7
TTO-08153,boundary,C05,G1,F2,4,2,lab,30,lab,S5
TTO-08154,boundary,C01,G1,F2,4,1,classroom,60,classroom,S8
TTO-08154,boundary,C02,G2,F1,3,2,lab,30,lab,S7
TTO-08154,boundary,C03,G2,F3,3,2,lab,30,lab,S5
TTO-08154,boundary,C04,G1,F2,3,2,classroom,60,classroom,S8
TTO-08154,boundary,C05,G2,F3,3,2,classroom,60,classroom,S1
TTO-08155,boundary,C01,G2,F2,3,1,lab,30,lab,S6
TTO-08155,boundary,C02,G1,F2,4,2,classroom,60,classroom,S6
TTO-08155,boundary,C03,G2,F2,3,2,classroom,60,classroom,S10
TTO-08155,boundary,C04,G1,F1,3,2,classroom,60,classroom,S1
TTO-08155,boundary,C05,G2,F3,3,1,lab,30,lab,S7
TTO-08156,boundary,C01,G2,F1,4,1,lab,30,lab,S3
TTO-08156,boundary,C02,G2,F1,3,2,lab,30,lab,S1
TTO-08156,boundary,C03,G1,F1,3,2,lab,30,lab,S7
TTO-08156,boundary,C04,G2,F1,4,1,classroom,60,classroom,S2
TTO-08156,boundary,C05,G1,F2,4,2,lab,30,lab,S8
TTO-08157,boundary,C01,G2,F2,4,2,classroom,60,classroom,S10
TTO-08157,boundary,C02,G2,F1,4,2,classroom,60,classroom,S10
TTO-08157,boundary,C03,G2,F3,4,1,classroom,60,classroom,S7
TTO-08157,boundary,C04,G2,F1,4,1,lab,30,lab,S4
TTO-08157,boundary,C05,G2,F2,3,2,lab,30,lab,S1
TTO-08158,boundary,C01,G2,F1,3,2,classroom,60,classroom,S8
TTO-08158,boundary,C02,G2,F2,4,2,classroom,60,classroom,S2
TTO-08158,boundary,C03,G1,F1,3,2,classroom,60,classroom,S2
TTO-08158,boundary,C04,G2,F1,4,2,classroom,60,classroom,S5
TTO-08158,boundary,C05,G2,F1,3,1,classroom,60,classroom,S7
TTO-08159,boundary,C01,G1,F1,4,1,classroom,60,classroom,S8
TTO-08159,boundary,C02,G1,F1,4,2,classroom,60,classroom,S1
TTO-08159,boundary,C03,G2,F2,4,1,classroom,60,classroom,S5
TTO-08159,boundary,C04,G1,F3,3,2,lab,30,lab,S3
TTO-08159,boundary,C05,G1,F2,3,2,lab,30,lab,S2
TTO-08160,boundary,C01,G1,F1,4,1,lab,30,lab,S4
TTO-08160,boundary,C02,G1,F3,3,2,classroom,60,classroom,S6
TTO-08160,boundary,C03,G2,F1,3,1,lab,30,lab,S7
TTO-08160,boundary,C04,G1,F2,3,2,lab,30,lab,S7
TTO-08160,boundary,C05,G2,F1,3,1,lab,30,lab,S2
TTO-08161,boundary,C01,G2,F2,4,1,lab,30,lab,S10
TTO-08161,boundary,C02,G1,F3,4,1,classroom,60,classroom,S10
TTO-08161,boundary,C03,G2,F2,3,1,classroom,60,classroom,S3
TTO-08161,boundary,C04,G1,F2,3,1,lab,30,lab,S10
TTO-08161,boundary,C05,G2,F2,3,1,lab,30,lab,S8
TTO-08162,boundary,C01,G1,F3,4,1,lab,30,lab,S6
TTO-08162,boundary,C02,G1,F2,4,2,classroom,60,classroom,S4
TTO-08162,boundary,C03,G2,F2,4,1,lab,30,lab,S10
TTO-08162,boundary,C04,G1,F1,3,1,lab,30,lab,S9
TTO-08162,boundary,C05,G1,F3,3,1,lab,30,lab,S10
TTO-08163,boundary,C01,G2,F2,4,2,lab,30,lab,S5
TTO-08163,boundary,C02,G2,F3,3,2,classroom,60,classroom,S5
TTO-08163,boundary,C03,G1,F1,4,1,lab,30,lab,S4
TTO-08163,boundary,C04,G2,F2,4,2,lab,30,lab,S4
TTO-08163,boundary,C05,G2,F2,4,2,classroom,60,classroom,S4
TTO-08164,boundary,C01,G1,F2,4,1,classroom,60,classroom,S7
TTO-08164,boundary,C02,G2,F2,4,1,classroom,60,classroom,S4
TTO-08164,boundary,C03,G2,F3,3,1,classroom,60,classroom,S10
TTO-08164,boundary,C04,G2,F3,4,1,lab,30,lab,S9
TTO-08164,boundary,C05,G1,F2,3,1,classroom,60,classroom,S9
TTO-08165,boundary,C01,G2,F2,3,1,classroom,60,classroom,S10
TTO-08165,boundary,C02,G1,F1,3,2,lab,30,lab,S6
TTO-08165,boundary,C03,G2,F2,4,2,classroom,60,classroom,S9
TTO-08165,boundary,C04,G1,F3,4,1,lab,30,lab,S9
TTO-08165,boundary,C05,G2,F3,3,2,classroom,60,classroom,S2
TTO-08166,boundary,C01,G2,F3,3,2,lab,30,lab,S3
TTO-08166,boundary,C02,G1,F3,3,1,classroom,60,classroom,S10
TTO-08166,boundary,C03,G1,F1,3,2,classroom,60,classroom,S1
TTO-08166,boundary,C04,G2,F2,3,1,classroom,60,classroom,S3
TTO-08166,boundary,C05,G1,F3,3,1,classroom,60,classroom,S10
TTO-08167,boundary,C01,G2,F1,3,2,classroom,60,classroom,S5
TTO-08167,boundary,C02,G1,F1,3,2,classroom,60,classroom,S4
TTO-08167,boundary,C03,G1,F3,3,1,classroom,60,classroom,S2
TTO-08167,boundary,C04,G2,F1,4,2,classroom,60,classroom,S7
TTO-08167,boundary,C05,G2,F1,4,1,classroom,60,classroom,S8
TTO-08168,boundary,C01,G1,F1,4,1,lab,30,lab,S4
TTO-08168,boundary,C02,G2,F3,4,2,classroom,60,classroom,S2
TTO-08168,boundary,C03,G1,F1,3,2,lab,30,lab,S10
TTO-08168,boundary,C04,G2,F1,4,1,lab,30,lab,S8
TTO-08168,boundary,C05,G1,F1,3,2,lab,30,lab,S1
TTO-08169,boundary,C01,G1,F3,3,2,classroom,60,classroom,S2
TTO-08169,boundary,C02,G2,F3,4,1,lab,30,lab,S4
TTO-08169,boundary,C03,G2,F2,4,1,lab,30,lab,S9
TTO-08169,boundary,C04,G2,F2,4,1,lab,30,lab,S9
TTO-08169,boundary,C05,G2,F2,3,2,classroom,60,classroom,S6
TTO-08170,boundary,C01,G1,F2,3,2,lab,30,lab,S9
TTO-08170,boundary,C02,G2,F3,4,2,lab,30,lab,S3
TTO-08170,boundary,C03,G2,F1,4,2,lab,30,lab,S5
TTO-08170,boundary,C04,G1,F2,4,2,classroom,60,classroom,S9
TTO-08170,boundary,C05,G2,F3,4,1,classroom,60,classroom,S7
TTO-08171,boundary,C01,G2,F2,4,1,lab,30,lab,S9
TTO-08171,boundary,C02,G2,F1,3,1,lab,30,lab,S9
TTO-08171,boundary,C03,G2,F2,3,1,lab,30,lab,S8
TTO-08171,boundary,C04,G2,F1,3,2,lab,30,lab,S5
TTO-08171,boundary,C05,G2,F2,4,1,classroom,60,classroom,S9
TTO-08172,boundary,C01,G1,F1,4,2,lab,30,lab,S1
TTO-08172,boundary,C02,G1,F1,4,1,lab,30,lab,S4
TTO-08172,boundary,C03,G2,F2,4,1,classroom,60,classroom,S10
TTO-08172,boundary,C04,G2,F1,4,2,classroom,60,classroom,S9
TTO-08172,boundary,C05,G1,F2,3,1,classroom,60,classroom,S9
TTO-08173,boundary,C01,G2,F2,4,1,lab,30,lab,S4
TTO-08173,boundary,C02,G1,F1,3,1,lab,30,lab,S5
TTO-08173,boundary,C03,G2,F1,4,1,lab,30,lab,S4
TTO-08173,boundary,C04,G1,F3,3,2,lab,30,lab,S3
TTO-08173,boundary,C05,G1,F3,4,2,lab,30,lab,S1
TTO-08174,boundary,C01,G2,F3,3,1,classroom,60,classroom,S8
TTO-08174,boundary,C02,G2,F3,4,2,lab,30,lab,S2
TTO-08174,boundary,C03,G1,F2,3,2,classroom,60,classroom,S3
TTO-08174,boundary,C04,G1,F3,3,1,classroom,60,classroom,S4
TTO-08174,boundary,C05,G1,F1,4,2,lab,30,lab,S2
TTO-08175,boundary,C01,G2,F3,4,2,lab,30,lab,S1
TTO-08175,boundary,C02,G2,F2,4,1,classroom,60,classroom,S3
TTO-08175,boundary,C03,G2,F1,4,1,lab,30,lab,S2
TTO-08175,boundary,C04,G2,F1,3,1,classroom,60,classroom,S10
TTO-08175,boundary,C05,G2,F2,4,2,classroom,60,classroom,S4
TTO-08176,boundary,C01,G1,F3,4,1,lab,30,lab,S4
TTO-08176,boundary,C02,G2,F1,4,2,lab,30,lab,S2
TTO-08176,boundary,C03,G2,F1,4,1,lab,30,lab,S3
TTO-08176,boundary,C04,G1,F1,3,2,classroom,60,classroom,S5
TTO-08176,boundary,C05,G1,F2,3,2,classroom,60,classroom,S7
TTO-08177,boundary,C01,G2,F1,4,2,classroom,60,classroom,S1
TTO-08177,boundary,C02,G1,F3,3,1,classroom,60,classroom,S6
TTO-08177,boundary,C03,G2,F1,4,2,lab,30,lab,S6
TTO-08177,boundary,C04,G1,F1,4,1,lab,30,lab,S3
TTO-08177,boundary,C05,G1,F2,3,2,lab,30,lab,S3
TTO-08178,boundary,C01,G2,F3,3,1,classroom,60,classroom,S3
TTO-08178,boundary,C02,G2,F2,4,1,classroom,60,classroom,S8
TTO-08178,boundary,C03,G1,F3,3,2,classroom,60,classroom,S4
TTO-08178,boundary,C04,G1,F1,3,2,classroom,60,classroom,S5
TTO-08178,boundary,C05,G2,F1,3,1,classroom,60,classroom,S3
TTO-08179,boundary,C01,G2,F1,3,2,lab,30,lab,S5
TTO-08179,boundary,C02,G2,F3,3,1,lab,30,lab,S10
TTO-08179,boundary,C03,G2,F1,3,1,lab,30,lab,S5
TTO-08179,boundary,C04,G2,F3,3,2,lab,30,lab,S4
TTO-08179,boundary,C05,G2,F1,4,1,classroom,60,classroom,S6
TTO-08180,boundary,C01,G2,F2,3,2,lab,30,lab,S5
TTO-08180,boundary,C02,G1,F3,3,2,classroom,60,classroom,S8
TTO-08180,boundary,C03,G1,F2,3,1,lab,30,lab,S8
TTO-08180,boundary,C04,G2,F1,4,2,lab,30,lab,S10
TTO-08180,boundary,C05,G1,F2,3,1,classroom,60,classroom,S3
TTO-08181,boundary,C01,G2,F2,4,1,lab,30,lab,S3
TTO-08181,boundary,C02,G1,F3,4,2,lab,30,lab,S3
TTO-08181,boundary,C03,G1,F1,4,1,lab,30,lab,S10
TTO-08181,boundary,C04,G1,F1,3,1,classroom,60,classroom,S7
TTO-08181,boundary,C05,G1,F3,3,2,lab,30,lab,S1
TTO-08182,boundary,C01,G1,F2,3,1,lab,30,lab,S2
TTO-08182,boundary,C02,G1,F3,3,2,classroom,60,classroom,S10
TTO-08182,boundary,C03,G1,F1,3,2,lab,30,lab,S6
TTO-08182,boundary,C04,G2,F2,3,1,classroom,60,classroom,S9
TTO-08182,boundary,C05,G2,F2,3,2,lab,30,lab,S5
TTO-08183,boundary,C01,G2,F2,4,1,lab,30,lab,S2
TTO-08183,boundary,C02,G1,F2,3,1,lab,30,lab,S4
TTO-08183,boundary,C03,G2,F2,3,2,lab,30,lab,S6
TTO-08183,boundary,C04,G1,F3,4,1,lab,30,lab,S6
TTO-08183,boundary,C05,G1,F2,4,2,lab,30,lab,S8
TTO-08184,boundary,C01,G2,F1,3,1,lab,30,lab,S6
TTO-08184,boundary,C02,G2,F1,3,2,lab,30,lab,S2
TTO-08184,boundary,C03,G1,F1,4,1,classroom,60,classroom,S10
TTO-08184,boundary,C04,G2,F1,3,1,lab,30,lab,S5
TTO-08184,boundary,C05,G1,F1,3,1,lab,30,lab,S7
TTO-08185,boundary,C01,G1,F1,4,2,classroom,60,classroom,S6
TTO-08185,boundary,C02,G1,F2,3,2,classroom,60,classroom,S3
TTO-08185,boundary,C03,G2,F2,3,2,classroom,60,classroom,S3
TTO-08185,boundary,C04,G1,F1,4,2,classroom,60,classroom,S10
TTO-08185,boundary,C05,G1,F1,3,1,classroom,60,classroom,S3
TTO-08186,boundary,C01,G1,F1,4,1,classroom,60,classroom,S8
TTO-08186,boundary,C02,G2,F1,4,2,lab,30,lab,S4
TTO-08186,boundary,C03,G2,F3,3,2,lab,30,lab,S6
TTO-08186,boundary,C04,G2,F3,4,2,classroom,60,classroom,S10
TTO-08186,boundary,C05,G2,F1,3,1,lab,30,lab,S5
TTO-08187,boundary,C01,G1,F1,4,1,classroom,60,classroom,S1
TTO-08187,boundary,C02,G2,F1,3,2,classroom,60,classroom,S9
TTO-08187,boundary,C03,G2,F1,4,1,lab,30,lab,S6
TTO-08187,boundary,C04,G2,F2,3,1,classroom,60,classroom,S3
TTO-08187,boundary,C05,G2,F1,4,1,classroom,60,classroom,S9
TTO-08188,boundary,C01,G2,F2,3,2,classroom,60,classroom,S5
TTO-08188,boundary,C02,G2,F3,4,1,lab,30,lab,S5
TTO-08188,boundary,C03,G2,F1,4,1,lab,30,lab,S8
TTO-08188,boundary,C04,G2,F2,3,2,lab,30,lab,S7
TTO-08188,boundary,C05,G2,F2,3,1,classroom,60,classroom,S7
TTO-08189,boundary,C01,G1,F3,3,2,classroom,60,classroom,S10
TTO-08189,boundary,C02,G1,F3,3,1,lab,30,lab,S6
TTO-08189,boundary,C03,G1,F2,3,2,classroom,60,classroom,S10
TTO-08189,boundary,C04,G2,F3,3,1,lab,30,lab,S6
TTO-08189,boundary,C05,G2,F2,3,2,lab,30,lab,S5
TTO-08190,boundary,C01,G1,F3,4,1,classroom,60,classroom,S7
TTO-08190,boundary,C02,G2,F3,4,2,lab,30,lab,S1
TTO-08190,boundary,C03,G1,F1,3,2,lab,30,lab,S3
TTO-08190,boundary,C04,G1,F1,3,2,classroom,60,classroom,S7
TTO-08190,boundary,C05,G2,F1,3,2,classroom,60,classroom,S8
TTO-08191,boundary,C01,G2,F3,3,2,lab,30,lab,S10
TTO-08191,boundary,C02,G2,F1,3,1,classroom,60,classroom,S1
TTO-08191,boundary,C03,G2,F3,4,2,classroom,60,classroom,S4
TTO-08191,boundary,C04,G2,F1,4,1,classroom,60,classroom,S10
TTO-08191,boundary,C05,G1,F2,3,1,lab,30,lab,S1
TTO-08192,boundary,C01,G1,F2,4,2,classroom,60,classroom,S1
TTO-08192,boundary,C02,G2,F1,3,2,classroom,60,classroom,S10
TTO-08192,boundary,C03,G1,F2,3,2,classroom,60,classroom,S8
TTO-08192,boundary,C04,G2,F1,4,2,classroom,60,classroom,S1
TTO-08192,boundary,C05,G1,F3,4,2,classroom,60,classroom,S8
TTO-08193,boundary,C01,G2,F2,4,2,lab,30,lab,S2
TTO-08193,boundary,C02,G2,F2,4,2,lab,30,lab,S5
TTO-08193,boundary,C03,G2,F1,3,2,classroom,60,classroom,S7
TTO-08193,boundary,C04,G2,F3,4,1,lab,30,lab,S7
TTO-08193,boundary,C05,G1,F1,3,1,classroom,60,classroom,S4
TTO-08194,boundary,C01,G2,F3,4,2,lab,30,lab,S9
TTO-08194,boundary,C02,G2,F2,3,1,classroom,60,classroom,S1
TTO-08194,boundary,C03,G2,F3,3,2,classroom,60,classroom,S4
TTO-08194,boundary,C04,G2,F3,4,1,lab,30,lab,S6
TTO-08194,boundary,C05,G1,F1,4,1,classroom,60,classroom,S6
TTO-08195,boundary,C01,G2,F3,3,2,lab,30,lab,S2
TTO-08195,boundary,C02,G1,F2,4,1,classroom,60,classroom,S4
TTO-08195,boundary,C03,G1,F1,3,2,lab,30,lab,S10
TTO-08195,boundary,C04,G2,F1,4,1,lab,30,lab,S9
TTO-08195,boundary,C05,G2,F2,3,1,lab,30,lab,S8
TTO-08196,boundary,C01,G1,F3,3,1,lab,30,lab,S4
TTO-08196,boundary,C02,G2,F1,4,1,lab,30,lab,S7
TTO-08196,boundary,C03,G2,F2,3,2,classroom,60,classroom,S4
TTO-08196,boundary,C04,G2,F1,4,2,lab,30,lab,S8
TTO-08196,boundary,C05,G1,F2,4,2,classroom,60,classroom,S8
TTO-08197,boundary,C01,G2,F2,3,1,lab,30,lab,S4
TTO-08197,boundary,C02,G1,F3,3,2,classroom,60,classroom,S4
TTO-08197,boundary,C03,G2,F3,4,1,lab,30,lab,S7
TTO-08197,boundary,C04,G1,F3,3,1,lab,30,lab,S4
TTO-08197,boundary,C05,G2,F2,4,1,lab,30,lab,S8
TTO-08198,boundary,C01,G2,F1,4,2,lab,30,lab,S7
TTO-08198,boundary,C02,G2,F2,3,2,classroom,60,classroom,S10
TTO-08198,boundary,C03,G1,F2,3,1,lab,30,lab,S7
TTO-08198,boundary,C04,G1,F1,3,1,lab,30,lab,S7
TTO-08198,boundary,C05,G1,F1,3,2,lab,30,lab,S10
TTO-08199,boundary,C01,G2,F2,3,1,lab,30,lab,S4
TTO-08199,boundary,C02,G1,F3,3,1,classroom,60,classroom,S6
TTO-08199,boundary,C03,G2,F1,4,2,classroom,60,classroom,S9
TTO-08199,boundary,C04,G2,F2,3,2,lab,30,lab,S4
TTO-08199,boundary,C05,G1,F1,3,2,classroom,60,classroom,S5
TTO-08200,boundary,C01,G2,F1,3,1,lab,30,lab,S2
TTO-08200,boundary,C02,G2,F1,3,2,lab,30,lab,S4
TTO-08200,boundary,C03,G2,F2,3,1,lab,30,lab,S7
TTO-08200,boundary,C04,G1,F2,3,1,classroom,60,classroom,S6
TTO-08200,boundary,C05,G2,F1,3,2,lab,30,lab,S2
TTO-08201,boundary,C01,G2,F3,3,2,lab,30,lab,S1
TTO-08201,boundary,C02,G2,F1,4,1,classroom,60,classroom,S7
TTO-08201,boundary,C03,G2,F2,4,2,lab,30,lab,S3
TTO-08201,boundary,C04,G1,F2,4,2,classroom,60,classroom,S7
TTO-08201,boundary,C05,G2,F2,4,2,classroom,60,classroom,S1
TTO-08202,boundary,C01,G1,F1,3,1,classroom,60,classroom,S6
TTO-08202,boundary,C02,G2,F3,4,2,lab,30,lab,S7
TTO-08202,boundary,C03,G2,F2,4,1,lab,30,lab,S4
TTO-08202,boundary,C04,G1,F2,4,1,classroom,60,classroom,S3
TTO-08202,boundary,C05,G1,F2,3,1,classroom,60,classroom,S4
TTO-08203,boundary,C01,G1,F3,3,1,lab,30,lab,S1
TTO-08203,boundary,C02,G1,F3,3,1,lab,30,lab,S3
TTO-08203,boundary,C03,G2,F2,4,2,lab,30,lab,S5
TTO-08203,boundary,C04,G1,F2,4,1,classroom,60,classroom,S3
TTO-08203,boundary,C05,G2,F2,4,2,lab,30,lab,S2
TTO-08204,boundary,C01,G2,F2,3,2,classroom,60,classroom,S5
TTO-08204,boundary,C02,G1,F2,4,1,lab,30,lab,S1
TTO-08204,boundary,C03,G1,F1,3,2,classroom,60,classroom,S4
TTO-08204,boundary,C04,G2,F2,3,2,lab,30,lab,S7
TTO-08204,boundary,C05,G2,F3,4,2,classroom,60,classroom,S4
TTO-08205,boundary,C01,G2,F3,4,2,classroom,60,classroom,S6
TTO-08205,boundary,C02,G1,F1,3,1,lab,30,lab,S5
TTO-08205,boundary,C03,G2,F2,3,2,classroom,60,classroom,S7
TTO-08205,boundary,C04,G2,F1,3,2,lab,30,lab,S9
TTO-08205,boundary,C05,G2,F1,4,2,lab,30,lab,S1
TTO-08206,boundary,C01,G2,F2,4,1,classroom,60,classroom,S5
TTO-08206,boundary,C02,G1,F2,4,1,classroom,60,classroom,S1
TTO-08206,boundary,C03,G1,F1,3,2,lab,30,lab,S10
TTO-08206,boundary,C04,G2,F2,4,1,lab,30,lab,S1
TTO-08206,boundary,C05,G2,F2,4,2,lab,30,lab,S6
TTO-08207,boundary,C01,G2,F3,4,1,classroom,60,classroom,S10
TTO-08207,boundary,C02,G1,F3,3,2,classroom,60,classroom,S2
TTO-08207,boundary,C03,G1,F3,4,2,classroom,60,classroom,S4
TTO-08207,boundary,C04,G1,F1,3,2,classroom,60,classroom,S9
TTO-08207,boundary,C05,G1,F2,3,2,lab,30,lab,S6
TTO-08208,boundary,C01,G2,F1,4,2,classroom,60,classroom,S1
TTO-08208,boundary,C02,G2,F1,3,1,lab,30,lab,S8
TTO-08208,boundary,C03,G1,F3,4,1,classroom,60,classroom,S4
TTO-08208,boundary,C04,G2,F2,3,2,classroom,60,classroom,S9
TTO-08208,boundary,C05,G2,F1,4,2,lab,30,lab,S8
TTO-08209,boundary,C01,G1,F1,4,2,lab,30,lab,S4
TTO-08209,boundary,C02,G1,F3,3,2,lab,30,lab,S9
TTO-08209,boundary,C03,G2,F3,3,2,classroom,60,classroom,S5
TTO-08209,boundary,C04,G1,F1,3,1,classroom,60,classroom,S9
TTO-08209,boundary,C05,G1,F2,3,2,classroom,60,classroom,S6
TTO-08210,boundary,C01,G2,F2,4,2,classroom,60,classroom,S4
TTO-08210,boundary,C02,G2,F3,3,2,lab,30,lab,S2
TTO-08210,boundary,C03,G2,F1,3,1,lab,30,lab,S1
TTO-08210,boundary,C04,G1,F1,3,1,lab,30,lab,S6
TTO-08210,boundary,C05,G2,F1,4,1,lab,30,lab,S10
TTO-08211,boundary,C01,G2,F2,4,1,classroom,60,classroom,S8
TTO-08211,boundary,C02,G2,F3,4,1,lab,30,lab,S10
TTO-08211,boundary,C03,G1,F2,4,1,lab,30,lab,S5
TTO-08211,boundary,C04,G2,F3,4,1,classroom,60,classroom,S2
TTO-08211,boundary,C05,G2,F1,4,1,lab,30,lab,S5
TTO-08212,boundary,C01,G1,F2,3,2,lab,30,lab,S3
TTO-08212,boundary,C02,G2,F3,4,1,lab,30,lab,S10
TTO-08212,boundary,C03,G1,F3,3,1,classroom,60,classroom,S5
TTO-08212,boundary,C04,G1,F1,3,2,classroom,60,classroom,S10
TTO-08212,boundary,C05,G1,F2,4,2,classroom,60,classroom,S6
TTO-08213,boundary,C01,G1,F2,3,2,classroom,60,classroom,S7
TTO-08213,boundary,C02,G2,F1,3,2,classroom,60,classroom,S3
TTO-08213,boundary,C03,G1,F2,4,1,classroom,60,classroom,S8
TTO-08213,boundary,C04,G2,F2,3,1,lab,30,lab,S1
TTO-08213,boundary,C05,G1,F3,3,1,lab,30,lab,S10
TTO-08214,boundary,C01,G1,F3,4,1,classroom,60,classroom,S4
TTO-08214,boundary,C02,G1,F1,3,1,lab,30,lab,S5
TTO-08214,boundary,C03,G2,F2,3,2,classroom,60,classroom,S10
TTO-08214,boundary,C04,G2,F1,3,2,classroom,60,classroom,S10
TTO-08214,boundary,C05,G1,F1,4,2,lab,30,lab,S1
TTO-08215,boundary,C01,G1,F3,3,2,classroom,60,classroom,S1
TTO-08215,boundary,C02,G2,F3,3,1,lab,30,lab,S1
TTO-08215,boundary,C03,G1,F1,3,2,classroom,60,classroom,S7
TTO-08215,boundary,C04,G1,F3,4,1,lab,30,lab,S4
TTO-08215,boundary,C05,G2,F1,4,1,lab,30,lab,S9
TTO-08216,boundary,C01,G1,F1,4,2,lab,30,lab,S9
TTO-08216,boundary,C02,G1,F3,4,1,lab,30,lab,S7
TTO-08216,boundary,C03,G1,F2,4,2,classroom,60,classroom,S6
TTO-08216,boundary,C04,G1,F2,4,1,classroom,60,classroom,S2
TTO-08216,boundary,C05,G2,F1,4,2,lab,30,lab,S4
TTO-08217,boundary,C01,G2,F1,3,2,lab,30,lab,S2
TTO-08217,boundary,C02,G2,F2,4,1,lab,30,lab,S9
TTO-08217,boundary,C03,G1,F1,3,2,classroom,60,classroom,S1
TTO-08217,boundary,C04,G2,F3,4,2,classroom,60,classroom,S4
TTO-08217,boundary,C05,G2,F2,4,2,classroom,60,classroom,S4
TTO-08218,boundary,C01,G1,F2,3,1,lab,30,lab,S7
TTO-08218,boundary,C02,G2,F2,3,2,lab,30,lab,S3
TTO-08218,boundary,C03,G2,F2,3,1,classroom,60,classroom,S10
TTO-08218,boundary,C04,G1,F1,4,2,classroom,60,classroom,S1
TTO-08218,boundary,C05,G1,F2,4,1,classroom,60,classroom,S10
TTO-08219,boundary,C01,G2,F1,3,1,classroom,60,classroom,S3
TTO-08219,boundary,C02,G1,F2,3,2,lab,30,lab,S6
TTO-08219,boundary,C03,G1,F2,4,2,classroom,60,classroom,S1
TTO-08219,boundary,C04,G2,F2,4,1,lab,30,lab,S3
TTO-08219,boundary,C05,G1,F2,3,1,lab,30,lab,S1
TTO-08220,boundary,C01,G2,F2,3,1,classroom,60,classroom,S9
TTO-08220,boundary,C02,G1,F3,3,1,classroom,60,classroom,S8
TTO-08220,boundary,C03,G1,F1,3,2,classroom,60,classroom,S8
TTO-08220,boundary,C04,G2,F2,4,1,classroom,60,classroom,S4
TTO-08220,boundary,C05,G2,F2,4,1,classroom,60,classroom,S10
TTO-08221,boundary,C01,G2,F3,3,2,lab,30,lab,S6
TTO-08221,boundary,C02,G2,F1,4,2,lab,30,lab,S8
TTO-08221,boundary,C03,G1,F1,3,1,lab,30,lab,S9
TTO-08221,boundary,C04,G1,F3,4,1,classroom,60,classroom,S4
TTO-08221,boundary,C05,G2,F2,3,1,lab,30,lab,S1
TTO-08222,boundary,C01,G2,F3,4,1,lab,30,lab,S2
TTO-08222,boundary,C02,G1,F1,4,2,lab,30,lab,S6
TTO-08222,boundary,C03,G1,F3,3,2,classroom,60,classroom,S8
TTO-08222,boundary,C04,G1,F3,3,1,classroom,60,classroom,S1
TTO-08222,boundary,C05,G1,F1,3,2,lab,30,lab,S2
TTO-08223,boundary,C01,G1,F3,3,1,classroom,60,classroom,S7
TTO-08223,boundary,C02,G1,F1,4,1,lab,30,lab,S4
TTO-08223,boundary,C03,G2,F2,3,1,lab,30,lab,S4
TTO-08223,boundary,C04,G2,F2,3,2,classroom,60,classroom,S1
TTO-08223,boundary,C05,G2,F3,3,2,lab,30,lab,S1
TTO-08224,boundary,C01,G1,F1,4,2,classroom,60,classroom,S1
TTO-08224,boundary,C02,G2,F2,4,2,lab,30,lab,S8
TTO-08224,boundary,C03,G1,F1,4,2,classroom,60,classroom,S10
TTO-08224,boundary,C04,G1,F1,3,2,classroom,60,classroom,S2
TTO-08224,boundary,C05,G2,F1,4,1,classroom,60,classroom,S10
TTO-08225,boundary,C01,G1,F3,4,1,classroom,60,classroom,S4
TTO-08225,boundary,C02,G2,F2,3,1,lab,30,lab,S4
TTO-08225,boundary,C03,G1,F2,4,2,classroom,60,classroom,S6
TTO-08225,boundary,C04,G1,F1,4,2,classroom,60,classroom,S1
TTO-08225,boundary,C05,G2,F3,3,1,lab,30,lab,S4
TTO-08226,boundary,C01,G2,F3,4,1,classroom,60,classroom,S10
TTO-08226,boundary,C02,G2,F3,4,1,classroom,60,classroom,S8
TTO-08226,boundary,C03,G1,F3,4,1,lab,30,lab,S4
TTO-08226,boundary,C04,G2,F3,4,2,classroom,60,classroom,S2
TTO-08226,boundary,C05,G1,F2,3,1,classroom,60,classroom,S10
TTO-08227,boundary,C01,G2,F2,3,2,classroom,60,classroom,S10
TTO-08227,boundary,C02,G2,F1,3,2,classroom,60,classroom,S5
TTO-08227,boundary,C03,G1,F3,3,1,lab,30,lab,S7
TTO-08227,boundary,C04,G1,F1,3,1,classroom,60,classroom,S9
TTO-08227,boundary,C05,G1,F3,3,1,classroom,60,classroom,S1
TTO-08228,boundary,C01,G1,F3,3,1,lab,30,lab,S7
TTO-08228,boundary,C02,G2,F1,4,1,lab,30,lab,S1
TTO-08228,boundary,C03,G1,F2,3,2,classroom,60,classroom,S3
TTO-08228,boundary,C04,G2,F3,4,1,lab,30,lab,S10
TTO-08228,boundary,C05,G1,F3,4,1,classroom,60,classroom,S9
TTO-08229,boundary,C01,G2,F1,4,2,lab,30,lab,S8
TTO-08229,boundary,C02,G1,F1,3,1,lab,30,lab,S10
TTO-08229,boundary,C03,G2,F1,4,2,lab,30,lab,S5
TTO-08229,boundary,C04,G1,F2,3,2,lab,30,lab,S2
TTO-08229,boundary,C05,G2,F1,4,2,classroom,60,classroom,S6
TTO-08230,boundary,C01,G2,F2,3,2,classroom,60,classroom,S8
TTO-08230,boundary,C02,G2,F3,4,2,classroom,60,classroom,S5
TTO-08230,boundary,C03,G1,F1,3,1,classroom,60,classroom,S7
TTO-08230,boundary,C04,G1,F1,3,1,classroom,60,classroom,S5
TTO-08230,boundary,C05,G1,F2,4,2,lab,30,lab,S4
TTO-08231,boundary,C01,G1,F2,4,1,lab,30,lab,S7
TTO-08231,boundary,C02,G1,F1,4,2,lab,30,lab,S5
TTO-08231,boundary,C03,G1,F1,3,1,lab,30,lab,S8
TTO-08231,boundary,C04,G2,F2,4,1,lab,30,lab,S2
TTO-08231,boundary,C05,G2,F1,4,2,lab,30,lab,S6
TTO-08232,boundary,C01,G1,F2,3,1,classroom,60,classroom,S9
TTO-08232,boundary,C02,G1,F1,3,1,classroom,60,classroom,S5
TTO-08232,boundary,C03,G1,F2,4,2,classroom,60,classroom,S5
TTO-08232,boundary,C04,G2,F3,3,2,classroom,60,classroom,S1
TTO-08232,boundary,C05,G2,F2,3,2,lab,30,lab,S3
TTO-08233,boundary,C01,G1,F1,3,1,classroom,60,classroom,S9
TTO-08233,boundary,C02,G1,F3,3,2,lab,30,lab,S4
TTO-08233,boundary,C03,G1,F1,4,2,lab,30,lab,S10
TTO-08233,boundary,C04,G2,F3,4,1,lab,30,lab,S5
TTO-08233,boundary,C05,G2,F1,4,2,lab,30,lab,S2
TTO-08234,boundary,C01,G2,F2,3,2,classroom,60,classroom,S2
TTO-08234,boundary,C02,G1,F1,4,1,classroom,60,classroom,S9
TTO-08234,boundary,C03,G2,F1,4,2,lab,30,lab,S10
TTO-08234,boundary,C04,G2,F2,4,2,classroom,60,classroom,S1
TTO-08234,boundary,C05,G1,F1,3,2,lab,30,lab,S9
TTO-08235,boundary,C01,G1,F2,3,1,lab,30,lab,S7
TTO-08235,boundary,C02,G2,F1,3,2,classroom,60,classroom,S8
TTO-08235,boundary,C03,G2,F2,4,2,lab,30,lab,S5
TTO-08235,boundary,C04,G2,F2,4,1,lab,30,lab,S3
TTO-08235,boundary,C05,G1,F2,4,1,classroom,60,classroom,S3
TTO-08236,boundary,C01,G1,F3,3,2,classroom,60,classroom,S5
TTO-08236,boundary,C02,G1,F2,4,1,lab,30,lab,S1
TTO-08236,boundary,C03,G1,F1,4,2,lab,30,lab,S10
TTO-08236,boundary,C04,G1,F3,4,2,lab,30,lab,S3
TTO-08236,boundary,C05,G2,F3,4,2,lab,30,lab,S1
TTO-08237,boundary,C01,G1,F3,4,1,classroom,60,classroom,S1
TTO-08237,boundary,C02,G1,F2,4,1,classroom,60,classroom,S7
TTO-08237,boundary,C03,G2,F2,3,1,lab,30,lab,S6
TTO-08237,boundary,C04,G1,F3,3,1,lab,30,lab,S1
TTO-08237,boundary,C05,G2,F3,3,2,lab,30,lab,S3
TTO-08238,boundary,C01,G2,F2,4,2,lab,30,lab,S7
TTO-08238,boundary,C02,G2,F3,3,2,lab,30,lab,S7
TTO-08238,boundary,C03,G1,F3,4,1,lab,30,lab,S9
TTO-08238,boundary,C04,G2,F2,4,1,lab,30,lab,S3
TTO-08238,boundary,C05,G1,F1,4,1,lab,30,lab,S8
TTO-08239,boundary,C01,G2,F1,3,2,classroom,60,classroom,S2
TTO-08239,boundary,C02,G1,F3,4,2,classroom,60,classroom,S10
TTO-08239,boundary,C03,G2,F3,4,2,lab,30,lab,S2
TTO-08239,boundary,C04,G1,F3,4,1,lab,30,lab,S6
TTO-08239,boundary,C05,G2,F1,4,1,lab,30,lab,S2
TTO-08240,boundary,C01,G1,F1,3,1,lab,30,lab,S5
TTO-08240,boundary,C02,G2,F1,4,2,lab,30,lab,S6
TTO-08240,boundary,C03,G2,F2,3,2,lab,30,lab,S10
TTO-08240,boundary,C04,G1,F2,3,2,lab,30,lab,S10
TTO-08240,boundary,C05,G2,F2,3,2,classroom,60,classroom,S2
TTO-08241,boundary,C01,G2,F1,4,1,lab,30,lab,S3
TTO-08241,boundary,C02,G2,F1,3,2,classroom,60,classroom,S5
TTO-08241,boundary,C03,G2,F2,3,1,classroom,60,classroom,S10
TTO-08241,boundary,C04,G2,F1,4,2,classroom,60,classroom,S8
TTO-08241,boundary,C05,G2,F1,4,1,classroom,60,classroom,S8
TTO-08242,boundary,C01,G2,F2,4,1,classroom,60,classroom,S5
TTO-08242,boundary,C02,G2,F2,3,1,lab,30,lab,S7
TTO-08242,boundary,C03,G1,F3,4,1,classroom,60,classroom,S3
TTO-08242,boundary,C04,G2,F1,4,1,classroom,60,classroom,S4
TTO-08242,boundary,C05,G2,F2,4,1,lab,30,lab,S2
TTO-08243,boundary,C01,G2,F2,3,2,lab,30,lab,S10
TTO-08243,boundary,C02,G2,F3,4,1,lab,30,lab,S2
TTO-08243,boundary,C03,G1,F2,4,1,classroom,60,classroom,S8
TTO-08243,boundary,C04,G1,F2,3,1,classroom,60,classroom,S8
TTO-08243,boundary,C05,G1,F3,3,2,classroom,60,classroom,S6
TTO-08244,boundary,C01,G2,F1,3,2,classroom,60,classroom,S7
TTO-08244,boundary,C02,G2,F2,4,1,lab,30,lab,S9
TTO-08244,boundary,C03,G2,F2,3,1,lab,30,lab,S5
TTO-08244,boundary,C04,G1,F2,3,1,lab,30,lab,S8
TTO-08244,boundary,C05,G2,F2,3,2,classroom,60,classroom,S5
TTO-08245,boundary,C01,G1,F2,4,1,classroom,60,classroom,S10
TTO-08245,boundary,C02,G2,F3,3,1,classroom,60,classroom,S7
TTO-08245,boundary,C03,G2,F3,4,1,lab,30,lab,S1
TTO-08245,boundary,C04,G2,F2,4,1,classroom,60,classroom,S7
TTO-08245,boundary,C05,G2,F3,4,1,classroom,60,classroom,S10
TTO-08246,boundary,C01,G1,F2,3,2,classroom,60,classroom,S7
TTO-08246,boundary,C02,G1,F3,3,2,classroom,60,classroom,S2
TTO-08246,boundary,C03,G2,F3,4,1,classroom,60,classroom,S3
TTO-08246,boundary,C04,G2,F3,3,1,lab,30,lab,S10
TTO-08246,boundary,C05,G2,F1,4,1,lab,30,lab,S1
TTO-08247,boundary,C01,G2,F3,3,1,classroom,60,classroom,S8
TTO-08247,boundary,C02,G2,F1,4,1,classroom,60,classroom,S4
TTO-08247,boundary,C03,G2,F3,4,1,lab,30,lab,S8
TTO-08247,boundary,C04,G2,F1,3,1,classroom,60,classroom,S7
TTO-08247,boundary,C05,G1,F2,4,1,lab,30,lab,S8
TTO-08248,boundary,C01,G2,F2,4,1,classroom,60,classroom,S8
TTO-08248,boundary,C02,G2,F1,4,1,classroom,60,classroom,S8
TTO-08248,boundary,C03,G1,F3,4,2,lab,30,lab,S6
TTO-08248,boundary,C04,G2,F1,3,1,lab,30,lab,S4
TTO-08248,boundary,C05,G2,F1,4,2,lab,30,lab,S1
TTO-08249,boundary,C01,G1,F2,3,1,lab,30,lab,S7
TTO-08249,boundary,C02,G1,F2,4,2,lab,30,lab,S4
TTO-08249,boundary,C03,G1,F3,4,2,classroom,60,classroom,S4
TTO-08249,boundary,C04,G2,F3,3,2,classroom,60,classroom,S9
TTO-08249,boundary,C05,G1,F3,3,2,classroom,60,classroom,S8
TTO-08250,boundary,C01,G1,F3,3,2,classroom,60,classroom,S6
TTO-08250,boundary,C02,G2,F3,4,2,classroom,60,classroom,S7
TTO-08250,boundary,C03,G1,F2,4,1,classroom,60,classroom,S10
TTO-08250,boundary,C04,G1,F1,3,2,classroom,60,classroom,S9
TTO-08250,boundary,C05,G1,F2,3,1,lab,30,lab,S6
TTO-08251,boundary,C01,G2,F1,4,1,lab,30,lab,S4
TTO-08251,boundary,C02,G1,F1,4,1,classroom,60,classroom,S9
TTO-08251,boundary,C03,G2,F2,4,2,classroom,60,classroom,S3
TTO-08251,boundary,C04,G1,F2,4,2,classroom,60,classroom,S10
TTO-08251,boundary,C05,G2,F1,3,2,lab,30,lab,S2
TTO-08252,boundary,C01,G1,F1,4,1,classroom,60,classroom,S6
TTO-08252,boundary,C02,G1,F3,4,2,lab,30,lab,S6
TTO-08252,boundary,C03,G2,F3,4,2,lab,30,lab,S8
TTO-08252,boundary,C04,G2,F2,3,1,lab,30,lab,S2
TTO-08252,boundary,C05,G2,F2,4,2,lab,30,lab,S2
TTO-08253,boundary,C01,G1,F2,4,1,lab,30,lab,S8
TTO-08253,boundary,C02,G2,F3,3,2,lab,30,lab,S10
TTO-08253,boundary,C03,G1,F2,3,2,lab,30,lab,S9
TTO-08253,boundary,C04,G1,F1,4,2,classroom,60,classroom,S10
TTO-08253,boundary,C05,G1,F1,3,1,lab,30,lab,S7
TTO-08254,boundary,C01,G1,F1,3,2,classroom,60,classroom,S5
TTO-08254,boundary,C02,G2,F3,4,1,classroom,60,classroom,S10
TTO-08254,boundary,C03,G2,F1,3,1,classroom,60,classroom,S3
TTO-08254,boundary,C04,G2,F3,4,1,lab,30,lab,S1
TTO-08254,boundary,C05,G2,F3,4,2,classroom,60,classroom,S3
TTO-08255,boundary,C01,G2,F3,3,1,lab,30,lab,S6
TTO-08255,boundary,C02,G2,F3,4,1,lab,30,lab,S1
TTO-08255,boundary,C03,G1,F3,4,1,classroom,60,classroom,S3
TTO-08255,boundary,C04,G2,F1,3,1,classroom,60,classroom,S9
TTO-08255,boundary,C05,G2,F2,3,1,lab,30,lab,S6
TTO-08256,boundary,C01,G2,F2,4,1,classroom,60,classroom,S7
TTO-08256,boundary,C02,G1,F2,4,2,lab,30,lab,S10
TTO-08256,boundary,C03,G1,F1,4,1,classroom,60,classroom,S8
TTO-08256,boundary,C04,G1,F3,3,2,lab,30,lab,S5
TTO-08256,boundary,C05,G2,F3,4,2,lab,30,lab,S10
TTO-08257,boundary,C01,G1,F3,4,1,classroom,60,classroom,S5
TTO-08257,boundary,C02,G1,F2,4,1,classroom,60,classroom,S1
TTO-08257,boundary,C03,G2,F1,3,2,lab,30,lab,S4
TTO-08257,boundary,C04,G1,F1,4,2,classroom,60,classroom,S3
TTO-08257,boundary,C05,G2,F2,3,1,lab,30,lab,S5
TTO-08258,boundary,C01,G2,F1,3,1,classroom,60,classroom,S9
TTO-08258,boundary,C02,G2,F2,4,1,classroom,60,classroom,S10
TTO-08258,boundary,C03,G2,F2,3,1,lab,30,lab,S4
TTO-08258,boundary,C04,G1,F3,3,1,classroom,60,classroom,S1
TTO-08258,boundary,C05,G2,F1,4,1,lab,30,lab,S3
TTO-08259,boundary,C01,G2,F1,3,1,classroom,60,classroom,S3
TTO-08259,boundary,C02,G1,F3,4,2,lab,30,lab,S10
TTO-08259,boundary,C03,G1,F3,4,1,classroom,60,classroom,S6
TTO-08259,boundary,C04,G1,F3,3,2,lab,30,lab,S10
TTO-08259,boundary,C05,G2,F1,4,1,classroom,60,classroom,S6
TTO-08260,boundary,C01,G2,F2,3,2,lab,30,lab,S2
TTO-08260,boundary,C02,G1,F2,4,1,classroom,60,classroom,S10
TTO-08260,boundary,C03,G1,F3,4,2,classroom,60,classroom,S10
TTO-08260,boundary,C04,G1,F2,3,2,classroom,60,classroom,S4
TTO-08260,boundary,C05,G2,F1,3,2,classroom,60,classroom,S5
TTO-08261,boundary,C01,G1,F1,3,2,classroom,60,classroom,S10
TTO-08261,boundary,C02,G1,F3,3,1,classroom,60,classroom,S7
TTO-08261,boundary,C03,G1,F2,4,1,lab,30,lab,S5
TTO-08261,boundary,C04,G1,F1,4,2,classroom,60,classroom,S5
TTO-08261,boundary,C05,G1,F3,4,1,lab,30,lab,S2
TTO-08262,boundary,C01,G2,F3,4,2,lab,30,lab,S5
TTO-08262,boundary,C02,G1,F2,4,2,lab,30,lab,S6
TTO-08262,boundary,C03,G2,F2,4,2,lab,30,lab,S4
TTO-08262,boundary,C04,G2,F3,4,1,lab,30,lab,S5
TTO-08262,boundary,C05,G2,F2,3,2,lab,30,lab,S4
TTO-08263,boundary,C01,G1,F2,4,2,classroom,60,classroom,S2
TTO-08263,boundary,C02,G1,F1,3,1,classroom,60,classroom,S10
TTO-08263,boundary,C03,G1,F3,3,1,classroom,60,classroom,S2
TTO-08263,boundary,C04,G2,F1,3,1,classroom,60,classroom,S10
TTO-08263,boundary,C05,G1,F1,4,2,lab,30,lab,S2
TTO-08264,boundary,C01,G2,F1,3,2,classroom,60,classroom,S3
TTO-08264,boundary,C02,G2,F2,4,2,classroom,60,classroom,S7
TTO-08264,boundary,C03,G1,F2,3,1,lab,30,lab,S5
TTO-08264,boundary,C04,G1,F2,3,2,lab,30,lab,S1
TTO-08264,boundary,C05,G2,F3,4,1,classroom,60,classroom,S10
TTO-08265,boundary,C01,G1,F3,3,1,classroom,60,classroom,S2
TTO-08265,boundary,C02,G1,F3,4,2,lab,30,lab,S4
TTO-08265,boundary,C03,G2,F1,4,2,classroom,60,classroom,S3
TTO-08265,boundary,C04,G2,F1,3,1,classroom,60,classroom,S5
TTO-08265,boundary,C05,G1,F3,3,1,classroom,60,classroom,S3
TTO-08266,boundary,C01,G2,F2,4,2,lab,30,lab,S1
TTO-08266,boundary,C02,G2,F2,3,2,classroom,60,classroom,S3
TTO-08266,boundary,C03,G2,F2,3,1,classroom,60,classroom,S9
TTO-08266,boundary,C04,G2,F3,4,2,classroom,60,classroom,S8
TTO-08266,boundary,C05,G1,F1,3,2,classroom,60,classroom,S3
TTO-08267,boundary,C01,G1,F2,4,2,lab,30,lab,S4
TTO-08267,boundary,C02,G1,F3,4,1,lab,30,lab,S3
TTO-08267,boundary,C03,G2,F1,3,1,lab,30,lab,S9
TTO-08267,boundary,C04,G1,F2,3,1,classroom,60,classroom,S10
TTO-08267,boundary,C05,G1,F2,3,1,lab,30,lab,S10
TTO-08268,boundary,C01,G1,F3,3,2,lab,30,lab,S2
TTO-08268,boundary,C02,G2,F2,4,1,classroom,60,classroom,S7
TTO-08268,boundary,C03,G2,F3,4,2,lab,30,lab,S8
TTO-08268,boundary,C04,G1,F2,3,1,lab,30,lab,S8
TTO-08268,boundary,C05,G1,F2,3,1,classroom,60,classroom,S9
TTO-08269,boundary,C01,G1,F1,4,1,classroom,60,classroom,S7
TTO-08269,boundary,C02,G2,F3,4,1,classroom,60,classroom,S2
TTO-08269,boundary,C03,G1,F2,4,2,classroom,60,classroom,S9
TTO-08269,boundary,C04,G2,F1,4,1,lab,30,lab,S2
TTO-08269,boundary,C05,G1,F2,3,2,lab,30,lab,S10
TTO-08270,boundary,C01,G1,F1,3,1,lab,30,lab,S5
TTO-08270,boundary,C02,G2,F1,4,1,classroom,60,classroom,S6
TTO-08270,boundary,C03,G2,F3,3,2,classroom,60,classroom,S8
TTO-08270,boundary,C04,G1,F3,4,1,lab,30,lab,S2
TTO-08270,boundary,C05,G2,F3,3,1,lab,30,lab,S1
TTO-08271,boundary,C01,G2,F3,3,1,classroom,60,classroom,S6
TTO-08271,boundary,C02,G1,F2,3,1,classroom,60,classroom,S5
TTO-08271,boundary,C03,G2,F2,4,1,lab,30,lab,S5
TTO-08271,boundary,C04,G1,F2,4,1,lab,30,lab,S1
TTO-08271,boundary,C05,G1,F1,4,2,classroom,60,classroom,S1
TTO-08272,boundary,C01,G2,F1,4,2,lab,30,lab,S8
TTO-08272,boundary,C02,G1,F1,3,2,lab,30,lab,S6
TTO-08272,boundary,C03,G2,F1,4,2,classroom,60,classroom,S10
TTO-08272,boundary,C04,G1,F3,4,2,classroom,60,classroom,S4
TTO-08272,boundary,C05,G2,F1,3,2,lab,30,lab,S7
TTO-08273,boundary,C01,G1,F2,4,1,classroom,60,classroom,S5
TTO-08273,boundary,C02,G1,F1,4,2,classroom,60,classroom,S5
TTO-08273,boundary,C03,G2,F2,4,2,lab,30,lab,S8
TTO-08273,boundary,C04,G1,F2,3,1,lab,30,lab,S8
TTO-08273,boundary,C05,G2,F3,3,1,lab,30,lab,S8
TTO-08274,boundary,C01,G2,F2,3,1,classroom,60,classroom,S1
TTO-08274,boundary,C02,G1,F2,3,1,lab,30,lab,S8
TTO-08274,boundary,C03,G2,F1,4,1,classroom,60,classroom,S4
TTO-08274,boundary,C04,G1,F1,4,1,lab,30,lab,S3
TTO-08274,boundary,C05,G1,F2,4,2,classroom,60,classroom,S4
TTO-08275,boundary,C01,G2,F3,4,1,classroom,60,classroom,S8
TTO-08275,boundary,C02,G1,F3,4,1,classroom,60,classroom,S6
TTO-08275,boundary,C03,G1,F2,3,2,lab,30,lab,S6
TTO-08275,boundary,C04,G1,F2,3,1,lab,30,lab,S4
TTO-08275,boundary,C05,G1,F1,3,2,classroom,60,classroom,S4
TTO-08276,boundary,C01,G1,F1,4,1,classroom,60,classroom,S3
TTO-08276,boundary,C02,G1,F1,4,1,lab,30,lab,S10
TTO-08276,boundary,C03,G2,F2,4,1,lab,30,lab,S10
TTO-08276,boundary,C04,G1,F2,3,2,lab,30,lab,S10
TTO-08276,boundary,C05,G2,F3,3,2,lab,30,lab,S4
TTO-08277,boundary,C01,G2,F1,4,1,classroom,60,classroom,S4
TTO-08277,boundary,C02,G2,F1,4,1,lab,30,lab,S9
TTO-08277,boundary,C03,G1,F3,3,1,classroom,60,classroom,S2
TTO-08277,boundary,C04,G2,F2,3,2,lab,30,lab,S2
TTO-08277,boundary,C05,G1,F2,4,2,lab,30,lab,S6
TTO-08278,boundary,C01,G1,F3,4,2,classroom,60,classroom,S1
TTO-08278,boundary,C02,G2,F3,3,1,classroom,60,classroom,S6
TTO-08278,boundary,C03,G2,F3,3,1,classroom,60,classroom,S2
TTO-08278,boundary,C04,G1,F3,4,1,classroom,60,classroom,S6
TTO-08278,boundary,C05,G2,F2,4,2,lab,30,lab,S7
TTO-08279,boundary,C01,G1,F2,4,2,lab,30,lab,S9
TTO-08279,boundary,C02,G2,F1,4,1,lab,30,lab,S8
TTO-08279,boundary,C03,G1,F2,3,1,classroom,60,classroom,S4
TTO-08279,boundary,C04,G1,F3,3,2,lab,30,lab,S4
TTO-08279,boundary,C05,G2,F2,3,2,classroom,60,classroom,S1
TTO-08280,boundary,C01,G2,F1,3,1,lab,30,lab,S7
TTO-08280,boundary,C02,G1,F3,3,2,lab,30,lab,S3
TTO-08280,boundary,C03,G2,F3,4,1,classroom,60,classroom,S10
TTO-08280,boundary,C04,G2,F1,4,2,lab,30,lab,S9
TTO-08280,boundary,C05,G1,F2,3,2,classroom,60,classroom,S8
TTO-08281,boundary,C01,G2,F2,4,2,classroom,60,classroom,S10
TTO-08281,boundary,C02,G2,F3,3,2,lab,30,lab,S10
TTO-08281,boundary,C03,G2,F2,3,1,lab,30,lab,S1
TTO-08281,boundary,C04,G1,F1,3,2,classroom,60,classroom,S2
TTO-08281,boundary,C05,G2,F3,3,2,classroom,60,classroom,S3
TTO-08282,boundary,C01,G2,F1,4,2,lab,30,lab,S2
TTO-08282,boundary,C02,G1,F1,3,1,classroom,60,classroom,S4
TTO-08282,boundary,C03,G1,F1,3,1,lab,30,lab,S5
TTO-08282,boundary,C04,G1,F2,4,2,lab,30,lab,S10
TTO-08282,boundary,C05,G1,F2,3,2,lab,30,lab,S1
TTO-08283,boundary,C01,G1,F3,3,1,classroom,60,classroom,S1
TTO-08283,boundary,C02,G1,F2,3,1,lab,30,lab,S2
TTO-08283,boundary,C03,G2,F3,4,2,classroom,60,classroom,S8
TTO-08283,boundary,C04,G1,F1,4,1,lab,30,lab,S6
TTO-08283,boundary,C05,G1,F3,4,1,classroom,60,classroom,S10
TTO-08284,boundary,C01,G1,F1,3,1,classroom,60,classroom,S2
TTO-08284,boundary,C02,G1,F3,3,1,lab,30,lab,S3
TTO-08284,boundary,C03,G1,F2,4,1,classroom,60,classroom,S3
TTO-08284,boundary,C04,G1,F3,4,2,lab,30,lab,S3
TTO-08284,boundary,C05,G1,F3,4,1,classroom,60,classroom,S10
TTO-08285,boundary,C01,G2,F1,3,2,lab,30,lab,S9
TTO-08285,boundary,C02,G1,F2,4,1,classroom,60,classroom,S8
TTO-08285,boundary,C03,G2,F2,4,1,classroom,60,classroom,S9
TTO-08285,boundary,C04,G2,F2,3,1,classroom,60,classroom,S4
TTO-08285,boundary,C05,G2,F2,3,2,classroom,60,classroom,S6
TTO-08286,boundary,C01,G2,F2,3,1,classroom,60,classroom,S3
TTO-08286,boundary,C02,G2,F2,3,1,classroom,60,classroom,S3
TTO-08286,boundary,C03,G1,F3,3,1,classroom,60,classroom,S4
TTO-08286,boundary,C04,G1,F1,3,2,classroom,60,classroom,S1
TTO-08286,boundary,C05,G2,F2,3,2,lab,30,lab,S6
TTO-08287,boundary,C01,G1,F3,3,2,lab,30,lab,S2
TTO-08287,boundary,C02,G2,F3,4,2,classroom,60,classroom,S6
TTO-08287,boundary,C03,G1,F1,4,1,classroom,60,classroom,S4
TTO-08287,boundary,C04,G2,F1,3,2,classroom,60,classroom,S7
TTO-08287,boundary,C05,G2,F1,3,1,lab,30,lab,S3
TTO-08288,boundary,C01,G1,F1,3,2,classroom,60,classroom,S2
TTO-08288,boundary,C02,G2,F1,3,1,classroom,60,classroom,S5
TTO-08288,boundary,C03,G2,F2,3,2,classroom,60,classroom,S1
TTO-08288,boundary,C04,G1,F3,3,1,lab,30,lab,S5
TTO-08288,boundary,C05,G1,F1,4,1,classroom,60,classroom,S1
TTO-08289,boundary,C01,G1,F3,4,2,lab,30,lab,S8
TTO-08289,boundary,C02,G2,F1,3,1,lab,30,lab,S9
TTO-08289,boundary,C03,G1,F1,3,2,classroom,60,classroom,S10
TTO-08289,boundary,C04,G1,F2,4,1,lab,30,lab,S2
TTO-08289,boundary,C05,G1,F3,3,2,classroom,60,classroom,S7
TTO-08290,boundary,C01,G1,F3,3,1,lab,30,lab,S5
TTO-08290,boundary,C02,G1,F3,4,2,classroom,60,classroom,S5
TTO-08290,boundary,C03,G2,F1,4,1,classroom,60,classroom,S4
TTO-08290,boundary,C04,G1,F1,4,1,classroom,60,classroom,S5
TTO-08290,boundary,C05,G1,F3,4,2,classroom,60,classroom,S7
TTO-08291,boundary,C01,G2,F1,3,1,classroom,60,classroom,S6
TTO-08291,boundary,C02,G2,F1,4,1,classroom,60,classroom,S4
TTO-08291,boundary,C03,G2,F3,4,1,lab,30,lab,S7
TTO-08291,boundary,C04,G1,F3,4,2,lab,30,lab,S7
TTO-08291,boundary,C05,G2,F1,3,2,classroom,60,classroom,S2
TTO-08292,boundary,C01,G2,F3,4,2,classroom,60,classroom,S4
TTO-08292,boundary,C02,G2,F2,3,1,classroom,60,classroom,S3
TTO-08292,boundary,C03,G1,F2,4,1,lab,30,lab,S6
TTO-08292,boundary,C04,G1,F1,4,1,lab,30,lab,S9
TTO-08292,boundary,C05,G1,F1,4,1,lab,30,lab,S9
TTO-08293,boundary,C01,G1,F3,3,1,classroom,60,classroom,S8
TTO-08293,boundary,C02,G2,F2,3,1,classroom,60,classroom,S10
TTO-08293,boundary,C03,G2,F1,4,2,lab,30,lab,S10
TTO-08293,boundary,C04,G1,F1,4,2,classroom,60,classroom,S3
TTO-08293,boundary,C05,G2,F1,4,2,classroom,60,classroom,S1
TTO-08294,boundary,C01,G1,F3,3,2,lab,30,lab,S1
TTO-08294,boundary,C02,G2,F3,4,1,lab,30,lab,S5
TTO-08294,boundary,C03,G1,F3,4,2,lab,30,lab,S4
TTO-08294,boundary,C04,G1,F2,4,1,classroom,60,classroom,S2
TTO-08294,boundary,C05,G2,F2,3,2,classroom,60,classroom,S6
TTO-08295,boundary,C01,G2,F1,4,1,classroom,60,classroom,S5
TTO-08295,boundary,C02,G2,F3,3,1,classroom,60,classroom,S3
TTO-08295,boundary,C03,G1,F1,4,2,lab,30,lab,S9
TTO-08295,boundary,C04,G1,F2,4,1,lab,30,lab,S5
TTO-08295,boundary,C05,G2,F1,4,1,classroom,60,classroom,S9
TTO-08296,boundary,C01,G1,F2,4,2,classroom,60,classroom,S4
TTO-08296,boundary,C02,G1,F3,3,2,lab,30,lab,S3
TTO-08296,boundary,C03,G1,F3,4,1,lab,30,lab,S7
TTO-08296,boundary,C04,G2,F1,4,1,classroom,60,classroom,S9
TTO-08296,boundary,C05,G1,F3,4,2,lab,30,lab,S6
TTO-08297,boundary,C01,G2,F3,3,2,classroom,60,classroom,S4
TTO-08297,boundary,C02,G1,F2,3,1,classroom,60,classroom,S6
TTO-08297,boundary,C03,G1,F2,3,2,lab,30,lab,S6
TTO-08297,boundary,C04,G1,F1,3,1,classroom,60,classroom,S6
TTO-08297,boundary,C05,G1,F2,4,1,lab,30,lab,S8
TTO-08298,boundary,C01,G1,F1,4,2,lab,30,lab,S1
TTO-08298,boundary,C02,G2,F2,4,2,lab,30,lab,S9
TTO-08298,boundary,C03,G1,F3,3,1,lab,30,lab,S3
TTO-08298,boundary,C04,G1,F1,3,2,lab,30,lab,S7
TTO-08298,boundary,C05,G2,F1,3,1,classroom,60,classroom,S9
TTO-08299,boundary,C01,G1,F1,3,1,lab,30,lab,S5
TTO-08299,boundary,C02,G2,F1,4,2,lab,30,lab,S4
TTO-08299,boundary,C03,G2,F1,3,1,classroom,60,classroom,S1
TTO-08299,boundary,C04,G1,F3,4,2,lab,30,lab,S5
TTO-08299,boundary,C05,G1,F3,4,1,lab,30,lab,S2
TTO-08300,boundary,C01,G2,F3,4,1,classroom,60,classroom,S5
TTO-08300,boundary,C02,G1,F2,4,2,lab,30,lab,S3
TTO-08300,boundary,C03,G2,F1,3,1,classroom,60,classroom,S8
TTO-08300,boundary,C04,G2,F2,3,2,lab,30,lab,S4
TTO-08300,boundary,C05,G2,F2,4,2,lab,30,lab,S1
TTO-08301,boundary,C01,G1,F2,4,1,classroom,60,classroom,S4
TTO-08301,boundary,C02,G2,F1,3,1,classroom,60,classroom,S10
TTO-08301,boundary,C03,G2,F1,3,2,lab,30,lab,S6
TTO-08301,boundary,C04,G1,F3,4,2,classroom,60,classroom,S5
TTO-08301,boundary,C05,G2,F2,3,2,classroom,60,classroom,S2
TTO-08302,boundary,C01,G2,F1,3,1,classroom,60,classroom,S9
TTO-08302,boundary,C02,G2,F2,4,1,lab,30,lab,S7
TTO-08302,boundary,C03,G1,F2,4,1,classroom,60,classroom,S2
TTO-08302,boundary,C04,G1,F3,3,2,classroom,60,classroom,S6
TTO-08302,boundary,C05,G1,F2,3,1,lab,30,lab,S7
TTO-08303,boundary,C01,G1,F2,4,2,classroom,60,classroom,S3
TTO-08303,boundary,C02,G2,F2,4,1,classroom,60,classroom,S5
TTO-08303,boundary,C03,G2,F3,3,1,classroom,60,classroom,S6
TTO-08303,boundary,C04,G2,F3,4,1,classroom,60,classroom,S10
TTO-08303,boundary,C05,G1,F2,3,2,classroom,60,classroom,S10
TTO-08304,boundary,C01,G2,F2,3,1,classroom,60,classroom,S3
TTO-08304,boundary,C02,G1,F2,3,1,lab,30,lab,S10
TTO-08304,boundary,C03,G1,F1,3,2,lab,30,lab,S1
TTO-08304,boundary,C04,G2,F1,3,1,classroom,60,classroom,S2
TTO-08304,boundary,C05,G2,F1,4,1,lab,30,lab,S9
TTO-08305,boundary,C01,G1,F1,4,2,classroom,60,classroom,S9
TTO-08305,boundary,C02,G1,F3,3,2,classroom,60,classroom,S7
TTO-08305,boundary,C03,G2,F1,3,1,lab,30,lab,S1
TTO-08305,boundary,C04,G1,F3,4,1,lab,30,lab,S5
TTO-08305,boundary,C05,G1,F2,3,1,classroom,60,classroom,S10
TTO-08306,boundary,C01,G2,F2,4,2,classroom,60,classroom,S3
TTO-08306,boundary,C02,G2,F1,3,2,lab,30,lab,S6
TTO-08306,boundary,C03,G2,F1,4,2,lab,30,lab,S10
TTO-08306,boundary,C04,G2,F1,3,1,classroom,60,classroom,S10
TTO-08306,boundary,C05,G1,F1,3,2,lab,30,lab,S10
TTO-08307,boundary,C01,G2,F3,3,1,classroom,60,classroom,S6
TTO-08307,boundary,C02,G1,F2,3,1,classroom,60,classroom,S8
TTO-08307,boundary,C03,G1,F3,4,2,lab,30,lab,S9
TTO-08307,boundary,C04,G1,F3,4,1,lab,30,lab,S1
TTO-08307,boundary,C05,G1,F1,3,1,lab,30,lab,S7
TTO-08308,boundary,C01,G1,F2,4,2,classroom,60,classroom,S1
TTO-08308,boundary,C02,G2,F2,3,1,classroom,60,classroom,S7
TTO-08308,boundary,C03,G2,F1,4,1,classroom,60,classroom,S3
TTO-08308,boundary,C04,G1,F2,3,2,classroom,60,classroom,S9
TTO-08308,boundary,C05,G1,F1,4,1,lab,30,lab,S6
TTO-08309,boundary,C01,G2,F2,4,1,classroom,60,classroom,S3
TTO-08309,boundary,C02,G1,F2,4,1,lab,30,lab,S10
TTO-08309,boundary,C03,G1,F3,3,2,classroom,60,classroom,S8
TTO-08309,boundary,C04,G2,F2,3,1,lab,30,lab,S8
TTO-08309,boundary,C05,G1,F3,4,1,lab,30,lab,S2
TTO-08310,boundary,C01,G2,F2,4,1,lab,30,lab,S10
TTO-08310,boundary,C02,G2,F2,3,1,classroom,60,classroom,S7
TTO-08310,boundary,C03,G1,F2,3,2,lab,30,lab,S1
TTO-08310,boundary,C04,G1,F3,4,2,lab,30,lab,S2
TTO-08310,boundary,C05,G1,F3,3,2,classroom,60,classroom,S1
TTO-08311,boundary,C01,G2,F3,4,2,classroom,60,classroom,S5
TTO-08311,boundary,C02,G2,F1,4,2,classroom,60,classroom,S4
TTO-08311,boundary,C03,G2,F3,4,1,lab,30,lab,S9
TTO-08311,boundary,C04,G2,F1,4,1,classroom,60,classroom,S4
TTO-08311,boundary,C05,G1,F1,3,2,classroom,60,classroom,S7
TTO-08312,boundary,C01,G1,F1,4,2,classroom,60,classroom,S1
TTO-08312,boundary,C02,G1,F2,3,1,classroom,60,classroom,S3
TTO-08312,boundary,C03,G1,F2,3,2,classroom,60,classroom,S6
TTO-08312,boundary,C04,G1,F2,3,1,lab,30,lab,S2
TTO-08312,boundary,C05,G1,F3,4,1,lab,30,lab,S3
TTO-08313,boundary,C01,G1,F2,4,1,classroom,60,classroom,S3
TTO-08313,boundary,C02,G1,F3,4,2,classroom,60,classroom,S7
TTO-08313,boundary,C03,G1,F2,4,2,lab,30,lab,S10
TTO-08313,boundary,C04,G2,F1,4,2,classroom,60,classroom,S7
TTO-08313,boundary,C05,G2,F1,3,2,lab,30,lab,S10
TTO-08314,boundary,C01,G1,F1,3,2,classroom,60,classroom,S8
TTO-08314,boundary,C02,G2,F3,4,1,lab,30,lab,S1
TTO-08314,boundary,C03,G2,F2,3,2,lab,30,lab,S9
TTO-08314,boundary,C04,G2,F3,4,1,lab,30,lab,S6
TTO-08314,boundary,C05,G1,F3,4,2,lab,30,lab,S4
TTO-08315,boundary,C01,G1,F1,3,1,lab,30,lab,S8
TTO-08315,boundary,C02,G1,F1,3,2,lab,30,lab,S9
TTO-08315,boundary,C03,G2,F2,3,2,classroom,60,classroom,S5
TTO-08315,boundary,C04,G1,F2,3,2,classroom,60,classroom,S10
TTO-08315,boundary,C05,G2,F3,3,1,lab,30,lab,S1
TTO-08316,boundary,C01,G1,F2,4,2,classroom,60,classroom,S1
TTO-08316,boundary,C02,G2,F2,3,1,lab,30,lab,S2
TTO-08316,boundary,C03,G1,F1,4,1,lab,30,lab,S9
TTO-08316,boundary,C04,G1,F1,3,2,lab,30,lab,S5
TTO-08316,boundary,C05,G2,F3,4,2,lab,30,lab,S10
TTO-08317,boundary,C01,G1,F2,3,2,lab,30,lab,S4
TTO-08317,boundary,C02,G2,F1,4,1,classroom,60,classroom,S2
TTO-08317,boundary,C03,G2,F2,3,2,lab,30,lab,S2
TTO-08317,boundary,C04,G2,F2,4,1,lab,30,lab,S1
TTO-08317,boundary,C05,G1,F3,4,2,classroom,60,classroom,S7
TTO-08318,boundary,C01,G2,F3,3,1,classroom,60,classroom,S7
TTO-08318,boundary,C02,G2,F1,3,2,lab,30,lab,S4
TTO-08318,boundary,C03,G1,F2,3,2,lab,30,lab,S4
TTO-08318,boundary,C04,G2,F1,4,2,lab,30,lab,S5
TTO-08318,boundary,C05,G2,F2,4,1,classroom,60,classroom,S2
TTO-08319,boundary,C01,G1,F1,4,1,lab,30,lab,S10
TTO-08319,boundary,C02,G2,F3,4,1,lab,30,lab,S7
TTO-08319,boundary,C03,G1,F1,4,1,classroom,60,classroom,S9
TTO-08319,boundary,C04,G2,F1,3,2,classroom,60,classroom,S5
TTO-08319,boundary,C05,G1,F2,3,2,classroom,60,classroom,S7
TTO-08320,boundary,C01,G1,F2,3,1,classroom,60,classroom,S7
TTO-08320,boundary,C02,G1,F1,3,2,lab,30,lab,S4
TTO-08320,boundary,C03,G1,F1,4,2,classroom,60,classroom,S6
TTO-08320,boundary,C04,G2,F1,3,2,classroom,60,classroom,S10
TTO-08320,boundary,C05,G2,F3,3,1,lab,30,lab,S8
TTO-08321,boundary,C01,G1,F2,4,1,classroom,60,classroom,S1
TTO-08321,boundary,C02,G2,F3,4,2,lab,30,lab,S6
TTO-08321,boundary,C03,G1,F3,3,2,lab,30,lab,S7
TTO-08321,boundary,C04,G1,F2,4,1,lab,30,lab,S4
TTO-08321,boundary,C05,G1,F1,3,2,lab,30,lab,S7
TTO-08322,boundary,C01,G1,F2,4,2,classroom,60,classroom,S9
TTO-08322,boundary,C02,G1,F1,4,2,classroom,60,classroom,S7
TTO-08322,boundary,C03,G1,F1,4,1,lab,30,lab,S5
TTO-08322,boundary,C04,G1,F2,4,2,classroom,60,classroom,S1
TTO-08322,boundary,C05,G1,F3,3,2,classroom,60,classroom,S3
TTO-08323,boundary,C01,G2,F3,3,1,classroom,60,classroom,S1
TTO-08323,boundary,C02,G1,F2,3,2,classroom,60,classroom,S4
TTO-08323,boundary,C03,G2,F1,4,2,classroom,60,classroom,S8
TTO-08323,boundary,C04,G2,F1,4,1,lab,30,lab,S10
TTO-08323,boundary,C05,G2,F2,4,2,classroom,60,classroom,S3
TTO-08324,boundary,C01,G1,F3,3,2,classroom,60,classroom,S3
TTO-08324,boundary,C02,G1,F2,4,2,lab,30,lab,S6
TTO-08324,boundary,C03,G1,F1,4,2,lab,30,lab,S6
TTO-08324,boundary,C04,G1,F1,4,2,classroom,60,classroom,S2
TTO-08324,boundary,C05,G2,F3,3,2,classroom,60,classroom,S3
TTO-08325,boundary,C01,G2,F1,4,1,classroom,60,classroom,S6
TTO-08325,boundary,C02,G1,F1,4,1,lab,30,lab,S7
TTO-08325,boundary,C03,G1,F3,3,2,classroom,60,classroom,S9
TTO-08325,boundary,C04,G2,F3,4,2,lab,30,lab,S5
TTO-08325,boundary,C05,G1,F1,4,2,lab,30,lab,S2
TTO-08326,boundary,C01,G2,F2,3,1,classroom,60,classroom,S2
TTO-08326,boundary,C02,G1,F2,3,1,lab,30,lab,S4
TTO-08326,boundary,C03,G2,F3,4,1,classroom,60,classroom,S5
TTO-08326,boundary,C04,G2,F2,4,2,classroom,60,classroom,S8
TTO-08326,boundary,C05,G2,F1,3,1,lab,30,lab,S4
TTO-08327,boundary,C01,G1,F1,4,2,classroom,60,classroom,S7
TTO-08327,boundary,C02,G1,F1,3,1,classroom,60,classroom,S7
TTO-08327,boundary,C03,G1,F3,3,1,classroom,60,classroom,S8
TTO-08327,boundary,C04,G1,F1,3,1,lab,30,lab,S8
TTO-08327,boundary,C05,G2,F1,3,1,lab,30,lab,S6
TTO-08328,boundary,C01,G2,F1,3,1,lab,30,lab,S6
TTO-08328,boundary,C02,G1,F3,4,1,classroom,60,classroom,S5
TTO-08328,boundary,C03,G1,F2,4,1,lab,30,lab,S1
TTO-08328,boundary,C04,G2,F3,4,2,lab,30,lab,S6
TTO-08328,boundary,C05,G1,F3,4,2,lab,30,lab,S7
TTO-08329,boundary,C01,G1,F2,4,2,classroom,60,classroom,S9
TTO-08329,boundary,C02,G2,F2,3,2,lab,30,lab,S2
TTO-08329,boundary,C03,G2,F2,3,1,lab,30,lab,S8
TTO-08329,boundary,C04,G2,F2,4,1,lab,30,lab,S2
TTO-08329,boundary,C05,G1,F2,4,1,lab,30,lab,S10
TTO-08330,boundary,C01,G1,F3,4,2,lab,30,lab,S10
TTO-08330,boundary,C02,G1,F1,3,2,classroom,60,classroom,S7
TTO-08330,boundary,C03,G2,F1,4,2,classroom,60,classroom,S5
TTO-08330,boundary,C04,G1,F3,4,1,lab,30,lab,S2
TTO-08330,boundary,C05,G2,F3,3,1,classroom,60,classroom,S2
TTO-08331,boundary,C01,G1,F2,3,2,lab,30,lab,S10
TTO-08331,boundary,C02,G2,F1,3,2,classroom,60,classroom,S5
TTO-08331,boundary,C03,G1,F2,3,2,classroom,60,classroom,S2
TTO-08331,boundary,C04,G1,F3,4,2,lab,30,lab,S7
TTO-08331,boundary,C05,G1,F3,4,2,classroom,60,classroom,S9
TTO-08332,boundary,C01,G2,F2,4,2,lab,30,lab,S3
TTO-08332,boundary,C02,G2,F3,3,1,lab,30,lab,S8
TTO-08332,boundary,C03,G2,F1,3,1,lab,30,lab,S5
TTO-08332,boundary,C04,G2,F1,3,2,lab,30,lab,S2
TTO-08332,boundary,C05,G1,F3,3,1,classroom,60,classroom,S6
TTO-08333,boundary,C01,G2,F2,3,1,lab,30,lab,S6
TTO-08333,boundary,C02,G1,F1,3,1,lab,30,lab,S6
TTO-08333,boundary,C03,G2,F1,3,1,classroom,60,classroom,S5
TTO-08333,boundary,C04,G1,F3,3,1,classroom,60,classroom,S8
TTO-08333,boundary,C05,G1,F2,3,1,classroom,60,classroom,S1
TTO-08334,boundary,C01,G2,F2,3,1,classroom,60,classroom,S10
TTO-08334,boundary,C02,G2,F1,3,1,classroom,60,classroom,S1
TTO-08334,boundary,C03,G2,F1,3,1,lab,30,lab,S9
TTO-08334,boundary,C04,G2,F2,4,1,classroom,60,classroom,S1
TTO-08334,boundary,C05,G1,F3,4,2,classroom,60,classroom,S4
TTO-08335,boundary,C01,G1,F3,3,1,classroom,60,classroom,S3
TTO-08335,boundary,C02,G2,F3,4,2,lab,30,lab,S2
TTO-08335,boundary,C03,G2,F1,4,1,classroom,60,classroom,S3
TTO-08335,boundary,C04,G2,F1,4,1,lab,30,lab,S4
TTO-08335,boundary,C05,G2,F2,4,1,classroom,60,classroom,S6
TTO-08336,boundary,C01,G2,F1,4,1,lab,30,lab,S10
TTO-08336,boundary,C02,G1,F2,3,1,classroom,60,classroom,S2
TTO-08336,boundary,C03,G1,F2,4,1,classroom,60,classroom,S3
TTO-08336,boundary,C04,G1,F2,3,2,lab,30,lab,S6
TTO-08336,boundary,C05,G1,F3,4,1,classroom,60,classroom,S8
TTO-08337,boundary,C01,G2,F3,3,2,classroom,60,classroom,S10
TTO-08337,boundary,C02,G1,F3,3,1,classroom,60,classroom,S4
TTO-08337,boundary,C03,G1,F1,3,1,lab,30,lab,S8
TTO-08337,boundary,C04,G2,F3,4,1,classroom,60,classroom,S5
TTO-08337,boundary,C05,G1,F2,4,1,classroom,60,classroom,S9
TTO-08338,boundary,C01,G1,F1,4,1,lab,30,lab,S5
TTO-08338,boundary,C02,G2,F2,4,2,classroom,60,classroom,S8
TTO-08338,boundary,C03,G2,F1,4,2,lab,30,lab,S3
TTO-08338,boundary,C04,G2,F3,3,1,lab,30,lab,S8
TTO-08338,boundary,C05,G1,F2,3,2,lab,30,lab,S3
TTO-08339,boundary,C01,G1,F1,4,1,lab,30,lab,S6
TTO-08339,boundary,C02,G2,F2,3,2,classroom,60,classroom,S2
TTO-08339,boundary,C03,G2,F2,3,2,classroom,60,classroom,S6
TTO-08339,boundary,C04,G2,F1,4,1,classroom,60,classroom,S6
TTO-08339,boundary,C05,G2,F2,3,1,classroom,60,classroom,S9
TTO-08340,boundary,C01,G2,F2,4,2,classroom,60,classroom,S2
TTO-08340,boundary,C02,G1,F1,4,1,classroom,60,classroom,S10
TTO-08340,boundary,C03,G2,F2,3,1,classroom,60,classroom,S2
TTO-08340,boundary,C04,G1,F3,4,2,classroom,60,classroom,S3
TTO-08340,boundary,C05,G2,F1,4,1,classroom,60,classroom,S3
TTO-08341,boundary,C01,G1,F1,3,1,classroom,60,classroom,S7
TTO-08341,boundary,C02,G2,F3,4,2,classroom,60,classroom,S5
TTO-08341,boundary,C03,G2,F2,4,1,lab,30,lab,S6
TTO-08341,boundary,C04,G1,F3,4,2,classroom,60,classroom,S3
TTO-08341,boundary,C05,G1,F1,3,2,lab,30,lab,S10
TTO-08342,boundary,C01,G2,F3,3,1,classroom,60,classroom,S7
TTO-08342,boundary,C02,G1,F1,3,2,classroom,60,classroom,S8
TTO-08342,boundary,C03,G2,F3,4,1,classroom,60,classroom,S2
TTO-08342,boundary,C04,G1,F3,4,2,classroom,60,classroom,S9
TTO-08342,boundary,C05,G1,F1,3,2,classroom,60,classroom,S7
TTO-08343,boundary,C01,G1,F2,4,2,classroom,60,classroom,S9
TTO-08343,boundary,C02,G2,F3,3,2,classroom,60,classroom,S7
TTO-08343,boundary,C03,G1,F1,4,1,lab,30,lab,S2
TTO-08343,boundary,C04,G1,F3,4,1,classroom,60,classroom,S1
TTO-08343,boundary,C05,G1,F3,4,2,lab,30,lab,S3
TTO-08344,boundary,C01,G2,F3,4,2,classroom,60,classroom,S4
TTO-08344,boundary,C02,G1,F1,4,1,classroom,60,classroom,S10
TTO-08344,boundary,C03,G1,F3,4,1,classroom,60,classroom,S1
TTO-08344,boundary,C04,G2,F1,3,1,lab,30,lab,S6
TTO-08344,boundary,C05,G1,F3,4,2,classroom,60,classroom,S7
TTO-08345,boundary,C01,G1,F3,3,1,lab,30,lab,S9
TTO-08345,boundary,C02,G2,F2,3,1,classroom,60,classroom,S3
TTO-08345,boundary,C03,G2,F2,4,2,classroom,60,classroom,S4
TTO-08345,boundary,C04,G1,F1,4,2,lab,30,lab,S4
TTO-08345,boundary,C05,G2,F2,4,2,lab,30,lab,S10
TTO-08346,boundary,C01,G1,F2,4,1,classroom,60,classroom,S1
TTO-08346,boundary,C02,G1,F2,4,1,lab,30,lab,S4
TTO-08346,boundary,C03,G2,F2,4,2,classroom,60,classroom,S3
TTO-08346,boundary,C04,G2,F1,3,2,classroom,60,classroom,S9
TTO-08346,boundary,C05,G1,F2,3,1,classroom,60,classroom,S2
TTO-08347,boundary,C01,G2,F3,3,2,lab,30,lab,S5
TTO-08347,boundary,C02,G1,F1,3,1,classroom,60,classroom,S8
TTO-08347,boundary,C03,G2,F3,4,1,lab,30,lab,S3
TTO-08347,boundary,C04,G2,F2,3,1,lab,30,lab,S6
TTO-08347,boundary,C05,G1,F2,3,1,classroom,60,classroom,S4
TTO-08348,boundary,C01,G2,F1,3,2,classroom,60,classroom,S5
TTO-08348,boundary,C02,G1,F2,4,2,lab,30,lab,S4
TTO-08348,boundary,C03,G2,F2,4,2,classroom,60,classroom,S2
TTO-08348,boundary,C04,G1,F2,4,2,lab,30,lab,S10
TTO-08348,boundary,C05,G2,F3,3,2,lab,30,lab,S3
TTO-08349,boundary,C01,G1,F1,3,1,classroom,60,classroom,S4
TTO-08349,boundary,C02,G2,F3,4,2,classroom,60,classroom,S3
TTO-08349,boundary,C03,G1,F3,3,2,classroom,60,classroom,S6
TTO-08349,boundary,C04,G1,F1,4,2,classroom,60,classroom,S9
TTO-08349,boundary,C05,G2,F1,4,1,classroom,60,classroom,S7
TTO-08350,boundary,C01,G2,F3,4,1,lab,30,lab,S8
TTO-08350,boundary,C02,G1,F2,4,2,classroom,60,classroom,S10
TTO-08350,boundary,C03,G1,F2,3,1,classroom,60,classroom,S9
TTO-08350,boundary,C04,G1,F2,3,2,lab,30,lab,S7
TTO-08350,boundary,C05,G2,F1,3,2,classroom,60,classroom,S5
TTO-08351,boundary,C01,G1,F3,3,1,classroom,60,classroom,S1
TTO-08351,boundary,C02,G1,F1,3,2,lab,30,lab,S4
TTO-08351,boundary,C03,G2,F1,4,2,classroom,60,classroom,S2
TTO-08351,boundary,C04,G2,F3,3,1,classroom,60,classroom,S8
TTO-08351,boundary,C05,G1,F3,4,1,lab,30,lab,S6
TTO-08352,boundary,C01,G1,F1,3,2,lab,30,lab,S1
TTO-08352,boundary,C02,G1,F1,4,1,classroom,60,classroom,S9
TTO-08352,boundary,C03,G2,F2,4,2,classroom,60,classroom,S10
TTO-08352,boundary,C04,G1,F1,3,2,lab,30,lab,S9
TTO-08352,boundary,C05,G1,F2,3,1,classroom,60,classroom,S4
TTO-08353,boundary,C01,G2,F2,3,1,lab,30,lab,S2
TTO-08353,boundary,C02,G2,F3,3,1,lab,30,lab,S8
TTO-08353,boundary,C03,G1,F2,4,1,classroom,60,classroom,S9
TTO-08353,boundary,C04,G1,F1,3,2,lab,30,lab,S1
TTO-08353,boundary,C05,G2,F2,3,1,lab,30,lab,S1
TTO-08354,boundary,C01,G1,F2,4,2,classroom,60,classroom,S2
TTO-08354,boundary,C02,G1,F3,4,1,classroom,60,classroom,S4
TTO-08354,boundary,C03,G1,F2,3,1,classroom,60,classroom,S9
TTO-08354,boundary,C04,G2,F3,4,2,classroom,60,classroom,S4
TTO-08354,boundary,C05,G2,F3,4,1,lab,30,lab,S9
TTO-08355,boundary,C01,G1,F1,3,2,lab,30,lab,S6
TTO-08355,boundary,C02,G1,F1,3,1,lab,30,lab,S1
TTO-08355,boundary,C03,G1,F3,4,2,classroom,60,classroom,S3
TTO-08355,boundary,C04,G2,F3,3,2,lab,30,lab,S2
TTO-08355,boundary,C05,G2,F1,4,2,classroom,60,classroom,S7
TTO-08356,boundary,C01,G2,F3,4,1,classroom,60,classroom,S7
TTO-08356,boundary,C02,G2,F2,4,2,lab,30,lab,S9
TTO-08356,boundary,C03,G2,F3,3,1,classroom,60,classroom,S2
TTO-08356,boundary,C04,G1,F3,4,2,classroom,60,classroom,S2
TTO-08356,boundary,C05,G1,F1,4,2,lab,30,lab,S10
TTO-08357,boundary,C01,G1,F1,4,1,classroom,60,classroom,S9
TTO-08357,boundary,C02,G2,F3,4,2,lab,30,lab,S1
TTO-08357,boundary,C03,G1,F2,4,2,lab,30,lab,S2
TTO-08357,boundary,C04,G2,F3,3,2,lab,30,lab,S7
TTO-08357,boundary,C05,G2,F1,3,1,classroom,60,classroom,S10
TTO-08358,boundary,C01,G2,F3,4,2,lab,30,lab,S1
TTO-08358,boundary,C02,G2,F3,3,2,lab,30,lab,S3
TTO-08358,boundary,C03,G2,F1,3,2,classroom,60,classroom,S6
TTO-08358,boundary,C04,G2,F1,3,1,lab,30,lab,S4
TTO-08358,boundary,C05,G1,F2,4,1,classroom,60,classroom,S5
TTO-08359,boundary,C01,G2,F2,4,2,lab,30,lab,S3
TTO-08359,boundary,C02,G1,F1,3,1,classroom,60,classroom,S2
TTO-08359,boundary,C03,G1,F1,3,1,lab,30,lab,S9
TTO-08359,boundary,C04,G1,F1,3,2,lab,30,lab,S2
TTO-08359,boundary,C05,G2,F2,3,2,lab,30,lab,S4
TTO-08360,boundary,C01,G2,F3,4,2,lab,30,lab,S8
TTO-08360,boundary,C02,G2,F3,3,1,lab,30,lab,S3
TTO-08360,boundary,C03,G2,F3,4,1,lab,30,lab,S6
TTO-08360,boundary,C04,G1,F3,3,2,classroom,60,classroom,S1
TTO-08360,boundary,C05,G2,F1,4,1,classroom,60,classroom,S10
TTO-08361,boundary,C01,G2,F1,4,2,lab,30,lab,S8
TTO-08361,boundary,C02,G2,F3,3,1,lab,30,lab,S7
TTO-08361,boundary,C03,G1,F2,3,1,lab,30,lab,S10
TTO-08361,boundary,C04,G1,F2,3,1,lab,30,lab,S8
TTO-08361,boundary,C05,G2,F1,4,2,lab,30,lab,S5
TTO-08362,boundary,C01,G1,F2,3,1,classroom,60,classroom,S3
TTO-08362,boundary,C02,G1,F1,4,2,classroom,60,classroom,S1
TTO-08362,boundary,C03,G1,F3,3,1,classroom,60,classroom,S3
TTO-08362,boundary,C04,G2,F1,3,1,lab,30,lab,S8
TTO-08362,boundary,C05,G2,F1,4,2,classroom,60,classroom,S1
TTO-08363,boundary,C01,G2,F2,3,2,lab,30,lab,S7
TTO-08363,boundary,C02,G2,F3,4,1,lab,30,lab,S6
TTO-08363,boundary,C03,G1,F2,3,2,classroom,60,classroom,S4
TTO-08363,boundary,C04,G2,F1,3,1,lab,30,lab,S1
TTO-08363,boundary,C05,G1,F1,4,1,classroom,60,classroom,S8
TTO-08364,boundary,C01,G1,F1,3,2,lab,30,lab,S8
TTO-08364,boundary,C02,G2,F2,4,2,classroom,60,classroom,S1
TTO-08364,boundary,C03,G1,F2,4,1,lab,30,lab,S10
TTO-08364,boundary,C04,G1,F1,3,2,classroom,60,classroom,S2
TTO-08364,boundary,C05,G2,F3,3,1,lab,30,lab,S4
TTO-08365,boundary,C01,G1,F2,4,1,lab,30,lab,S6
TTO-08365,boundary,C02,G2,F3,3,1,classroom,60,classroom,S5
TTO-08365,boundary,C03,G1,F3,3,2,classroom,60,classroom,S9
TTO-08365,boundary,C04,G1,F1,3,2,lab,30,lab,S8
TTO-08365,boundary,C05,G2,F3,4,2,classroom,60,classroom,S9
TTO-08366,boundary,C01,G1,F1,4,2,lab,30,lab,S8
TTO-08366,boundary,C02,G2,F2,4,1,classroom,60,classroom,S5
TTO-08366,boundary,C03,G1,F1,3,1,lab,30,lab,S3
TTO-08366,boundary,C04,G2,F1,3,2,lab,30,lab,S6
TTO-08366,boundary,C05,G2,F1,4,1,lab,30,lab,S8
TTO-08367,boundary,C01,G2,F3,4,2,classroom,60,classroom,S10
TTO-08367,boundary,C02,G2,F1,4,1,classroom,60,classroom,S10
TTO-08367,boundary,C03,G2,F1,4,2,classroom,60,classroom,S7
TTO-08367,boundary,C04,G1,F2,4,1,classroom,60,classroom,S9
TTO-08367,boundary,C05,G1,F2,3,1,classroom,60,classroom,S2
TTO-08368,boundary,C01,G1,F3,4,1,lab,30,lab,S8
TTO-08368,boundary,C02,G1,F3,3,1,classroom,60,classroom,S2
TTO-08368,boundary,C03,G2,F3,3,2,classroom,60,classroom,S1
TTO-08368,boundary,C04,G1,F1,3,2,lab,30,lab,S2
TTO-08368,boundary,C05,G1,F1,4,1,lab,30,lab,S6
TTO-08369,boundary,C01,G1,F1,4,2,lab,30,lab,S1
TTO-08369,boundary,C02,G2,F3,4,1,classroom,60,classroom,S9
TTO-08369,boundary,C03,G2,F2,3,1,lab,30,lab,S2
TTO-08369,boundary,C04,G1,F3,3,1,classroom,60,classroom,S8
TTO-08369,boundary,C05,G2,F2,4,2,lab,30,lab,S3
TTO-08370,boundary,C01,G2,F2,3,1,lab,30,lab,S6
TTO-08370,boundary,C02,G1,F3,4,2,lab,30,lab,S3
TTO-08370,boundary,C03,G1,F1,4,1,lab,30,lab,S7
TTO-08370,boundary,C04,G1,F3,3,1,lab,30,lab,S1
TTO-08370,boundary,C05,G2,F3,3,2,classroom,60,classroom,S1
TTO-08371,boundary,C01,G2,F1,3,2,classroom,60,classroom,S9
TTO-08371,boundary,C02,G2,F3,4,1,lab,30,lab,S2
TTO-08371,boundary,C03,G1,F2,3,1,classroom,60,classroom,S10
TTO-08371,boundary,C04,G1,F3,3,1,classroom,60,classroom,S3
TTO-08371,boundary,C05,G2,F3,3,1,classroom,60,classroom,S5
TTO-08372,boundary,C01,G1,F3,4,2,classroom,60,classroom,S9
TTO-08372,boundary,C02,G2,F3,4,1,lab,30,lab,S5
TTO-08372,boundary,C03,G1,F3,4,2,lab,30,lab,S4
TTO-08372,boundary,C04,G1,F2,3,2,classroom,60,classroom,S5
TTO-08372,boundary,C05,G1,F3,3,2,lab,30,lab,S9
TTO-08373,boundary,C01,G1,F2,4,1,lab,30,lab,S1
TTO-08373,boundary,C02,G1,F1,4,1,lab,30,lab,S8
TTO-08373,boundary,C03,G2,F2,3,1,lab,30,lab,S10
TTO-08373,boundary,C04,G2,F2,4,1,classroom,60,classroom,S2
TTO-08373,boundary,C05,G1,F2,4,2,classroom,60,classroom,S4
TTO-08374,boundary,C01,G2,F2,3,2,lab,30,lab,S10
TTO-08374,boundary,C02,G1,F3,4,2,classroom,60,classroom,S9
TTO-08374,boundary,C03,G1,F2,4,1,lab,30,lab,S3
TTO-08374,boundary,C04,G1,F1,4,2,lab,30,lab,S5
TTO-08374,boundary,C05,G1,F3,3,1,classroom,60,classroom,S5
TTO-08375,boundary,C01,G2,F3,4,2,lab,30,lab,S5
TTO-08375,boundary,C02,G2,F1,4,2,lab,30,lab,S2
TTO-08375,boundary,C03,G1,F2,3,1,lab,30,lab,S7
TTO-08375,boundary,C04,G2,F3,4,2,lab,30,lab,S5
TTO-08375,boundary,C05,G2,F1,4,1,lab,30,lab,S1
TTO-08376,boundary,C01,G2,F1,3,2,lab,30,lab,S4
TTO-08376,boundary,C02,G1,F3,3,2,lab,30,lab,S10
TTO-08376,boundary,C03,G1,F2,3,2,lab,30,lab,S7
TTO-08376,boundary,C04,G1,F1,3,1,classroom,60,classroom,S6
TTO-08376,boundary,C05,G2,F2,4,2,lab,30,lab,S1
TTO-08377,boundary,C01,G1,F3,3,2,lab,30,lab,S7
TTO-08377,boundary,C02,G2,F2,4,2,classroom,60,classroom,S6
TTO-08377,boundary,C03,G1,F2,4,2,classroom,60,classroom,S7
TTO-08377,boundary,C04,G2,F1,4,2,classroom,60,classroom,S4
TTO-08377,boundary,C05,G2,F2,4,2,lab,30,lab,S9
TTO-08378,boundary,C01,G1,F2,3,2,lab,30,lab,S4
TTO-08378,boundary,C02,G1,F2,3,2,classroom,60,classroom,S3
TTO-08378,boundary,C03,G2,F1,4,2,classroom,60,classroom,S4
TTO-08378,boundary,C04,G2,F1,3,1,classroom,60,classroom,S9
TTO-08378,boundary,C05,G2,F1,3,2,classroom,60,classroom,S10
TTO-08379,boundary,C01,G2,F2,4,1,lab,30,lab,S10
TTO-08379,boundary,C02,G2,F1,4,1,classroom,60,classroom,S9
TTO-08379,boundary,C03,G1,F2,4,1,lab,30,lab,S7
TTO-08379,boundary,C04,G2,F2,4,2,classroom,60,classroom,S9
TTO-08379,boundary,C05,G1,F1,3,2,classroom,60,classroom,S2
TTO-08380,boundary,C01,G2,F2,3,1,classroom,60,classroom,S7
TTO-08380,boundary,C02,G1,F3,4,1,lab,30,lab,S5
TTO-08380,boundary,C03,G1,F3,4,2,classroom,60,classroom,S2
TTO-08380,boundary,C04,G2,F2,4,2,classroom,60,classroom,S8
TTO-08380,boundary,C05,G2,F1,4,1,lab,30,lab,S8
TTO-08381,boundary,C01,G2,F3,3,2,lab,30,lab,S8
TTO-08381,boundary,C02,G2,F3,3,1,lab,30,lab,S8
TTO-08381,boundary,C03,G2,F3,3,1,lab,30,lab,S4
TTO-08381,boundary,C04,G2,F3,4,2,lab,30,lab,S9
TTO-08381,boundary,C05,G2,F3,4,1,lab,30,lab,S6
TTO-08382,boundary,C01,G1,F2,4,1,lab,30,lab,S2
TTO-08382,boundary,C02,G2,F2,3,1,lab,30,lab,S8
TTO-08382,boundary,C03,G2,F1,4,1,classroom,60,classroom,S8
TTO-08382,boundary,C04,G2,F3,3,2,classroom,60,classroom,S7
TTO-08382,boundary,C05,G2,F2,3,2,classroom,60,classroom,S1
TTO-08383,boundary,C01,G1,F1,3,1,classroom,60,classroom,S1
TTO-08383,boundary,C02,G2,F1,3,2,classroom,60,classroom,S1
TTO-08383,boundary,C03,G2,F3,4,2,classroom,60,classroom,S5
TTO-08383,boundary,C04,G2,F3,4,2,lab,30,lab,S6
TTO-08383,boundary,C05,G1,F3,3,1,lab,30,lab,S1
TTO-08384,boundary,C01,G1,F3,3,2,classroom,60,classroom,S4
TTO-08384,boundary,C02,G2,F3,3,2,lab,30,lab,S4
TTO-08384,boundary,C03,G1,F3,3,2,classroom,60,classroom,S7
TTO-08384,boundary,C04,G2,F1,3,1,lab,30,lab,S10
TTO-08384,boundary,C05,G1,F2,4,2,classroom,60,classroom,S10
TTO-08385,boundary,C01,G2,F2,4,2,lab,30,lab,S5
TTO-08385,boundary,C02,G1,F1,3,1,lab,30,lab,S10
TTO-08385,boundary,C03,G1,F1,4,2,lab,30,lab,S4
TTO-08385,boundary,C04,G2,F3,4,1,classroom,60,classroom,S2
TTO-08385,boundary,C05,G1,F2,4,1,classroom,60,classroom,S4
TTO-08386,boundary,C01,G1,F2,4,2,classroom,60,classroom,S9
TTO-08386,boundary,C02,G1,F2,4,1,lab,30,lab,S1
TTO-08386,boundary,C03,G1,F2,4,2,lab,30,lab,S4
TTO-08386,boundary,C04,G2,F2,4,2,lab,30,lab,S4
TTO-08386,boundary,C05,G1,F3,3,2,classroom,60,classroom,S4
TTO-08387,boundary,C01,G1,F2,3,2,lab,30,lab,S3
TTO-08387,boundary,C02,G2,F3,4,2,lab,30,lab,S1
TTO-08387,boundary,C03,G1,F3,4,2,lab,30,lab,S8
TTO-08387,boundary,C04,G2,F1,3,1,lab,30,lab,S3
TTO-08387,boundary,C05,G1,F2,4,2,classroom,60,classroom,S8
TTO-08388,boundary,C01,G1,F1,3,2,lab,30,lab,S4
TTO-08388,boundary,C02,G1,F2,3,2,classroom,60,classroom,S6
TTO-08388,boundary,C03,G1,F3,4,2,classroom,60,classroom,S8
TTO-08388,boundary,C04,G1,F1,4,1,classroom,60,classroom,S8
TTO-08388,boundary,C05,G2,F3,3,1,classroom,60,classroom,S6
TTO-08389,boundary,C01,G2,F2,3,1,classroom,60,classroom,S1
TTO-08389,boundary,C02,G1,F2,4,2,lab,30,lab,S6
TTO-08389,boundary,C03,G1,F1,3,1,classroom,60,classroom,S2
TTO-08389,boundary,C04,G1,F3,4,1,lab,30,lab,S2
TTO-08389,boundary,C05,G1,F2,3,2,classroom,60,classroom,S1
TTO-08390,boundary,C01,G2,F2,4,2,lab,30,lab,S4
TTO-08390,boundary,C02,G2,F1,3,2,lab,30,lab,S8
TTO-08390,boundary,C03,G2,F2,4,1,classroom,60,classroom,S5
TTO-08390,boundary,C04,G1,F3,3,2,lab,30,lab,S1
TTO-08390,boundary,C05,G2,F3,4,2,lab,30,lab,S5
TTO-08391,boundary,C01,G2,F1,3,1,lab,30,lab,S3
TTO-08391,boundary,C02,G1,F2,4,1,lab,30,lab,S9
TTO-08391,boundary,C03,G1,F2,3,1,lab,30,lab,S3
TTO-08391,boundary,C04,G2,F2,3,2,classroom,60,classroom,S8
TTO-08391,boundary,C05,G2,F2,3,2,classroom,60,classroom,S9
TTO-08392,boundary,C01,G2,F2,3,2,lab,30,lab,S8
TTO-08392,boundary,C02,G2,F1,3,1,classroom,60,classroom,S9
TTO-08392,boundary,C03,G2,F2,4,2,classroom,60,classroom,S2
TTO-08392,boundary,C04,G2,F3,3,1,lab,30,lab,S4
TTO-08392,boundary,C05,G1,F3,3,1,classroom,60,classroom,S7
TTO-08393,boundary,C01,G1,F1,4,2,lab,30,lab,S6
TTO-08393,boundary,C02,G1,F3,4,1,lab,30,lab,S5
TTO-08393,boundary,C03,G2,F1,3,2,classroom,60,classroom,S10
TTO-08393,boundary,C04,G2,F1,3,2,lab,30,lab,S6
TTO-08393,boundary,C05,G2,F1,4,1,classroom,60,classroom,S6
TTO-08394,boundary,C01,G1,F3,3,2,lab,30,lab,S6
TTO-08394,boundary,C02,G2,F3,4,2,lab,30,lab,S2
TTO-08394,boundary,C03,G2,F2,3,2,classroom,60,classroom,S8
TTO-08394,boundary,C04,G2,F3,4,1,classroom,60,classroom,S5
TTO-08394,boundary,C05,G1,F1,3,2,classroom,60,classroom,S7
TTO-08395,boundary,C01,G2,F1,4,2,lab,30,lab,S5
TTO-08395,boundary,C02,G2,F3,3,2,lab,30,lab,S3
TTO-08395,boundary,C03,G1,F2,4,1,classroom,60,classroom,S3
TTO-08395,boundary,C04,G2,F1,4,2,classroom,60,classroom,S1
TTO-08395,boundary,C05,G1,F1,4,1,lab,30,lab,S4
TTO-08396,boundary,C01,G2,F3,4,2,classroom,60,classroom,S1
TTO-08396,boundary,C02,G2,F2,4,2,lab,30,lab,S2
TTO-08396,boundary,C03,G2,F1,3,1,classroom,60,classroom,S6
TTO-08396,boundary,C04,G1,F1,4,2,lab,30,lab,S3
TTO-08396,boundary,C05,G1,F1,3,1,classroom,60,classroom,S6
TTO-08397,boundary,C01,G2,F1,4,2,lab,30,lab,S3
TTO-08397,boundary,C02,G2,F1,3,2,lab,30,lab,S5
TTO-08397,boundary,C03,G1,F3,4,2,lab,30,lab,S5
TTO-08397,boundary,C04,G1,F2,4,1,lab,30,lab,S5
TTO-08397,boundary,C05,G2,F3,3,2,classroom,60,classroom,S2
TTO-08398,boundary,C01,G2,F3,3,1,classroom,60,classroom,S10
TTO-08398,boundary,C02,G2,F2,3,2,classroom,60,classroom,S9
TTO-08398,boundary,C03,G2,F3,3,1,lab,30,lab,S7
TTO-08398,boundary,C04,G2,F3,3,2,lab,30,lab,S10
TTO-08398,boundary,C05,G1,F2,3,1,lab,30,lab,S5
TTO-08399,boundary,C01,G2,F1,3,2,lab,30,lab,S8
TTO-08399,boundary,C02,G1,F2,4,1,classroom,60,classroom,S9
TTO-08399,boundary,C03,G2,F3,4,1,lab,30,lab,S10
TTO-08399,boundary,C04,G1,F1,3,1,lab,30,lab,S5
TTO-08399,boundary,C05,G2,F2,3,2,classroom,60,classroom,S9
TTO-08400,boundary,C01,G1,F3,3,1,lab,30,lab,S2
TTO-08400,boundary,C02,G1,F3,4,2,classroom,60,classroom,S5
TTO-08400,boundary,C03,G2,F2,4,2,lab,30,lab,S3
TTO-08400,boundary,C04,G2,F2,3,1,lab,30,lab,S8
TTO-08400,boundary,C05,G1,F1,4,2,classroom,60,classroom,S9
TTO-08401,boundary,C01,G1,F2,3,1,lab,30,lab,S1
TTO-08401,boundary,C02,G2,F1,3,2,lab,30,lab,S3
TTO-08401,boundary,C03,G1,F3,4,2,lab,30,lab,S10
TTO-08401,boundary,C04,G2,F2,3,2,lab,30,lab,S3
TTO-08401,boundary,C05,G2,F2,4,2,lab,30,lab,S5
TTO-08402,boundary,C01,G1,F1,4,1,classroom,60,classroom,S10
TTO-08402,boundary,C02,G2,F2,3,1,classroom,60,classroom,S1
TTO-08402,boundary,C03,G2,F1,3,2,classroom,60,classroom,S10
TTO-08402,boundary,C04,G1,F3,3,1,lab,30,lab,S4
TTO-08402,boundary,C05,G1,F2,3,1,classroom,60,classroom,S6
TTO-08403,boundary,C01,G2,F2,3,2,classroom,60,classroom,S4
TTO-08403,boundary,C02,G1,F2,3,1,classroom,60,classroom,S9
TTO-08403,boundary,C03,G1,F2,4,2,classroom,60,classroom,S4
TTO-08403,boundary,C04,G1,F1,4,2,classroom,60,classroom,S1
TTO-08403,boundary,C05,G2,F2,4,1,classroom,60,classroom,S3
TTO-08404,boundary,C01,G2,F1,3,1,lab,30,lab,S6
TTO-08404,boundary,C02,G1,F1,4,1,lab,30,lab,S8
TTO-08404,boundary,C03,G1,F1,4,1,classroom,60,classroom,S10
TTO-08404,boundary,C04,G2,F2,4,1,lab,30,lab,S7
TTO-08404,boundary,C05,G2,F2,3,1,classroom,60,classroom,S5
TTO-08405,boundary,C01,G1,F2,3,2,classroom,60,classroom,S7
TTO-08405,boundary,C02,G1,F2,3,2,lab,30,lab,S5
TTO-08405,boundary,C03,G2,F1,3,2,lab,30,lab,S5
TTO-08405,boundary,C04,G1,F2,4,1,lab,30,lab,S5
TTO-08405,boundary,C05,G2,F2,3,2,classroom,60,classroom,S1
TTO-08406,boundary,C01,G1,F3,4,2,lab,30,lab,S4
TTO-08406,boundary,C02,G2,F1,3,2,lab,30,lab,S4
TTO-08406,boundary,C03,G1,F1,3,1,lab,30,lab,S1
TTO-08406,boundary,C04,G1,F2,4,2,lab,30,lab,S9
TTO-08406,boundary,C05,G2,F3,4,2,classroom,60,classroom,S6
TTO-08407,boundary,C01,G2,F2,4,2,classroom,60,classroom,S6
TTO-08407,boundary,C02,G1,F1,4,1,lab,30,lab,S7
TTO-08407,boundary,C03,G1,F2,3,1,lab,30,lab,S4
TTO-08407,boundary,C04,G1,F1,4,1,classroom,60,classroom,S5
TTO-08407,boundary,C05,G2,F1,3,1,classroom,60,classroom,S10
TTO-08408,boundary,C01,G1,F3,3,1,classroom,60,classroom,S5
TTO-08408,boundary,C02,G1,F2,4,1,classroom,60,classroom,S10
TTO-08408,boundary,C03,G1,F3,4,2,classroom,60,classroom,S6
TTO-08408,boundary,C04,G1,F1,3,1,lab,30,lab,S3
TTO-08408,boundary,C05,G2,F3,3,2,classroom,60,classroom,S6
TTO-08409,boundary,C01,G2,F1,4,2,lab,30,lab,S9
TTO-08409,boundary,C02,G2,F3,3,1,classroom,60,classroom,S10
TTO-08409,boundary,C03,G2,F2,4,1,classroom,60,classroom,S4
TTO-08409,boundary,C04,G2,F1,3,1,lab,30,lab,S4
TTO-08409,boundary,C05,G2,F2,3,2,classroom,60,classroom,S2
TTO-08410,boundary,C01,G1,F2,3,1,lab,30,lab,S7
TTO-08410,boundary,C02,G2,F3,4,2,lab,30,lab,S5
TTO-08410,boundary,C03,G2,F3,4,1,lab,30,lab,S8
TTO-08410,boundary,C04,G2,F3,3,2,classroom,60,classroom,S3
TTO-08410,boundary,C05,G1,F1,3,1,classroom,60,classroom,S2
TTO-08411,boundary,C01,G1,F2,3,2,classroom,60,classroom,S1
TTO-08411,boundary,C02,G2,F2,3,1,lab,30,lab,S4
TTO-08411,boundary,C03,G2,F1,4,1,classroom,60,classroom,S9
TTO-08411,boundary,C04,G1,F2,4,2,lab,30,lab,S7
TTO-08411,boundary,C05,G2,F3,4,2,lab,30,lab,S7
TTO-08412,boundary,C01,G1,F1,3,1,classroom,60,classroom,S9
TTO-08412,boundary,C02,G1,F1,3,2,lab,30,lab,S7
TTO-08412,boundary,C03,G2,F1,3,2,lab,30,lab,S9
TTO-08412,boundary,C04,G1,F1,3,1,classroom,60,classroom,S3
TTO-08412,boundary,C05,G1,F3,4,2,lab,30,lab,S9
TTO-08413,boundary,C01,G2,F2,3,2,lab,30,lab,S10
TTO-08413,boundary,C02,G1,F2,4,1,classroom,60,classroom,S8
TTO-08413,boundary,C03,G1,F2,4,2,lab,30,lab,S8
TTO-08413,boundary,C04,G2,F3,4,2,lab,30,lab,S3
TTO-08413,boundary,C05,G2,F3,4,2,lab,30,lab,S5
TTO-08414,boundary,C01,G1,F3,3,1,classroom,60,classroom,S5
TTO-08414,boundary,C02,G1,F3,4,2,lab,30,lab,S1
TTO-08414,boundary,C03,G2,F3,4,1,classroom,60,classroom,S1
TTO-08414,boundary,C04,G1,F2,3,1,lab,30,lab,S4
TTO-08414,boundary,C05,G2,F1,3,1,lab,30,lab,S2
TTO-08415,boundary,C01,G2,F3,3,2,classroom,60,classroom,S1
TTO-08415,boundary,C02,G2,F3,4,1,lab,30,lab,S1
TTO-08415,boundary,C03,G2,F3,4,1,lab,30,lab,S5
TTO-08415,boundary,C04,G2,F3,4,2,lab,30,lab,S1
TTO-08415,boundary,C05,G2,F2,3,1,classroom,60,classroom,S5
TTO-08416,boundary,C01,G2,F1,3,1,lab,30,lab,S6
TTO-08416,boundary,C02,G1,F1,4,2,lab,30,lab,S5
TTO-08416,boundary,C03,G1,F1,4,2,classroom,60,classroom,S2
TTO-08416,boundary,C04,G1,F1,4,1,lab,30,lab,S2
TTO-08416,boundary,C05,G1,F1,4,2,lab,30,lab,S10
TTO-08417,boundary,C01,G1,F2,3,1,classroom,60,classroom,S10
TTO-08417,boundary,C02,G2,F2,4,2,lab,30,lab,S10
TTO-08417,boundary,C03,G1,F1,4,1,lab,30,lab,S9
TTO-08417,boundary,C04,G1,F1,3,1,lab,30,lab,S4
TTO-08417,boundary,C05,G1,F2,4,2,lab,30,lab,S5
TTO-08418,boundary,C01,G2,F1,3,2,lab,30,lab,S1
TTO-08418,boundary,C02,G2,F3,3,2,classroom,60,classroom,S4
TTO-08418,boundary,C03,G1,F2,4,1,classroom,60,classroom,S1
TTO-08418,boundary,C04,G1,F3,3,2,lab,30,lab,S8
TTO-08418,boundary,C05,G1,F1,4,1,lab,30,lab,S8
TTO-08419,boundary,C01,G2,F1,3,1,classroom,60,classroom,S4
TTO-08419,boundary,C02,G1,F3,3,1,classroom,60,classroom,S1
TTO-08419,boundary,C03,G2,F1,3,2,lab,30,lab,S4
TTO-08419,boundary,C04,G2,F2,4,1,classroom,60,classroom,S10
TTO-08419,boundary,C05,G2,F1,3,2,classroom,60,classroom,S8
TTO-08420,boundary,C01,G1,F1,3,2,classroom,60,classroom,S4
TTO-08420,boundary,C02,G1,F2,4,2,classroom,60,classroom,S2
TTO-08420,boundary,C03,G1,F2,3,1,lab,30,lab,S4
TTO-08420,boundary,C04,G1,F1,4,2,classroom,60,classroom,S3
TTO-08420,boundary,C05,G1,F2,4,1,classroom,60,classroom,S1
TTO-08421,boundary,C01,G1,F1,4,1,lab,30,lab,S6
TTO-08421,boundary,C02,G1,F2,3,1,classroom,60,classroom,S10
TTO-08421,boundary,C03,G1,F2,4,1,lab,30,lab,S7
TTO-08421,boundary,C04,G1,F3,4,1,lab,30,lab,S7
TTO-08421,boundary,C05,G1,F3,4,1,lab,30,lab,S6
TTO-08422,boundary,C01,G2,F3,4,1,classroom,60,classroom,S1
TTO-08422,boundary,C02,G1,F1,3,2,lab,30,lab,S2
TTO-08422,boundary,C03,G1,F2,4,1,lab,30,lab,S9
TTO-08422,boundary,C04,G1,F1,4,2,classroom,60,classroom,S3
TTO-08422,boundary,C05,G2,F2,4,1,classroom,60,classroom,S8
TTO-08423,boundary,C01,G1,F3,4,2,classroom,60,classroom,S1
TTO-08423,boundary,C02,G2,F3,4,1,classroom,60,classroom,S5
TTO-08423,boundary,C03,G2,F2,4,1,lab,30,lab,S6
TTO-08423,boundary,C04,G2,F2,3,1,classroom,60,classroom,S8
TTO-08423,boundary,C05,G2,F1,3,2,classroom,60,classroom,S3
TTO-08424,boundary,C01,G1,F1,3,1,classroom,60,classroom,S4
TTO-08424,boundary,C02,G1,F2,4,1,lab,30,lab,S6
TTO-08424,boundary,C03,G1,F3,3,2,classroom,60,classroom,S10
TTO-08424,boundary,C04,G2,F3,3,2,classroom,60,classroom,S7
TTO-08424,boundary,C05,G2,F3,4,1,classroom,60,classroom,S9
TTO-08425,boundary,C01,G2,F2,4,2,classroom,60,classroom,S6
TTO-08425,boundary,C02,G2,F2,4,1,lab,30,lab,S9
TTO-08425,boundary,C03,G1,F2,3,2,classroom,60,classroom,S3
TTO-08425,boundary,C04,G1,F3,3,1,lab,30,lab,S2
TTO-08425,boundary,C05,G1,F1,4,1,lab,30,lab,S5
TTO-08426,boundary,C01,G2,F2,3,1,classroom,60,classroom,S2
TTO-08426,boundary,C02,G1,F3,4,1,classroom,60,classroom,S6
TTO-08426,boundary,C03,G1,F3,3,1,lab,30,lab,S6
TTO-08426,boundary,C04,G2,F1,3,2,classroom,60,classroom,S4
TTO-08426,boundary,C05,G2,F1,3,1,classroom,60,classroom,S1
TTO-08427,boundary,C01,G2,F2,3,1,lab,30,lab,S5
TTO-08427,boundary,C02,G1,F2,3,1,classroom,60,classroom,S10
TTO-08427,boundary,C03,G2,F1,4,2,classroom,60,classroom,S9
TTO-08427,boundary,C04,G2,F3,3,2,lab,30,lab,S6
TTO-08427,boundary,C05,G1,F2,4,2,classroom,60,classroom,S9
TTO-08428,boundary,C01,G2,F2,3,1,classroom,60,classroom,S1
TTO-08428,boundary,C02,G1,F1,4,2,lab,30,lab,S7
TTO-08428,boundary,C03,G1,F2,4,1,classroom,60,classroom,S10
TTO-08428,boundary,C04,G1,F1,3,1,classroom,60,classroom,S3
TTO-08428,boundary,C05,G2,F3,4,2,classroom,60,classroom,S2
TTO-08429,boundary,C01,G1,F3,3,1,lab,30,lab,S5
TTO-08429,boundary,C02,G1,F2,4,2,lab,30,lab,S8
TTO-08429,boundary,C03,G2,F1,4,1,lab,30,lab,S1
TTO-08429,boundary,C04,G1,F1,3,1,lab,30,lab,S7
TTO-08429,boundary,C05,G1,F1,4,2,classroom,60,classroom,S6
TTO-08430,boundary,C01,G2,F2,4,2,lab,30,lab,S4
TTO-08430,boundary,C02,G1,F2,4,1,lab,30,lab,S6
TTO-08430,boundary,C03,G2,F2,3,2,classroom,60,classroom,S4
TTO-08430,boundary,C04,G2,F1,3,2,classroom,60,classroom,S4
TTO-08430,boundary,C05,G2,F3,3,1,classroom,60,classroom,S7
TTO-08431,boundary,C01,G1,F2,3,1,classroom,60,classroom,S3
TTO-08431,boundary,C02,G2,F3,4,1,lab,30,lab,S1
TTO-08431,boundary,C03,G1,F1,4,1,classroom,60,classroom,S5
TTO-08431,boundary,C04,G2,F1,3,2,classroom,60,classroom,S4
TTO-08431,boundary,C05,G1,F2,4,2,lab,30,lab,S8
TTO-08432,boundary,C01,G1,F1,4,2,classroom,60,classroom,S7
TTO-08432,boundary,C02,G1,F3,4,2,classroom,60,classroom,S3
TTO-08432,boundary,C03,G1,F3,3,1,classroom,60,classroom,S6
TTO-08432,boundary,C04,G1,F1,3,2,lab,30,lab,S5
TTO-08432,boundary,C05,G1,F2,3,1,classroom,60,classroom,S1
TTO-08433,boundary,C01,G1,F1,4,1,classroom,60,classroom,S9
TTO-08433,boundary,C02,G1,F1,3,1,classroom,60,classroom,S6
TTO-08433,boundary,C03,G2,F3,3,2,lab,30,lab,S2
TTO-08433,boundary,C04,G1,F2,4,2,lab,30,lab,S2
TTO-08433,boundary,C05,G1,F2,4,2,classroom,60,classroom,S2
TTO-08434,boundary,C01,G1,F3,3,2,classroom,60,classroom,S4
TTO-08434,boundary,C02,G2,F2,4,1,lab,30,lab,S2
TTO-08434,boundary,C03,G1,F1,4,2,classroom,60,classroom,S9
TTO-08434,boundary,C04,G1,F2,4,1,lab,30,lab,S9
TTO-08434,boundary,C05,G2,F3,4,2,lab,30,lab,S8
TTO-08435,boundary,C01,G1,F3,4,1,classroom,60,classroom,S4
TTO-08435,boundary,C02,G2,F1,3,2,classroom,60,classroom,S5
TTO-08435,boundary,C03,G2,F2,4,1,lab,30,lab,S3
TTO-08435,boundary,C04,G1,F1,3,2,classroom,60,classroom,S10
TTO-08435,boundary,C05,G2,F2,4,1,lab,30,lab,S2
TTO-08436,boundary,C01,G2,F1,4,1,lab,30,lab,S8
TTO-08436,boundary,C02,G2,F1,4,1,classroom,60,classroom,S3
TTO-08436,boundary,C03,G2,F2,3,2,lab,30,lab,S6
TTO-08436,boundary,C04,G2,F1,4,1,lab,30,lab,S10
TTO-08436,boundary,C05,G2,F3,4,2,lab,30,lab,S3
TTO-08437,boundary,C01,G1,F3,3,2,classroom,60,classroom,S10
TTO-08437,boundary,C02,G1,F2,4,2,classroom,60,classroom,S4
TTO-08437,boundary,C03,G1,F3,3,2,classroom,60,classroom,S1
TTO-08437,boundary,C04,G1,F3,4,1,classroom,60,classroom,S1
TTO-08437,boundary,C05,G1,F3,3,1,classroom,60,classroom,S4
TTO-08438,boundary,C01,G1,F3,3,2,lab,30,lab,S5
TTO-08438,boundary,C02,G2,F2,4,2,lab,30,lab,S10
TTO-08438,boundary,C03,G2,F3,4,1,classroom,60,classroom,S1
TTO-08438,boundary,C04,G2,F3,4,1,classroom,60,classroom,S6
TTO-08438,boundary,C05,G1,F2,4,1,lab,30,lab,S4
TTO-08439,boundary,C01,G1,F2,4,2,lab,30,lab,S1
TTO-08439,boundary,C02,G2,F2,4,2,classroom,60,classroom,S3
TTO-08439,boundary,C03,G1,F1,3,1,classroom,60,classroom,S5
TTO-08439,boundary,C04,G2,F1,4,1,lab,30,lab,S4
TTO-08439,boundary,C05,G1,F1,4,1,classroom,60,classroom,S4
TTO-08440,boundary,C01,G1,F1,3,2,classroom,60,classroom,S3
TTO-08440,boundary,C02,G1,F3,4,1,classroom,60,classroom,S5
TTO-08440,boundary,C03,G1,F1,4,1,classroom,60,classroom,S10
TTO-08440,boundary,C04,G1,F2,3,1,lab,30,lab,S3
TTO-08440,boundary,C05,G2,F2,3,2,classroom,60,classroom,S3
TTO-08441,boundary,C01,G2,F2,4,1,lab,30,lab,S5
TTO-08441,boundary,C02,G2,F1,3,2,classroom,60,classroom,S7
TTO-08441,boundary,C03,G2,F2,3,1,lab,30,lab,S10
TTO-08441,boundary,C04,G2,F1,3,1,lab,30,lab,S8
TTO-08441,boundary,C05,G2,F2,4,1,classroom,60,classroom,S9
TTO-08442,boundary,C01,G2,F2,3,2,classroom,60,classroom,S4
TTO-08442,boundary,C02,G1,F2,3,1,lab,30,lab,S6
TTO-08442,boundary,C03,G2,F3,4,2,classroom,60,classroom,S1
TTO-08442,boundary,C04,G1,F1,4,2,lab,30,lab,S6
TTO-08442,boundary,C05,G2,F1,4,1,classroom,60,classroom,S5
TTO-08443,boundary,C01,G2,F2,4,1,lab,30,lab,S5
TTO-08443,boundary,C02,G1,F2,4,1,classroom,60,classroom,S1
TTO-08443,boundary,C03,G1,F3,4,1,lab,30,lab,S4
TTO-08443,boundary,C04,G1,F2,4,2,lab,30,lab,S1
TTO-08443,boundary,C05,G1,F1,3,1,lab,30,lab,S5
TTO-08444,boundary,C01,G2,F3,3,1,classroom,60,classroom,S4
TTO-08444,boundary,C02,G2,F1,3,2,lab,30,lab,S3
TTO-08444,boundary,C03,G2,F3,4,2,classroom,60,classroom,S1
TTO-08444,boundary,C04,G2,F3,3,1,lab,30,lab,S2
TTO-08444,boundary,C05,G2,F3,3,1,classroom,60,classroom,S8
TTO-08445,boundary,C01,G2,F2,3,2,classroom,60,classroom,S8
TTO-08445,boundary,C02,G1,F2,3,2,classroom,60,classroom,S3
TTO-08445,boundary,C03,G2,F2,4,2,lab,30,lab,S3
TTO-08445,boundary,C04,G1,F3,4,2,lab,30,lab,S7
TTO-08445,boundary,C05,G1,F3,4,2,lab,30,lab,S8
TTO-08446,boundary,C01,G2,F3,4,2,lab,30,lab,S1
TTO-08446,boundary,C02,G2,F1,3,1,lab,30,lab,S1
TTO-08446,boundary,C03,G1,F2,4,2,lab,30,lab,S2
TTO-08446,boundary,C04,G1,F1,3,2,classroom,60,classroom,S1
TTO-08446,boundary,C05,G1,F3,3,1,lab,30,lab,S10
TTO-08447,boundary,C01,G1,F1,4,2,lab,30,lab,S3
TTO-08447,boundary,C02,G1,F2,4,2,classroom,60,classroom,S7
TTO-08447,boundary,C03,G1,F1,3,2,classroom,60,classroom,S3
TTO-08447,boundary,C04,G1,F3,3,1,classroom,60,classroom,S5
TTO-08447,boundary,C05,G1,F1,3,1,classroom,60,classroom,S6
TTO-08448,boundary,C01,G2,F2,4,1,lab,30,lab,S6
TTO-08448,boundary,C02,G2,F3,4,1,classroom,60,classroom,S10
TTO-08448,boundary,C03,G1,F1,4,1,lab,30,lab,S5
TTO-08448,boundary,C04,G1,F1,4,1,lab,30,lab,S1
TTO-08448,boundary,C05,G2,F3,3,1,classroom,60,classroom,S1
TTO-08449,boundary,C01,G2,F1,3,2,classroom,60,classroom,S6
TTO-08449,boundary,C02,G2,F2,4,2,classroom,60,classroom,S7
TTO-08449,boundary,C03,G2,F3,4,1,lab,30,lab,S7
TTO-08449,boundary,C04,G1,F3,3,2,classroom,60,classroom,S5
TTO-08449,boundary,C05,G2,F2,4,1,lab,30,lab,S8
TTO-08450,boundary,C01,G2,F2,4,1,lab,30,lab,S2
TTO-08450,boundary,C02,G1,F3,4,2,lab,30,lab,S4
TTO-08450,boundary,C03,G1,F2,3,2,classroom,60,classroom,S5
TTO-08450,boundary,C04,G1,F3,3,1,lab,30,lab,S2
TTO-08450,boundary,C05,G1,F1,4,2,classroom,60,classroom,S5
TTO-08451,boundary,C01,G2,F2,4,2,lab,30,lab,S5
TTO-08451,boundary,C02,G1,F2,4,2,classroom,60,classroom,S4
TTO-08451,boundary,C03,G2,F1,3,1,lab,30,lab,S3
TTO-08451,boundary,C04,G2,F3,3,1,classroom,60,classroom,S2
TTO-08451,boundary,C05,G2,F2,3,1,classroom,60,classroom,S2
TTO-08452,boundary,C01,G2,F1,4,1,lab,30,lab,S8
TTO-08452,boundary,C02,G2,F2,4,1,lab,30,lab,S4
TTO-08452,boundary,C03,G2,F3,4,2,lab,30,lab,S2
TTO-08452,boundary,C04,G1,F2,3,1,lab,30,lab,S5
TTO-08452,boundary,C05,G2,F1,3,1,lab,30,lab,S9
TTO-08453,boundary,C01,G1,F3,3,2,classroom,60,classroom,S1
TTO-08453,boundary,C02,G2,F2,3,2,lab,30,lab,S10
TTO-08453,boundary,C03,G1,F1,3,1,classroom,60,classroom,S6
TTO-08453,boundary,C04,G2,F2,4,2,classroom,60,classroom,S3
TTO-08453,boundary,C05,G1,F2,3,1,lab,30,lab,S2
TTO-08454,boundary,C01,G2,F3,4,2,lab,30,lab,S6
TTO-08454,boundary,C02,G1,F2,4,1,classroom,60,classroom,S8
TTO-08454,boundary,C03,G1,F3,4,1,lab,30,lab,S10
TTO-08454,boundary,C04,G1,F2,3,1,lab,30,lab,S5
TTO-08454,boundary,C05,G1,F1,4,1,lab,30,lab,S4
TTO-08455,boundary,C01,G1,F3,4,2,lab,30,lab,S3
TTO-08455,boundary,C02,G1,F1,4,1,classroom,60,classroom,S8
TTO-08455,boundary,C03,G1,F2,4,2,lab,30,lab,S9
TTO-08455,boundary,C04,G2,F2,4,2,classroom,60,classroom,S7
TTO-08455,boundary,C05,G1,F1,3,1,lab,30,lab,S9
TTO-08456,boundary,C01,G2,F2,3,1,lab,30,lab,S10
TTO-08456,boundary,C02,G2,F3,4,1,classroom,60,classroom,S10
TTO-08456,boundary,C03,G2,F2,3,2,classroom,60,classroom,S2
TTO-08456,boundary,C04,G2,F1,3,2,lab,30,lab,S1
TTO-08456,boundary,C05,G2,F2,3,2,lab,30,lab,S2
TTO-08457,boundary,C01,G2,F1,3,2,lab,30,lab,S9
TTO-08457,boundary,C02,G2,F3,4,2,lab,30,lab,S10
TTO-08457,boundary,C03,G1,F3,4,1,lab,30,lab,S7
TTO-08457,boundary,C04,G1,F1,4,1,lab,30,lab,S2
TTO-08457,boundary,C05,G1,F2,4,2,classroom,60,classroom,S8
TTO-08458,boundary,C01,G2,F2,3,1,classroom,60,classroom,S10
TTO-08458,boundary,C02,G1,F3,3,2,lab,30,lab,S1
TTO-08458,boundary,C03,G2,F3,4,1,lab,30,lab,S6
TTO-08458,boundary,C04,G1,F1,3,2,classroom,60,classroom,S2
TTO-08458,boundary,C05,G1,F2,4,2,lab,30,lab,S6
TTO-08459,boundary,C01,G2,F1,3,1,classroom,60,classroom,S1
TTO-08459,boundary,C02,G1,F3,3,2,classroom,60,classroom,S4
TTO-08459,boundary,C03,G2,F3,3,2,lab,30,lab,S10
TTO-08459,boundary,C04,G1,F2,3,1,lab,30,lab,S5
TTO-08459,boundary,C05,G2,F2,4,1,classroom,60,classroom,S10
TTO-08460,boundary,C01,G1,F2,4,1,classroom,60,classroom,S7
TTO-08460,boundary,C02,G2,F2,4,1,classroom,60,classroom,S5
TTO-08460,boundary,C03,G1,F3,3,2,classroom,60,classroom,S7
TTO-08460,boundary,C04,G2,F3,3,1,classroom,60,classroom,S6
TTO-08460,boundary,C05,G2,F3,4,1,lab,30,lab,S4
TTO-08461,boundary,C01,G2,F1,4,1,classroom,60,classroom,S7
TTO-08461,boundary,C02,G1,F3,3,2,classroom,60,classroom,S10
TTO-08461,boundary,C03,G1,F1,4,2,lab,30,lab,S10
TTO-08461,boundary,C04,G1,F2,4,1,lab,30,lab,S4
TTO-08461,boundary,C05,G1,F2,4,1,classroom,60,classroom,S7
TTO-08462,boundary,C01,G1,F1,3,2,lab,30,lab,S6
TTO-08462,boundary,C02,G1,F2,4,2,classroom,60,classroom,S3
TTO-08462,boundary,C03,G1,F2,3,1,classroom,60,classroom,S7
TTO-08462,boundary,C04,G2,F3,3,1,classroom,60,classroom,S10
TTO-08462,boundary,C05,G2,F1,4,2,lab,30,lab,S4
TTO-08463,boundary,C01,G2,F1,4,1,classroom,60,classroom,S9
TTO-08463,boundary,C02,G1,F1,4,1,lab,30,lab,S10
TTO-08463,boundary,C03,G2,F2,4,1,classroom,60,classroom,S3
TTO-08463,boundary,C04,G2,F2,4,2,classroom,60,classroom,S6
TTO-08463,boundary,C05,G1,F3,4,2,classroom,60,classroom,S4
TTO-08464,boundary,C01,G2,F3,3,1,lab,30,lab,S8
TTO-08464,boundary,C02,G2,F2,4,2,lab,30,lab,S5
TTO-08464,boundary,C03,G1,F2,3,1,lab,30,lab,S7
TTO-08464,boundary,C04,G2,F2,4,2,classroom,60,classroom,S9
TTO-08464,boundary,C05,G2,F1,4,2,classroom,60,classroom,S9
TTO-08465,boundary,C01,G2,F2,4,1,classroom,60,classroom,S9
TTO-08465,boundary,C02,G2,F1,4,1,classroom,60,classroom,S7
TTO-08465,boundary,C03,G1,F1,3,2,lab,30,lab,S5
TTO-08465,boundary,C04,G1,F2,3,2,lab,30,lab,S9
TTO-08465,boundary,C05,G2,F2,4,2,lab,30,lab,S5
TTO-08466,boundary,C01,G1,F1,4,1,lab,30,lab,S5
TTO-08466,boundary,C02,G2,F2,4,2,lab,30,lab,S8
TTO-08466,boundary,C03,G2,F1,3,1,lab,30,lab,S10
TTO-08466,boundary,C04,G2,F3,4,2,lab,30,lab,S5
TTO-08466,boundary,C05,G1,F1,4,1,lab,30,lab,S5
TTO-08467,boundary,C01,G1,F3,4,1,lab,30,lab,S5
TTO-08467,boundary,C02,G2,F2,3,2,lab,30,lab,S9
TTO-08467,boundary,C03,G1,F3,4,2,lab,30,lab,S10
TTO-08467,boundary,C04,G1,F2,3,2,lab,30,lab,S5
TTO-08467,boundary,C05,G1,F3,4,2,lab,30,lab,S5
TTO-08468,boundary,C01,G2,F2,3,1,lab,30,lab,S5
TTO-08468,boundary,C02,G1,F1,3,2,classroom,60,classroom,S9
TTO-08468,boundary,C03,G1,F3,4,2,lab,30,lab,S2
TTO-08468,boundary,C04,G1,F2,3,2,lab,30,lab,S1
TTO-08468,boundary,C05,G2,F1,4,2,classroom,60,classroom,S9
TTO-08469,boundary,C01,G1,F1,4,1,classroom,60,classroom,S5
TTO-08469,boundary,C02,G2,F3,4,1,classroom,60,classroom,S2
TTO-08469,boundary,C03,G2,F2,4,2,lab,30,lab,S1
TTO-08469,boundary,C04,G1,F2,4,1,lab,30,lab,S1
TTO-08469,boundary,C05,G1,F3,3,1,lab,30,lab,S2
TTO-08470,boundary,C01,G2,F3,4,2,classroom,60,classroom,S9
TTO-08470,boundary,C02,G1,F3,4,2,lab,30,lab,S2
TTO-08470,boundary,C03,G1,F2,3,1,classroom,60,classroom,S5
TTO-08470,boundary,C04,G2,F1,4,1,lab,30,lab,S6
TTO-08470,boundary,C05,G2,F3,3,2,lab,30,lab,S7
TTO-08471,boundary,C01,G1,F3,3,2,classroom,60,classroom,S8
TTO-08471,boundary,C02,G1,F2,4,1,lab,30,lab,S3
TTO-08471,boundary,C03,G2,F1,4,1,classroom,60,classroom,S5
TTO-08471,boundary,C04,G1,F1,3,1,classroom,60,classroom,S8
TTO-08471,boundary,C05,G2,F3,4,1,classroom,60,classroom,S9
TTO-08472,boundary,C01,G2,F3,4,2,classroom,60,classroom,S5
TTO-08472,boundary,C02,G2,F1,4,1,classroom,60,classroom,S4
TTO-08472,boundary,C03,G1,F1,4,1,classroom,60,classroom,S9
TTO-08472,boundary,C04,G1,F2,3,2,classroom,60,classroom,S5
TTO-08472,boundary,C05,G2,F1,4,1,classroom,60,classroom,S3
TTO-08473,boundary,C01,G2,F2,4,2,lab,30,lab,S3
TTO-08473,boundary,C02,G2,F1,3,2,classroom,60,classroom,S7
TTO-08473,boundary,C03,G1,F2,3,1,lab,30,lab,S1
TTO-08473,boundary,C04,G1,F2,3,2,classroom,60,classroom,S3
TTO-08473,boundary,C05,G2,F1,4,2,lab,30,lab,S7
TTO-08474,boundary,C01,G2,F1,3,2,classroom,60,classroom,S10
TTO-08474,boundary,C02,G2,F1,4,2,lab,30,lab,S10
TTO-08474,boundary,C03,G2,F3,3,1,lab,30,lab,S4
TTO-08474,boundary,C04,G2,F1,4,1,classroom,60,classroom,S4
TTO-08474,boundary,C05,G2,F2,4,1,lab,30,lab,S9
TTO-08475,boundary,C01,G1,F1,4,2,classroom,60,classroom,S7
TTO-08475,boundary,C02,G2,F1,3,2,lab,30,lab,S8
TTO-08475,boundary,C03,G2,F2,3,1,lab,30,lab,S1
TTO-08475,boundary,C04,G2,F1,4,1,classroom,60,classroom,S9
TTO-08475,boundary,C05,G2,F2,4,2,classroom,60,classroom,S4
TTO-08476,boundary,C01,G2,F1,4,1,classroom,60,classroom,S1
TTO-08476,boundary,C02,G1,F2,4,2,lab,30,lab,S6
TTO-08476,boundary,C03,G1,F1,4,2,classroom,60,classroom,S10
TTO-08476,boundary,C04,G1,F3,3,1,lab,30,lab,S7
TTO-08476,boundary,C05,G1,F2,4,1,classroom,60,classroom,S9
TTO-08477,boundary,C01,G1,F2,3,2,classroom,60,classroom,S2
TTO-08477,boundary,C02,G2,F1,4,1,classroom,60,classroom,S10
TTO-08477,boundary,C03,G2,F2,4,1,lab,30,lab,S3
TTO-08477,boundary,C04,G2,F2,3,2,lab,30,lab,S9
TTO-08477,boundary,C05,G1,F3,4,2,lab,30,lab,S4
TTO-08478,boundary,C01,G1,F1,3,1,lab,30,lab,S7
TTO-08478,boundary,C02,G2,F2,3,1,classroom,60,classroom,S2
TTO-08478,boundary,C03,G2,F1,4,1,lab,30,lab,S10
TTO-08478,boundary,C04,G2,F1,3,1,lab,30,lab,S5
TTO-08478,boundary,C05,G2,F3,3,1,classroom,60,classroom,S10
TTO-08479,boundary,C01,G1,F1,4,1,classroom,60,classroom,S9
TTO-08479,boundary,C02,G1,F1,3,2,lab,30,lab,S3
TTO-08479,boundary,C03,G1,F3,4,1,classroom,60,classroom,S10
TTO-08479,boundary,C04,G2,F2,4,1,classroom,60,classroom,S10
TTO-08479,boundary,C05,G1,F1,4,1,classroom,60,classroom,S3
TTO-08480,boundary,C01,G2,F3,4,1,lab,30,lab,S10
TTO-08480,boundary,C02,G1,F3,4,2,lab,30,lab,S6
TTO-08480,boundary,C03,G2,F2,3,2,classroom,60,classroom,S2
TTO-08480,boundary,C04,G2,F3,3,1,classroom,60,classroom,S3
TTO-08480,boundary,C05,G2,F3,4,2,classroom,60,classroom,S5
TTO-08481,boundary,C01,G2,F3,4,2,classroom,60,classroom,S1
TTO-08481,boundary,C02,G2,F3,4,2,lab,30,lab,S1
TTO-08481,boundary,C03,G1,F1,3,1,classroom,60,classroom,S6
TTO-08481,boundary,C04,G2,F2,3,1,classroom,60,classroom,S4
TTO-08481,boundary,C05,G1,F3,4,2,classroom,60,classroom,S1
TTO-08482,boundary,C01,G2,F2,3,2,classroom,60,classroom,S7
TTO-08482,boundary,C02,G1,F1,4,1,lab,30,lab,S4
TTO-08482,boundary,C03,G2,F2,3,2,classroom,60,classroom,S3
TTO-08482,boundary,C04,G1,F2,4,2,classroom,60,classroom,S10
TTO-08482,boundary,C05,G2,F3,4,2,lab,30,lab,S7
TTO-08483,boundary,C01,G1,F2,3,2,lab,30,lab,S7
TTO-08483,boundary,C02,G2,F2,3,1,classroom,60,classroom,S5
TTO-08483,boundary,C03,G1,F2,3,2,lab,30,lab,S5
TTO-08483,boundary,C04,G1,F3,4,1,classroom,60,classroom,S9
TTO-08483,boundary,C05,G2,F1,4,1,classroom,60,classroom,S2
TTO-08484,boundary,C01,G1,F3,3,2,lab,30,lab,S7
TTO-08484,boundary,C02,G2,F2,4,1,classroom,60,classroom,S1
TTO-08484,boundary,C03,G2,F1,3,1,lab,30,lab,S9
TTO-08484,boundary,C04,G1,F2,3,2,classroom,60,classroom,S2
TTO-08484,boundary,C05,G1,F1,3,1,lab,30,lab,S9
TTO-08485,boundary,C01,G1,F1,4,2,lab,30,lab,S8
TTO-08485,boundary,C02,G2,F1,4,2,classroom,60,classroom,S7
TTO-08485,boundary,C03,G1,F2,4,1,classroom,60,classroom,S9
TTO-08485,boundary,C04,G1,F2,3,2,lab,30,lab,S5
TTO-08485,boundary,C05,G1,F1,3,2,lab,30,lab,S7
TTO-08486,boundary,C01,G1,F2,3,1,classroom,60,classroom,S10
TTO-08486,boundary,C02,G2,F2,4,1,lab,30,lab,S3
TTO-08486,boundary,C03,G2,F3,4,1,lab,30,lab,S7
TTO-08486,boundary,C04,G2,F3,3,1,classroom,60,classroom,S2
TTO-08486,boundary,C05,G2,F2,3,1,lab,30,lab,S8
TTO-08487,boundary,C01,G2,F3,4,1,lab,30,lab,S3
TTO-08487,boundary,C02,G2,F1,4,1,classroom,60,classroom,S10
TTO-08487,boundary,C03,G2,F3,3,1,lab,30,lab,S8
TTO-08487,boundary,C04,G1,F2,3,1,lab,30,lab,S2
TTO-08487,boundary,C05,G1,F1,4,2,lab,30,lab,S8
TTO-08488,boundary,C01,G1,F1,4,2,classroom,60,classroom,S1
TTO-08488,boundary,C02,G2,F2,3,2,lab,30,lab,S4
TTO-08488,boundary,C03,G1,F1,3,2,lab,30,lab,S10
TTO-08488,boundary,C04,G1,F2,3,2,lab,30,lab,S5
TTO-08488,boundary,C05,G1,F1,3,1,lab,30,lab,S10
TTO-08489,boundary,C01,G2,F1,3,2,lab,30,lab,S5
TTO-08489,boundary,C02,G2,F1,3,2,classroom,60,classroom,S6
TTO-08489,boundary,C03,G1,F3,3,2,classroom,60,classroom,S9
TTO-08489,boundary,C04,G1,F1,3,1,classroom,60,classroom,S4
TTO-08489,boundary,C05,G2,F2,4,1,lab,30,lab,S4
TTO-08490,boundary,C01,G2,F2,3,2,classroom,60,classroom,S10
TTO-08490,boundary,C02,G1,F2,4,1,lab,30,lab,S4
TTO-08490,boundary,C03,G1,F3,4,1,lab,30,lab,S6
TTO-08490,boundary,C04,G1,F2,4,1,lab,30,lab,S10
TTO-08490,boundary,C05,G1,F3,3,1,classroom,60,classroom,S9
TTO-08491,boundary,C01,G1,F2,4,1,lab,30,lab,S4
TTO-08491,boundary,C02,G1,F1,3,1,lab,30,lab,S5
TTO-08491,boundary,C03,G2,F3,4,1,lab,30,lab,S10
TTO-08491,boundary,C04,G2,F2,3,2,lab,30,lab,S9
TTO-08491,boundary,C05,G2,F3,3,1,lab,30,lab,S4
TTO-08492,boundary,C01,G1,F3,4,1,classroom,60,classroom,S8
TTO-08492,boundary,C02,G2,F2,4,1,classroom,60,classroom,S3
TTO-08492,boundary,C03,G1,F3,4,2,lab,30,lab,S8
TTO-08492,boundary,C04,G1,F2,4,2,classroom,60,classroom,S3
TTO-08492,boundary,C05,G1,F2,4,1,classroom,60,classroom,S8
TTO-08493,boundary,C01,G1,F1,3,2,classroom,60,classroom,S1
TTO-08493,boundary,C02,G1,F3,4,2,classroom,60,classroom,S2
TTO-08493,boundary,C03,G1,F3,4,2,classroom,60,classroom,S5
TTO-08493,boundary,C04,G2,F2,3,2,lab,30,lab,S6
TTO-08493,boundary,C05,G2,F2,4,2,lab,30,lab,S3
TTO-08494,boundary,C01,G2,F3,4,1,lab,30,lab,S9
TTO-08494,boundary,C02,G2,F2,4,1,classroom,60,classroom,S1
TTO-08494,boundary,C03,G1,F3,4,2,classroom,60,classroom,S9
TTO-08494,boundary,C04,G1,F2,3,2,lab,30,lab,S2
TTO-08494,boundary,C05,G1,F1,4,1,lab,30,lab,S3
TTO-08495,boundary,C01,G2,F1,3,1,classroom,60,classroom,S3
TTO-08495,boundary,C02,G1,F1,4,1,classroom,60,classroom,S5
TTO-08495,boundary,C03,G1,F1,3,1,lab,30,lab,S3
TTO-08495,boundary,C04,G1,F2,4,2,classroom,60,classroom,S8
TTO-08495,boundary,C05,G2,F3,3,2,classroom,60,classroom,S7
TTO-08496,boundary,C01,G1,F2,3,2,lab,30,lab,S9
TTO-08496,boundary,C02,G2,F1,4,1,lab,30,lab,S5
TTO-08496,boundary,C03,G2,F1,4,1,classroom,60,classroom,S1
TTO-08496,boundary,C04,G1,F3,3,2,lab,30,lab,S4
TTO-08496,boundary,C05,G1,F2,3,1,lab,30,lab,S4
TTO-08497,boundary,C01,G2,F2,4,1,classroom,60,classroom,S7
TTO-08497,boundary,C02,G1,F1,4,2,lab,30,lab,S6
TTO-08497,boundary,C03,G1,F3,3,1,classroom,60,classroom,S8
TTO-08497,boundary,C04,G1,F1,3,2,lab,30,lab,S1
TTO-08497,boundary,C05,G1,F2,4,2,lab,30,lab,S7
TTO-08498,boundary,C01,G1,F1,3,1,lab,30,lab,S7
TTO-08498,boundary,C02,G1,F1,4,1,classroom,60,classroom,S3
TTO-08498,boundary,C03,G2,F3,3,2,lab,30,lab,S7
TTO-08498,boundary,C04,G1,F1,3,1,lab,30,lab,S5
TTO-08498,boundary,C05,G2,F1,3,1,classroom,60,classroom,S8
TTO-08499,boundary,C01,G1,F2,3,1,classroom,60,classroom,S10
TTO-08499,boundary,C02,G2,F2,3,2,classroom,60,classroom,S3
TTO-08499,boundary,C03,G1,F3,3,2,classroom,60,classroom,S4
TTO-08499,boundary,C04,G1,F1,4,1,lab,30,lab,S2
TTO-08499,boundary,C05,G1,F1,3,1,classroom,60,classroom,S7
TTO-08500,boundary,C01,G2,F1,4,2,classroom,60,classroom,S3
TTO-08500,boundary,C02,G2,F3,3,1,lab,30,lab,S10
TTO-08500,boundary,C03,G1,F3,3,2,lab,30,lab,S4
TTO-08500,boundary,C04,G1,F1,4,1,lab,30,lab,S10
TTO-08500,boundary,C05,G1,F1,3,2,lab,30,lab,S5
TTO-08501,boundary,C01,G2,F3,3,2,lab,30,lab,S9
TTO-08501,boundary,C02,G2,F1,4,2,classroom,60,classroom,S9
TTO-08501,boundary,C03,G1,F2,4,1,lab,30,lab,S7
TTO-08501,boundary,C04,G1,F2,3,2,lab,30,lab,S2
TTO-08501,boundary,C05,G2,F3,4,1,lab,30,lab,S4
TTO-08502,boundary,C01,G1,F1,4,2,classroom,60,classroom,S9
TTO-08502,boundary,C02,G2,F2,3,1,classroom,60,classroom,S6
TTO-08502,boundary,C03,G1,F1,3,2,lab,30,lab,S6
TTO-08502,boundary,C04,G1,F3,4,1,lab,30,lab,S1
TTO-08502,boundary,C05,G1,F1,4,2,lab,30,lab,S2
TTO-08503,boundary,C01,G1,F2,4,2,classroom,60,classroom,S2
TTO-08503,boundary,C02,G2,F3,4,2,lab,30,lab,S7
TTO-08503,boundary,C03,G1,F1,3,2,lab,30,lab,S3
TTO-08503,boundary,C04,G2,F2,3,2,lab,30,lab,S4
TTO-08503,boundary,C05,G1,F1,3,1,classroom,60,classroom,S5
TTO-08504,boundary,C01,G1,F3,4,2,lab,30,lab,S1
TTO-08504,boundary,C02,G1,F1,4,1,lab,30,lab,S9
TTO-08504,boundary,C03,G2,F1,4,1,classroom,60,classroom,S8
TTO-08504,boundary,C04,G1,F1,3,2,lab,30,lab,S5
TTO-08504,boundary,C05,G1,F3,3,2,classroom,60,classroom,S6
TTO-08505,boundary,C01,G1,F3,4,2,classroom,60,classroom,S2
TTO-08505,boundary,C02,G1,F1,3,2,lab,30,lab,S9
TTO-08505,boundary,C03,G1,F2,4,2,lab,30,lab,S8
TTO-08505,boundary,C04,G2,F1,4,1,lab,30,lab,S5
TTO-08505,boundary,C05,G1,F1,3,1,lab,30,lab,S8
TTO-08506,boundary,C01,G1,F1,3,1,classroom,60,classroom,S4
TTO-08506,boundary,C02,G2,F3,3,2,classroom,60,classroom,S6
TTO-08506,boundary,C03,G1,F1,3,1,lab,30,lab,S9
TTO-08506,boundary,C04,G1,F3,4,1,lab,30,lab,S8
TTO-08506,boundary,C05,G1,F3,3,2,classroom,60,classroom,S6
TTO-08507,boundary,C01,G1,F1,4,2,lab,30,lab,S5
TTO-08507,boundary,C02,G2,F1,4,2,classroom,60,classroom,S9
TTO-08507,boundary,C03,G2,F3,4,1,lab,30,lab,S2
TTO-08507,boundary,C04,G2,F3,4,2,lab,30,lab,S7
TTO-08507,boundary,C05,G2,F3,4,2,lab,30,lab,S3
TTO-08508,boundary,C01,G1,F3,4,1,lab,30,lab,S10
TTO-08508,boundary,C02,G1,F3,4,1,lab,30,lab,S9
TTO-08508,boundary,C03,G1,F3,4,1,classroom,60,classroom,S2
TTO-08508,boundary,C04,G2,F3,3,2,lab,30,lab,S9
TTO-08508,boundary,C05,G2,F1,4,1,classroom,60,classroom,S7
TTO-08509,boundary,C01,G2,F3,3,1,classroom,60,classroom,S8
TTO-08509,boundary,C02,G1,F3,4,1,lab,30,lab,S10
TTO-08509,boundary,C03,G1,F1,3,1,classroom,60,classroom,S8
TTO-08509,boundary,C04,G1,F3,3,1,classroom,60,classroom,S2
TTO-08509,boundary,C05,G1,F2,3,2,classroom,60,classroom,S8
TTO-08510,boundary,C01,G1,F1,3,2,classroom,60,classroom,S3
TTO-08510,boundary,C02,G1,F1,3,1,lab,30,lab,S6
TTO-08510,boundary,C03,G1,F3,3,2,classroom,60,classroom,S8
TTO-08510,boundary,C04,G2,F3,4,2,classroom,60,classroom,S6
TTO-08510,boundary,C05,G1,F1,3,1,lab,30,lab,S8
TTO-08511,boundary,C01,G2,F1,4,1,classroom,60,classroom,S1
TTO-08511,boundary,C02,G1,F2,3,2,classroom,60,classroom,S9
TTO-08511,boundary,C03,G2,F1,3,2,classroom,60,classroom,S6
TTO-08511,boundary,C04,G1,F2,4,2,classroom,60,classroom,S8
TTO-08511,boundary,C05,G2,F2,3,2,classroom,60,classroom,S10
TTO-08512,boundary,C01,G2,F2,3,2,lab,30,lab,S4
TTO-08512,boundary,C02,G2,F2,3,2,lab,30,lab,S10
TTO-08512,boundary,C03,G2,F3,3,1,classroom,60,classroom,S1
TTO-08512,boundary,C04,G2,F1,4,2,lab,30,lab,S8
TTO-08512,boundary,C05,G1,F2,4,1,lab,30,lab,S7
TTO-08513,boundary,C01,G1,F3,4,2,classroom,60,classroom,S10
TTO-08513,boundary,C02,G2,F2,4,1,lab,30,lab,S10
TTO-08513,boundary,C03,G2,F3,3,1,lab,30,lab,S3
TTO-08513,boundary,C04,G2,F2,4,1,classroom,60,classroom,S3
TTO-08513,boundary,C05,G2,F3,3,1,lab,30,lab,S7
TTO-08514,boundary,C01,G1,F2,3,1,lab,30,lab,S3
TTO-08514,boundary,C02,G1,F1,3,1,classroom,60,classroom,S2
TTO-08514,boundary,C03,G2,F1,4,2,lab,30,lab,S3
TTO-08514,boundary,C04,G1,F3,4,2,lab,30,lab,S6
TTO-08514,boundary,C05,G1,F3,3,1,lab,30,lab,S9
TTO-08515,boundary,C01,G1,F1,3,2,classroom,60,classroom,S8
TTO-08515,boundary,C02,G1,F3,3,2,lab,30,lab,S10
TTO-08515,boundary,C03,G2,F3,3,2,classroom,60,classroom,S6
TTO-08515,boundary,C04,G2,F1,3,1,lab,30,lab,S7
TTO-08515,boundary,C05,G1,F2,3,1,classroom,60,classroom,S9
TTO-08516,boundary,C01,G1,F3,4,1,classroom,60,classroom,S2
TTO-08516,boundary,C02,G1,F1,4,1,lab,30,lab,S5
TTO-08516,boundary,C03,G1,F3,3,2,lab,30,lab,S1
TTO-08516,boundary,C04,G2,F1,3,1,lab,30,lab,S9
TTO-08516,boundary,C05,G2,F2,4,2,lab,30,lab,S6
TTO-08517,boundary,C01,G1,F2,4,1,classroom,60,classroom,S7
TTO-08517,boundary,C02,G2,F1,4,2,classroom,60,classroom,S6
TTO-08517,boundary,C03,G2,F2,4,1,lab,30,lab,S6
TTO-08517,boundary,C04,G1,F3,3,2,lab,30,lab,S7
TTO-08517,boundary,C05,G2,F2,3,2,lab,30,lab,S4
TTO-08518,boundary,C01,G1,F2,3,1,lab,30,lab,S1
TTO-08518,boundary,C02,G1,F3,3,1,classroom,60,classroom,S3
TTO-08518,boundary,C03,G2,F1,4,2,lab,30,lab,S8
TTO-08518,boundary,C04,G1,F1,4,2,lab,30,lab,S4
TTO-08518,boundary,C05,G1,F1,3,1,classroom,60,classroom,S10
TTO-08519,boundary,C01,G2,F1,3,1,classroom,60,classroom,S1
TTO-08519,boundary,C02,G2,F3,3,1,classroom,60,classroom,S1
TTO-08519,boundary,C03,G1,F2,4,1,lab,30,lab,S4
TTO-08519,boundary,C04,G1,F3,4,2,lab,30,lab,S1
TTO-08519,boundary,C05,G1,F1,4,2,classroom,60,classroom,S6
TTO-08520,boundary,C01,G2,F2,4,2,classroom,60,classroom,S10
TTO-08520,boundary,C02,G2,F2,3,2,classroom,60,classroom,S7
TTO-08520,boundary,C03,G2,F3,4,1,classroom,60,classroom,S3
TTO-08520,boundary,C04,G2,F2,3,2,lab,30,lab,S9
TTO-08520,boundary,C05,G2,F1,4,1,lab,30,lab,S9
TTO-08521,boundary,C01,G1,F3,3,2,classroom,60,classroom,S3
TTO-08521,boundary,C02,G2,F3,4,2,lab,30,lab,S3
TTO-08521,boundary,C03,G2,F1,4,2,lab,30,lab,S1
TTO-08521,boundary,C04,G2,F1,3,1,classroom,60,classroom,S8
TTO-08521,boundary,C05,G1,F3,4,2,classroom,60,classroom,S9
TTO-08522,boundary,C01,G2,F1,4,1,classroom,60,classroom,S2
TTO-08522,boundary,C02,G2,F2,3,1,classroom,60,classroom,S1
TTO-08522,boundary,C03,G2,F2,3,1,lab,30,lab,S3
TTO-08522,boundary,C04,G1,F1,4,2,classroom,60,classroom,S6
TTO-08522,boundary,C05,G2,F3,3,1,classroom,60,classroom,S3
TTO-08523,boundary,C01,G1,F3,3,2,classroom,60,classroom,S1
TTO-08523,boundary,C02,G1,F1,4,1,lab,30,lab,S9
TTO-08523,boundary,C03,G2,F3,4,1,lab,30,lab,S5
TTO-08523,boundary,C04,G2,F1,4,1,lab,30,lab,S7
TTO-08523,boundary,C05,G1,F2,4,1,classroom,60,classroom,S1
TTO-08524,boundary,C01,G2,F3,4,2,lab,30,lab,S9
TTO-08524,boundary,C02,G2,F1,3,2,classroom,60,classroom,S2
TTO-08524,boundary,C03,G2,F2,3,1,lab,30,lab,S3
TTO-08524,boundary,C04,G1,F1,3,2,lab,30,lab,S4
TTO-08524,boundary,C05,G2,F3,3,2,lab,30,lab,S8
TTO-08525,boundary,C01,G1,F3,4,2,classroom,60,classroom,S4
TTO-08525,boundary,C02,G2,F1,4,1,lab,30,lab,S4
TTO-08525,boundary,C03,G2,F1,4,1,lab,30,lab,S4
TTO-08525,boundary,C04,G2,F3,4,2,classroom,60,classroom,S2
TTO-08525,boundary,C05,G1,F1,4,2,lab,30,lab,S3
TTO-08526,boundary,C01,G2,F3,4,2,lab,30,lab,S4
TTO-08526,boundary,C02,G1,F2,3,1,lab,30,lab,S9
TTO-08526,boundary,C03,G1,F1,4,2,lab,30,lab,S5
TTO-08526,boundary,C04,G1,F1,3,2,classroom,60,classroom,S1
TTO-08526,boundary,C05,G1,F3,4,2,lab,30,lab,S8
TTO-08527,boundary,C01,G1,F1,4,2,classroom,60,classroom,S10
TTO-08527,boundary,C02,G1,F3,4,2,classroom,60,classroom,S2
TTO-08527,boundary,C03,G1,F1,4,1,classroom,60,classroom,S5
TTO-08527,boundary,C04,G2,F1,4,1,classroom,60,classroom,S4
TTO-08527,boundary,C05,G1,F2,3,2,classroom,60,classroom,S5
TTO-08528,boundary,C01,G2,F1,4,1,lab,30,lab,S5
TTO-08528,boundary,C02,G2,F1,4,1,classroom,60,classroom,S2
TTO-08528,boundary,C03,G1,F3,4,2,lab,30,lab,S6
TTO-08528,boundary,C04,G1,F1,4,1,classroom,60,classroom,S3
TTO-08528,boundary,C05,G2,F2,3,2,classroom,60,classroom,S5
TTO-08529,boundary,C01,G2,F3,4,2,classroom,60,classroom,S7
TTO-08529,boundary,C02,G2,F1,3,1,classroom,60,classroom,S8
TTO-08529,boundary,C03,G2,F1,3,2,lab,30,lab,S10
TTO-08529,boundary,C04,G1,F3,4,1,classroom,60,classroom,S10
TTO-08529,boundary,C05,G2,F2,3,1,classroom,60,classroom,S8
TTO-08530,boundary,C01,G1,F3,3,2,lab,30,lab,S8
TTO-08530,boundary,C02,G2,F2,3,1,classroom,60,classroom,S6
TTO-08530,boundary,C03,G2,F1,3,1,lab,30,lab,S8
TTO-08530,boundary,C04,G1,F2,4,2,classroom,60,classroom,S1
TTO-08530,boundary,C05,G2,F1,4,2,lab,30,lab,S7
TTO-08531,boundary,C01,G2,F1,3,1,classroom,60,classroom,S5
TTO-08531,boundary,C02,G1,F1,3,2,lab,30,lab,S6
TTO-08531,boundary,C03,G1,F1,3,1,lab,30,lab,S7
TTO-08531,boundary,C04,G2,F1,3,2,lab,30,lab,S7
TTO-08531,boundary,C05,G1,F3,4,2,classroom,60,classroom,S5
TTO-08532,boundary,C01,G1,F2,4,2,classroom,60,classroom,S6
TTO-08532,boundary,C02,G2,F3,3,2,lab,30,lab,S1
TTO-08532,boundary,C03,G2,F1,4,1,classroom,60,classroom,S8
TTO-08532,boundary,C04,G2,F3,3,1,lab,30,lab,S9
TTO-08532,boundary,C05,G1,F3,4,2,lab,30,lab,S8
TTO-08533,boundary,C01,G1,F1,4,2,classroom,60,classroom,S1
TTO-08533,boundary,C02,G2,F2,3,1,lab,30,lab,S1
TTO-08533,boundary,C03,G2,F3,4,1,classroom,60,classroom,S6
TTO-08533,boundary,C04,G1,F2,4,1,lab,30,lab,S2
TTO-08533,boundary,C05,G1,F3,4,1,classroom,60,classroom,S10
TTO-08534,boundary,C01,G1,F2,4,2,lab,30,lab,S9
TTO-08534,boundary,C02,G2,F1,3,1,classroom,60,classroom,S9
TTO-08534,boundary,C03,G1,F2,4,1,lab,30,lab,S3
TTO-08534,boundary,C04,G1,F1,3,2,lab,30,lab,S7
TTO-08534,boundary,C05,G1,F2,3,2,classroom,60,classroom,S10
TTO-08535,boundary,C01,G2,F2,4,1,classroom,60,classroom,S4
TTO-08535,boundary,C02,G2,F3,4,2,classroom,60,classroom,S10
TTO-08535,boundary,C03,G2,F3,4,1,lab,30,lab,S3
TTO-08535,boundary,C04,G1,F2,3,2,lab,30,lab,S5
TTO-08535,boundary,C05,G2,F2,3,1,classroom,60,classroom,S7
TTO-08536,boundary,C01,G1,F1,3,2,lab,30,lab,S2
TTO-08536,boundary,C02,G1,F3,4,2,lab,30,lab,S6
TTO-08536,boundary,C03,G2,F2,3,2,classroom,60,classroom,S5
TTO-08536,boundary,C04,G2,F3,4,1,classroom,60,classroom,S10
TTO-08536,boundary,C05,G2,F3,3,1,classroom,60,classroom,S10
TTO-08537,boundary,C01,G1,F3,3,1,lab,30,lab,S4
TTO-08537,boundary,C02,G1,F1,4,1,lab,30,lab,S4
TTO-08537,boundary,C03,G1,F2,3,1,lab,30,lab,S6
TTO-08537,boundary,C04,G2,F3,3,1,lab,30,lab,S6
TTO-08537,boundary,C05,G2,F1,4,1,lab,30,lab,S7
TTO-08538,boundary,C01,G2,F1,4,2,classroom,60,classroom,S3
TTO-08538,boundary,C02,G2,F3,4,2,classroom,60,classroom,S7
TTO-08538,boundary,C03,G2,F3,3,1,lab,30,lab,S9
TTO-08538,boundary,C04,G2,F2,3,1,lab,30,lab,S4
TTO-08538,boundary,C05,G1,F1,4,2,lab,30,lab,S5
TTO-08539,boundary,C01,G2,F2,4,2,classroom,60,classroom,S1
TTO-08539,boundary,C02,G2,F1,3,1,lab,30,lab,S3
TTO-08539,boundary,C03,G1,F2,4,2,classroom,60,classroom,S9
TTO-08539,boundary,C04,G2,F1,4,2,classroom,60,classroom,S8
TTO-08539,boundary,C05,G2,F1,3,1,lab,30,lab,S10
TTO-08540,boundary,C01,G2,F3,4,2,classroom,60,classroom,S5
TTO-08540,boundary,C02,G1,F2,4,1,lab,30,lab,S9
TTO-08540,boundary,C03,G1,F3,4,2,lab,30,lab,S3
TTO-08540,boundary,C04,G2,F1,3,1,classroom,60,classroom,S9
TTO-08540,boundary,C05,G2,F2,3,2,classroom,60,classroom,S10
TTO-08541,boundary,C01,G1,F2,4,1,classroom,60,classroom,S5
TTO-08541,boundary,C02,G2,F3,4,2,lab,30,lab,S7
TTO-08541,boundary,C03,G2,F3,4,2,lab,30,lab,S6
TTO-08541,boundary,C04,G2,F3,3,2,lab,30,lab,S5
TTO-08541,boundary,C05,G1,F1,3,1,classroom,60,classroom,S5
TTO-08542,boundary,C01,G2,F2,4,1,classroom,60,classroom,S10
TTO-08542,boundary,C02,G2,F1,3,1,lab,30,lab,S9
TTO-08542,boundary,C03,G2,F2,3,2,classroom,60,classroom,S10
TTO-08542,boundary,C04,G1,F3,3,1,classroom,60,classroom,S3
TTO-08542,boundary,C05,G2,F2,3,2,lab,30,lab,S6
TTO-08543,boundary,C01,G1,F3,4,2,classroom,60,classroom,S9
TTO-08543,boundary,C02,G1,F1,3,2,lab,30,lab,S4
TTO-08543,boundary,C03,G1,F1,4,2,classroom,60,classroom,S1
TTO-08543,boundary,C04,G1,F1,4,1,classroom,60,classroom,S10
TTO-08543,boundary,C05,G1,F1,3,1,lab,30,lab,S2
TTO-08544,boundary,C01,G1,F2,3,2,classroom,60,classroom,S1
TTO-08544,boundary,C02,G2,F2,3,2,classroom,60,classroom,S3
TTO-08544,boundary,C03,G1,F2,4,1,lab,30,lab,S9
TTO-08544,boundary,C04,G1,F3,3,2,lab,30,lab,S1
TTO-08544,boundary,C05,G1,F3,4,1,lab,30,lab,S9
TTO-08545,boundary,C01,G1,F3,3,1,classroom,60,classroom,S7
TTO-08545,boundary,C02,G2,F1,4,1,lab,30,lab,S4
TTO-08545,boundary,C03,G1,F3,4,1,lab,30,lab,S1
TTO-08545,boundary,C04,G2,F3,3,2,classroom,60,classroom,S1
TTO-08545,boundary,C05,G1,F3,3,1,classroom,60,classroom,S8
TTO-08546,boundary,C01,G2,F1,4,2,classroom,60,classroom,S6
TTO-08546,boundary,C02,G1,F1,4,1,classroom,60,classroom,S3
TTO-08546,boundary,C03,G2,F1,3,2,classroom,60,classroom,S5
TTO-08546,boundary,C04,G1,F1,3,1,lab,30,lab,S6
TTO-08546,boundary,C05,G1,F1,4,1,classroom,60,classroom,S3
TTO-08547,boundary,C01,G1,F2,4,1,lab,30,lab,S7
TTO-08547,boundary,C02,G1,F3,4,2,lab,30,lab,S8
TTO-08547,boundary,C03,G2,F1,4,2,lab,30,lab,S5
TTO-08547,boundary,C04,G2,F2,3,1,classroom,60,classroom,S5
TTO-08547,boundary,C05,G2,F1,4,1,lab,30,lab,S7
TTO-08548,boundary,C01,G2,F2,3,1,classroom,60,classroom,S2
TTO-08548,boundary,C02,G1,F3,3,2,lab,30,lab,S5
TTO-08548,boundary,C03,G2,F2,3,2,classroom,60,classroom,S4
TTO-08548,boundary,C04,G1,F1,4,1,lab,30,lab,S10
TTO-08548,boundary,C05,G2,F3,3,1,classroom,60,classroom,S2
TTO-08549,boundary,C01,G1,F2,4,1,lab,30,lab,S5
TTO-08549,boundary,C02,G2,F2,4,1,classroom,60,classroom,S10
TTO-08549,boundary,C03,G1,F2,4,2,lab,30,lab,S2
TTO-08549,boundary,C04,G2,F3,4,1,classroom,60,classroom,S2
TTO-08549,boundary,C05,G2,F1,3,1,classroom,60,classroom,S8
TTO-08550,boundary,C01,G2,F1,4,1,lab,30,lab,S2
TTO-08550,boundary,C02,G1,F2,4,2,classroom,60,classroom,S5
TTO-08550,boundary,C03,G2,F3,4,2,lab,30,lab,S7
TTO-08550,boundary,C04,G1,F1,3,1,lab,30,lab,S6
TTO-08550,boundary,C05,G2,F1,4,1,classroom,60,classroom,S6
TTO-08551,boundary,C01,G1,F3,3,1,classroom,60,classroom,S6
TTO-08551,boundary,C02,G2,F3,3,2,lab,30,lab,S5
TTO-08551,boundary,C03,G1,F3,3,2,classroom,60,classroom,S8
TTO-08551,boundary,C04,G2,F1,3,1,lab,30,lab,S3
TTO-08551,boundary,C05,G1,F3,4,2,lab,30,lab,S7
TTO-08552,boundary,C01,G1,F2,4,1,lab,30,lab,S5
TTO-08552,boundary,C02,G1,F3,3,1,classroom,60,classroom,S10
TTO-08552,boundary,C03,G2,F3,3,2,classroom,60,classroom,S3
TTO-08552,boundary,C04,G1,F3,3,1,lab,30,lab,S5
TTO-08552,boundary,C05,G1,F1,3,2,lab,30,lab,S10
TTO-08553,boundary,C01,G1,F3,3,2,lab,30,lab,S7
TTO-08553,boundary,C02,G2,F2,3,1,lab,30,lab,S8
TTO-08553,boundary,C03,G1,F2,3,1,classroom,60,classroom,S2
TTO-08553,boundary,C04,G1,F1,3,1,classroom,60,classroom,S3
TTO-08553,boundary,C05,G1,F3,4,2,classroom,60,classroom,S10
TTO-08554,boundary,C01,G2,F1,3,2,classroom,60,classroom,S3
TTO-08554,boundary,C02,G1,F3,3,1,lab,30,lab,S7
TTO-08554,boundary,C03,G2,F1,4,2,lab,30,lab,S4
TTO-08554,boundary,C04,G2,F2,4,1,lab,30,lab,S3
TTO-08554,boundary,C05,G2,F1,3,1,classroom,60,classroom,S2
TTO-08555,boundary,C01,G2,F3,4,2,lab,30,lab,S7
TTO-08555,boundary,C02,G2,F1,3,2,lab,30,lab,S10
TTO-08555,boundary,C03,G1,F1,3,2,classroom,60,classroom,S6
TTO-08555,boundary,C04,G2,F2,4,2,classroom,60,classroom,S6
TTO-08555,boundary,C05,G1,F3,4,2,lab,30,lab,S10
TTO-08556,boundary,C01,G2,F1,3,1,lab,30,lab,S1
TTO-08556,boundary,C02,G1,F2,3,1,lab,30,lab,S1
TTO-08556,boundary,C03,G2,F1,3,2,lab,30,lab,S2
TTO-08556,boundary,C04,G1,F1,4,1,lab,30,lab,S10
TTO-08556,boundary,C05,G1,F1,4,1,lab,30,lab,S3
TTO-08557,boundary,C01,G2,F1,3,1,classroom,60,classroom,S5
TTO-08557,boundary,C02,G2,F2,4,1,lab,30,lab,S9
TTO-08557,boundary,C03,G1,F2,3,1,classroom,60,classroom,S6
TTO-08557,boundary,C04,G2,F1,3,2,classroom,60,classroom,S9
TTO-08557,boundary,C05,G1,F1,4,1,lab,30,lab,S9
TTO-08558,boundary,C01,G2,F1,4,1,classroom,60,classroom,S2
TTO-08558,boundary,C02,G1,F1,3,1,lab,30,lab,S10
TTO-08558,boundary,C03,G2,F3,3,2,lab,30,lab,S10
TTO-08558,boundary,C04,G1,F3,4,1,classroom,60,classroom,S9
TTO-08558,boundary,C05,G1,F1,3,2,lab,30,lab,S6
TTO-08559,boundary,C01,G1,F3,4,1,classroom,60,classroom,S4
TTO-08559,boundary,C02,G2,F3,4,2,classroom,60,classroom,S6
TTO-08559,boundary,C03,G1,F2,4,2,classroom,60,classroom,S9
TTO-08559,boundary,C04,G2,F2,4,1,classroom,60,classroom,S10
TTO-08559,boundary,C05,G1,F1,3,1,classroom,60,classroom,S10
TTO-08560,boundary,C01,G1,F2,4,2,classroom,60,classroom,S6
TTO-08560,boundary,C02,G2,F2,3,1,classroom,60,classroom,S8
TTO-08560,boundary,C03,G2,F1,3,2,classroom,60,classroom,S2
TTO-08560,boundary,C04,G2,F3,3,2,classroom,60,classroom,S6
TTO-08560,boundary,C05,G2,F2,4,2,classroom,60,classroom,S5
TTO-08561,boundary,C01,G2,F3,3,2,classroom,60,classroom,S6
TTO-08561,boundary,C02,G1,F2,4,2,lab,30,lab,S10
TTO-08561,boundary,C03,G2,F3,4,1,classroom,60,classroom,S9
TTO-08561,boundary,C04,G2,F2,4,1,lab,30,lab,S5
TTO-08561,boundary,C05,G1,F2,4,1,lab,30,lab,S9
TTO-08562,boundary,C01,G2,F3,4,2,classroom,60,classroom,S1
TTO-08562,boundary,C02,G2,F3,3,1,classroom,60,classroom,S5
TTO-08562,boundary,C03,G2,F3,4,2,lab,30,lab,S1
TTO-08562,boundary,C04,G1,F3,3,2,lab,30,lab,S4
TTO-08562,boundary,C05,G2,F1,4,1,classroom,60,classroom,S5
TTO-08563,boundary,C01,G2,F2,3,2,lab,30,lab,S7
TTO-08563,boundary,C02,G2,F1,3,1,lab,30,lab,S6
TTO-08563,boundary,C03,G1,F3,3,1,lab,30,lab,S2
TTO-08563,boundary,C04,G2,F1,3,2,classroom,60,classroom,S7
TTO-08563,boundary,C05,G2,F3,3,1,lab,30,lab,S4
TTO-08564,boundary,C01,G2,F2,4,2,classroom,60,classroom,S3
TTO-08564,boundary,C02,G2,F1,3,2,lab,30,lab,S1
TTO-08564,boundary,C03,G2,F3,3,1,lab,30,lab,S6
TTO-08564,boundary,C04,G2,F3,3,1,lab,30,lab,S5
TTO-08564,boundary,C05,G1,F2,4,2,classroom,60,classroom,S5
TTO-08565,boundary,C01,G2,F2,4,1,lab,30,lab,S2
TTO-08565,boundary,C02,G2,F1,3,2,classroom,60,classroom,S6
TTO-08565,boundary,C03,G1,F2,3,2,lab,30,lab,S10
TTO-08565,boundary,C04,G1,F2,4,1,lab,30,lab,S1
TTO-08565,boundary,C05,G1,F1,3,2,lab,30,lab,S4
TTO-08566,boundary,C01,G1,F3,4,2,lab,30,lab,S7
TTO-08566,boundary,C02,G2,F2,4,1,lab,30,lab,S1
TTO-08566,boundary,C03,G2,F2,3,1,lab,30,lab,S4
TTO-08566,boundary,C04,G1,F1,3,1,classroom,60,classroom,S9
TTO-08566,boundary,C05,G2,F2,3,2,classroom,60,classroom,S3
TTO-08567,boundary,C01,G2,F2,4,1,lab,30,lab,S3
TTO-08567,boundary,C02,G1,F2,3,2,classroom,60,classroom,S8
TTO-08567,boundary,C03,G2,F1,3,1,classroom,60,classroom,S7
TTO-08567,boundary,C04,G2,F2,4,2,lab,30,lab,S4
TTO-08567,boundary,C05,G2,F3,4,2,classroom,60,classroom,S9
TTO-08568,boundary,C01,G1,F1,3,1,classroom,60,classroom,S5
TTO-08568,boundary,C02,G1,F3,3,2,classroom,60,classroom,S3
TTO-08568,boundary,C03,G2,F3,4,1,classroom,60,classroom,S5
TTO-08568,boundary,C04,G2,F3,4,2,lab,30,lab,S1
TTO-08568,boundary,C05,G1,F3,3,1,lab,30,lab,S8
TTO-08569,boundary,C01,G2,F3,4,1,classroom,60,classroom,S6
TTO-08569,boundary,C02,G1,F3,3,1,classroom,60,classroom,S8
TTO-08569,boundary,C03,G1,F3,4,2,lab,30,lab,S4
TTO-08569,boundary,C04,G1,F2,4,1,classroom,60,classroom,S9
TTO-08569,boundary,C05,G2,F2,4,2,classroom,60,classroom,S3
TTO-08570,boundary,C01,G1,F3,4,1,lab,30,lab,S1
TTO-08570,boundary,C02,G2,F3,4,1,classroom,60,classroom,S6
TTO-08570,boundary,C03,G2,F3,4,1,lab,30,lab,S2
TTO-08570,boundary,C04,G1,F1,3,1,classroom,60,classroom,S5
TTO-08570,boundary,C05,G2,F3,3,1,lab,30,lab,S10
TTO-08571,boundary,C01,G2,F2,4,2,lab,30,lab,S6
TTO-08571,boundary,C02,G2,F2,3,1,lab,30,lab,S10
TTO-08571,boundary,C03,G2,F2,3,2,classroom,60,classroom,S10
TTO-08571,boundary,C04,G2,F1,3,2,lab,30,lab,S9
TTO-08571,boundary,C05,G2,F1,4,2,lab,30,lab,S4
TTO-08572,boundary,C01,G1,F2,4,2,classroom,60,classroom,S7
TTO-08572,boundary,C02,G1,F3,3,1,classroom,60,classroom,S9
TTO-08572,boundary,C03,G2,F2,3,1,classroom,60,classroom,S1
TTO-08572,boundary,C04,G2,F2,4,1,classroom,60,classroom,S5
TTO-08572,boundary,C05,G1,F1,3,1,lab,30,lab,S5
TTO-08573,boundary,C01,G1,F2,4,1,classroom,60,classroom,S2
TTO-08573,boundary,C02,G1,F1,4,1,lab,30,lab,S7
TTO-08573,boundary,C03,G2,F2,4,1,classroom,60,classroom,S8
TTO-08573,boundary,C04,G1,F3,3,1,classroom,60,classroom,S1
TTO-08573,boundary,C05,G2,F2,4,2,classroom,60,classroom,S7
TTO-08574,boundary,C01,G2,F2,3,1,lab,30,lab,S5
TTO-08574,boundary,C02,G2,F3,4,2,lab,30,lab,S9
TTO-08574,boundary,C03,G1,F1,4,2,classroom,60,classroom,S9
TTO-08574,boundary,C04,G1,F2,3,1,lab,30,lab,S10
TTO-08574,boundary,C05,G1,F1,3,2,lab,30,lab,S7
TTO-08575,boundary,C01,G1,F1,4,1,lab,30,lab,S7
TTO-08575,boundary,C02,G2,F1,4,2,lab,30,lab,S2
TTO-08575,boundary,C03,G2,F3,4,1,lab,30,lab,S1
TTO-08575,boundary,C04,G2,F3,3,1,classroom,60,classroom,S1
TTO-08575,boundary,C05,G2,F3,4,1,lab,30,lab,S1
TTO-08576,boundary,C01,G1,F3,3,2,classroom,60,classroom,S4
TTO-08576,boundary,C02,G1,F1,4,1,lab,30,lab,S1
TTO-08576,boundary,C03,G2,F2,3,1,lab,30,lab,S5
TTO-08576,boundary,C04,G2,F2,3,1,lab,30,lab,S3
TTO-08576,boundary,C05,G1,F3,3,2,classroom,60,classroom,S7
TTO-08577,boundary,C01,G2,F3,3,1,lab,30,lab,S4
TTO-08577,boundary,C02,G2,F1,3,2,lab,30,lab,S7
TTO-08577,boundary,C03,G1,F1,4,2,lab,30,lab,S1
TTO-08577,boundary,C04,G1,F3,4,1,classroom,60,classroom,S8
TTO-08577,boundary,C05,G1,F2,4,1,lab,30,lab,S7
TTO-08578,boundary,C01,G2,F3,4,2,classroom,60,classroom,S4
TTO-08578,boundary,C02,G1,F3,4,1,classroom,60,classroom,S1
TTO-08578,boundary,C03,G1,F1,4,1,lab,30,lab,S4
TTO-08578,boundary,C04,G1,F3,4,1,lab,30,lab,S6
TTO-08578,boundary,C05,G1,F2,4,2,lab,30,lab,S9
TTO-08579,boundary,C01,G1,F3,3,2,lab,30,lab,S4
TTO-08579,boundary,C02,G1,F3,4,2,classroom,60,classroom,S7
TTO-08579,boundary,C03,G1,F3,4,2,classroom,60,classroom,S4
TTO-08579,boundary,C04,G2,F1,3,1,lab,30,lab,S4
TTO-08579,boundary,C05,G1,F1,3,2,lab,30,lab,S7
TTO-08580,boundary,C01,G2,F2,4,1,classroom,60,classroom,S9
TTO-08580,boundary,C02,G1,F1,3,2,lab,30,lab,S4
TTO-08580,boundary,C03,G2,F2,4,1,lab,30,lab,S7
TTO-08580,boundary,C04,G2,F2,4,1,classroom,60,classroom,S4
TTO-08580,boundary,C05,G2,F1,4,2,classroom,60,classroom,S6
TTO-08581,boundary,C01,G2,F2,3,1,lab,30,lab,S6
TTO-08581,boundary,C02,G2,F3,4,1,classroom,60,classroom,S5
TTO-08581,boundary,C03,G1,F3,3,1,lab,30,lab,S6
TTO-08581,boundary,C04,G2,F2,4,1,classroom,60,classroom,S2
TTO-08581,boundary,C05,G1,F3,3,1,classroom,60,classroom,S5
TTO-08582,boundary,C01,G2,F1,4,1,lab,30,lab,S9
TTO-08582,boundary,C02,G1,F2,4,2,classroom,60,classroom,S6
TTO-08582,boundary,C03,G1,F3,3,1,classroom,60,classroom,S7
TTO-08582,boundary,C04,G2,F3,3,1,lab,30,lab,S1
TTO-08582,boundary,C05,G1,F2,4,2,lab,30,lab,S9
TTO-08583,boundary,C01,G1,F2,3,1,lab,30,lab,S4
TTO-08583,boundary,C02,G2,F1,4,2,lab,30,lab,S1
TTO-08583,boundary,C03,G2,F2,3,1,classroom,60,classroom,S5
TTO-08583,boundary,C04,G1,F3,4,1,classroom,60,classroom,S5
TTO-08583,boundary,C05,G2,F3,4,2,lab,30,lab,S10
TTO-08584,boundary,C01,G1,F2,3,1,lab,30,lab,S4
TTO-08584,boundary,C02,G1,F3,4,1,lab,30,lab,S6
TTO-08584,boundary,C03,G1,F3,3,1,classroom,60,classroom,S10
TTO-08584,boundary,C04,G2,F3,4,1,classroom,60,classroom,S2
TTO-08584,boundary,C05,G1,F1,4,1,lab,30,lab,S2
TTO-08585,boundary,C01,G1,F3,4,1,lab,30,lab,S4
TTO-08585,boundary,C02,G1,F2,3,1,classroom,60,classroom,S6
TTO-08585,boundary,C03,G2,F2,4,1,lab,30,lab,S2
TTO-08585,boundary,C04,G2,F2,4,2,lab,30,lab,S7
TTO-08585,boundary,C05,G1,F3,3,1,classroom,60,classroom,S1
TTO-08586,boundary,C01,G2,F3,4,1,classroom,60,classroom,S4
TTO-08586,boundary,C02,G2,F1,4,1,classroom,60,classroom,S7
TTO-08586,boundary,C03,G1,F1,4,2,lab,30,lab,S4
TTO-08586,boundary,C04,G2,F2,4,2,lab,30,lab,S2
TTO-08586,boundary,C05,G1,F2,3,1,classroom,60,classroom,S7
TTO-08587,boundary,C01,G1,F3,4,2,lab,30,lab,S5
TTO-08587,boundary,C02,G2,F1,4,2,classroom,60,classroom,S2
TTO-08587,boundary,C03,G1,F3,3,2,lab,30,lab,S2
TTO-08587,boundary,C04,G1,F1,3,1,lab,30,lab,S5
TTO-08587,boundary,C05,G2,F1,4,2,lab,30,lab,S7
TTO-08588,boundary,C01,G1,F2,3,2,classroom,60,classroom,S6
TTO-08588,boundary,C02,G2,F1,3,1,classroom,60,classroom,S4
TTO-08588,boundary,C03,G2,F3,4,2,lab,30,lab,S8
TTO-08588,boundary,C04,G2,F1,3,1,classroom,60,classroom,S3
TTO-08588,boundary,C05,G1,F1,4,2,classroom,60,classroom,S10
TTO-08589,boundary,C01,G1,F2,4,1,classroom,60,classroom,S9
TTO-08589,boundary,C02,G2,F2,3,1,lab,30,lab,S6
TTO-08589,boundary,C03,G1,F1,4,2,lab,30,lab,S5
TTO-08589,boundary,C04,G1,F1,3,2,classroom,60,classroom,S5
TTO-08589,boundary,C05,G2,F3,3,1,classroom,60,classroom,S9
TTO-08590,boundary,C01,G1,F2,4,2,lab,30,lab,S2
TTO-08590,boundary,C02,G1,F1,3,2,classroom,60,classroom,S9
TTO-08590,boundary,C03,G1,F2,4,1,lab,30,lab,S10
TTO-08590,boundary,C04,G2,F2,4,2,classroom,60,classroom,S10
TTO-08590,boundary,C05,G1,F2,3,1,lab,30,lab,S6
TTO-08591,boundary,C01,G1,F2,3,1,classroom,60,classroom,S8
TTO-08591,boundary,C02,G2,F1,3,1,lab,30,lab,S1
TTO-08591,boundary,C03,G1,F1,4,1,lab,30,lab,S2
TTO-08591,boundary,C04,G2,F1,4,2,lab,30,lab,S6
TTO-08591,boundary,C05,G2,F1,4,1,lab,30,lab,S1
TTO-08592,boundary,C01,G1,F2,3,1,classroom,60,classroom,S9
TTO-08592,boundary,C02,G2,F2,4,2,lab,30,lab,S2
TTO-08592,boundary,C03,G1,F2,4,2,classroom,60,classroom,S4
TTO-08592,boundary,C04,G2,F2,3,1,classroom,60,classroom,S3
TTO-08592,boundary,C05,G1,F1,3,2,lab,30,lab,S5
TTO-08593,boundary,C01,G1,F3,4,1,lab,30,lab,S9
TTO-08593,boundary,C02,G2,F1,4,1,lab,30,lab,S1
TTO-08593,boundary,C03,G1,F3,4,1,classroom,60,classroom,S7
TTO-08593,boundary,C04,G1,F3,3,1,classroom,60,classroom,S5
TTO-08593,boundary,C05,G1,F1,4,1,lab,30,lab,S7
TTO-08594,boundary,C01,G2,F3,3,2,classroom,60,classroom,S3
TTO-08594,boundary,C02,G1,F2,3,1,classroom,60,classroom,S6
TTO-08594,boundary,C03,G1,F3,4,1,classroom,60,classroom,S3
TTO-08594,boundary,C04,G1,F2,3,2,lab,30,lab,S4
TTO-08594,boundary,C05,G1,F1,3,2,lab,30,lab,S8
TTO-08595,boundary,C01,G2,F3,4,1,lab,30,lab,S2
TTO-08595,boundary,C02,G1,F1,3,1,classroom,60,classroom,S4
TTO-08595,boundary,C03,G2,F3,4,1,classroom,60,classroom,S10
TTO-08595,boundary,C04,G2,F3,4,1,lab,30,lab,S9
TTO-08595,boundary,C05,G2,F3,3,1,lab,30,lab,S9
TTO-08596,boundary,C01,G2,F1,4,1,classroom,60,classroom,S3
TTO-08596,boundary,C02,G1,F1,3,2,lab,30,lab,S10
TTO-08596,boundary,C03,G2,F1,4,1,lab,30,lab,S8
TTO-08596,boundary,C04,G1,F2,3,1,classroom,60,classroom,S7
TTO-08596,boundary,C05,G2,F1,3,2,classroom,60,classroom,S3
TTO-08597,boundary,C01,G1,F2,3,1,lab,30,lab,S1
TTO-08597,boundary,C02,G1,F2,4,2,lab,30,lab,S10
TTO-08597,boundary,C03,G1,F3,3,1,lab,30,lab,S8
TTO-08597,boundary,C04,G1,F3,4,1,lab,30,lab,S3
TTO-08597,boundary,C05,G2,F1,3,2,lab,30,lab,S4
TTO-08598,boundary,C01,G1,F3,4,1,lab,30,lab,S6
TTO-08598,boundary,C02,G2,F1,4,1,classroom,60,classroom,S4
TTO-08598,boundary,C03,G1,F1,3,2,lab,30,lab,S3
TTO-08598,boundary,C04,G1,F3,4,1,classroom,60,classroom,S10
TTO-08598,boundary,C05,G1,F3,4,1,lab,30,lab,S7
TTO-08599,boundary,C01,G2,F2,4,1,classroom,60,classroom,S1
TTO-08599,boundary,C02,G1,F3,4,2,lab,30,lab,S10
TTO-08599,boundary,C03,G1,F2,3,1,classroom,60,classroom,S8
TTO-08599,boundary,C04,G1,F3,4,2,lab,30,lab,S8
TTO-08599,boundary,C05,G1,F2,3,1,classroom,60,classroom,S10
TTO-08600,boundary,C01,G2,F1,3,2,lab,30,lab,S7
TTO-08600,boundary,C02,G1,F3,4,2,classroom,60,classroom,S9
TTO-08600,boundary,C03,G2,F2,3,1,classroom,60,classroom,S8
TTO-08600,boundary,C04,G2,F3,4,1,classroom,60,classroom,S2
TTO-08600,boundary,C05,G1,F2,3,1,lab,30,lab,S3
TTO-08601,boundary,C01,G2,F2,4,2,lab,30,lab,S2
TTO-08601,boundary,C02,G2,F3,3,1,classroom,60,classroom,S2
TTO-08601,boundary,C03,G1,F2,4,2,lab,30,lab,S5
TTO-08601,boundary,C04,G1,F1,3,2,classroom,60,classroom,S6
TTO-08601,boundary,C05,G2,F1,4,1,lab,30,lab,S9
TTO-08602,boundary,C01,G2,F2,4,2,classroom,60,classroom,S6
TTO-08602,boundary,C02,G2,F1,3,1,lab,30,lab,S4
TTO-08602,boundary,C03,G2,F1,4,1,lab,30,lab,S9
TTO-08602,boundary,C04,G2,F3,3,1,classroom,60,classroom,S2
TTO-08602,boundary,C05,G1,F2,4,2,lab,30,lab,S4
TTO-08603,boundary,C01,G2,F2,3,1,classroom,60,classroom,S7
TTO-08603,boundary,C02,G1,F1,4,2,classroom,60,classroom,S7
TTO-08603,boundary,C03,G1,F2,3,2,lab,30,lab,S7
TTO-08603,boundary,C04,G2,F2,3,1,classroom,60,classroom,S3
TTO-08603,boundary,C05,G2,F1,4,1,lab,30,lab,S4
TTO-08604,boundary,C01,G2,F1,4,1,lab,30,lab,S7
TTO-08604,boundary,C02,G2,F2,3,1,classroom,60,classroom,S4
TTO-08604,boundary,C03,G2,F1,4,2,classroom,60,classroom,S1
TTO-08604,boundary,C04,G2,F1,3,1,classroom,60,classroom,S8
TTO-08604,boundary,C05,G2,F1,3,2,classroom,60,classroom,S4
TTO-08605,boundary,C01,G1,F2,4,1,classroom,60,classroom,S6
TTO-08605,boundary,C02,G1,F1,4,1,classroom,60,classroom,S8
TTO-08605,boundary,C03,G2,F3,3,1,lab,30,lab,S2
TTO-08605,boundary,C04,G2,F3,4,2,classroom,60,classroom,S9
TTO-08605,boundary,C05,G1,F2,3,1,lab,30,lab,S6
TTO-08606,boundary,C01,G1,F2,4,1,lab,30,lab,S5
TTO-08606,boundary,C02,G1,F1,3,2,classroom,60,classroom,S6
TTO-08606,boundary,C03,G2,F3,4,2,classroom,60,classroom,S8
TTO-08606,boundary,C04,G2,F2,4,1,lab,30,lab,S8
TTO-08606,boundary,C05,G1,F1,3,2,lab,30,lab,S3
TTO-08607,boundary,C01,G2,F2,4,2,classroom,60,classroom,S6
TTO-08607,boundary,C02,G2,F2,3,1,classroom,60,classroom,S7
TTO-08607,boundary,C03,G2,F1,4,2,lab,30,lab,S3
TTO-08607,boundary,C04,G2,F2,3,2,classroom,60,classroom,S3
TTO-08607,boundary,C05,G1,F3,3,2,classroom,60,classroom,S4
TTO-08608,boundary,C01,G2,F3,3,1,classroom,60,classroom,S4
TTO-08608,boundary,C02,G2,F2,3,1,lab,30,lab,S4
TTO-08608,boundary,C03,G1,F1,4,1,lab,30,lab,S5
TTO-08608,boundary,C04,G2,F3,4,2,classroom,60,classroom,S3
TTO-08608,boundary,C05,G1,F3,3,1,lab,30,lab,S7
TTO-08609,boundary,C01,G1,F3,3,2,classroom,60,classroom,S6
TTO-08609,boundary,C02,G2,F1,3,2,classroom,60,classroom,S2
TTO-08609,boundary,C03,G2,F2,3,2,classroom,60,classroom,S8
TTO-08609,boundary,C04,G2,F1,4,2,lab,30,lab,S4
TTO-08609,boundary,C05,G1,F3,4,2,lab,30,lab,S3
TTO-08610,boundary,C01,G2,F1,3,2,classroom,60,classroom,S3
TTO-08610,boundary,C02,G1,F2,3,1,lab,30,lab,S4
TTO-08610,boundary,C03,G1,F2,3,1,lab,30,lab,S4
TTO-08610,boundary,C04,G1,F3,4,2,lab,30,lab,S1
TTO-08610,boundary,C05,G2,F1,4,1,classroom,60,classroom,S4
TTO-08611,boundary,C01,G1,F3,3,1,classroom,60,classroom,S3
TTO-08611,boundary,C02,G1,F1,3,2,lab,30,lab,S1
TTO-08611,boundary,C03,G2,F1,4,1,lab,30,lab,S8
TTO-08611,boundary,C04,G1,F3,4,2,lab,30,lab,S10
TTO-08611,boundary,C05,G2,F1,4,2,classroom,60,classroom,S8
TTO-08612,boundary,C01,G1,F1,3,2,lab,30,lab,S7
TTO-08612,boundary,C02,G1,F3,3,2,classroom,60,classroom,S4
TTO-08612,boundary,C03,G2,F3,4,2,classroom,60,classroom,S9
TTO-08612,boundary,C04,G2,F3,4,1,classroom,60,classroom,S1
TTO-08612,boundary,C05,G1,F1,3,2,lab,30,lab,S10
TTO-08613,boundary,C01,G1,F3,3,2,classroom,60,classroom,S10
TTO-08613,boundary,C02,G1,F1,3,1,classroom,60,classroom,S2
TTO-08613,boundary,C03,G1,F3,3,1,classroom,60,classroom,S8
TTO-08613,boundary,C04,G2,F3,3,1,lab,30,lab,S3
TTO-08613,boundary,C05,G2,F1,4,2,classroom,60,classroom,S7
TTO-08614,boundary,C01,G1,F3,4,2,lab,30,lab,S8
TTO-08614,boundary,C02,G2,F3,3,1,lab,30,lab,S7
TTO-08614,boundary,C03,G2,F2,3,2,lab,30,lab,S4
TTO-08614,boundary,C04,G1,F1,3,2,classroom,60,classroom,S10
TTO-08614,boundary,C05,G1,F2,3,2,lab,30,lab,S2
TTO-08615,boundary,C01,G2,F3,4,2,classroom,60,classroom,S9
TTO-08615,boundary,C02,G2,F3,3,1,lab,30,lab,S9
TTO-08615,boundary,C03,G1,F2,3,1,lab,30,lab,S1
TTO-08615,boundary,C04,G1,F1,3,2,classroom,60,classroom,S2
TTO-08615,boundary,C05,G1,F1,3,2,lab,30,lab,S8
TTO-08616,boundary,C01,G1,F3,4,2,classroom,60,classroom,S9
TTO-08616,boundary,C02,G1,F1,4,1,classroom,60,classroom,S5
TTO-08616,boundary,C03,G2,F3,4,2,lab,30,lab,S7
TTO-08616,boundary,C04,G2,F3,3,1,classroom,60,classroom,S10
TTO-08616,boundary,C05,G1,F3,3,1,classroom,60,classroom,S2
TTO-08617,boundary,C01,G2,F3,4,1,classroom,60,classroom,S6
TTO-08617,boundary,C02,G2,F1,3,1,classroom,60,classroom,S6
TTO-08617,boundary,C03,G1,F2,3,1,lab,30,lab,S8
TTO-08617,boundary,C04,G2,F1,4,1,classroom,60,classroom,S6
TTO-08617,boundary,C05,G2,F1,4,1,classroom,60,classroom,S6
TTO-08618,boundary,C01,G2,F1,3,1,classroom,60,classroom,S10
TTO-08618,boundary,C02,G2,F2,4,2,lab,30,lab,S8
TTO-08618,boundary,C03,G2,F3,3,1,classroom,60,classroom,S4
TTO-08618,boundary,C04,G2,F1,4,1,lab,30,lab,S9
TTO-08618,boundary,C05,G2,F1,4,1,lab,30,lab,S2
TTO-08619,boundary,C01,G2,F2,4,2,lab,30,lab,S7
TTO-08619,boundary,C02,G1,F1,3,2,lab,30,lab,S6
TTO-08619,boundary,C03,G2,F3,4,2,lab,30,lab,S9
TTO-08619,boundary,C04,G1,F1,3,1,classroom,60,classroom,S4
TTO-08619,boundary,C05,G1,F3,4,1,classroom,60,classroom,S9
TTO-08620,boundary,C01,G2,F2,3,2,lab,30,lab,S9
TTO-08620,boundary,C02,G2,F3,3,1,classroom,60,classroom,S9
TTO-08620,boundary,C03,G1,F1,3,1,classroom,60,classroom,S2
TTO-08620,boundary,C04,G1,F2,4,1,classroom,60,classroom,S5
TTO-08620,boundary,C05,G2,F3,3,2,lab,30,lab,S3
TTO-08621,boundary,C01,G2,F2,3,2,lab,30,lab,S9
TTO-08621,boundary,C02,G2,F2,4,1,lab,30,lab,S4
TTO-08621,boundary,C03,G1,F1,4,2,lab,30,lab,S7
TTO-08621,boundary,C04,G1,F2,4,2,lab,30,lab,S9
TTO-08621,boundary,C05,G2,F2,4,2,classroom,60,classroom,S3
TTO-08622,boundary,C01,G1,F2,4,1,classroom,60,classroom,S7
TTO-08622,boundary,C02,G2,F2,3,2,lab,30,lab,S3
TTO-08622,boundary,C03,G2,F3,4,2,classroom,60,classroom,S2
TTO-08622,boundary,C04,G2,F1,3,1,classroom,60,classroom,S1
TTO-08622,boundary,C05,G1,F1,3,1,classroom,60,classroom,S1
TTO-08623,boundary,C01,G2,F2,4,1,lab,30,lab,S1
TTO-08623,boundary,C02,G1,F3,4,2,classroom,60,classroom,S10
TTO-08623,boundary,C03,G1,F1,3,2,lab,30,lab,S2
TTO-08623,boundary,C04,G1,F1,3,1,lab,30,lab,S7
TTO-08623,boundary,C05,G1,F1,4,1,lab,30,lab,S4
TTO-08624,boundary,C01,G1,F3,4,1,lab,30,lab,S7
TTO-08624,boundary,C02,G1,F3,4,1,lab,30,lab,S6
TTO-08624,boundary,C03,G2,F2,3,1,lab,30,lab,S4
TTO-08624,boundary,C04,G2,F3,3,1,classroom,60,classroom,S2
TTO-08624,boundary,C05,G2,F1,3,2,lab,30,lab,S6
TTO-08625,boundary,C01,G2,F2,3,2,lab,30,lab,S4
TTO-08625,boundary,C02,G1,F1,4,1,classroom,60,classroom,S6
TTO-08625,boundary,C03,G1,F3,3,1,lab,30,lab,S1
TTO-08625,boundary,C04,G2,F2,4,2,lab,30,lab,S7
TTO-08625,boundary,C05,G2,F2,3,2,classroom,60,classroom,S9
TTO-08626,boundary,C01,G1,F1,3,1,classroom,60,classroom,S8
TTO-08626,boundary,C02,G2,F1,3,1,lab,30,lab,S6
TTO-08626,boundary,C03,G2,F1,3,2,classroom,60,classroom,S2
TTO-08626,boundary,C04,G1,F1,4,1,classroom,60,classroom,S10
TTO-08626,boundary,C05,G1,F3,3,2,lab,30,lab,S4
TTO-08627,boundary,C01,G1,F2,3,1,classroom,60,classroom,S6
TTO-08627,boundary,C02,G2,F1,3,2,lab,30,lab,S5
TTO-08627,boundary,C03,G1,F2,4,2,classroom,60,classroom,S3
TTO-08627,boundary,C04,G2,F1,3,1,lab,30,lab,S5
TTO-08627,boundary,C05,G2,F1,3,1,classroom,60,classroom,S7
TTO-08628,boundary,C01,G2,F1,4,1,classroom,60,classroom,S10
TTO-08628,boundary,C02,G2,F2,3,1,lab,30,lab,S1
TTO-08628,boundary,C03,G1,F3,4,2,classroom,60,classroom,S3
TTO-08628,boundary,C04,G2,F2,3,1,lab,30,lab,S1
TTO-08628,boundary,C05,G1,F3,4,2,classroom,60,classroom,S9
TTO-08629,boundary,C01,G1,F3,3,1,lab,30,lab,S8
TTO-08629,boundary,C02,G2,F2,3,1,lab,30,lab,S7
TTO-08629,boundary,C03,G1,F2,3,2,lab,30,lab,S9
TTO-08629,boundary,C04,G2,F3,4,1,lab,30,lab,S7
TTO-08629,boundary,C05,G1,F1,3,2,lab,30,lab,S3
TTO-08630,boundary,C01,G2,F2,3,1,classroom,60,classroom,S8
TTO-08630,boundary,C02,G2,F3,3,1,classroom,60,classroom,S5
TTO-08630,boundary,C03,G2,F2,4,1,lab,30,lab,S8
TTO-08630,boundary,C04,G1,F3,4,1,lab,30,lab,S2
TTO-08630,boundary,C05,G1,F3,3,1,lab,30,lab,S2
TTO-08631,boundary,C01,G2,F3,4,2,lab,30,lab,S8
TTO-08631,boundary,C02,G2,F1,4,1,classroom,60,classroom,S1
TTO-08631,boundary,C03,G1,F3,3,2,classroom,60,classroom,S5
TTO-08631,boundary,C04,G1,F2,3,2,lab,30,lab,S2
TTO-08631,boundary,C05,G2,F3,3,2,lab,30,lab,S5
TTO-08632,boundary,C01,G2,F3,4,1,classroom,60,classroom,S3
TTO-08632,boundary,C02,G1,F3,4,2,lab,30,lab,S8
TTO-08632,boundary,C03,G2,F1,4,2,lab,30,lab,S10
TTO-08632,boundary,C04,G1,F2,4,1,classroom,60,classroom,S2
TTO-08632,boundary,C05,G1,F2,4,1,lab,30,lab,S9
TTO-08633,boundary,C01,G1,F1,4,2,classroom,60,classroom,S7
TTO-08633,boundary,C02,G2,F1,3,2,classroom,60,classroom,S5
TTO-08633,boundary,C03,G1,F3,4,2,lab,30,lab,S1
TTO-08633,boundary,C04,G1,F1,4,2,lab,30,lab,S2
TTO-08633,boundary,C05,G1,F2,3,2,classroom,60,classroom,S8
TTO-08634,boundary,C01,G2,F1,3,2,lab,30,lab,S6
TTO-08634,boundary,C02,G1,F2,3,2,classroom,60,classroom,S5
TTO-08634,boundary,C03,G1,F3,3,2,lab,30,lab,S9
TTO-08634,boundary,C04,G1,F1,4,2,classroom,60,classroom,S6
TTO-08634,boundary,C05,G2,F3,4,1,classroom,60,classroom,S8
TTO-08635,boundary,C01,G1,F3,3,2,classroom,60,classroom,S10
TTO-08635,boundary,C02,G2,F2,4,1,classroom,60,classroom,S8
TTO-08635,boundary,C03,G1,F3,4,1,classroom,60,classroom,S9
TTO-08635,boundary,C04,G2,F3,3,2,lab,30,lab,S9
TTO-08635,boundary,C05,G2,F1,4,1,lab,30,lab,S6
TTO-08636,boundary,C01,G1,F2,3,1,classroom,60,classroom,S3
TTO-08636,boundary,C02,G2,F3,4,1,lab,30,lab,S4
TTO-08636,boundary,C03,G2,F3,4,1,lab,30,lab,S4
TTO-08636,boundary,C04,G2,F3,3,1,classroom,60,classroom,S3
TTO-08636,boundary,C05,G1,F1,3,2,classroom,60,classroom,S9
TTO-08637,boundary,C01,G2,F1,4,2,lab,30,lab,S8
TTO-08637,boundary,C02,G1,F2,3,1,lab,30,lab,S2
TTO-08637,boundary,C03,G2,F1,4,1,classroom,60,classroom,S2
TTO-08637,boundary,C04,G2,F1,3,1,lab,30,lab,S2
TTO-08637,boundary,C05,G1,F2,3,1,lab,30,lab,S7
TTO-08638,boundary,C01,G2,F1,4,2,lab,30,lab,S4
TTO-08638,boundary,C02,G1,F3,3,2,classroom,60,classroom,S6
TTO-08638,boundary,C03,G1,F3,3,2,classroom,60,classroom,S3
TTO-08638,boundary,C04,G2,F3,4,2,lab,30,lab,S4
TTO-08638,boundary,C05,G1,F2,4,2,classroom,60,classroom,S1
TTO-08639,boundary,C01,G2,F2,3,1,classroom,60,classroom,S6
TTO-08639,boundary,C02,G2,F1,3,2,classroom,60,classroom,S6
TTO-08639,boundary,C03,G1,F3,4,1,classroom,60,classroom,S2
TTO-08639,boundary,C04,G1,F3,4,1,lab,30,lab,S2
TTO-08639,boundary,C05,G1,F1,3,1,classroom,60,classroom,S9
TTO-08640,boundary,C01,G2,F2,3,1,classroom,60,classroom,S5
TTO-08640,boundary,C02,G1,F2,3,2,classroom,60,classroom,S1
TTO-08640,boundary,C03,G1,F3,3,2,lab,30,lab,S8
TTO-08640,boundary,C04,G2,F1,4,2,lab,30,lab,S10
TTO-08640,boundary,C05,G1,F2,3,1,classroom,60,classroom,S9
TTO-08641,boundary,C01,G2,F3,3,2,classroom,60,classroom,S5
TTO-08641,boundary,C02,G2,F2,4,1,classroom,60,classroom,S6
TTO-08641,boundary,C03,G2,F2,3,1,classroom,60,classroom,S6
TTO-08641,boundary,C04,G1,F3,4,1,lab,30,lab,S4
TTO-08641,boundary,C05,G1,F3,3,1,classroom,60,classroom,S8
TTO-08642,boundary,C01,G1,F3,3,1,classroom,60,classroom,S5
TTO-08642,boundary,C02,G1,F3,4,1,lab,30,lab,S6
TTO-08642,boundary,C03,G2,F2,4,1,lab,30,lab,S1
TTO-08642,boundary,C04,G1,F1,4,1,classroom,60,classroom,S2
TTO-08642,boundary,C05,G1,F1,3,2,classroom,60,classroom,S2
TTO-08643,boundary,C01,G2,F3,3,2,classroom,60,classroom,S8
TTO-08643,boundary,C02,G1,F2,4,1,classroom,60,classroom,S7
TTO-08643,boundary,C03,G2,F1,3,2,lab,30,lab,S7
TTO-08643,boundary,C04,G1,F1,4,2,lab,30,lab,S10
TTO-08643,boundary,C05,G1,F1,4,2,classroom,60,classroom,S6
TTO-08644,boundary,C01,G1,F3,3,1,classroom,60,classroom,S10
TTO-08644,boundary,C02,G2,F1,4,2,classroom,60,classroom,S7
TTO-08644,boundary,C03,G1,F3,4,1,lab,30,lab,S9
TTO-08644,boundary,C04,G2,F3,4,1,lab,30,lab,S3
TTO-08644,boundary,C05,G1,F3,3,1,classroom,60,classroom,S3
TTO-08645,boundary,C01,G2,F1,4,1,classroom,60,classroom,S9
TTO-08645,boundary,C02,G2,F2,3,1,lab,30,lab,S3
TTO-08645,boundary,C03,G2,F2,3,1,classroom,60,classroom,S2
TTO-08645,boundary,C04,G1,F2,4,1,lab,30,lab,S5
TTO-08645,boundary,C05,G2,F2,4,2,classroom,60,classroom,S9
TTO-08646,boundary,C01,G1,F1,4,2,classroom,60,classroom,S2
TTO-08646,boundary,C02,G1,F2,4,2,classroom,60,classroom,S8
TTO-08646,boundary,C03,G2,F1,4,2,lab,30,lab,S2
TTO-08646,boundary,C04,G1,F1,4,2,lab,30,lab,S6
TTO-08646,boundary,C05,G1,F2,4,2,classroom,60,classroom,S10
TTO-08647,boundary,C01,G1,F3,3,1,lab,30,lab,S5
TTO-08647,boundary,C02,G1,F1,4,2,classroom,60,classroom,S10
TTO-08647,boundary,C03,G2,F3,3,1,classroom,60,classroom,S9
TTO-08647,boundary,C04,G2,F2,4,2,lab,30,lab,S2
TTO-08647,boundary,C05,G1,F3,4,1,classroom,60,classroom,S3
TTO-08648,boundary,C01,G2,F3,4,1,lab,30,lab,S10
TTO-08648,boundary,C02,G1,F1,4,2,classroom,60,classroom,S5
TTO-08648,boundary,C03,G2,F1,4,1,lab,30,lab,S10
TTO-08648,boundary,C04,G2,F1,3,2,lab,30,lab,S9
TTO-08648,boundary,C05,G2,F1,4,1,classroom,60,classroom,S5
TTO-08649,boundary,C01,G1,F3,3,1,classroom,60,classroom,S5
TTO-08649,boundary,C02,G1,F3,3,1,lab,30,lab,S7
TTO-08649,boundary,C03,G2,F3,4,2,classroom,60,classroom,S7
TTO-08649,boundary,C04,G1,F1,3,1,lab,30,lab,S10
TTO-08649,boundary,C05,G2,F2,4,2,classroom,60,classroom,S8
TTO-08650,boundary,C01,G2,F1,4,1,classroom,60,classroom,S9
TTO-08650,boundary,C02,G2,F2,3,2,classroom,60,classroom,S1
TTO-08650,boundary,C03,G1,F1,4,2,classroom,60,classroom,S8
TTO-08650,boundary,C04,G1,F2,3,1,classroom,60,classroom,S3
TTO-08650,boundary,C05,G2,F2,3,1,classroom,60,classroom,S2
TTO-08651,boundary,C01,G2,F3,4,1,classroom,60,classroom,S4
TTO-08651,boundary,C02,G1,F2,4,1,classroom,60,classroom,S6
TTO-08651,boundary,C03,G1,F2,3,2,lab,30,lab,S9
TTO-08651,boundary,C04,G2,F3,3,2,lab,30,lab,S8
TTO-08651,boundary,C05,G1,F2,3,2,lab,30,lab,S5
TTO-08652,boundary,C01,G2,F2,3,2,classroom,60,classroom,S3
TTO-08652,boundary,C02,G2,F2,4,1,lab,30,lab,S9
TTO-08652,boundary,C03,G1,F1,3,2,classroom,60,classroom,S5
TTO-08652,boundary,C04,G2,F1,4,1,classroom,60,classroom,S3
TTO-08652,boundary,C05,G2,F1,4,2,classroom,60,classroom,S3
TTO-08653,boundary,C01,G1,F2,3,2,lab,30,lab,S1
TTO-08653,boundary,C02,G1,F3,3,1,classroom,60,classroom,S7
TTO-08653,boundary,C03,G2,F3,3,2,lab,30,lab,S3
TTO-08653,boundary,C04,G2,F3,3,2,classroom,60,classroom,S3
TTO-08653,boundary,C05,G2,F3,4,1,classroom,60,classroom,S7
TTO-08654,boundary,C01,G2,F3,4,2,classroom,60,classroom,S4
TTO-08654,boundary,C02,G1,F3,3,1,classroom,60,classroom,S3
TTO-08654,boundary,C03,G2,F3,3,2,classroom,60,classroom,S1
TTO-08654,boundary,C04,G2,F3,3,2,classroom,60,classroom,S7
TTO-08654,boundary,C05,G2,F1,4,1,lab,30,lab,S5
TTO-08655,boundary,C01,G1,F1,3,1,classroom,60,classroom,S5
TTO-08655,boundary,C02,G1,F1,3,1,classroom,60,classroom,S7
TTO-08655,boundary,C03,G2,F1,4,1,lab,30,lab,S10
TTO-08655,boundary,C04,G1,F3,4,1,classroom,60,classroom,S5
TTO-08655,boundary,C05,G2,F2,3,1,classroom,60,classroom,S3
TTO-08656,boundary,C01,G2,F3,4,2,lab,30,lab,S6
TTO-08656,boundary,C02,G1,F2,4,1,classroom,60,classroom,S1
TTO-08656,boundary,C03,G1,F1,4,2,lab,30,lab,S5
TTO-08656,boundary,C04,G1,F1,4,1,classroom,60,classroom,S9
TTO-08656,boundary,C05,G2,F1,4,2,lab,30,lab,S5
TTO-08657,boundary,C01,G2,F1,4,1,lab,30,lab,S6
TTO-08657,boundary,C02,G2,F3,4,2,lab,30,lab,S9
TTO-08657,boundary,C03,G2,F1,3,2,lab,30,lab,S8
TTO-08657,boundary,C04,G1,F2,4,1,classroom,60,classroom,S6
TTO-08657,boundary,C05,G2,F1,3,2,lab,30,lab,S5
TTO-08658,boundary,C01,G2,F3,4,2,classroom,60,classroom,S2
TTO-08658,boundary,C02,G2,F3,4,1,lab,30,lab,S5
TTO-08658,boundary,C03,G2,F1,3,1,classroom,60,classroom,S3
TTO-08658,boundary,C04,G1,F2,4,1,lab,30,lab,S5
TTO-08658,boundary,C05,G1,F1,4,1,lab,30,lab,S4
TTO-08659,boundary,C01,G2,F3,3,1,classroom,60,classroom,S4
TTO-08659,boundary,C02,G1,F1,3,2,lab,30,lab,S6
TTO-08659,boundary,C03,G2,F2,4,1,lab,30,lab,S7
TTO-08659,boundary,C04,G1,F2,4,1,lab,30,lab,S6
TTO-08659,boundary,C05,G2,F1,3,1,lab,30,lab,S8
TTO-08660,boundary,C01,G1,F2,3,2,classroom,60,classroom,S6
TTO-08660,boundary,C02,G2,F1,3,1,lab,30,lab,S4
TTO-08660,boundary,C03,G2,F2,3,1,classroom,60,classroom,S9
TTO-08660,boundary,C04,G2,F1,3,2,lab,30,lab,S10
TTO-08660,boundary,C05,G1,F2,3,2,classroom,60,classroom,S5
TTO-08661,boundary,C01,G2,F1,4,2,classroom,60,classroom,S10
TTO-08661,boundary,C02,G1,F2,3,1,classroom,60,classroom,S5
TTO-08661,boundary,C03,G2,F2,4,2,classroom,60,classroom,S7
TTO-08661,boundary,C04,G1,F2,4,1,lab,30,lab,S4
TTO-08661,boundary,C05,G1,F1,4,2,classroom,60,classroom,S8
TTO-08662,boundary,C01,G2,F3,3,1,classroom,60,classroom,S10
TTO-08662,boundary,C02,G1,F1,4,1,classroom,60,classroom,S3
TTO-08662,boundary,C03,G1,F3,3,1,classroom,60,classroom,S9
TTO-08662,boundary,C04,G2,F2,4,2,lab,30,lab,S6
TTO-08662,boundary,C05,G2,F2,4,1,classroom,60,classroom,S10
TTO-08663,boundary,C01,G1,F2,4,2,classroom,60,classroom,S1
TTO-08663,boundary,C02,G2,F2,3,1,lab,30,lab,S2
TTO-08663,boundary,C03,G2,F1,3,2,lab,30,lab,S10
TTO-08663,boundary,C04,G2,F3,3,1,lab,30,lab,S10
TTO-08663,boundary,C05,G1,F1,3,2,classroom,60,classroom,S7
TTO-08664,boundary,C01,G1,F1,3,1,lab,30,lab,S5
TTO-08664,boundary,C02,G1,F1,3,2,classroom,60,classroom,S4
TTO-08664,boundary,C03,G2,F1,3,1,lab,30,lab,S6
TTO-08664,boundary,C04,G2,F2,3,2,classroom,60,classroom,S3
TTO-08664,boundary,C05,G1,F1,3,1,lab,30,lab,S10
TTO-08665,boundary,C01,G2,F3,4,1,classroom,60,classroom,S8
TTO-08665,boundary,C02,G1,F2,3,1,lab,30,lab,S10
TTO-08665,boundary,C03,G2,F2,4,2,lab,30,lab,S2
TTO-08665,boundary,C04,G1,F2,4,1,lab,30,lab,S10
TTO-08665,boundary,C05,G1,F1,3,2,classroom,60,classroom,S7
TTO-08666,boundary,C01,G2,F3,4,1,classroom,60,classroom,S1
TTO-08666,boundary,C02,G1,F1,4,1,lab,30,lab,S5
TTO-08666,boundary,C03,G2,F1,3,2,classroom,60,classroom,S4
TTO-08666,boundary,C04,G2,F3,3,2,lab,30,lab,S2
TTO-08666,boundary,C05,G2,F2,4,2,classroom,60,classroom,S1
TTO-08667,boundary,C01,G1,F1,4,2,lab,30,lab,S1
TTO-08667,boundary,C02,G1,F2,3,2,lab,30,lab,S3
TTO-08667,boundary,C03,G2,F2,3,1,lab,30,lab,S8
TTO-08667,boundary,C04,G2,F2,4,1,lab,30,lab,S1
TTO-08667,boundary,C05,G2,F1,3,1,classroom,60,classroom,S2
TTO-08668,boundary,C01,G1,F3,3,2,classroom,60,classroom,S1
TTO-08668,boundary,C02,G2,F2,3,1,classroom,60,classroom,S2
TTO-08668,boundary,C03,G1,F1,4,2,classroom,60,classroom,S2
TTO-08668,boundary,C04,G1,F2,4,2,lab,30,lab,S6
TTO-08668,boundary,C05,G1,F3,3,2,lab,30,lab,S9
TTO-08669,boundary,C01,G1,F1,4,2,lab,30,lab,S1
TTO-08669,boundary,C02,G2,F2,4,2,classroom,60,classroom,S2
TTO-08669,boundary,C03,G1,F1,3,2,lab,30,lab,S1
TTO-08669,boundary,C04,G2,F3,3,1,lab,30,lab,S10
TTO-08669,boundary,C05,G1,F3,3,2,classroom,60,classroom,S4
TTO-08670,boundary,C01,G1,F2,4,1,lab,30,lab,S7
TTO-08670,boundary,C02,G1,F3,4,1,lab,30,lab,S10
TTO-08670,boundary,C03,G1,F1,4,1,lab,30,lab,S3
TTO-08670,boundary,C04,G2,F3,3,2,lab,30,lab,S7
TTO-08670,boundary,C05,G2,F3,3,1,lab,30,lab,S1
TTO-08671,boundary,C01,G1,F2,3,2,classroom,60,classroom,S1
TTO-08671,boundary,C02,G1,F1,4,2,classroom,60,classroom,S7
TTO-08671,boundary,C03,G1,F3,4,1,classroom,60,classroom,S9
TTO-08671,boundary,C04,G1,F2,4,2,lab,30,lab,S3
TTO-08671,boundary,C05,G1,F2,4,2,lab,30,lab,S3
TTO-08672,boundary,C01,G1,F3,3,1,lab,30,lab,S4
TTO-08672,boundary,C02,G1,F2,4,2,lab,30,lab,S9
TTO-08672,boundary,C03,G1,F2,3,1,lab,30,lab,S7
TTO-08672,boundary,C04,G2,F2,4,2,classroom,60,classroom,S4
TTO-08672,boundary,C05,G1,F2,3,2,lab,30,lab,S8
TTO-08673,boundary,C01,G2,F1,3,2,classroom,60,classroom,S7
TTO-08673,boundary,C02,G1,F1,4,2,classroom,60,classroom,S2
TTO-08673,boundary,C03,G1,F2,3,2,lab,30,lab,S2
TTO-08673,boundary,C04,G2,F2,3,2,classroom,60,classroom,S9
TTO-08673,boundary,C05,G1,F3,4,1,lab,30,lab,S8
TTO-08674,boundary,C01,G2,F1,3,1,classroom,60,classroom,S8
TTO-08674,boundary,C02,G2,F3,3,2,classroom,60,classroom,S7
TTO-08674,boundary,C03,G2,F1,3,1,classroom,60,classroom,S3
TTO-08674,boundary,C04,G1,F1,3,1,classroom,60,classroom,S9
TTO-08674,boundary,C05,G2,F1,4,2,classroom,60,classroom,S10
TTO-08675,boundary,C01,G2,F3,4,2,classroom,60,classroom,S1
TTO-08675,boundary,C02,G1,F1,3,1,lab,30,lab,S4
TTO-08675,boundary,C03,G2,F1,4,1,classroom,60,classroom,S3
TTO-08675,boundary,C04,G1,F2,4,1,lab,30,lab,S6
TTO-08675,boundary,C05,G2,F1,4,1,lab,30,lab,S10
TTO-08676,boundary,C01,G2,F1,4,2,classroom,60,classroom,S9
TTO-08676,boundary,C02,G1,F2,4,1,lab,30,lab,S2
TTO-08676,boundary,C03,G1,F2,3,1,lab,30,lab,S6
TTO-08676,boundary,C04,G1,F1,3,1,classroom,60,classroom,S4
TTO-08676,boundary,C05,G1,F1,3,1,lab,30,lab,S7
TTO-08677,boundary,C01,G2,F3,3,2,lab,30,lab,S8
TTO-08677,boundary,C02,G1,F1,3,2,lab,30,lab,S7
TTO-08677,boundary,C03,G1,F1,4,1,classroom,60,classroom,S1
TTO-08677,boundary,C04,G1,F2,4,1,classroom,60,classroom,S10
TTO-08677,boundary,C05,G2,F2,4,2,lab,30,lab,S10
TTO-08678,boundary,C01,G1,F1,3,2,lab,30,lab,S1
TTO-08678,boundary,C02,G1,F3,4,1,classroom,60,classroom,S9
TTO-08678,boundary,C03,G1,F2,3,1,classroom,60,classroom,S5
TTO-08678,boundary,C04,G1,F2,4,1,lab,30,lab,S7
TTO-08678,boundary,C05,G1,F1,4,1,lab,30,lab,S5
TTO-08679,boundary,C01,G1,F1,3,2,lab,30,lab,S9
TTO-08679,boundary,C02,G2,F2,3,1,lab,30,lab,S1
TTO-08679,boundary,C03,G1,F1,3,1,lab,30,lab,S4
TTO-08679,boundary,C04,G2,F2,3,2,classroom,60,classroom,S7
TTO-08679,boundary,C05,G1,F3,4,2,lab,30,lab,S4
TTO-08680,boundary,C01,G1,F2,3,2,classroom,60,classroom,S10
TTO-08680,boundary,C02,G2,F3,4,2,lab,30,lab,S9
TTO-08680,boundary,C03,G1,F2,4,2,lab,30,lab,S7
TTO-08680,boundary,C04,G1,F1,4,1,lab,30,lab,S4
TTO-08680,boundary,C05,G1,F1,3,2,lab,30,lab,S8
TTO-08681,boundary,C01,G1,F3,3,1,classroom,60,classroom,S6
TTO-08681,boundary,C02,G2,F1,4,2,lab,30,lab,S2
TTO-08681,boundary,C03,G1,F2,3,2,classroom,60,classroom,S3
TTO-08681,boundary,C04,G2,F1,3,2,classroom,60,classroom,S8
TTO-08681,boundary,C05,G2,F3,3,1,lab,30,lab,S3
TTO-08682,boundary,C01,G2,F1,4,1,lab,30,lab,S7
TTO-08682,boundary,C02,G2,F3,4,2,lab,30,lab,S2
TTO-08682,boundary,C03,G1,F2,4,1,lab,30,lab,S3
TTO-08682,boundary,C04,G2,F1,3,1,classroom,60,classroom,S5
TTO-08682,boundary,C05,G2,F2,3,1,lab,30,lab,S10
TTO-08683,boundary,C01,G2,F2,3,1,classroom,60,classroom,S5
TTO-08683,boundary,C02,G1,F3,4,2,lab,30,lab,S10
TTO-08683,boundary,C03,G2,F1,4,2,classroom,60,classroom,S5
TTO-08683,boundary,C04,G2,F1,3,1,lab,30,lab,S10
TTO-08683,boundary,C05,G1,F3,4,1,classroom,60,classroom,S5
TTO-08684,boundary,C01,G2,F3,4,2,lab,30,lab,S5
TTO-08684,boundary,C02,G1,F1,4,2,lab,30,lab,S10
TTO-08684,boundary,C03,G1,F1,3,1,lab,30,lab,S1
TTO-08684,boundary,C04,G2,F1,3,2,classroom,60,classroom,S8
TTO-08684,boundary,C05,G2,F3,4,1,classroom,60,classroom,S9
TTO-08685,boundary,C01,G1,F1,4,2,classroom,60,classroom,S2
TTO-08685,boundary,C02,G1,F2,3,1,classroom,60,classroom,S3
TTO-08685,boundary,C03,G2,F1,4,2,classroom,60,classroom,S10
TTO-08685,boundary,C04,G2,F3,4,1,classroom,60,classroom,S6
TTO-08685,boundary,C05,G1,F2,4,1,lab,30,lab,S9
TTO-08686,boundary,C01,G1,F1,3,2,lab,30,lab,S6
TTO-08686,boundary,C02,G1,F3,3,1,classroom,60,classroom,S1
TTO-08686,boundary,C03,G1,F1,4,1,lab,30,lab,S7
TTO-08686,boundary,C04,G2,F3,3,2,lab,30,lab,S10
TTO-08686,boundary,C05,G2,F1,3,2,lab,30,lab,S6
TTO-08687,boundary,C01,G1,F3,4,2,lab,30,lab,S4
TTO-08687,boundary,C02,G1,F1,3,1,classroom,60,classroom,S3
TTO-08687,boundary,C03,G2,F3,3,2,lab,30,lab,S9
TTO-08687,boundary,C04,G1,F3,3,2,lab,30,lab,S3
TTO-08687,boundary,C05,G1,F2,3,2,classroom,60,classroom,S1
TTO-08688,boundary,C01,G2,F2,3,2,lab,30,lab,S1
TTO-08688,boundary,C02,G2,F3,3,2,lab,30,lab,S6
TTO-08688,boundary,C03,G1,F1,3,2,classroom,60,classroom,S4
TTO-08688,boundary,C04,G2,F2,4,1,lab,30,lab,S1
TTO-08688,boundary,C05,G2,F2,4,2,lab,30,lab,S7
TTO-08689,boundary,C01,G1,F2,4,1,classroom,60,classroom,S9
TTO-08689,boundary,C02,G1,F3,3,2,lab,30,lab,S4
TTO-08689,boundary,C03,G1,F1,4,1,classroom,60,classroom,S7
TTO-08689,boundary,C04,G1,F3,3,2,classroom,60,classroom,S4
TTO-08689,boundary,C05,G2,F1,4,2,classroom,60,classroom,S10
TTO-08690,boundary,C01,G2,F2,4,2,classroom,60,classroom,S10
TTO-08690,boundary,C02,G1,F1,3,2,lab,30,lab,S10
TTO-08690,boundary,C03,G1,F1,4,1,classroom,60,classroom,S3
TTO-08690,boundary,C04,G2,F1,3,1,classroom,60,classroom,S8
TTO-08690,boundary,C05,G1,F1,4,1,classroom,60,classroom,S2
TTO-08691,boundary,C01,G1,F1,4,1,lab,30,lab,S1
TTO-08691,boundary,C02,G1,F3,4,2,classroom,60,classroom,S4
TTO-08691,boundary,C03,G1,F1,4,1,classroom,60,classroom,S6
TTO-08691,boundary,C04,G2,F2,3,1,lab,30,lab,S1
TTO-08691,boundary,C05,G1,F2,4,1,lab,30,lab,S6
TTO-08692,boundary,C01,G2,F3,4,2,lab,30,lab,S8
TTO-08692,boundary,C02,G1,F2,4,1,classroom,60,classroom,S9
TTO-08692,boundary,C03,G1,F3,3,1,lab,30,lab,S2
TTO-08692,boundary,C04,G2,F2,4,1,lab,30,lab,S10
TTO-08692,boundary,C05,G2,F3,4,1,classroom,60,classroom,S5
TTO-08693,boundary,C01,G1,F1,3,1,classroom,60,classroom,S3
TTO-08693,boundary,C02,G1,F1,4,2,lab,30,lab,S2
TTO-08693,boundary,C03,G1,F1,4,2,lab,30,lab,S6
TTO-08693,boundary,C04,G1,F2,3,2,lab,30,lab,S3
TTO-08693,boundary,C05,G2,F3,4,2,classroom,60,classroom,S7
TTO-08694,boundary,C01,G1,F3,4,2,classroom,60,classroom,S5
TTO-08694,boundary,C02,G1,F1,3,1,classroom,60,classroom,S10
TTO-08694,boundary,C03,G2,F1,4,1,classroom,60,classroom,S3
TTO-08694,boundary,C04,G1,F1,3,2,lab,30,lab,S1
TTO-08694,boundary,C05,G2,F3,4,1,lab,30,lab,S8
TTO-08695,boundary,C01,G1,F2,3,1,lab,30,lab,S1
TTO-08695,boundary,C02,G1,F2,3,2,classroom,60,classroom,S10
TTO-08695,boundary,C03,G1,F3,3,1,classroom,60,classroom,S3
TTO-08695,boundary,C04,G1,F3,4,2,classroom,60,classroom,S9
TTO-08695,boundary,C05,G2,F1,3,2,classroom,60,classroom,S5
TTO-08696,boundary,C01,G1,F3,3,1,classroom,60,classroom,S7
TTO-08696,boundary,C02,G2,F1,4,1,lab,30,lab,S10
TTO-08696,boundary,C03,G1,F3,3,2,lab,30,lab,S2
TTO-08696,boundary,C04,G1,F3,3,2,lab,30,lab,S9
TTO-08696,boundary,C05,G2,F2,4,2,lab,30,lab,S6
TTO-08697,boundary,C01,G1,F1,4,1,lab,30,lab,S10
TTO-08697,boundary,C02,G2,F1,3,1,lab,30,lab,S3
TTO-08697,boundary,C03,G1,F3,3,2,classroom,60,classroom,S2
TTO-08697,boundary,C04,G1,F1,4,2,lab,30,lab,S5
TTO-08697,boundary,C05,G1,F1,4,2,classroom,60,classroom,S9
TTO-08698,boundary,C01,G2,F2,3,1,lab,30,lab,S10
TTO-08698,boundary,C02,G1,F3,4,1,lab,30,lab,S4
TTO-08698,boundary,C03,G2,F2,4,1,classroom,60,classroom,S2
TTO-08698,boundary,C04,G1,F3,3,2,classroom,60,classroom,S3
TTO-08698,boundary,C05,G2,F1,3,1,lab,30,lab,S2
TTO-08699,boundary,C01,G1,F1,3,2,classroom,60,classroom,S6
TTO-08699,boundary,C02,G2,F1,4,1,lab,30,lab,S6
TTO-08699,boundary,C03,G1,F3,3,1,lab,30,lab,S8
TTO-08699,boundary,C04,G1,F2,3,2,lab,30,lab,S6
TTO-08699,boundary,C05,G2,F2,4,1,classroom,60,classroom,S6
TTO-08700,boundary,C01,G2,F3,3,2,classroom,60,classroom,S10
TTO-08700,boundary,C02,G2,F3,4,1,classroom,60,classroom,S10
TTO-08700,boundary,C03,G2,F1,4,1,classroom,60,classroom,S8
TTO-08700,boundary,C04,G1,F2,4,1,lab,30,lab,S1
TTO-08700,boundary,C05,G2,F1,3,2,lab,30,lab,S5
TTO-08701,boundary,C01,G2,F2,4,2,classroom,60,classroom,S5
TTO-08701,boundary,C02,G1,F3,3,1,classroom,60,classroom,S3
TTO-08701,boundary,C03,G1,F2,3,2,lab,30,lab,S1
TTO-08701,boundary,C04,G2,F2,4,2,classroom,60,classroom,S6
TTO-08701,boundary,C05,G1,F1,4,2,lab,30,lab,S5
TTO-08702,boundary,C01,G1,F3,4,1,lab,30,lab,S9
TTO-08702,boundary,C02,G1,F3,4,2,lab,30,lab,S1
TTO-08702,boundary,C03,G1,F3,4,2,classroom,60,classroom,S8
TTO-08702,boundary,C04,G2,F1,3,1,lab,30,lab,S9
TTO-08702,boundary,C05,G2,F1,4,2,classroom,60,classroom,S10
TTO-08703,boundary,C01,G1,F2,3,2,classroom,60,classroom,S3
TTO-08703,boundary,C02,G2,F1,3,2,lab,30,lab,S9
TTO-08703,boundary,C03,G1,F1,3,2,lab,30,lab,S4
TTO-08703,boundary,C04,G2,F3,4,2,lab,30,lab,S10
TTO-08703,boundary,C05,G1,F3,4,2,lab,30,lab,S2
TTO-08704,boundary,C01,G2,F3,4,1,lab,30,lab,S2
TTO-08704,boundary,C02,G2,F1,3,2,lab,30,lab,S9
TTO-08704,boundary,C03,G2,F2,3,2,lab,30,lab,S8
TTO-08704,boundary,C04,G1,F1,4,1,classroom,60,classroom,S9
TTO-08704,boundary,C05,G1,F2,4,1,classroom,60,classroom,S3
TTO-08705,boundary,C01,G1,F3,4,1,classroom,60,classroom,S2
TTO-08705,boundary,C02,G1,F3,3,1,lab,30,lab,S6
TTO-08705,boundary,C03,G1,F3,3,1,lab,30,lab,S5
TTO-08705,boundary,C04,G2,F1,3,2,classroom,60,classroom,S10
TTO-08705,boundary,C05,G1,F1,3,2,lab,30,lab,S7
TTO-08706,boundary,C01,G1,F3,3,2,lab,30,lab,S1
TTO-08706,boundary,C02,G1,F1,3,1,classroom,60,classroom,S5
TTO-08706,boundary,C03,G2,F3,4,2,classroom,60,classroom,S10
TTO-08706,boundary,C04,G1,F3,3,1,lab,30,lab,S6
TTO-08706,boundary,C05,G2,F2,3,2,classroom,60,classroom,S9
TTO-08707,boundary,C01,G1,F1,4,2,lab,30,lab,S9
TTO-08707,boundary,C02,G1,F2,3,1,classroom,60,classroom,S6
TTO-08707,boundary,C03,G1,F2,4,2,lab,30,lab,S3
TTO-08707,boundary,C04,G2,F1,3,2,classroom,60,classroom,S10
TTO-08707,boundary,C05,G2,F1,3,2,classroom,60,classroom,S9
TTO-08708,boundary,C01,G1,F1,4,1,lab,30,lab,S1
TTO-08708,boundary,C02,G2,F1,3,1,classroom,60,classroom,S1
TTO-08708,boundary,C03,G1,F3,4,2,classroom,60,classroom,S3
TTO-08708,boundary,C04,G2,F1,4,2,lab,30,lab,S1
TTO-08708,boundary,C05,G2,F2,4,2,classroom,60,classroom,S7
TTO-08709,boundary,C01,G1,F3,3,2,lab,30,lab,S3
TTO-08709,boundary,C02,G1,F2,4,1,lab,30,lab,S7
TTO-08709,boundary,C03,G1,F3,3,2,classroom,60,classroom,S4
TTO-08709,boundary,C04,G1,F2,3,2,lab,30,lab,S6
TTO-08709,boundary,C05,G2,F3,3,2,classroom,60,classroom,S3
TTO-08710,boundary,C01,G2,F1,3,1,lab,30,lab,S4
TTO-08710,boundary,C02,G1,F2,4,2,lab,30,lab,S5
TTO-08710,boundary,C03,G2,F3,3,2,lab,30,lab,S9
TTO-08710,boundary,C04,G2,F3,3,1,lab,30,lab,S3
TTO-08710,boundary,C05,G1,F3,3,1,classroom,60,classroom,S2
TTO-08711,boundary,C01,G2,F2,4,2,classroom,60,classroom,S10
TTO-08711,boundary,C02,G2,F3,4,2,lab,30,lab,S7
TTO-08711,boundary,C03,G2,F1,4,2,lab,30,lab,S2
TTO-08711,boundary,C04,G1,F1,4,2,lab,30,lab,S10
TTO-08711,boundary,C05,G1,F1,3,2,lab,30,lab,S10
TTO-08712,boundary,C01,G2,F2,4,2,lab,30,lab,S10
TTO-08712,boundary,C02,G1,F3,4,2,classroom,60,classroom,S7
TTO-08712,boundary,C03,G1,F2,4,2,lab,30,lab,S1
TTO-08712,boundary,C04,G1,F3,4,2,classroom,60,classroom,S2
TTO-08712,boundary,C05,G1,F1,4,2,classroom,60,classroom,S2
TTO-08713,boundary,C01,G1,F3,4,2,lab,30,lab,S3
TTO-08713,boundary,C02,G2,F2,3,1,lab,30,lab,S8
TTO-08713,boundary,C03,G1,F2,3,2,lab,30,lab,S4
TTO-08713,boundary,C04,G1,F1,3,2,lab,30,lab,S4
TTO-08713,boundary,C05,G1,F1,3,2,lab,30,lab,S1
TTO-08714,boundary,C01,G2,F3,4,2,lab,30,lab,S6
TTO-08714,boundary,C02,G1,F2,4,2,classroom,60,classroom,S9
TTO-08714,boundary,C03,G1,F3,4,2,lab,30,lab,S8
TTO-08714,boundary,C04,G2,F1,3,1,classroom,60,classroom,S8
TTO-08714,boundary,C05,G2,F3,3,1,lab,30,lab,S10
TTO-08715,boundary,C01,G2,F2,3,2,lab,30,lab,S7
TTO-08715,boundary,C02,G1,F3,4,1,classroom,60,classroom,S2
TTO-08715,boundary,C03,G2,F2,4,2,classroom,60,classroom,S9
TTO-08715,boundary,C04,G2,F1,3,2,classroom,60,classroom,S5
TTO-08715,boundary,C05,G1,F1,3,2,classroom,60,classroom,S4
TTO-08716,boundary,C01,G1,F1,4,2,classroom,60,classroom,S2
TTO-08716,boundary,C02,G2,F1,3,1,lab,30,lab,S9
TTO-08716,boundary,C03,G2,F3,4,1,classroom,60,classroom,S1
TTO-08716,boundary,C04,G1,F2,3,2,classroom,60,classroom,S5
TTO-08716,boundary,C05,G1,F2,4,1,lab,30,lab,S8
TTO-08717,boundary,C01,G1,F1,3,2,classroom,60,classroom,S2
TTO-08717,boundary,C02,G1,F1,4,2,classroom,60,classroom,S8
TTO-08717,boundary,C03,G1,F2,4,1,lab,30,lab,S3
TTO-08717,boundary,C04,G1,F3,4,2,lab,30,lab,S4
TTO-08717,boundary,C05,G2,F2,3,1,lab,30,lab,S3
TTO-08718,boundary,C01,G2,F3,3,2,lab,30,lab,S2
TTO-08718,boundary,C02,G1,F3,4,1,classroom,60,classroom,S4
TTO-08718,boundary,C03,G1,F3,4,1,lab,30,lab,S6
TTO-08718,boundary,C04,G1,F2,3,2,lab,30,lab,S3
TTO-08718,boundary,C05,G2,F1,3,2,lab,30,lab,S7
TTO-08719,boundary,C01,G2,F3,3,1,lab,30,lab,S5
TTO-08719,boundary,C02,G2,F2,3,2,lab,30,lab,S1
TTO-08719,boundary,C03,G1,F3,4,2,classroom,60,classroom,S4
TTO-08719,boundary,C04,G2,F1,4,1,lab,30,lab,S4
TTO-08719,boundary,C05,G1,F1,3,1,lab,30,lab,S7
TTO-08720,boundary,C01,G2,F1,4,1,lab,30,lab,S5
TTO-08720,boundary,C02,G1,F1,4,2,lab,30,lab,S10
TTO-08720,boundary,C03,G2,F2,3,1,lab,30,lab,S6
TTO-08720,boundary,C04,G2,F1,3,1,lab,30,lab,S1
TTO-08720,boundary,C05,G1,F1,3,2,lab,30,lab,S2
TTO-08721,boundary,C01,G1,F3,3,1,lab,30,lab,S4
TTO-08721,boundary,C02,G2,F2,4,1,lab,30,lab,S5
TTO-08721,boundary,C03,G2,F3,3,2,lab,30,lab,S4
TTO-08721,boundary,C04,G1,F1,3,1,lab,30,lab,S7
TTO-08721,boundary,C05,G2,F1,4,1,lab,30,lab,S5
TTO-08722,boundary,C01,G1,F2,3,1,lab,30,lab,S6
TTO-08722,boundary,C02,G2,F2,3,2,lab,30,lab,S8
TTO-08722,boundary,C03,G1,F2,3,1,classroom,60,classroom,S10
TTO-08722,boundary,C04,G2,F1,4,1,classroom,60,classroom,S10
TTO-08722,boundary,C05,G2,F3,4,1,lab,30,lab,S8
TTO-08723,boundary,C01,G1,F2,4,2,classroom,60,classroom,S8
TTO-08723,boundary,C02,G1,F2,4,2,classroom,60,classroom,S6
TTO-08723,boundary,C03,G1,F3,4,2,lab,30,lab,S2
TTO-08723,boundary,C04,G2,F3,3,1,classroom,60,classroom,S7
TTO-08723,boundary,C05,G2,F3,4,2,lab,30,lab,S7
TTO-08724,boundary,C01,G2,F1,4,1,lab,30,lab,S4
TTO-08724,boundary,C02,G2,F2,3,2,lab,30,lab,S7
TTO-08724,boundary,C03,G1,F1,3,2,classroom,60,classroom,S9
TTO-08724,boundary,C04,G2,F2,3,2,lab,30,lab,S10
TTO-08724,boundary,C05,G2,F3,4,1,classroom,60,classroom,S8
TTO-08725,boundary,C01,G2,F1,4,2,lab,30,lab,S7
TTO-08725,boundary,C02,G1,F3,3,2,lab,30,lab,S7
TTO-08725,boundary,C03,G1,F3,3,1,classroom,60,classroom,S4
TTO-08725,boundary,C04,G1,F2,3,1,lab,30,lab,S3
TTO-08725,boundary,C05,G2,F3,3,1,classroom,60,classroom,S6
TTO-08726,boundary,C01,G2,F3,3,1,lab,30,lab,S9
TTO-08726,boundary,C02,G2,F2,4,2,classroom,60,classroom,S3
TTO-08726,boundary,C03,G1,F1,4,2,classroom,60,classroom,S3
TTO-08726,boundary,C04,G1,F1,4,1,lab,30,lab,S7
TTO-08726,boundary,C05,G1,F2,4,2,lab,30,lab,S2
TTO-08727,boundary,C01,G1,F3,4,1,classroom,60,classroom,S6
TTO-08727,boundary,C02,G1,F2,3,1,lab,30,lab,S4
TTO-08727,boundary,C03,G2,F2,4,1,lab,30,lab,S6
TTO-08727,boundary,C04,G1,F3,4,2,lab,30,lab,S5
TTO-08727,boundary,C05,G2,F1,3,2,lab,30,lab,S9
TTO-08728,boundary,C01,G2,F2,4,1,classroom,60,classroom,S9
TTO-08728,boundary,C02,G2,F1,3,2,classroom,60,classroom,S3
TTO-08728,boundary,C03,G1,F1,3,2,lab,30,lab,S7
TTO-08728,boundary,C04,G2,F3,4,1,classroom,60,classroom,S4
TTO-08728,boundary,C05,G1,F2,3,2,lab,30,lab,S8
TTO-08729,boundary,C01,G1,F3,4,1,classroom,60,classroom,S5
TTO-08729,boundary,C02,G2,F1,4,2,lab,30,lab,S6
TTO-08729,boundary,C03,G2,F2,4,2,classroom,60,classroom,S4
TTO-08729,boundary,C04,G1,F1,3,2,lab,30,lab,S3
TTO-08729,boundary,C05,G1,F1,4,1,lab,30,lab,S2
TTO-08730,boundary,C01,G1,F1,3,2,classroom,60,classroom,S5
TTO-08730,boundary,C02,G2,F2,3,2,classroom,60,classroom,S9
TTO-08730,boundary,C03,G1,F3,4,1,classroom,60,classroom,S2
TTO-08730,boundary,C04,G2,F2,3,1,classroom,60,classroom,S4
TTO-08730,boundary,C05,G1,F1,4,2,classroom,60,classroom,S8
TTO-08731,boundary,C01,G1,F2,3,2,classroom,60,classroom,S10
TTO-08731,boundary,C02,G2,F3,4,2,classroom,60,classroom,S4
TTO-08731,boundary,C03,G1,F1,4,2,lab,30,lab,S10
TTO-08731,boundary,C04,G2,F1,4,1,classroom,60,classroom,S3
TTO-08731,boundary,C05,G2,F3,4,1,classroom,60,classroom,S10
TTO-08732,boundary,C01,G1,F3,3,1,lab,30,lab,S8
TTO-08732,boundary,C02,G2,F2,4,1,classroom,60,classroom,S6
TTO-08732,boundary,C03,G2,F1,4,1,classroom,60,classroom,S9
TTO-08732,boundary,C04,G1,F1,3,2,lab,30,lab,S6
TTO-08732,boundary,C05,G2,F1,4,1,classroom,60,classroom,S10
TTO-08733,boundary,C01,G1,F3,4,1,lab,30,lab,S10
TTO-08733,boundary,C02,G1,F2,3,2,classroom,60,classroom,S2
TTO-08733,boundary,C03,G2,F3,4,2,lab,30,lab,S7
TTO-08733,boundary,C04,G1,F2,4,1,classroom,60,classroom,S6
TTO-08733,boundary,C05,G2,F3,3,2,classroom,60,classroom,S10
TTO-08734,boundary,C01,G2,F2,3,1,lab,30,lab,S7
TTO-08734,boundary,C02,G1,F1,3,2,lab,30,lab,S2
TTO-08734,boundary,C03,G1,F3,4,1,classroom,60,classroom,S2
TTO-08734,boundary,C04,G1,F2,4,1,lab,30,lab,S5
TTO-08734,boundary,C05,G1,F1,3,1,lab,30,lab,S9
TTO-08735,boundary,C01,G1,F1,4,2,classroom,60,classroom,S1
TTO-08735,boundary,C02,G2,F2,4,1,classroom,60,classroom,S7
TTO-08735,boundary,C03,G1,F1,4,1,lab,30,lab,S9
TTO-08735,boundary,C04,G2,F3,4,2,lab,30,lab,S7
TTO-08735,boundary,C05,G1,F2,4,1,lab,30,lab,S1
TTO-08736,boundary,C01,G2,F1,3,1,classroom,60,classroom,S6
TTO-08736,boundary,C02,G1,F2,4,2,classroom,60,classroom,S8
TTO-08736,boundary,C03,G2,F2,4,2,classroom,60,classroom,S8
TTO-08736,boundary,C04,G2,F3,3,1,classroom,60,classroom,S9
TTO-08736,boundary,C05,G2,F3,4,2,lab,30,lab,S4
TTO-08737,boundary,C01,G1,F2,3,2,classroom,60,classroom,S1
TTO-08737,boundary,C02,G1,F2,4,2,lab,30,lab,S7
TTO-08737,boundary,C03,G2,F3,3,1,lab,30,lab,S5
TTO-08737,boundary,C04,G1,F3,4,1,lab,30,lab,S3
TTO-08737,boundary,C05,G2,F1,4,2,classroom,60,classroom,S2
TTO-08738,boundary,C01,G2,F2,4,1,lab,30,lab,S1
TTO-08738,boundary,C02,G1,F3,4,2,lab,30,lab,S9
TTO-08738,boundary,C03,G1,F3,4,2,classroom,60,classroom,S6
TTO-08738,boundary,C04,G1,F3,3,2,classroom,60,classroom,S2
TTO-08738,boundary,C05,G2,F1,4,2,lab,30,lab,S7
TTO-08739,boundary,C01,G2,F3,3,1,classroom,60,classroom,S2
TTO-08739,boundary,C02,G1,F3,3,2,classroom,60,classroom,S2
TTO-08739,boundary,C03,G1,F1,4,1,classroom,60,classroom,S6
TTO-08739,boundary,C04,G1,F2,4,1,classroom,60,classroom,S5
TTO-08739,boundary,C05,G1,F3,4,1,classroom,60,classroom,S8
TTO-08740,boundary,C01,G2,F1,4,2,lab,30,lab,S2
TTO-08740,boundary,C02,G1,F1,4,2,lab,30,lab,S3
TTO-08740,boundary,C03,G1,F1,4,2,lab,30,lab,S9
TTO-08740,boundary,C04,G1,F3,3,2,classroom,60,classroom,S10
TTO-08740,boundary,C05,G1,F1,4,2,classroom,60,classroom,S5
TTO-08741,boundary,C01,G1,F1,4,1,classroom,60,classroom,S1
TTO-08741,boundary,C02,G2,F1,3,1,classroom,60,classroom,S9
TTO-08741,boundary,C03,G1,F2,3,1,lab,30,lab,S7
TTO-08741,boundary,C04,G2,F1,4,2,classroom,60,classroom,S3
TTO-08741,boundary,C05,G2,F2,4,1,classroom,60,classroom,S7
TTO-08742,boundary,C01,G2,F2,3,2,lab,30,lab,S2
TTO-08742,boundary,C02,G1,F1,4,2,lab,30,lab,S5
TTO-08742,boundary,C03,G1,F2,4,1,lab,30,lab,S9
TTO-08742,boundary,C04,G2,F3,3,2,lab,30,lab,S10
TTO-08742,boundary,C05,G2,F1,3,2,classroom,60,classroom,S6
TTO-08743,boundary,C01,G1,F3,4,1,lab,30,lab,S10
TTO-08743,boundary,C02,G2,F1,4,2,lab,30,lab,S5
TTO-08743,boundary,C03,G1,F2,4,1,lab,30,lab,S8
TTO-08743,boundary,C04,G1,F1,3,1,classroom,60,classroom,S10
TTO-08743,boundary,C05,G2,F1,3,2,lab,30,lab,S4
TTO-08744,boundary,C01,G2,F2,3,2,lab,30,lab,S6
TTO-08744,boundary,C02,G2,F1,4,1,lab,30,lab,S5
TTO-08744,boundary,C03,G2,F2,4,2,classroom,60,classroom,S2
TTO-08744,boundary,C04,G1,F2,3,2,lab,30,lab,S3
TTO-08744,boundary,C05,G1,F1,4,1,lab,30,lab,S4
TTO-08745,boundary,C01,G2,F1,3,2,lab,30,lab,S6
TTO-08745,boundary,C02,G1,F3,4,1,lab,30,lab,S5
TTO-08745,boundary,C03,G1,F2,4,2,lab,30,lab,S10
TTO-08745,boundary,C04,G1,F2,3,1,lab,30,lab,S5
TTO-08745,boundary,C05,G1,F2,3,1,classroom,60,classroom,S10
TTO-08746,boundary,C01,G2,F2,3,2,lab,30,lab,S2
TTO-08746,boundary,C02,G2,F3,4,1,lab,30,lab,S8
TTO-08746,boundary,C03,G2,F1,4,2,lab,30,lab,S8
TTO-08746,boundary,C04,G1,F2,3,1,lab,30,lab,S3
TTO-08746,boundary,C05,G2,F2,3,2,classroom,60,classroom,S5
TTO-08747,boundary,C01,G1,F3,4,2,classroom,60,classroom,S1
TTO-08747,boundary,C02,G2,F2,4,2,classroom,60,classroom,S7
TTO-08747,boundary,C03,G1,F1,4,1,lab,30,lab,S2
TTO-08747,boundary,C04,G1,F2,4,2,classroom,60,classroom,S5
TTO-08747,boundary,C05,G2,F2,4,1,classroom,60,classroom,S9
TTO-08748,boundary,C01,G1,F2,4,2,classroom,60,classroom,S2
TTO-08748,boundary,C02,G2,F1,3,1,classroom,60,classroom,S1
TTO-08748,boundary,C03,G1,F1,3,1,lab,30,lab,S8
TTO-08748,boundary,C04,G1,F1,3,1,lab,30,lab,S1
TTO-08748,boundary,C05,G1,F3,4,2,classroom,60,classroom,S1
TTO-08749,boundary,C01,G2,F2,3,1,classroom,60,classroom,S4
TTO-08749,boundary,C02,G1,F3,4,2,lab,30,lab,S2
TTO-08749,boundary,C03,G2,F2,4,2,lab,30,lab,S8
TTO-08749,boundary,C04,G1,F3,4,2,lab,30,lab,S5
TTO-08749,boundary,C05,G1,F2,4,2,lab,30,lab,S3
TTO-08750,boundary,C01,G2,F1,4,1,lab,30,lab,S1
TTO-08750,boundary,C02,G2,F2,4,1,lab,30,lab,S6
TTO-08750,boundary,C03,G2,F1,3,1,classroom,60,classroom,S7
TTO-08750,boundary,C04,G2,F3,3,1,lab,30,lab,S4
TTO-08750,boundary,C05,G2,F3,4,1,classroom,60,classroom,S6
TTO-08751,boundary,C01,G1,F1,4,2,lab,30,lab,S9
TTO-08751,boundary,C02,G2,F1,4,1,lab,30,lab,S1
TTO-08751,boundary,C03,G2,F3,3,1,lab,30,lab,S5
TTO-08751,boundary,C04,G2,F1,4,2,classroom,60,classroom,S7
TTO-08751,boundary,C05,G1,F2,3,2,classroom,60,classroom,S10
TTO-08752,boundary,C01,G2,F2,4,1,lab,30,lab,S6
TTO-08752,boundary,C02,G2,F3,4,1,lab,30,lab,S9
TTO-08752,boundary,C03,G1,F3,3,2,lab,30,lab,S4
TTO-08752,boundary,C04,G2,F2,4,2,classroom,60,classroom,S4
TTO-08752,boundary,C05,G2,F3,4,2,classroom,60,classroom,S10
TTO-08753,boundary,C01,G2,F3,3,1,lab,30,lab,S9
TTO-08753,boundary,C02,G1,F1,4,1,lab,30,lab,S4
TTO-08753,boundary,C03,G1,F1,4,2,lab,30,lab,S10
TTO-08753,boundary,C04,G2,F1,4,2,classroom,60,classroom,S2
TTO-08753,boundary,C05,G2,F2,4,1,lab,30,lab,S3
TTO-08754,boundary,C01,G1,F3,3,1,lab,30,lab,S2
TTO-08754,boundary,C02,G1,F1,4,2,classroom,60,classroom,S1
TTO-08754,boundary,C03,G2,F3,4,1,lab,30,lab,S10
TTO-08754,boundary,C04,G2,F1,4,2,lab,30,lab,S9
TTO-08754,boundary,C05,G2,F3,4,1,lab,30,lab,S5
TTO-08755,boundary,C01,G1,F2,4,1,lab,30,lab,S9
TTO-08755,boundary,C02,G2,F1,3,2,lab,30,lab,S9
TTO-08755,boundary,C03,G2,F3,3,2,classroom,60,classroom,S9
TTO-08755,boundary,C04,G2,F3,3,2,classroom,60,classroom,S5
TTO-08755,boundary,C05,G2,F1,4,2,classroom,60,classroom,S6
TTO-08756,boundary,C01,G1,F2,3,1,classroom,60,classroom,S9
TTO-08756,boundary,C02,G1,F2,3,1,classroom,60,classroom,S1
TTO-08756,boundary,C03,G1,F2,4,2,lab,30,lab,S2
TTO-08756,boundary,C04,G1,F2,4,1,lab,30,lab,S5
TTO-08756,boundary,C05,G2,F2,4,1,lab,30,lab,S10
TTO-08757,boundary,C01,G1,F3,3,1,lab,30,lab,S7
TTO-08757,boundary,C02,G2,F2,4,1,lab,30,lab,S8
TTO-08757,boundary,C03,G1,F2,3,2,lab,30,lab,S5
TTO-08757,boundary,C04,G2,F1,3,1,classroom,60,classroom,S1
TTO-08757,boundary,C05,G1,F3,4,1,lab,30,lab,S10
TTO-08758,boundary,C01,G2,F2,4,1,lab,30,lab,S7
TTO-08758,boundary,C02,G2,F1,4,2,classroom,60,classroom,S6
TTO-08758,boundary,C03,G1,F3,3,1,classroom,60,classroom,S2
TTO-08758,boundary,C04,G1,F3,3,2,lab,30,lab,S7
TTO-08758,boundary,C05,G2,F2,3,1,lab,30,lab,S8
TTO-08759,boundary,C01,G2,F2,3,2,lab,30,lab,S9
TTO-08759,boundary,C02,G2,F3,3,2,lab,30,lab,S10
TTO-08759,boundary,C03,G1,F1,3,2,lab,30,lab,S6
TTO-08759,boundary,C04,G1,F1,3,1,lab,30,lab,S6
TTO-08759,boundary,C05,G1,F2,4,2,lab,30,lab,S10
TTO-08760,boundary,C01,G1,F3,4,1,classroom,60,classroom,S7
TTO-08760,boundary,C02,G2,F1,4,2,lab,30,lab,S2
TTO-08760,boundary,C03,G2,F1,3,2,lab,30,lab,S7
TTO-08760,boundary,C04,G1,F3,3,1,classroom,60,classroom,S4
TTO-08760,boundary,C05,G1,F3,3,2,classroom,60,classroom,S9
TTO-08761,boundary,C01,G1,F3,4,2,classroom,60,classroom,S8
TTO-08761,boundary,C02,G2,F2,4,1,classroom,60,classroom,S8
TTO-08761,boundary,C03,G1,F1,3,2,lab,30,lab,S5
TTO-08761,boundary,C04,G2,F1,4,2,lab,30,lab,S6
TTO-08761,boundary,C05,G2,F3,3,1,lab,30,lab,S5
TTO-08762,boundary,C01,G1,F3,3,2,classroom,60,classroom,S5
TTO-08762,boundary,C02,G1,F3,4,2,lab,30,lab,S5
TTO-08762,boundary,C03,G1,F3,3,2,lab,30,lab,S3
TTO-08762,boundary,C04,G1,F3,3,2,classroom,60,classroom,S3
TTO-08762,boundary,C05,G2,F3,4,1,classroom,60,classroom,S2
TTO-08763,boundary,C01,G2,F1,3,2,lab,30,lab,S5
TTO-08763,boundary,C02,G1,F1,4,2,classroom,60,classroom,S2
TTO-08763,boundary,C03,G1,F1,4,2,lab,30,lab,S3
TTO-08763,boundary,C04,G2,F1,3,1,classroom,60,classroom,S1
TTO-08763,boundary,C05,G2,F3,4,2,classroom,60,classroom,S6
TTO-08764,boundary,C01,G1,F2,4,1,lab,30,lab,S1
TTO-08764,boundary,C02,G2,F3,4,1,classroom,60,classroom,S4
TTO-08764,boundary,C03,G1,F1,3,2,classroom,60,classroom,S4
TTO-08764,boundary,C04,G2,F2,4,1,classroom,60,classroom,S4
TTO-08764,boundary,C05,G1,F3,4,1,classroom,60,classroom,S10
TTO-08765,boundary,C01,G1,F1,3,2,classroom,60,classroom,S2
TTO-08765,boundary,C02,G1,F3,3,1,classroom,60,classroom,S8
TTO-08765,boundary,C03,G1,F1,3,2,lab,30,lab,S7
TTO-08765,boundary,C04,G2,F2,4,2,lab,30,lab,S6
TTO-08765,boundary,C05,G2,F3,3,2,classroom,60,classroom,S8
TTO-08766,boundary,C01,G2,F3,4,2,classroom,60,classroom,S2
TTO-08766,boundary,C02,G2,F3,3,2,classroom,60,classroom,S5
TTO-08766,boundary,C03,G2,F3,4,2,lab,30,lab,S10
TTO-08766,boundary,C04,G2,F3,4,2,lab,30,lab,S2
TTO-08766,boundary,C05,G1,F3,3,2,lab,30,lab,S6
TTO-08767,boundary,C01,G1,F3,3,1,lab,30,lab,S3
TTO-08767,boundary,C02,G2,F1,4,2,lab,30,lab,S6
TTO-08767,boundary,C03,G1,F2,3,2,lab,30,lab,S8
TTO-08767,boundary,C04,G2,F3,3,2,lab,30,lab,S3
TTO-08767,boundary,C05,G1,F1,3,2,lab,30,lab,S2
TTO-08768,boundary,C01,G1,F2,3,1,classroom,60,classroom,S6
TTO-08768,boundary,C02,G1,F2,4,1,classroom,60,classroom,S2
TTO-08768,boundary,C03,G2,F1,3,1,lab,30,lab,S9
TTO-08768,boundary,C04,G2,F3,3,2,lab,30,lab,S1
TTO-08768,boundary,C05,G1,F2,4,2,classroom,60,classroom,S3
TTO-08769,boundary,C01,G2,F2,4,2,classroom,60,classroom,S3
TTO-08769,boundary,C02,G1,F2,3,1,classroom,60,classroom,S10
TTO-08769,boundary,C03,G1,F3,3,2,lab,30,lab,S9
TTO-08769,boundary,C04,G1,F2,3,1,lab,30,lab,S3
TTO-08769,boundary,C05,G2,F1,4,1,lab,30,lab,S1
TTO-08770,boundary,C01,G1,F3,3,2,classroom,60,classroom,S1
TTO-08770,boundary,C02,G2,F2,3,2,lab,30,lab,S3
TTO-08770,boundary,C03,G1,F2,3,2,lab,30,lab,S4
TTO-08770,boundary,C04,G1,F2,3,1,lab,30,lab,S1
TTO-08770,boundary,C05,G1,F1,4,2,classroom,60,classroom,S10
TTO-08771,boundary,C01,G1,F3,3,2,lab,30,lab,S4
TTO-08771,boundary,C02,G1,F1,4,1,classroom,60,classroom,S6
TTO-08771,boundary,C03,G1,F2,4,1,classroom,60,classroom,S7
TTO-08771,boundary,C04,G2,F3,3,2,classroom,60,classroom,S9
TTO-08771,boundary,C05,G2,F3,4,1,lab,30,lab,S2
TTO-08772,boundary,C01,G1,F3,4,2,classroom,60,classroom,S3
TTO-08772,boundary,C02,G2,F3,4,1,classroom,60,classroom,S3
TTO-08772,boundary,C03,G1,F1,3,1,classroom,60,classroom,S3
TTO-08772,boundary,C04,G2,F1,4,1,lab,30,lab,S2
TTO-08772,boundary,C05,G2,F1,4,1,lab,30,lab,S7
TTO-08773,boundary,C01,G1,F1,3,1,classroom,60,classroom,S10
TTO-08773,boundary,C02,G2,F2,4,2,classroom,60,classroom,S10
TTO-08773,boundary,C03,G1,F1,4,1,lab,30,lab,S7
TTO-08773,boundary,C04,G1,F3,4,2,lab,30,lab,S6
TTO-08773,boundary,C05,G1,F1,4,1,lab,30,lab,S5
TTO-08774,boundary,C01,G2,F2,4,1,classroom,60,classroom,S5
TTO-08774,boundary,C02,G1,F3,4,1,lab,30,lab,S4
TTO-08774,boundary,C03,G1,F1,3,2,lab,30,lab,S2
TTO-08774,boundary,C04,G2,F2,3,1,lab,30,lab,S8
TTO-08774,boundary,C05,G2,F1,4,2,lab,30,lab,S1
TTO-08775,boundary,C01,G1,F1,4,1,lab,30,lab,S8
TTO-08775,boundary,C02,G2,F1,3,1,classroom,60,classroom,S4
TTO-08775,boundary,C03,G1,F3,3,2,lab,30,lab,S3
TTO-08775,boundary,C04,G1,F2,4,2,lab,30,lab,S10
TTO-08775,boundary,C05,G1,F2,4,1,lab,30,lab,S7
TTO-08776,boundary,C01,G1,F1,4,2,lab,30,lab,S5
TTO-08776,boundary,C02,G1,F1,4,1,classroom,60,classroom,S4
TTO-08776,boundary,C03,G2,F2,3,1,lab,30,lab,S10
TTO-08776,boundary,C04,G1,F2,3,2,lab,30,lab,S3
TTO-08776,boundary,C05,G1,F1,4,2,lab,30,lab,S2
TTO-08777,boundary,C01,G2,F3,4,1,lab,30,lab,S7
TTO-08777,boundary,C02,G1,F3,3,2,lab,30,lab,S10
TTO-08777,boundary,C03,G2,F3,4,1,classroom,60,classroom,S2
TTO-08777,boundary,C04,G1,F2,4,2,classroom,60,classroom,S5
TTO-08777,boundary,C05,G1,F3,4,2,classroom,60,classroom,S2
TTO-08778,boundary,C01,G1,F1,4,1,classroom,60,classroom,S6
TTO-08778,boundary,C02,G2,F3,3,1,lab,30,lab,S4
TTO-08778,boundary,C03,G2,F2,3,1,classroom,60,classroom,S4
TTO-08778,boundary,C04,G2,F3,3,1,classroom,60,classroom,S1
TTO-08778,boundary,C05,G2,F1,3,1,lab,30,lab,S5
TTO-08779,boundary,C01,G1,F1,3,2,classroom,60,classroom,S5
TTO-08779,boundary,C02,G2,F1,3,1,lab,30,lab,S6
TTO-08779,boundary,C03,G2,F2,4,2,classroom,60,classroom,S2
TTO-08779,boundary,C04,G1,F1,4,2,lab,30,lab,S5
TTO-08779,boundary,C05,G1,F1,3,2,lab,30,lab,S7
TTO-08780,boundary,C01,G2,F1,4,2,lab,30,lab,S4
TTO-08780,boundary,C02,G1,F3,4,1,lab,30,lab,S3
TTO-08780,boundary,C03,G1,F2,4,1,classroom,60,classroom,S2
TTO-08780,boundary,C04,G1,F1,4,1,lab,30,lab,S10
TTO-08780,boundary,C05,G2,F3,4,1,lab,30,lab,S8
TTO-08781,boundary,C01,G2,F3,3,2,classroom,60,classroom,S3
TTO-08781,boundary,C02,G2,F3,4,2,lab,30,lab,S9
TTO-08781,boundary,C03,G1,F3,4,1,lab,30,lab,S4
TTO-08781,boundary,C04,G1,F3,3,1,classroom,60,classroom,S4
TTO-08781,boundary,C05,G1,F2,4,1,lab,30,lab,S1
TTO-08782,boundary,C01,G2,F3,4,1,lab,30,lab,S9
TTO-08782,boundary,C02,G1,F2,4,2,lab,30,lab,S8
TTO-08782,boundary,C03,G1,F2,4,1,classroom,60,classroom,S2
TTO-08782,boundary,C04,G1,F2,3,2,lab,30,lab,S4
TTO-08782,boundary,C05,G2,F2,3,1,classroom,60,classroom,S8
TTO-08783,boundary,C01,G1,F1,4,2,classroom,60,classroom,S5
TTO-08783,boundary,C02,G2,F2,4,2,classroom,60,classroom,S7
TTO-08783,boundary,C03,G2,F1,4,2,lab,30,lab,S3
TTO-08783,boundary,C04,G1,F3,4,2,classroom,60,classroom,S4
TTO-08783,boundary,C05,G1,F1,3,2,classroom,60,classroom,S4
TTO-08784,boundary,C01,G2,F3,3,1,classroom,60,classroom,S8
TTO-08784,boundary,C02,G2,F3,4,1,lab,30,lab,S3
TTO-08784,boundary,C03,G2,F2,3,1,lab,30,lab,S3
TTO-08784,boundary,C04,G1,F2,4,2,lab,30,lab,S2
TTO-08784,boundary,C05,G1,F3,3,1,classroom,60,classroom,S6
TTO-08785,boundary,C01,G1,F2,3,1,lab,30,lab,S4
TTO-08785,boundary,C02,G2,F1,4,2,classroom,60,classroom,S5
TTO-08785,boundary,C03,G2,F1,4,1,classroom,60,classroom,S9
TTO-08785,boundary,C04,G2,F3,3,2,lab,30,lab,S7
TTO-08785,boundary,C05,G2,F1,3,2,lab,30,lab,S7
TTO-08786,boundary,C01,G2,F1,3,2,classroom,60,classroom,S10
TTO-08786,boundary,C02,G1,F2,4,1,lab,30,lab,S8
TTO-08786,boundary,C03,G2,F1,4,2,classroom,60,classroom,S7
TTO-08786,boundary,C04,G2,F1,3,1,lab,30,lab,S2
TTO-08786,boundary,C05,G2,F3,3,1,classroom,60,classroom,S3
TTO-08787,boundary,C01,G1,F2,3,2,lab,30,lab,S6
TTO-08787,boundary,C02,G1,F2,3,1,lab,30,lab,S2
TTO-08787,boundary,C03,G1,F2,4,1,lab,30,lab,S6
TTO-08787,boundary,C04,G2,F2,3,1,classroom,60,classroom,S6
TTO-08787,boundary,C05,G1,F2,4,2,classroom,60,classroom,S6
TTO-08788,boundary,C01,G2,F1,3,2,lab,30,lab,S9
TTO-08788,boundary,C02,G2,F2,4,1,classroom,60,classroom,S10
TTO-08788,boundary,C03,G1,F3,4,2,lab,30,lab,S4
TTO-08788,boundary,C04,G1,F2,4,2,classroom,60,classroom,S2
TTO-08788,boundary,C05,G1,F1,4,2,lab,30,lab,S6
TTO-08789,boundary,C01,G2,F3,3,2,lab,30,lab,S10
TTO-08789,boundary,C02,G2,F3,3,1,classroom,60,classroom,S10
TTO-08789,boundary,C03,G1,F1,3,1,classroom,60,classroom,S8
TTO-08789,boundary,C04,G2,F1,4,1,classroom,60,classroom,S2
TTO-08789,boundary,C05,G1,F2,4,1,lab,30,lab,S3
TTO-08790,boundary,C01,G2,F1,3,2,lab,30,lab,S7
TTO-08790,boundary,C02,G1,F2,3,1,classroom,60,classroom,S7
TTO-08790,boundary,C03,G1,F2,3,1,classroom,60,classroom,S1
TTO-08790,boundary,C04,G1,F3,4,2,lab,30,lab,S8
TTO-08790,boundary,C05,G1,F2,4,2,classroom,60,classroom,S1
TTO-08791,boundary,C01,G2,F2,3,1,lab,30,lab,S6
TTO-08791,boundary,C02,G2,F1,3,2,classroom,60,classroom,S3
TTO-08791,boundary,C03,G2,F2,4,1,lab,30,lab,S4
TTO-08791,boundary,C04,G1,F1,4,1,lab,30,lab,S10
TTO-08791,boundary,C05,G2,F3,3,2,classroom,60,classroom,S1
TTO-08792,boundary,C01,G1,F3,3,2,lab,30,lab,S2
TTO-08792,boundary,C02,G1,F3,4,2,lab,30,lab,S9
TTO-08792,boundary,C03,G1,F2,4,1,lab,30,lab,S6
TTO-08792,boundary,C04,G1,F3,4,2,classroom,60,classroom,S9
TTO-08792,boundary,C05,G1,F2,3,2,lab,30,lab,S3
TTO-08793,boundary,C01,G2,F1,3,2,classroom,60,classroom,S7
TTO-08793,boundary,C02,G1,F1,3,2,classroom,60,classroom,S8
TTO-08793,boundary,C03,G1,F3,4,2,lab,30,lab,S8
TTO-08793,boundary,C04,G2,F2,4,1,classroom,60,classroom,S3
TTO-08793,boundary,C05,G2,F2,3,1,classroom,60,classroom,S1
TTO-08794,boundary,C01,G1,F1,4,1,classroom,60,classroom,S8
TTO-08794,boundary,C02,G1,F1,3,2,lab,30,lab,S5
TTO-08794,boundary,C03,G2,F3,4,1,lab,30,lab,S5
TTO-08794,boundary,C04,G1,F2,3,2,classroom,60,classroom,S10
TTO-08794,boundary,C05,G1,F3,3,2,classroom,60,classroom,S6
TTO-08795,boundary,C01,G1,F3,4,1,classroom,60,classroom,S9
TTO-08795,boundary,C02,G1,F2,4,2,classroom,60,classroom,S8
TTO-08795,boundary,C03,G1,F3,3,1,classroom,60,classroom,S4
TTO-08795,boundary,C04,G2,F2,3,2,classroom,60,classroom,S2
TTO-08795,boundary,C05,G1,F2,3,2,lab,30,lab,S5
TTO-08796,boundary,C01,G2,F1,3,2,classroom,60,classroom,S3
TTO-08796,boundary,C02,G2,F3,4,1,classroom,60,classroom,S7
TTO-08796,boundary,C03,G1,F1,4,1,lab,30,lab,S9
TTO-08796,boundary,C04,G1,F2,4,2,classroom,60,classroom,S6
TTO-08796,boundary,C05,G2,F2,4,2,classroom,60,classroom,S6
TTO-08797,boundary,C01,G2,F2,3,1,classroom,60,classroom,S4
TTO-08797,boundary,C02,G1,F1,4,2,classroom,60,classroom,S5
TTO-08797,boundary,C03,G1,F3,3,2,lab,30,lab,S2
TTO-08797,boundary,C04,G2,F1,4,2,lab,30,lab,S7
TTO-08797,boundary,C05,G2,F2,4,1,classroom,60,classroom,S8
TTO-08798,boundary,C01,G2,F2,4,2,classroom,60,classroom,S6
TTO-08798,boundary,C02,G2,F3,4,2,lab,30,lab,S1
TTO-08798,boundary,C03,G1,F1,3,1,classroom,60,classroom,S2
TTO-08798,boundary,C04,G1,F1,3,1,classroom,60,classroom,S2
TTO-08798,boundary,C05,G2,F1,3,1,classroom,60,classroom,S2
TTO-08799,boundary,C01,G2,F2,3,2,classroom,60,classroom,S2
TTO-08799,boundary,C02,G1,F1,4,1,lab,30,lab,S9
TTO-08799,boundary,C03,G1,F1,4,2,lab,30,lab,S2
TTO-08799,boundary,C04,G2,F1,3,1,lab,30,lab,S5
TTO-08799,boundary,C05,G2,F3,3,2,classroom,60,classroom,S10
TTO-08800,boundary,C01,G2,F2,3,2,classroom,60,classroom,S9
TTO-08800,boundary,C02,G2,F3,4,2,lab,30,lab,S5
TTO-08800,boundary,C03,G2,F1,3,2,classroom,60,classroom,S3
TTO-08800,boundary,C04,G1,F1,4,2,lab,30,lab,S3
TTO-08800,boundary,C05,G1,F2,4,1,lab,30,lab,S2
TTO-08801,boundary,C01,G1,F2,3,1,lab,30,lab,S5
TTO-08801,boundary,C02,G1,F2,4,2,lab,30,lab,S3
TTO-08801,boundary,C03,G1,F3,3,1,lab,30,lab,S5
TTO-08801,boundary,C04,G2,F2,3,1,classroom,60,classroom,S3
TTO-08801,boundary,C05,G1,F3,4,1,lab,30,lab,S3
TTO-08802,boundary,C01,G1,F1,3,2,lab,30,lab,S2
TTO-08802,boundary,C02,G2,F1,4,1,lab,30,lab,S6
TTO-08802,boundary,C03,G2,F2,3,2,classroom,60,classroom,S1
TTO-08802,boundary,C04,G2,F1,3,1,classroom,60,classroom,S10
TTO-08802,boundary,C05,G1,F1,3,1,classroom,60,classroom,S8
TTO-08803,boundary,C01,G2,F3,4,2,classroom,60,classroom,S7
TTO-08803,boundary,C02,G2,F2,4,2,lab,30,lab,S5
TTO-08803,boundary,C03,G2,F2,3,2,classroom,60,classroom,S8
TTO-08803,boundary,C04,G2,F3,3,2,lab,30,lab,S7
TTO-08803,boundary,C05,G1,F3,4,1,lab,30,lab,S9
TTO-08804,boundary,C01,G1,F2,3,1,classroom,60,classroom,S1
TTO-08804,boundary,C02,G1,F1,4,2,classroom,60,classroom,S3
TTO-08804,boundary,C03,G1,F1,4,2,classroom,60,classroom,S5
TTO-08804,boundary,C04,G2,F2,3,2,classroom,60,classroom,S8
TTO-08804,boundary,C05,G2,F3,4,1,classroom,60,classroom,S4
TTO-08805,boundary,C01,G2,F2,4,2,lab,30,lab,S2
TTO-08805,boundary,C02,G1,F3,3,1,lab,30,lab,S2
TTO-08805,boundary,C03,G2,F1,3,1,classroom,60,classroom,S9
TTO-08805,boundary,C04,G1,F3,3,1,lab,30,lab,S4
TTO-08805,boundary,C05,G1,F3,4,2,lab,30,lab,S4
TTO-08806,boundary,C01,G2,F3,3,2,classroom,60,classroom,S8
TTO-08806,boundary,C02,G1,F1,4,2,classroom,60,classroom,S6
TTO-08806,boundary,C03,G2,F1,3,1,lab,30,lab,S1
TTO-08806,boundary,C04,G2,F1,4,2,classroom,60,classroom,S9
TTO-08806,boundary,C05,G1,F3,4,2,classroom,60,classroom,S1
TTO-08807,boundary,C01,G1,F3,3,1,classroom,60,classroom,S9
TTO-08807,boundary,C02,G1,F3,4,1,lab,30,lab,S9
TTO-08807,boundary,C03,G2,F3,3,1,classroom,60,classroom,S2
TTO-08807,boundary,C04,G2,F3,3,2,classroom,60,classroom,S7
TTO-08807,boundary,C05,G1,F1,3,1,lab,30,lab,S6
TTO-08808,boundary,C01,G1,F3,4,1,classroom,60,classroom,S9
TTO-08808,boundary,C02,G2,F3,3,1,lab,30,lab,S5
TTO-08808,boundary,C03,G1,F1,3,2,lab,30,lab,S6
TTO-08808,boundary,C04,G1,F3,4,1,classroom,60,classroom,S7
TTO-08808,boundary,C05,G2,F1,3,2,lab,30,lab,S6
TTO-08809,boundary,C01,G2,F3,3,2,classroom,60,classroom,S8
TTO-08809,boundary,C02,G2,F3,4,1,classroom,60,classroom,S6
TTO-08809,boundary,C03,G2,F3,3,1,classroom,60,classroom,S1
TTO-08809,boundary,C04,G2,F1,4,2,lab,30,lab,S9
TTO-08809,boundary,C05,G2,F2,4,2,classroom,60,classroom,S2
TTO-08810,boundary,C01,G2,F3,3,2,lab,30,lab,S10
TTO-08810,boundary,C02,G2,F2,3,2,classroom,60,classroom,S7
TTO-08810,boundary,C03,G1,F1,3,2,classroom,60,classroom,S8
TTO-08810,boundary,C04,G2,F2,3,2,lab,30,lab,S4
TTO-08810,boundary,C05,G1,F3,3,2,classroom,60,classroom,S1
TTO-08811,boundary,C01,G1,F3,4,2,lab,30,lab,S3
TTO-08811,boundary,C02,G1,F3,4,2,lab,30,lab,S1
TTO-08811,boundary,C03,G2,F2,3,2,lab,30,lab,S7
TTO-08811,boundary,C04,G2,F3,3,2,classroom,60,classroom,S9
TTO-08811,boundary,C05,G2,F1,3,1,lab,30,lab,S2
TTO-08812,boundary,C01,G2,F2,4,2,lab,30,lab,S10
TTO-08812,boundary,C02,G2,F3,3,2,lab,30,lab,S5
TTO-08812,boundary,C03,G2,F3,4,1,lab,30,lab,S9
TTO-08812,boundary,C04,G1,F3,4,1,classroom,60,classroom,S7
TTO-08812,boundary,C05,G1,F2,4,1,classroom,60,classroom,S4
TTO-08813,boundary,C01,G2,F3,3,2,classroom,60,classroom,S6
TTO-08813,boundary,C02,G2,F1,3,2,lab,30,lab,S9
TTO-08813,boundary,C03,G1,F3,3,2,classroom,60,classroom,S8
TTO-08813,boundary,C04,G1,F3,3,2,lab,30,lab,S2
TTO-08813,boundary,C05,G2,F3,3,1,classroom,60,classroom,S9
TTO-08814,boundary,C01,G1,F1,3,2,classroom,60,classroom,S2
TTO-08814,boundary,C02,G1,F3,4,1,lab,30,lab,S3
TTO-08814,boundary,C03,G2,F2,3,2,lab,30,lab,S8
TTO-08814,boundary,C04,G1,F3,4,1,classroom,60,classroom,S6
TTO-08814,boundary,C05,G1,F2,4,2,classroom,60,classroom,S9
TTO-08815,boundary,C01,G2,F3,3,2,lab,30,lab,S3
TTO-08815,boundary,C02,G1,F1,3,2,classroom,60,classroom,S5
TTO-08815,boundary,C03,G1,F1,3,1,lab,30,lab,S4
TTO-08815,boundary,C04,G1,F2,3,2,lab,30,lab,S5
TTO-08815,boundary,C05,G1,F2,3,2,lab,30,lab,S7
TTO-08816,boundary,C01,G1,F3,4,2,lab,30,lab,S9
TTO-08816,boundary,C02,G1,F2,4,1,classroom,60,classroom,S2
TTO-08816,boundary,C03,G1,F1,4,2,lab,30,lab,S7
TTO-08816,boundary,C04,G2,F3,4,1,lab,30,lab,S1
TTO-08816,boundary,C05,G2,F1,3,2,classroom,60,classroom,S6
TTO-08817,boundary,C01,G2,F3,3,2,classroom,60,classroom,S2
TTO-08817,boundary,C02,G1,F3,4,2,lab,30,lab,S1
TTO-08817,boundary,C03,G2,F2,4,2,lab,30,lab,S4
TTO-08817,boundary,C04,G2,F2,3,2,lab,30,lab,S4
TTO-08817,boundary,C05,G2,F1,4,1,classroom,60,classroom,S6
TTO-08818,boundary,C01,G1,F1,4,2,lab,30,lab,S1
TTO-08818,boundary,C02,G1,F3,3,1,classroom,60,classroom,S1
TTO-08818,boundary,C03,G1,F1,3,1,lab,30,lab,S10
TTO-08818,boundary,C04,G1,F3,4,1,lab,30,lab,S4
TTO-08818,boundary,C05,G1,F2,4,2,lab,30,lab,S10
TTO-08819,boundary,C01,G1,F1,3,2,classroom,60,classroom,S6
TTO-08819,boundary,C02,G1,F1,3,2,classroom,60,classroom,S6
TTO-08819,boundary,C03,G1,F3,4,2,classroom,60,classroom,S1
TTO-08819,boundary,C04,G2,F1,4,1,lab,30,lab,S10
TTO-08819,boundary,C05,G2,F3,3,1,classroom,60,classroom,S10
TTO-08820,boundary,C01,G1,F2,3,2,lab,30,lab,S9
TTO-08820,boundary,C02,G1,F1,3,1,classroom,60,classroom,S3
TTO-08820,boundary,C03,G1,F3,3,2,classroom,60,classroom,S10
TTO-08820,boundary,C04,G2,F1,3,2,classroom,60,classroom,S3
TTO-08820,boundary,C05,G1,F1,3,2,classroom,60,classroom,S6
TTO-08821,boundary,C01,G1,F1,3,2,classroom,60,classroom,S6
TTO-08821,boundary,C02,G2,F2,3,1,lab,30,lab,S10
TTO-08821,boundary,C03,G1,F3,3,1,lab,30,lab,S5
TTO-08821,boundary,C04,G2,F3,4,1,classroom,60,classroom,S1
TTO-08821,boundary,C05,G1,F1,3,1,classroom,60,classroom,S9
TTO-08822,boundary,C01,G2,F2,3,2,lab,30,lab,S4
TTO-08822,boundary,C02,G2,F1,4,2,lab,30,lab,S9
TTO-08822,boundary,C03,G1,F3,3,2,lab,30,lab,S1
TTO-08822,boundary,C04,G1,F2,3,1,lab,30,lab,S8
TTO-08822,boundary,C05,G1,F1,3,1,classroom,60,classroom,S1
TTO-08823,boundary,C01,G2,F3,4,2,classroom,60,classroom,S8
TTO-08823,boundary,C02,G2,F1,4,2,lab,30,lab,S5
TTO-08823,boundary,C03,G2,F1,4,2,classroom,60,classroom,S4
TTO-08823,boundary,C04,G1,F3,3,1,classroom,60,classroom,S7
TTO-08823,boundary,C05,G2,F1,3,1,lab,30,lab,S1
TTO-08824,boundary,C01,G1,F2,4,1,lab,30,lab,S8
TTO-08824,boundary,C02,G2,F3,4,1,classroom,60,classroom,S6
TTO-08824,boundary,C03,G1,F2,3,1,classroom,60,classroom,S8
TTO-08824,boundary,C04,G1,F2,3,1,classroom,60,classroom,S10
TTO-08824,boundary,C05,G2,F3,3,2,classroom,60,classroom,S3
TTO-08825,boundary,C01,G1,F2,4,2,lab,30,lab,S9
TTO-08825,boundary,C02,G1,F2,3,1,lab,30,lab,S7
TTO-08825,boundary,C03,G1,F2,4,1,lab,30,lab,S8
TTO-08825,boundary,C04,G2,F1,3,1,classroom,60,classroom,S8
TTO-08825,boundary,C05,G2,F1,4,2,lab,30,lab,S4
TTO-08826,boundary,C01,G2,F3,4,2,classroom,60,classroom,S5
TTO-08826,boundary,C02,G1,F2,4,2,lab,30,lab,S6
TTO-08826,boundary,C03,G2,F3,4,2,classroom,60,classroom,S3
TTO-08826,boundary,C04,G1,F2,4,1,lab,30,lab,S3
TTO-08826,boundary,C05,G1,F1,3,1,classroom,60,classroom,S4
TTO-08827,boundary,C01,G1,F1,3,1,classroom,60,classroom,S7
TTO-08827,boundary,C02,G2,F2,4,1,classroom,60,classroom,S2
TTO-08827,boundary,C03,G2,F2,4,2,lab,30,lab,S3
TTO-08827,boundary,C04,G1,F1,3,1,lab,30,lab,S6
TTO-08827,boundary,C05,G1,F3,3,1,lab,30,lab,S9
TTO-08828,boundary,C01,G2,F1,4,1,lab,30,lab,S10
TTO-08828,boundary,C02,G1,F2,3,1,classroom,60,classroom,S4
TTO-08828,boundary,C03,G2,F3,3,2,lab,30,lab,S9
TTO-08828,boundary,C04,G1,F3,3,2,lab,30,lab,S1
TTO-08828,boundary,C05,G1,F2,3,2,lab,30,lab,S4
TTO-08829,boundary,C01,G1,F3,3,2,lab,30,lab,S4
TTO-08829,boundary,C02,G1,F1,3,2,lab,30,lab,S10
TTO-08829,boundary,C03,G2,F1,3,2,lab,30,lab,S7
TTO-08829,boundary,C04,G1,F1,3,2,lab,30,lab,S4
TTO-08829,boundary,C05,G1,F1,3,2,lab,30,lab,S4
TTO-08830,boundary,C01,G1,F3,4,1,lab,30,lab,S9
TTO-08830,boundary,C02,G2,F3,3,2,classroom,60,classroom,S1
TTO-08830,boundary,C03,G2,F1,4,2,classroom,60,classroom,S1
TTO-08830,boundary,C04,G1,F1,4,1,classroom,60,classroom,S2
TTO-08830,boundary,C05,G2,F3,3,2,classroom,60,classroom,S3
TTO-08831,boundary,C01,G1,F3,3,2,classroom,60,classroom,S10
TTO-08831,boundary,C02,G1,F3,3,1,lab,30,lab,S10
TTO-08831,boundary,C03,G1,F1,3,2,classroom,60,classroom,S5
TTO-08831,boundary,C04,G1,F3,3,2,lab,30,lab,S3
TTO-08831,boundary,C05,G2,F3,3,2,classroom,60,classroom,S1
TTO-08832,boundary,C01,G2,F3,4,1,classroom,60,classroom,S8
TTO-08832,boundary,C02,G1,F3,3,1,lab,30,lab,S8
TTO-08832,boundary,C03,G2,F2,3,1,lab,30,lab,S1
TTO-08832,boundary,C04,G1,F2,3,1,classroom,60,classroom,S7
TTO-08832,boundary,C05,G2,F2,4,2,lab,30,lab,S10
TTO-08833,boundary,C01,G2,F1,3,2,lab,30,lab,S10
TTO-08833,boundary,C02,G1,F2,4,1,lab,30,lab,S5
TTO-08833,boundary,C03,G2,F2,4,2,classroom,60,classroom,S4
TTO-08833,boundary,C04,G2,F3,3,1,lab,30,lab,S6
TTO-08833,boundary,C05,G1,F3,3,1,classroom,60,classroom,S2
TTO-08834,boundary,C01,G2,F2,3,1,classroom,60,classroom,S10
TTO-08834,boundary,C02,G2,F1,3,1,lab,30,lab,S6
TTO-08834,boundary,C03,G2,F2,3,1,classroom,60,classroom,S8
TTO-08834,boundary,C04,G1,F2,4,2,lab,30,lab,S7
TTO-08834,boundary,C05,G2,F1,4,1,classroom,60,classroom,S8
TTO-08835,boundary,C01,G2,F2,4,2,classroom,60,classroom,S2
TTO-08835,boundary,C02,G1,F1,4,2,lab,30,lab,S1
TTO-08835,boundary,C03,G2,F3,4,1,lab,30,lab,S9
TTO-08835,boundary,C04,G1,F3,4,2,classroom,60,classroom,S4
TTO-08835,boundary,C05,G2,F3,3,2,lab,30,lab,S7
TTO-08836,boundary,C01,G1,F2,3,2,classroom,60,classroom,S7
TTO-08836,boundary,C02,G2,F2,3,1,classroom,60,classroom,S9
TTO-08836,boundary,C03,G2,F1,4,2,lab,30,lab,S8
TTO-08836,boundary,C04,G1,F3,4,1,classroom,60,classroom,S6
TTO-08836,boundary,C05,G1,F3,4,1,classroom,60,classroom,S10
TTO-08837,boundary,C01,G2,F3,3,1,classroom,60,classroom,S6
TTO-08837,boundary,C02,G2,F3,4,1,lab,30,lab,S6
TTO-08837,boundary,C03,G2,F1,3,1,lab,30,lab,S4
TTO-08837,boundary,C04,G2,F2,4,2,lab,30,lab,S5
TTO-08837,boundary,C05,G2,F1,3,1,lab,30,lab,S6
TTO-08838,boundary,C01,G1,F3,4,2,classroom,60,classroom,S1
TTO-08838,boundary,C02,G1,F3,3,1,lab,30,lab,S6
TTO-08838,boundary,C03,G2,F1,3,1,classroom,60,classroom,S2
TTO-08838,boundary,C04,G1,F2,4,1,lab,30,lab,S8
TTO-08838,boundary,C05,G1,F3,3,1,classroom,60,classroom,S3
TTO-08839,boundary,C01,G2,F2,3,1,lab,30,lab,S10
TTO-08839,boundary,C02,G2,F1,3,1,lab,30,lab,S4
TTO-08839,boundary,C03,G2,F1,4,1,lab,30,lab,S3
TTO-08839,boundary,C04,G1,F2,4,2,classroom,60,classroom,S9
TTO-08839,boundary,C05,G2,F3,4,1,lab,30,lab,S2
TTO-08840,boundary,C01,G2,F3,4,1,lab,30,lab,S7
TTO-08840,boundary,C02,G2,F1,3,2,lab,30,lab,S10
TTO-08840,boundary,C03,G1,F2,4,1,classroom,60,classroom,S8
TTO-08840,boundary,C04,G2,F1,4,2,classroom,60,classroom,S10
TTO-08840,boundary,C05,G2,F3,3,2,classroom,60,classroom,S5
TTO-08841,boundary,C01,G1,F3,3,2,lab,30,lab,S6
TTO-08841,boundary,C02,G1,F2,3,1,classroom,60,classroom,S8
TTO-08841,boundary,C03,G2,F3,3,2,classroom,60,classroom,S1
TTO-08841,boundary,C04,G1,F3,3,1,classroom,60,classroom,S10
TTO-08841,boundary,C05,G2,F3,3,2,classroom,60,classroom,S5
TTO-08842,boundary,C01,G2,F3,4,1,lab,30,lab,S5
TTO-08842,boundary,C02,G2,F3,3,2,lab,30,lab,S7
TTO-08842,boundary,C03,G2,F1,3,2,classroom,60,classroom,S9
TTO-08842,boundary,C04,G2,F2,4,2,lab,30,lab,S6
TTO-08842,boundary,C05,G1,F2,4,1,lab,30,lab,S7
TTO-08843,boundary,C01,G1,F1,3,2,classroom,60,classroom,S3
TTO-08843,boundary,C02,G1,F2,3,1,classroom,60,classroom,S1
TTO-08843,boundary,C03,G1,F3,4,1,classroom,60,classroom,S2
TTO-08843,boundary,C04,G1,F3,3,1,lab,30,lab,S5
TTO-08843,boundary,C05,G2,F1,3,1,classroom,60,classroom,S5
TTO-08844,boundary,C01,G2,F3,3,1,lab,30,lab,S5
TTO-08844,boundary,C02,G2,F2,3,2,classroom,60,classroom,S3
TTO-08844,boundary,C03,G2,F3,3,1,classroom,60,classroom,S1
TTO-08844,boundary,C04,G1,F2,3,1,lab,30,lab,S8
TTO-08844,boundary,C05,G2,F3,4,2,lab,30,lab,S3
TTO-08845,boundary,C01,G1,F1,4,1,classroom,60,classroom,S3
TTO-08845,boundary,C02,G1,F2,4,2,lab,30,lab,S6
TTO-08845,boundary,C03,G1,F2,3,2,classroom,60,classroom,S1
TTO-08845,boundary,C04,G2,F1,3,2,classroom,60,classroom,S1
TTO-08845,boundary,C05,G2,F3,4,2,classroom,60,classroom,S5
TTO-08846,boundary,C01,G2,F3,4,1,classroom,60,classroom,S5
TTO-08846,boundary,C02,G1,F2,4,2,classroom,60,classroom,S5
TTO-08846,boundary,C03,G2,F3,4,2,lab,30,lab,S4
TTO-08846,boundary,C04,G1,F2,3,1,lab,30,lab,S8
TTO-08846,boundary,C05,G2,F2,4,2,lab,30,lab,S8
TTO-08847,boundary,C01,G1,F3,3,1,lab,30,lab,S9
TTO-08847,boundary,C02,G2,F2,4,1,classroom,60,classroom,S6
TTO-08847,boundary,C03,G2,F2,4,2,lab,30,lab,S8
TTO-08847,boundary,C04,G1,F1,3,2,classroom,60,classroom,S9
TTO-08847,boundary,C05,G1,F1,3,2,classroom,60,classroom,S8
TTO-08848,boundary,C01,G1,F2,4,1,lab,30,lab,S6
TTO-08848,boundary,C02,G1,F3,3,1,classroom,60,classroom,S9
TTO-08848,boundary,C03,G2,F1,3,2,classroom,60,classroom,S7
TTO-08848,boundary,C04,G1,F3,3,2,classroom,60,classroom,S7
TTO-08848,boundary,C05,G1,F3,4,1,classroom,60,classroom,S10
TTO-08849,boundary,C01,G2,F1,3,2,classroom,60,classroom,S10
TTO-08849,boundary,C02,G1,F2,4,1,lab,30,lab,S7
TTO-08849,boundary,C03,G2,F1,3,2,classroom,60,classroom,S6
TTO-08849,boundary,C04,G2,F1,4,2,classroom,60,classroom,S7
TTO-08849,boundary,C05,G2,F3,4,1,classroom,60,classroom,S2
TTO-08850,boundary,C01,G1,F2,3,2,classroom,60,classroom,S3
TTO-08850,boundary,C02,G1,F2,3,2,lab,30,lab,S8
TTO-08850,boundary,C03,G1,F2,4,2,classroom,60,classroom,S7
TTO-08850,boundary,C04,G1,F3,4,1,lab,30,lab,S7
TTO-08850,boundary,C05,G1,F3,3,1,classroom,60,classroom,S4
TTO-08851,boundary,C01,G1,F1,4,2,lab,30,lab,S5
TTO-08851,boundary,C02,G2,F2,4,2,lab,30,lab,S10
TTO-08851,boundary,C03,G2,F2,4,2,classroom,60,classroom,S10
TTO-08851,boundary,C04,G2,F3,4,1,lab,30,lab,S9
TTO-08851,boundary,C05,G2,F3,3,1,lab,30,lab,S3
TTO-08852,boundary,C01,G1,F3,3,2,classroom,60,classroom,S5
TTO-08852,boundary,C02,G1,F1,4,1,classroom,60,classroom,S5
TTO-08852,boundary,C03,G2,F2,3,2,classroom,60,classroom,S3
TTO-08852,boundary,C04,G1,F3,3,2,classroom,60,classroom,S5
TTO-08852,boundary,C05,G2,F1,3,1,classroom,60,classroom,S1
TTO-08853,boundary,C01,G1,F3,4,1,classroom,60,classroom,S7
TTO-08853,boundary,C02,G1,F2,3,2,classroom,60,classroom,S2
TTO-08853,boundary,C03,G1,F2,3,1,classroom,60,classroom,S3
TTO-08853,boundary,C04,G2,F2,3,2,lab,30,lab,S5
TTO-08853,boundary,C05,G1,F3,4,2,lab,30,lab,S6
TTO-08854,boundary,C01,G1,F1,3,1,classroom,60,classroom,S9
TTO-08854,boundary,C02,G1,F2,3,1,lab,30,lab,S4
TTO-08854,boundary,C03,G1,F2,3,1,classroom,60,classroom,S6
TTO-08854,boundary,C04,G1,F2,3,1,classroom,60,classroom,S9
TTO-08854,boundary,C05,G2,F1,4,1,classroom,60,classroom,S2
TTO-08855,boundary,C01,G1,F3,4,1,classroom,60,classroom,S6
TTO-08855,boundary,C02,G1,F1,3,1,classroom,60,classroom,S5
TTO-08855,boundary,C03,G2,F3,4,2,lab,30,lab,S9
TTO-08855,boundary,C04,G2,F2,4,2,classroom,60,classroom,S2
TTO-08855,boundary,C05,G1,F1,4,2,classroom,60,classroom,S10
TTO-08856,boundary,C01,G2,F1,4,1,lab,30,lab,S9
TTO-08856,boundary,C02,G1,F1,3,1,classroom,60,classroom,S6
TTO-08856,boundary,C03,G2,F3,4,1,lab,30,lab,S4
TTO-08856,boundary,C04,G2,F2,3,2,lab,30,lab,S6
TTO-08856,boundary,C05,G1,F2,3,2,classroom,60,classroom,S5
TTO-08857,boundary,C01,G1,F3,4,1,lab,30,lab,S2
TTO-08857,boundary,C02,G1,F2,4,2,lab,30,lab,S6
TTO-08857,boundary,C03,G2,F1,4,2,lab,30,lab,S3
TTO-08857,boundary,C04,G1,F1,3,1,lab,30,lab,S5
TTO-08857,boundary,C05,G2,F3,3,2,lab,30,lab,S3
TTO-08858,boundary,C01,G1,F3,3,2,lab,30,lab,S2
TTO-08858,boundary,C02,G1,F1,4,1,classroom,60,classroom,S7
TTO-08858,boundary,C03,G1,F3,3,1,lab,30,lab,S8
TTO-08858,boundary,C04,G2,F1,3,2,classroom,60,classroom,S2
TTO-08858,boundary,C05,G1,F1,4,1,lab,30,lab,S1
TTO-08859,boundary,C01,G1,F1,3,1,lab,30,lab,S5
TTO-08859,boundary,C02,G1,F2,3,2,lab,30,lab,S2
TTO-08859,boundary,C03,G1,F1,3,1,lab,30,lab,S1
TTO-08859,boundary,C04,G1,F3,4,1,classroom,60,classroom,S10
TTO-08859,boundary,C05,G2,F3,4,1,classroom,60,classroom,S2
TTO-08860,boundary,C01,G2,F3,3,1,lab,30,lab,S4
TTO-08860,boundary,C02,G2,F1,3,2,lab,30,lab,S3
TTO-08860,boundary,C03,G2,F3,3,1,classroom,60,classroom,S10
TTO-08860,boundary,C04,G2,F3,3,1,classroom,60,classroom,S8
TTO-08860,boundary,C05,G2,F2,4,1,lab,30,lab,S3
TTO-08861,boundary,C01,G2,F3,4,1,lab,30,lab,S4
TTO-08861,boundary,C02,G1,F1,4,2,lab,30,lab,S2
TTO-08861,boundary,C03,G2,F1,3,1,lab,30,lab,S2
TTO-08861,boundary,C04,G1,F1,4,1,classroom,60,classroom,S6
TTO-08861,boundary,C05,G2,F1,3,2,lab,30,lab,S3
TTO-08862,boundary,C01,G2,F3,3,1,classroom,60,classroom,S10
TTO-08862,boundary,C02,G2,F2,4,2,classroom,60,classroom,S2
TTO-08862,boundary,C03,G2,F1,4,1,classroom,60,classroom,S1
TTO-08862,boundary,C04,G1,F3,3,2,lab,30,lab,S5
TTO-08862,boundary,C05,G2,F2,3,1,classroom,60,classroom,S8
TTO-08863,boundary,C01,G1,F3,4,1,classroom,60,classroom,S3
TTO-08863,boundary,C02,G2,F1,4,1,classroom,60,classroom,S2
TTO-08863,boundary,C03,G1,F3,4,2,lab,30,lab,S8
TTO-08863,boundary,C04,G1,F2,4,1,classroom,60,classroom,S10
TTO-08863,boundary,C05,G1,F3,3,1,lab,30,lab,S2
TTO-08864,boundary,C01,G2,F2,4,1,classroom,60,classroom,S3
TTO-08864,boundary,C02,G2,F2,4,1,classroom,60,classroom,S4
TTO-08864,boundary,C03,G2,F2,3,2,classroom,60,classroom,S3
TTO-08864,boundary,C04,G1,F3,3,2,classroom,60,classroom,S2
TTO-08864,boundary,C05,G2,F1,4,1,lab,30,lab,S1
TTO-08865,boundary,C01,G1,F3,4,2,lab,30,lab,S3
TTO-08865,boundary,C02,G2,F2,4,1,classroom,60,classroom,S1
TTO-08865,boundary,C03,G1,F2,4,2,lab,30,lab,S2
TTO-08865,boundary,C04,G2,F1,3,2,lab,30,lab,S6
TTO-08865,boundary,C05,G1,F3,4,1,lab,30,lab,S4
TTO-08866,boundary,C01,G2,F3,3,1,lab,30,lab,S3
TTO-08866,boundary,C02,G1,F1,4,1,lab,30,lab,S4
TTO-08866,boundary,C03,G2,F3,4,2,lab,30,lab,S8
TTO-08866,boundary,C04,G2,F2,3,1,classroom,60,classroom,S6
TTO-08866,boundary,C05,G2,F2,4,1,lab,30,lab,S4
TTO-08867,boundary,C01,G1,F1,3,1,lab,30,lab,S6
TTO-08867,boundary,C02,G1,F3,3,2,lab,30,lab,S4
TTO-08867,boundary,C03,G2,F2,4,1,classroom,60,classroom,S6
TTO-08867,boundary,C04,G2,F3,4,1,lab,30,lab,S3
TTO-08867,boundary,C05,G2,F2,4,2,lab,30,lab,S9
TTO-08868,boundary,C01,G1,F2,4,1,lab,30,lab,S10
TTO-08868,boundary,C02,G2,F1,4,2,classroom,60,classroom,S5
TTO-08868,boundary,C03,G2,F2,3,1,classroom,60,classroom,S2
TTO-08868,boundary,C04,G1,F1,4,2,lab,30,lab,S3
TTO-08868,boundary,C05,G1,F1,4,1,lab,30,lab,S8
TTO-08869,boundary,C01,G1,F1,3,1,classroom,60,classroom,S7
TTO-08869,boundary,C02,G1,F3,4,2,lab,30,lab,S2
TTO-08869,boundary,C03,G2,F2,3,1,lab,30,lab,S5
TTO-08869,boundary,C04,G2,F3,4,2,classroom,60,classroom,S5
TTO-08869,boundary,C05,G1,F1,3,2,lab,30,lab,S8
TTO-08870,boundary,C01,G1,F3,4,2,classroom,60,classroom,S1
TTO-08870,boundary,C02,G2,F3,4,2,lab,30,lab,S5
TTO-08870,boundary,C03,G1,F3,4,2,classroom,60,classroom,S7
TTO-08870,boundary,C04,G1,F2,4,1,lab,30,lab,S6
TTO-08870,boundary,C05,G2,F1,3,2,lab,30,lab,S1
TTO-08871,boundary,C01,G2,F3,3,2,lab,30,lab,S4
TTO-08871,boundary,C02,G1,F2,4,2,lab,30,lab,S5
TTO-08871,boundary,C03,G1,F3,4,1,classroom,60,classroom,S1
TTO-08871,boundary,C04,G2,F2,3,1,lab,30,lab,S6
TTO-08871,boundary,C05,G1,F2,4,1,lab,30,lab,S3
TTO-08872,boundary,C01,G2,F3,4,2,classroom,60,classroom,S2
TTO-08872,boundary,C02,G2,F2,3,1,classroom,60,classroom,S7
TTO-08872,boundary,C03,G1,F2,4,2,lab,30,lab,S2
TTO-08872,boundary,C04,G2,F1,3,1,classroom,60,classroom,S9
TTO-08872,boundary,C05,G1,F2,4,2,lab,30,lab,S9
TTO-08873,boundary,C01,G2,F2,3,2,lab,30,lab,S5
TTO-08873,boundary,C02,G1,F1,4,1,lab,30,lab,S2
TTO-08873,boundary,C03,G1,F2,4,2,classroom,60,classroom,S10
TTO-08873,boundary,C04,G1,F1,3,1,lab,30,lab,S1
TTO-08873,boundary,C05,G2,F2,4,2,lab,30,lab,S4
TTO-08874,boundary,C01,G1,F3,4,2,classroom,60,classroom,S10
TTO-08874,boundary,C02,G2,F2,4,2,lab,30,lab,S9
TTO-08874,boundary,C03,G2,F2,3,1,lab,30,lab,S2
TTO-08874,boundary,C04,G2,F3,4,2,classroom,60,classroom,S3
TTO-08874,boundary,C05,G1,F3,4,1,classroom,60,classroom,S3
TTO-08875,boundary,C01,G2,F1,4,1,classroom,60,classroom,S10
TTO-08875,boundary,C02,G2,F2,3,1,classroom,60,classroom,S4
TTO-08875,boundary,C03,G2,F1,3,1,lab,30,lab,S2
TTO-08875,boundary,C04,G2,F1,4,2,classroom,60,classroom,S6
TTO-08875,boundary,C05,G2,F1,3,1,lab,30,lab,S9
TTO-08876,boundary,C01,G1,F3,4,2,lab,30,lab,S7
TTO-08876,boundary,C02,G1,F1,3,1,classroom,60,classroom,S9
TTO-08876,boundary,C03,G1,F2,4,1,lab,30,lab,S7
TTO-08876,boundary,C04,G1,F2,4,1,lab,30,lab,S9
TTO-08876,boundary,C05,G2,F1,3,2,lab,30,lab,S6
TTO-08877,boundary,C01,G1,F3,4,2,classroom,60,classroom,S5
TTO-08877,boundary,C02,G1,F2,4,2,lab,30,lab,S4
TTO-08877,boundary,C03,G2,F1,3,1,lab,30,lab,S9
TTO-08877,boundary,C04,G1,F2,4,2,lab,30,lab,S10
TTO-08877,boundary,C05,G2,F1,3,2,lab,30,lab,S3
TTO-08878,boundary,C01,G1,F2,3,1,classroom,60,classroom,S6
TTO-08878,boundary,C02,G1,F2,3,2,classroom,60,classroom,S7
TTO-08878,boundary,C03,G1,F1,4,2,lab,30,lab,S7
TTO-08878,boundary,C04,G1,F2,3,2,lab,30,lab,S7
TTO-08878,boundary,C05,G2,F1,3,1,lab,30,lab,S5
TTO-08879,boundary,C01,G2,F2,3,1,lab,30,lab,S9
TTO-08879,boundary,C02,G2,F1,4,1,lab,30,lab,S1
TTO-08879,boundary,C03,G1,F1,4,1,classroom,60,classroom,S6
TTO-08879,boundary,C04,G2,F1,4,1,lab,30,lab,S7
TTO-08879,boundary,C05,G1,F2,4,1,lab,30,lab,S5
TTO-08880,boundary,C01,G1,F2,3,1,classroom,60,classroom,S8
TTO-08880,boundary,C02,G2,F2,4,1,classroom,60,classroom,S4
TTO-08880,boundary,C03,G2,F3,3,2,classroom,60,classroom,S8
TTO-08880,boundary,C04,G1,F3,3,1,lab,30,lab,S7
TTO-08880,boundary,C05,G1,F1,3,1,classroom,60,classroom,S9
TTO-08881,boundary,C01,G1,F2,4,1,lab,30,lab,S10
TTO-08881,boundary,C02,G1,F3,3,1,lab,30,lab,S5
TTO-08881,boundary,C03,G1,F1,4,2,classroom,60,classroom,S10
TTO-08881,boundary,C04,G2,F2,4,2,lab,30,lab,S6
TTO-08881,boundary,C05,G2,F3,3,2,classroom,60,classroom,S5
TTO-08882,boundary,C01,G2,F1,3,2,lab,30,lab,S4
TTO-08882,boundary,C02,G2,F3,4,2,lab,30,lab,S6
TTO-08882,boundary,C03,G1,F3,3,2,classroom,60,classroom,S3
TTO-08882,boundary,C04,G2,F1,3,1,lab,30,lab,S8
TTO-08882,boundary,C05,G2,F2,3,1,lab,30,lab,S3
TTO-08883,boundary,C01,G2,F2,3,2,lab,30,lab,S7
TTO-08883,boundary,C02,G2,F1,4,2,classroom,60,classroom,S7
TTO-08883,boundary,C03,G1,F3,4,1,lab,30,lab,S3
TTO-08883,boundary,C04,G1,F1,4,1,lab,30,lab,S7
TTO-08883,boundary,C05,G2,F1,3,1,classroom,60,classroom,S8
TTO-08884,boundary,C01,G2,F2,4,1,lab,30,lab,S2
TTO-08884,boundary,C02,G1,F1,4,1,lab,30,lab,S9
TTO-08884,boundary,C03,G2,F1,3,1,classroom,60,classroom,S10
TTO-08884,boundary,C04,G2,F3,4,2,classroom,60,classroom,S5
TTO-08884,boundary,C05,G1,F2,4,1,lab,30,lab,S6
TTO-08885,boundary,C01,G1,F2,3,1,lab,30,lab,S5
TTO-08885,boundary,C02,G2,F3,4,2,lab,30,lab,S7
TTO-08885,boundary,C03,G2,F2,4,1,lab,30,lab,S2
TTO-08885,boundary,C04,G2,F2,4,1,classroom,60,classroom,S6
TTO-08885,boundary,C05,G1,F3,3,1,lab,30,lab,S6
TTO-08886,boundary,C01,G2,F2,4,2,classroom,60,classroom,S5
TTO-08886,boundary,C02,G2,F1,3,2,lab,30,lab,S3
TTO-08886,boundary,C03,G1,F3,3,1,classroom,60,classroom,S6
TTO-08886,boundary,C04,G1,F1,3,1,lab,30,lab,S9
TTO-08886,boundary,C05,G1,F1,4,1,classroom,60,classroom,S9
TTO-08887,boundary,C01,G1,F3,3,2,lab,30,lab,S3
TTO-08887,boundary,C02,G2,F3,4,1,classroom,60,classroom,S2
TTO-08887,boundary,C03,G2,F1,4,1,lab,30,lab,S4
TTO-08887,boundary,C04,G2,F3,3,2,lab,30,lab,S6
TTO-08887,boundary,C05,G1,F2,4,1,classroom,60,classroom,S9
TTO-08888,boundary,C01,G1,F3,4,1,classroom,60,classroom,S5
TTO-08888,boundary,C02,G1,F2,4,1,classroom,60,classroom,S6
TTO-08888,boundary,C03,G1,F1,4,1,classroom,60,classroom,S10
TTO-08888,boundary,C04,G1,F3,3,1,classroom,60,classroom,S4
TTO-08888,boundary,C05,G1,F1,4,1,classroom,60,classroom,S5
TTO-08889,boundary,C01,G2,F2,3,2,lab,30,lab,S7
TTO-08889,boundary,C02,G1,F1,4,2,lab,30,lab,S3
TTO-08889,boundary,C03,G1,F2,3,1,lab,30,lab,S10
TTO-08889,boundary,C04,G1,F1,4,1,classroom,60,classroom,S4
TTO-08889,boundary,C05,G2,F2,4,1,classroom,60,classroom,S2
TTO-08890,boundary,C01,G2,F1,4,1,classroom,60,classroom,S7
TTO-08890,boundary,C02,G2,F3,4,2,classroom,60,classroom,S6
TTO-08890,boundary,C03,G1,F2,3,1,lab,30,lab,S5
TTO-08890,boundary,C04,G2,F2,3,2,lab,30,lab,S3
TTO-08890,boundary,C05,G1,F2,3,2,lab,30,lab,S2
TTO-08891,boundary,C01,G2,F1,4,2,lab,30,lab,S6
TTO-08891,boundary,C02,G2,F3,4,1,lab,30,lab,S5
TTO-08891,boundary,C03,G1,F1,3,2,lab,30,lab,S2
TTO-08891,boundary,C04,G2,F1,3,1,lab,30,lab,S9
TTO-08891,boundary,C05,G1,F1,4,2,classroom,60,classroom,S7
TTO-08892,boundary,C01,G1,F3,4,1,classroom,60,classroom,S4
TTO-08892,boundary,C02,G1,F3,4,2,classroom,60,classroom,S4
TTO-08892,boundary,C03,G2,F3,4,1,lab,30,lab,S10
TTO-08892,boundary,C04,G1,F1,4,1,classroom,60,classroom,S7
TTO-08892,boundary,C05,G1,F3,4,1,classroom,60,classroom,S1
TTO-08893,boundary,C01,G2,F1,3,1,lab,30,lab,S2
TTO-08893,boundary,C02,G2,F2,4,1,classroom,60,classroom,S1
TTO-08893,boundary,C03,G2,F2,3,1,lab,30,lab,S9
TTO-08893,boundary,C04,G1,F2,4,1,lab,30,lab,S1
TTO-08893,boundary,C05,G1,F2,3,1,lab,30,lab,S8
TTO-08894,boundary,C01,G1,F1,4,2,lab,30,lab,S6
TTO-08894,boundary,C02,G1,F3,3,1,classroom,60,classroom,S9
TTO-08894,boundary,C03,G2,F1,3,1,lab,30,lab,S9
TTO-08894,boundary,C04,G1,F1,3,2,classroom,60,classroom,S10
TTO-08894,boundary,C05,G2,F3,4,1,classroom,60,classroom,S10
TTO-08895,boundary,C01,G2,F3,3,1,classroom,60,classroom,S5
TTO-08895,boundary,C02,G2,F1,3,2,classroom,60,classroom,S6
TTO-08895,boundary,C03,G2,F1,3,2,lab,30,lab,S7
TTO-08895,boundary,C04,G2,F1,3,1,classroom,60,classroom,S8
TTO-08895,boundary,C05,G1,F3,3,2,classroom,60,classroom,S7
TTO-08896,boundary,C01,G1,F3,3,2,lab,30,lab,S6
TTO-08896,boundary,C02,G1,F1,3,2,lab,30,lab,S7
TTO-08896,boundary,C03,G1,F1,3,1,classroom,60,classroom,S5
TTO-08896,boundary,C04,G1,F1,3,1,classroom,60,classroom,S6
TTO-08896,boundary,C05,G2,F2,3,1,classroom,60,classroom,S4
TTO-08897,boundary,C01,G1,F3,4,1,lab,30,lab,S4
TTO-08897,boundary,C02,G2,F2,3,2,lab,30,lab,S4
TTO-08897,boundary,C03,G2,F3,3,1,classroom,60,classroom,S4
TTO-08897,boundary,C04,G2,F1,4,1,lab,30,lab,S4
TTO-08897,boundary,C05,G1,F2,4,2,lab,30,lab,S5
TTO-08898,boundary,C01,G1,F3,4,1,classroom,60,classroom,S5
TTO-08898,boundary,C02,G2,F1,4,1,classroom,60,classroom,S10
TTO-08898,boundary,C03,G1,F2,4,1,classroom,60,classroom,S8
TTO-08898,boundary,C04,G1,F2,4,2,lab,30,lab,S10
TTO-08898,boundary,C05,G1,F2,3,1,classroom,60,classroom,S10
TTO-08899,boundary,C01,G1,F1,3,1,classroom,60,classroom,S4
TTO-08899,boundary,C02,G2,F3,4,1,lab,30,lab,S7
TTO-08899,boundary,C03,G2,F3,3,1,classroom,60,classroom,S5
TTO-08899,boundary,C04,G1,F1,3,2,lab,30,lab,S5
TTO-08899,boundary,C05,G2,F3,4,2,classroom,60,classroom,S5
TTO-08900,boundary,C01,G2,F2,3,1,classroom,60,classroom,S1
TTO-08900,boundary,C02,G1,F2,3,2,lab,30,lab,S6
TTO-08900,boundary,C03,G2,F2,3,2,classroom,60,classroom,S1
TTO-08900,boundary,C04,G2,F1,4,2,lab,30,lab,S1
TTO-08900,boundary,C05,G2,F1,4,2,lab,30,lab,S10
TTO-08901,boundary,C01,G2,F3,3,2,lab,30,lab,S10
TTO-08901,boundary,C02,G2,F2,4,1,classroom,60,classroom,S5
TTO-08901,boundary,C03,G2,F2,3,1,lab,30,lab,S4
TTO-08901,boundary,C04,G2,F1,4,1,classroom,60,classroom,S9
TTO-08901,boundary,C05,G2,F3,4,2,classroom,60,classroom,S7
TTO-08902,boundary,C01,G1,F1,3,2,lab,30,lab,S9
TTO-08902,boundary,C02,G2,F3,4,1,classroom,60,classroom,S3
TTO-08902,boundary,C03,G1,F2,4,1,lab,30,lab,S8
TTO-08902,boundary,C04,G1,F3,4,1,classroom,60,classroom,S6
TTO-08902,boundary,C05,G1,F3,3,2,lab,30,lab,S5
TTO-08903,boundary,C01,G2,F2,4,1,lab,30,lab,S1
TTO-08903,boundary,C02,G2,F1,3,2,lab,30,lab,S8
TTO-08903,boundary,C03,G2,F2,3,2,classroom,60,classroom,S8
TTO-08903,boundary,C04,G2,F3,3,1,classroom,60,classroom,S6
TTO-08903,boundary,C05,G1,F1,4,2,classroom,60,classroom,S9
TTO-08904,boundary,C01,G2,F2,3,1,classroom,60,classroom,S8
TTO-08904,boundary,C02,G2,F2,4,2,classroom,60,classroom,S4
TTO-08904,boundary,C03,G1,F2,3,1,classroom,60,classroom,S9
TTO-08904,boundary,C04,G1,F3,4,2,classroom,60,classroom,S10
TTO-08904,boundary,C05,G1,F1,4,2,lab,30,lab,S4
TTO-08905,boundary,C01,G2,F1,3,2,classroom,60,classroom,S10
TTO-08905,boundary,C02,G1,F2,4,1,classroom,60,classroom,S8
TTO-08905,boundary,C03,G2,F3,4,1,lab,30,lab,S9
TTO-08905,boundary,C04,G2,F2,4,1,lab,30,lab,S8
TTO-08905,boundary,C05,G1,F1,4,1,classroom,60,classroom,S9
TTO-08906,boundary,C01,G2,F3,4,2,classroom,60,classroom,S8
TTO-08906,boundary,C02,G2,F2,4,2,lab,30,lab,S10
TTO-08906,boundary,C03,G1,F2,3,2,classroom,60,classroom,S4
TTO-08906,boundary,C04,G2,F1,4,2,classroom,60,classroom,S9
TTO-08906,boundary,C05,G1,F1,3,2,classroom,60,classroom,S5
TTO-08907,boundary,C01,G2,F1,4,2,classroom,60,classroom,S10
TTO-08907,boundary,C02,G1,F3,3,2,lab,30,lab,S10
TTO-08907,boundary,C03,G2,F2,3,1,lab,30,lab,S3
TTO-08907,boundary,C04,G2,F1,4,2,classroom,60,classroom,S3
TTO-08907,boundary,C05,G2,F3,4,1,lab,30,lab,S5
TTO-08908,boundary,C01,G1,F2,3,1,classroom,60,classroom,S7
TTO-08908,boundary,C02,G1,F2,3,2,lab,30,lab,S4
TTO-08908,boundary,C03,G1,F1,3,2,lab,30,lab,S9
TTO-08908,boundary,C04,G2,F3,4,2,lab,30,lab,S5
TTO-08908,boundary,C05,G2,F1,3,2,lab,30,lab,S5
TTO-08909,boundary,C01,G2,F2,4,2,classroom,60,classroom,S3
TTO-08909,boundary,C02,G1,F1,4,2,lab,30,lab,S3
TTO-08909,boundary,C03,G1,F3,4,1,lab,30,lab,S1
TTO-08909,boundary,C04,G2,F2,4,2,lab,30,lab,S7
TTO-08909,boundary,C05,G2,F3,4,2,classroom,60,classroom,S4
TTO-08910,boundary,C01,G2,F3,3,2,lab,30,lab,S3
TTO-08910,boundary,C02,G2,F2,4,2,lab,30,lab,S2
TTO-08910,boundary,C03,G2,F1,4,2,classroom,60,classroom,S8
TTO-08910,boundary,C04,G2,F2,4,1,classroom,60,classroom,S1
TTO-08910,boundary,C05,G1,F3,4,2,lab,30,lab,S2
TTO-08911,boundary,C01,G1,F3,3,1,lab,30,lab,S4
TTO-08911,boundary,C02,G2,F3,3,2,classroom,60,classroom,S5
TTO-08911,boundary,C03,G2,F2,4,2,lab,30,lab,S2
TTO-08911,boundary,C04,G1,F3,4,1,lab,30,lab,S3
TTO-08911,boundary,C05,G1,F2,3,1,classroom,60,classroom,S6
TTO-08912,boundary,C01,G1,F2,4,1,lab,30,lab,S7
TTO-08912,boundary,C02,G2,F2,3,1,classroom,60,classroom,S10
TTO-08912,boundary,C03,G1,F2,4,2,lab,30,lab,S10
TTO-08912,boundary,C04,G2,F3,4,1,classroom,60,classroom,S2
TTO-08912,boundary,C05,G1,F1,4,1,lab,30,lab,S9
TTO-08913,boundary,C01,G1,F2,3,1,lab,30,lab,S4
TTO-08913,boundary,C02,G1,F1,4,2,classroom,60,classroom,S2
TTO-08913,boundary,C03,G1,F1,3,2,lab,30,lab,S9
TTO-08913,boundary,C04,G2,F3,4,1,lab,30,lab,S7
TTO-08913,boundary,C05,G2,F3,3,1,lab,30,lab,S6
TTO-08914,boundary,C01,G1,F1,3,1,classroom,60,classroom,S9
TTO-08914,boundary,C02,G2,F1,3,2,classroom,60,classroom,S3
TTO-08914,boundary,C03,G2,F2,3,1,classroom,60,classroom,S6
TTO-08914,boundary,C04,G1,F2,4,1,lab,30,lab,S10
TTO-08914,boundary,C05,G2,F2,4,2,classroom,60,classroom,S2
TTO-08915,boundary,C01,G2,F2,4,1,classroom,60,classroom,S6
TTO-08915,boundary,C02,G2,F3,3,1,lab,30,lab,S4
TTO-08915,boundary,C03,G1,F2,4,1,classroom,60,classroom,S5
TTO-08915,boundary,C04,G1,F3,4,1,lab,30,lab,S7
TTO-08915,boundary,C05,G2,F1,4,1,lab,30,lab,S5
TTO-08916,boundary,C01,G2,F2,4,2,classroom,60,classroom,S9
TTO-08916,boundary,C02,G2,F2,3,1,lab,30,lab,S6
TTO-08916,boundary,C03,G1,F3,3,1,lab,30,lab,S2
TTO-08916,boundary,C04,G1,F1,4,2,lab,30,lab,S6
TTO-08916,boundary,C05,G1,F1,3,2,lab,30,lab,S7
TTO-08917,boundary,C01,G1,F3,3,2,classroom,60,classroom,S2
TTO-08917,boundary,C02,G2,F3,3,1,classroom,60,classroom,S8
TTO-08917,boundary,C03,G2,F3,3,2,lab,30,lab,S7
TTO-08917,boundary,C04,G2,F2,3,1,classroom,60,classroom,S8
TTO-08917,boundary,C05,G1,F3,4,1,classroom,60,classroom,S2
TTO-08918,boundary,C01,G2,F1,3,2,lab,30,lab,S6
TTO-08918,boundary,C02,G2,F2,3,2,classroom,60,classroom,S10
TTO-08918,boundary,C03,G1,F3,3,1,lab,30,lab,S5
TTO-08918,boundary,C04,G2,F1,4,2,lab,30,lab,S2
TTO-08918,boundary,C05,G2,F3,4,1,lab,30,lab,S10
TTO-08919,boundary,C01,G2,F1,4,2,classroom,60,classroom,S7
TTO-08919,boundary,C02,G1,F2,4,2,lab,30,lab,S7
TTO-08919,boundary,C03,G2,F2,3,2,lab,30,lab,S5
TTO-08919,boundary,C04,G1,F1,4,2,lab,30,lab,S8
TTO-08919,boundary,C05,G1,F1,4,2,classroom,60,classroom,S2
TTO-08920,boundary,C01,G1,F1,3,2,lab,30,lab,S4
TTO-08920,boundary,C02,G2,F3,4,1,classroom,60,classroom,S9
TTO-08920,boundary,C03,G1,F3,4,2,lab,30,lab,S2
TTO-08920,boundary,C04,G2,F2,3,1,lab,30,lab,S8
TTO-08920,boundary,C05,G1,F1,4,1,lab,30,lab,S3
TTO-08921,boundary,C01,G2,F2,4,1,lab,30,lab,S6
TTO-08921,boundary,C02,G1,F1,4,1,lab,30,lab,S7
TTO-08921,boundary,C03,G2,F2,4,1,classroom,60,classroom,S7
TTO-08921,boundary,C04,G1,F1,4,1,classroom,60,classroom,S3
TTO-08921,boundary,C05,G2,F3,4,1,lab,30,lab,S3
TTO-08922,boundary,C01,G1,F3,3,2,lab,30,lab,S8
TTO-08922,boundary,C02,G2,F1,3,2,lab,30,lab,S8
TTO-08922,boundary,C03,G1,F3,3,1,lab,30,lab,S8
TTO-08922,boundary,C04,G2,F2,3,1,lab,30,lab,S7
TTO-08922,boundary,C05,G2,F2,4,2,lab,30,lab,S4
TTO-08923,boundary,C01,G1,F2,4,1,lab,30,lab,S5
TTO-08923,boundary,C02,G2,F1,3,2,lab,30,lab,S4
TTO-08923,boundary,C03,G2,F2,4,2,classroom,60,classroom,S10
TTO-08923,boundary,C04,G1,F1,4,1,classroom,60,classroom,S7
TTO-08923,boundary,C05,G1,F1,4,1,lab,30,lab,S5
TTO-08924,boundary,C01,G1,F1,3,2,classroom,60,classroom,S8
TTO-08924,boundary,C02,G1,F3,4,1,classroom,60,classroom,S3
TTO-08924,boundary,C03,G2,F1,4,1,lab,30,lab,S4
TTO-08924,boundary,C04,G2,F1,3,2,lab,30,lab,S1
TTO-08924,boundary,C05,G1,F1,4,1,classroom,60,classroom,S7
TTO-08925,boundary,C01,G2,F3,3,2,classroom,60,classroom,S10
TTO-08925,boundary,C02,G1,F3,3,1,classroom,60,classroom,S2
TTO-08925,boundary,C03,G1,F1,3,2,lab,30,lab,S9
TTO-08925,boundary,C04,G2,F1,4,1,lab,30,lab,S2
TTO-08925,boundary,C05,G2,F2,3,2,classroom,60,classroom,S5
TTO-08926,boundary,C01,G2,F2,4,2,classroom,60,classroom,S5
TTO-08926,boundary,C02,G1,F2,3,1,lab,30,lab,S9
TTO-08926,boundary,C03,G1,F3,4,1,lab,30,lab,S3
TTO-08926,boundary,C04,G1,F1,3,2,classroom,60,classroom,S10
TTO-08926,boundary,C05,G1,F3,3,1,lab,30,lab,S2
TTO-08927,boundary,C01,G1,F3,4,1,lab,30,lab,S10
TTO-08927,boundary,C02,G2,F3,4,2,classroom,60,classroom,S8
TTO-08927,boundary,C03,G2,F1,4,2,classroom,60,classroom,S10
TTO-08927,boundary,C04,G2,F3,3,1,lab,30,lab,S1
TTO-08927,boundary,C05,G2,F2,4,1,lab,30,lab,S3
TTO-08928,boundary,C01,G2,F3,4,1,classroom,60,classroom,S5
TTO-08928,boundary,C02,G1,F1,4,2,classroom,60,classroom,S1
TTO-08928,boundary,C03,G2,F2,3,2,lab,30,lab,S2
TTO-08928,boundary,C04,G1,F1,3,1,classroom,60,classroom,S2
TTO-08928,boundary,C05,G1,F1,4,2,lab,30,lab,S3
TTO-08929,boundary,C01,G2,F3,4,1,lab,30,lab,S1
TTO-08929,boundary,C02,G1,F1,4,2,lab,30,lab,S4
TTO-08929,boundary,C03,G2,F3,4,2,lab,30,lab,S3
TTO-08929,boundary,C04,G1,F3,4,1,lab,30,lab,S4
TTO-08929,boundary,C05,G2,F1,3,1,classroom,60,classroom,S6
TTO-08930,boundary,C01,G1,F2,3,2,lab,30,lab,S9
TTO-08930,boundary,C02,G1,F1,4,2,classroom,60,classroom,S2
TTO-08930,boundary,C03,G1,F3,3,2,classroom,60,classroom,S8
TTO-08930,boundary,C04,G2,F1,3,1,lab,30,lab,S3
TTO-08930,boundary,C05,G1,F2,3,2,lab,30,lab,S4
TTO-08931,boundary,C01,G2,F2,3,1,lab,30,lab,S8
TTO-08931,boundary,C02,G1,F2,4,2,lab,30,lab,S6
TTO-08931,boundary,C03,G1,F3,3,1,classroom,60,classroom,S6
TTO-08931,boundary,C04,G2,F2,3,1,lab,30,lab,S6
TTO-08931,boundary,C05,G1,F2,4,2,classroom,60,classroom,S8
TTO-08932,boundary,C01,G2,F2,4,2,classroom,60,classroom,S5
TTO-08932,boundary,C02,G1,F3,4,2,classroom,60,classroom,S5
TTO-08932,boundary,C03,G1,F2,4,2,classroom,60,classroom,S6
TTO-08932,boundary,C04,G2,F3,3,2,classroom,60,classroom,S1
TTO-08932,boundary,C05,G2,F2,3,1,lab,30,lab,S9
TTO-08933,boundary,C01,G1,F3,4,1,lab,30,lab,S2
TTO-08933,boundary,C02,G1,F2,4,1,lab,30,lab,S5
TTO-08933,boundary,C03,G1,F2,4,2,lab,30,lab,S10
TTO-08933,boundary,C04,G2,F1,4,2,classroom,60,classroom,S3
TTO-08933,boundary,C05,G1,F3,3,2,lab,30,lab,S4
TTO-08934,boundary,C01,G1,F1,4,1,classroom,60,classroom,S9
TTO-08934,boundary,C02,G1,F1,4,1,classroom,60,classroom,S6
TTO-08934,boundary,C03,G2,F2,4,1,classroom,60,classroom,S8
TTO-08934,boundary,C04,G1,F2,4,1,classroom,60,classroom,S9
TTO-08934,boundary,C05,G2,F3,3,1,lab,30,lab,S8
TTO-08935,boundary,C01,G2,F2,3,2,classroom,60,classroom,S4
TTO-08935,boundary,C02,G2,F3,3,1,classroom,60,classroom,S8
TTO-08935,boundary,C03,G2,F3,4,2,classroom,60,classroom,S8
TTO-08935,boundary,C04,G1,F1,3,2,lab,30,lab,S7
TTO-08935,boundary,C05,G2,F3,4,1,classroom,60,classroom,S1
TTO-08936,boundary,C01,G2,F2,4,1,lab,30,lab,S5
TTO-08936,boundary,C02,G2,F1,3,1,classroom,60,classroom,S8
TTO-08936,boundary,C03,G2,F3,4,1,classroom,60,classroom,S8
TTO-08936,boundary,C04,G2,F2,4,1,classroom,60,classroom,S3
TTO-08936,boundary,C05,G1,F2,3,1,lab,30,lab,S5
TTO-08937,boundary,C01,G2,F2,3,1,classroom,60,classroom,S1
TTO-08937,boundary,C02,G1,F1,4,2,lab,30,lab,S2
TTO-08937,boundary,C03,G1,F2,3,1,lab,30,lab,S6
TTO-08937,boundary,C04,G1,F2,4,1,lab,30,lab,S3
TTO-08937,boundary,C05,G1,F3,3,2,classroom,60,classroom,S4
TTO-08938,boundary,C01,G2,F1,3,2,lab,30,lab,S2
TTO-08938,boundary,C02,G1,F1,4,1,classroom,60,classroom,S1
TTO-08938,boundary,C03,G1,F1,4,2,lab,30,lab,S1
TTO-08938,boundary,C04,G2,F1,3,2,classroom,60,classroom,S9
TTO-08938,boundary,C05,G2,F2,4,1,classroom,60,classroom,S1
TTO-08939,boundary,C01,G1,F2,4,1,classroom,60,classroom,S10
TTO-08939,boundary,C02,G2,F2,4,2,classroom,60,classroom,S3
TTO-08939,boundary,C03,G1,F3,3,2,lab,30,lab,S4
TTO-08939,boundary,C04,G1,F1,3,2,classroom,60,classroom,S8
TTO-08939,boundary,C05,G2,F1,3,2,classroom,60,classroom,S7
TTO-08940,boundary,C01,G1,F2,4,1,lab,30,lab,S8
TTO-08940,boundary,C02,G1,F2,4,1,lab,30,lab,S6
TTO-08940,boundary,C03,G2,F2,3,1,classroom,60,classroom,S1
TTO-08940,boundary,C04,G2,F2,4,2,classroom,60,classroom,S6
TTO-08940,boundary,C05,G1,F3,4,2,lab,30,lab,S6
TTO-08941,boundary,C01,G2,F2,4,2,classroom,60,classroom,S10
TTO-08941,boundary,C02,G2,F1,3,1,classroom,60,classroom,S2
TTO-08941,boundary,C03,G1,F2,4,2,lab,30,lab,S10
TTO-08941,boundary,C04,G2,F1,4,1,lab,30,lab,S1
TTO-08941,boundary,C05,G1,F2,3,1,classroom,60,classroom,S10
TTO-08942,boundary,C01,G1,F3,3,2,lab,30,lab,S4
TTO-08942,boundary,C02,G1,F3,4,1,classroom,60,classroom,S4
TTO-08942,boundary,C03,G2,F3,3,1,classroom,60,classroom,S8
TTO-08942,boundary,C04,G2,F2,3,1,classroom,60,classroom,S7
TTO-08942,boundary,C05,G1,F1,4,2,lab,30,lab,S6
TTO-08943,boundary,C01,G1,F1,4,2,lab,30,lab,S1
TTO-08943,boundary,C02,G1,F2,4,2,lab,30,lab,S7
TTO-08943,boundary,C03,G1,F3,3,1,classroom,60,classroom,S9
TTO-08943,boundary,C04,G2,F1,4,2,lab,30,lab,S1
TTO-08943,boundary,C05,G2,F3,3,1,lab,30,lab,S8
TTO-08944,boundary,C01,G1,F2,3,2,lab,30,lab,S7
TTO-08944,boundary,C02,G1,F1,3,1,lab,30,lab,S9
TTO-08944,boundary,C03,G1,F1,4,2,lab,30,lab,S4
TTO-08944,boundary,C04,G2,F1,3,1,lab,30,lab,S7
TTO-08944,boundary,C05,G1,F2,4,2,lab,30,lab,S9
TTO-08945,boundary,C01,G2,F3,3,1,lab,30,lab,S7
TTO-08945,boundary,C02,G2,F1,4,1,lab,30,lab,S2
TTO-08945,boundary,C03,G2,F3,3,1,classroom,60,classroom,S6
TTO-08945,boundary,C04,G1,F1,4,2,lab,30,lab,S2
TTO-08945,boundary,C05,G1,F2,4,1,lab,30,lab,S3
TTO-08946,boundary,C01,G1,F2,4,1,classroom,60,classroom,S9
TTO-08946,boundary,C02,G2,F3,4,2,classroom,60,classroom,S9
TTO-08946,boundary,C03,G2,F3,3,2,lab,30,lab,S2
TTO-08946,boundary,C04,G2,F3,3,1,classroom,60,classroom,S8
TTO-08946,boundary,C05,G2,F2,3,2,lab,30,lab,S8
TTO-08947,boundary,C01,G2,F1,4,2,lab,30,lab,S9
TTO-08947,boundary,C02,G2,F3,3,1,lab,30,lab,S10
TTO-08947,boundary,C03,G1,F3,4,2,classroom,60,classroom,S8
TTO-08947,boundary,C04,G2,F3,4,2,lab,30,lab,S7
TTO-08947,boundary,C05,G2,F3,3,2,classroom,60,classroom,S8
TTO-08948,boundary,C01,G2,F2,3,2,classroom,60,classroom,S7
TTO-08948,boundary,C02,G1,F3,4,2,classroom,60,classroom,S8
TTO-08948,boundary,C03,G1,F1,4,1,classroom,60,classroom,S1
TTO-08948,boundary,C04,G1,F2,3,1,classroom,60,classroom,S6
TTO-08948,boundary,C05,G1,F3,3,2,classroom,60,classroom,S9
TTO-08949,boundary,C01,G2,F1,3,2,classroom,60,classroom,S6
TTO-08949,boundary,C02,G2,F2,4,2,lab,30,lab,S6
TTO-08949,boundary,C03,G1,F3,4,2,lab,30,lab,S1
TTO-08949,boundary,C04,G2,F3,4,2,classroom,60,classroom,S8
TTO-08949,boundary,C05,G2,F1,4,1,classroom,60,classroom,S1
TTO-08950,boundary,C01,G1,F3,3,1,classroom,60,classroom,S10
TTO-08950,boundary,C02,G1,F2,4,2,classroom,60,classroom,S10
TTO-08950,boundary,C03,G2,F2,3,2,lab,30,lab,S9
TTO-08950,boundary,C04,G2,F2,4,1,lab,30,lab,S4
TTO-08950,boundary,C05,G1,F3,4,1,lab,30,lab,S4
TTO-08951,boundary,C01,G1,F1,3,1,classroom,60,classroom,S3
TTO-08951,boundary,C02,G2,F2,3,2,lab,30,lab,S9
TTO-08951,boundary,C03,G1,F1,3,1,classroom,60,classroom,S6
TTO-08951,boundary,C04,G2,F3,3,2,classroom,60,classroom,S2
TTO-08951,boundary,C05,G1,F3,3,2,classroom,60,classroom,S9
TTO-08952,boundary,C01,G1,F3,4,1,lab,30,lab,S1
TTO-08952,boundary,C02,G1,F3,3,1,lab,30,lab,S8
TTO-08952,boundary,C03,G1,F1,4,1,classroom,60,classroom,S5
TTO-08952,boundary,C04,G2,F1,4,2,lab,30,lab,S9
TTO-08952,boundary,C05,G2,F1,4,1,classroom,60,classroom,S6
TTO-08953,boundary,C01,G1,F3,4,2,lab,30,lab,S6
TTO-08953,boundary,C02,G1,F1,3,2,lab,30,lab,S7
TTO-08953,boundary,C03,G2,F2,4,1,lab,30,lab,S8
TTO-08953,boundary,C04,G2,F2,4,2,classroom,60,classroom,S7
TTO-08953,boundary,C05,G2,F1,3,2,lab,30,lab,S10
TTO-08954,boundary,C01,G2,F1,3,2,classroom,60,classroom,S10
TTO-08954,boundary,C02,G2,F2,4,2,lab,30,lab,S10
TTO-08954,boundary,C03,G2,F1,3,1,classroom,60,classroom,S6
TTO-08954,boundary,C04,G2,F2,3,1,lab,30,lab,S7
TTO-08954,boundary,C05,G1,F2,3,1,classroom,60,classroom,S9
TTO-08955,boundary,C01,G2,F1,3,2,classroom,60,classroom,S4
TTO-08955,boundary,C02,G1,F2,4,2,lab,30,lab,S6
TTO-08955,boundary,C03,G1,F1,4,1,classroom,60,classroom,S4
TTO-08955,boundary,C04,G2,F2,3,1,lab,30,lab,S5
TTO-08955,boundary,C05,G2,F1,4,1,classroom,60,classroom,S6
TTO-08956,boundary,C01,G2,F3,3,2,classroom,60,classroom,S2
TTO-08956,boundary,C02,G1,F2,3,1,lab,30,lab,S8
TTO-08956,boundary,C03,G1,F2,3,1,classroom,60,classroom,S10
TTO-08956,boundary,C04,G1,F1,3,1,classroom,60,classroom,S9
TTO-08956,boundary,C05,G2,F1,4,2,classroom,60,classroom,S1
TTO-08957,boundary,C01,G2,F2,3,2,lab,30,lab,S2
TTO-08957,boundary,C02,G2,F3,3,1,lab,30,lab,S4
TTO-08957,boundary,C03,G2,F3,3,1,lab,30,lab,S6
TTO-08957,boundary,C04,G1,F2,3,1,lab,30,lab,S8
TTO-08957,boundary,C05,G1,F2,3,1,classroom,60,classroom,S6
TTO-08958,boundary,C01,G2,F3,3,2,lab,30,lab,S7
TTO-08958,boundary,C02,G1,F3,4,1,classroom,60,classroom,S7
TTO-08958,boundary,C03,G2,F3,3,2,lab,30,lab,S2
TTO-08958,boundary,C04,G1,F1,3,1,classroom,60,classroom,S9
TTO-08958,boundary,C05,G1,F2,3,2,lab,30,lab,S2
TTO-08959,boundary,C01,G1,F3,4,1,classroom,60,classroom,S7
TTO-08959,boundary,C02,G2,F2,3,1,classroom,60,classroom,S2
TTO-08959,boundary,C03,G1,F3,3,1,classroom,60,classroom,S2
TTO-08959,boundary,C04,G1,F3,4,2,classroom,60,classroom,S2
TTO-08959,boundary,C05,G2,F3,3,2,classroom,60,classroom,S4
TTO-08960,boundary,C01,G2,F1,4,2,classroom,60,classroom,S8
TTO-08960,boundary,C02,G2,F2,4,2,classroom,60,classroom,S4
TTO-08960,boundary,C03,G1,F3,4,1,lab,30,lab,S10
TTO-08960,boundary,C04,G2,F3,4,1,lab,30,lab,S6
TTO-08960,boundary,C05,G1,F2,4,2,lab,30,lab,S7
TTO-08961,boundary,C01,G2,F2,3,2,classroom,60,classroom,S2
TTO-08961,boundary,C02,G1,F3,4,2,lab,30,lab,S8
TTO-08961,boundary,C03,G1,F1,3,1,classroom,60,classroom,S3
TTO-08961,boundary,C04,G2,F2,3,2,lab,30,lab,S8
TTO-08961,boundary,C05,G2,F1,3,1,classroom,60,classroom,S8
TTO-08962,boundary,C01,G1,F1,4,2,classroom,60,classroom,S4
TTO-08962,boundary,C02,G2,F1,4,1,lab,30,lab,S3
TTO-08962,boundary,C03,G2,F1,3,1,lab,30,lab,S1
TTO-08962,boundary,C04,G1,F3,4,2,lab,30,lab,S3
TTO-08962,boundary,C05,G2,F2,3,1,lab,30,lab,S9
TTO-08963,boundary,C01,G1,F2,3,1,lab,30,lab,S9
TTO-08963,boundary,C02,G2,F3,4,1,lab,30,lab,S5
TTO-08963,boundary,C03,G2,F3,3,1,lab,30,lab,S5
TTO-08963,boundary,C04,G2,F1,4,2,classroom,60,classroom,S5
TTO-08963,boundary,C05,G1,F2,4,1,lab,30,lab,S5
TTO-08964,boundary,C01,G1,F3,3,2,classroom,60,classroom,S1
TTO-08964,boundary,C02,G1,F3,3,1,classroom,60,classroom,S6
TTO-08964,boundary,C03,G1,F2,4,1,classroom,60,classroom,S1
TTO-08964,boundary,C04,G2,F1,4,2,classroom,60,classroom,S6
TTO-08964,boundary,C05,G1,F3,3,1,lab,30,lab,S6
TTO-08965,boundary,C01,G1,F3,4,2,lab,30,lab,S2
TTO-08965,boundary,C02,G1,F1,3,1,lab,30,lab,S1
TTO-08965,boundary,C03,G1,F1,4,2,lab,30,lab,S7
TTO-08965,boundary,C04,G2,F2,4,1,lab,30,lab,S2
TTO-08965,boundary,C05,G1,F1,4,2,classroom,60,classroom,S3
TTO-08966,boundary,C01,G2,F2,4,1,classroom,60,classroom,S3
TTO-08966,boundary,C02,G2,F2,4,1,classroom,60,classroom,S10
TTO-08966,boundary,C03,G1,F2,3,2,classroom,60,classroom,S9
TTO-08966,boundary,C04,G2,F1,4,2,classroom,60,classroom,S4
TTO-08966,boundary,C05,G1,F1,3,2,classroom,60,classroom,S6
TTO-08967,boundary,C01,G2,F1,3,2,classroom,60,classroom,S5
TTO-08967,boundary,C02,G1,F3,4,2,classroom,60,classroom,S8
TTO-08967,boundary,C03,G1,F1,4,1,lab,30,lab,S8
TTO-08967,boundary,C04,G2,F3,3,2,lab,30,lab,S5
TTO-08967,boundary,C05,G1,F2,3,2,lab,30,lab,S2
TTO-08968,boundary,C01,G2,F2,3,1,lab,30,lab,S4
TTO-08968,boundary,C02,G2,F1,3,1,classroom,60,classroom,S1
TTO-08968,boundary,C03,G2,F2,3,2,lab,30,lab,S10
TTO-08968,boundary,C04,G2,F1,4,2,classroom,60,classroom,S3
TTO-08968,boundary,C05,G1,F3,4,2,lab,30,lab,S4
TTO-08969,boundary,C01,G2,F1,4,1,classroom,60,classroom,S7
TTO-08969,boundary,C02,G1,F1,3,1,lab,30,lab,S3
TTO-08969,boundary,C03,G1,F1,4,2,lab,30,lab,S5
TTO-08969,boundary,C04,G1,F2,3,2,classroom,60,classroom,S5
TTO-08969,boundary,C05,G1,F1,3,1,lab,30,lab,S4
TTO-08970,boundary,C01,G1,F2,4,2,lab,30,lab,S3
TTO-08970,boundary,C02,G2,F3,3,1,classroom,60,classroom,S1
TTO-08970,boundary,C03,G2,F2,3,1,classroom,60,classroom,S8
TTO-08970,boundary,C04,G1,F3,3,1,lab,30,lab,S1
TTO-08970,boundary,C05,G1,F2,3,1,classroom,60,classroom,S9
TTO-08971,boundary,C01,G2,F1,4,1,lab,30,lab,S8
TTO-08971,boundary,C02,G1,F2,4,2,lab,30,lab,S7
TTO-08971,boundary,C03,G2,F2,4,1,lab,30,lab,S4
TTO-08971,boundary,C04,G1,F1,3,2,lab,30,lab,S4
TTO-08971,boundary,C05,G2,F2,3,2,classroom,60,classroom,S8
TTO-08972,boundary,C01,G2,F3,4,2,classroom,60,classroom,S4
TTO-08972,boundary,C02,G1,F1,3,2,classroom,60,classroom,S5
TTO-08972,boundary,C03,G2,F3,3,2,classroom,60,classroom,S3
TTO-08972,boundary,C04,G2,F3,3,1,lab,30,lab,S6
TTO-08972,boundary,C05,G2,F3,3,1,classroom,60,classroom,S2
TTO-08973,boundary,C01,G1,F1,4,2,classroom,60,classroom,S10
TTO-08973,boundary,C02,G2,F1,4,1,lab,30,lab,S6
TTO-08973,boundary,C03,G2,F1,4,1,classroom,60,classroom,S9
TTO-08973,boundary,C04,G1,F2,3,1,lab,30,lab,S4
TTO-08973,boundary,C05,G2,F1,3,2,lab,30,lab,S2
TTO-08974,boundary,C01,G1,F3,4,2,lab,30,lab,S4
TTO-08974,boundary,C02,G2,F1,4,1,classroom,60,classroom,S8
TTO-08974,boundary,C03,G2,F3,4,2,classroom,60,classroom,S9
TTO-08974,boundary,C04,G1,F3,4,2,lab,30,lab,S1
TTO-08974,boundary,C05,G2,F2,4,1,lab,30,lab,S10
TTO-08975,boundary,C01,G2,F1,3,2,lab,30,lab,S4
TTO-08975,boundary,C02,G1,F2,3,2,classroom,60,classroom,S9
TTO-08975,boundary,C03,G1,F3,4,2,classroom,60,classroom,S9
TTO-08975,boundary,C04,G2,F2,4,1,lab,30,lab,S8
TTO-08975,boundary,C05,G1,F1,3,1,classroom,60,classroom,S3
TTO-08976,boundary,C01,G2,F2,3,2,classroom,60,classroom,S7
TTO-08976,boundary,C02,G2,F1,3,2,lab,30,lab,S3
TTO-08976,boundary,C03,G2,F3,4,2,classroom,60,classroom,S9
TTO-08976,boundary,C04,G2,F2,4,2,classroom,60,classroom,S8
TTO-08976,boundary,C05,G1,F1,4,2,classroom,60,classroom,S6
TTO-08977,boundary,C01,G1,F1,4,2,lab,30,lab,S1
TTO-08977,boundary,C02,G2,F2,4,2,lab,30,lab,S10
TTO-08977,boundary,C03,G1,F1,3,2,classroom,60,classroom,S3
TTO-08977,boundary,C04,G2,F3,3,1,lab,30,lab,S9
TTO-08977,boundary,C05,G2,F2,4,2,lab,30,lab,S5
TTO-08978,boundary,C01,G1,F1,3,1,classroom,60,classroom,S3
TTO-08978,boundary,C02,G1,F1,3,2,lab,30,lab,S10
TTO-08978,boundary,C03,G1,F1,3,2,classroom,60,classroom,S10
TTO-08978,boundary,C04,G1,F3,4,2,classroom,60,classroom,S5
TTO-08978,boundary,C05,G1,F3,4,1,classroom,60,classroom,S6
TTO-08979,boundary,C01,G1,F2,3,1,classroom,60,classroom,S9
TTO-08979,boundary,C02,G1,F2,3,2,lab,30,lab,S4
TTO-08979,boundary,C03,G1,F1,4,2,lab,30,lab,S8
TTO-08979,boundary,C04,G1,F1,3,1,lab,30,lab,S6
TTO-08979,boundary,C05,G2,F3,4,1,classroom,60,classroom,S3
TTO-08980,boundary,C01,G2,F1,4,2,classroom,60,classroom,S4
TTO-08980,boundary,C02,G2,F1,3,2,lab,30,lab,S10
TTO-08980,boundary,C03,G1,F2,4,1,classroom,60,classroom,S10
TTO-08980,boundary,C04,G1,F2,4,1,lab,30,lab,S9
TTO-08980,boundary,C05,G1,F3,3,1,lab,30,lab,S7
TTO-08981,boundary,C01,G2,F3,4,2,lab,30,lab,S7
TTO-08981,boundary,C02,G1,F2,3,2,classroom,60,classroom,S2
TTO-08981,boundary,C03,G2,F3,3,1,classroom,60,classroom,S9
TTO-08981,boundary,C04,G1,F1,3,2,lab,30,lab,S5
TTO-08981,boundary,C05,G2,F3,4,2,classroom,60,classroom,S5
TTO-08982,boundary,C01,G2,F2,4,2,classroom,60,classroom,S9
TTO-08982,boundary,C02,G1,F3,3,1,classroom,60,classroom,S7
TTO-08982,boundary,C03,G1,F1,4,1,classroom,60,classroom,S5
TTO-08982,boundary,C04,G1,F2,4,2,classroom,60,classroom,S3
TTO-08982,boundary,C05,G1,F3,3,1,classroom,60,classroom,S7
TTO-08983,boundary,C01,G2,F1,4,2,lab,30,lab,S8
TTO-08983,boundary,C02,G2,F1,3,1,lab,30,lab,S2
TTO-08983,boundary,C03,G2,F3,4,2,lab,30,lab,S8
TTO-08983,boundary,C04,G2,F3,3,2,classroom,60,classroom,S8
TTO-08983,boundary,C05,G2,F3,4,1,lab,30,lab,S8
TTO-08984,boundary,C01,G1,F3,4,2,lab,30,lab,S5
TTO-08984,boundary,C02,G1,F2,4,1,lab,30,lab,S4
TTO-08984,boundary,C03,G1,F2,3,1,classroom,60,classroom,S9
TTO-08984,boundary,C04,G1,F2,4,1,lab,30,lab,S8
TTO-08984,boundary,C05,G2,F1,4,1,lab,30,lab,S3
TTO-08985,boundary,C01,G2,F2,3,1,lab,30,lab,S1
TTO-08985,boundary,C02,G2,F1,4,2,classroom,60,classroom,S2
TTO-08985,boundary,C03,G2,F3,3,2,lab,30,lab,S7
TTO-08985,boundary,C04,G2,F1,3,1,lab,30,lab,S7
TTO-08985,boundary,C05,G1,F3,3,2,lab,30,lab,S3
TTO-08986,boundary,C01,G2,F2,4,1,lab,30,lab,S10
TTO-08986,boundary,C02,G1,F1,3,1,lab,30,lab,S2
TTO-08986,boundary,C03,G1,F1,3,2,lab,30,lab,S10
TTO-08986,boundary,C04,G1,F3,4,2,lab,30,lab,S5
TTO-08986,boundary,C05,G2,F3,3,1,lab,30,lab,S2
TTO-08987,boundary,C01,G2,F2,3,2,classroom,60,classroom,S3
TTO-08987,boundary,C02,G2,F3,3,1,classroom,60,classroom,S5
TTO-08987,boundary,C03,G1,F3,4,1,lab,30,lab,S9
TTO-08987,boundary,C04,G2,F3,4,2,lab,30,lab,S9
TTO-08987,boundary,C05,G2,F1,4,2,classroom,60,classroom,S9
TTO-08988,boundary,C01,G2,F3,3,2,lab,30,lab,S1
TTO-08988,boundary,C02,G1,F2,4,1,lab,30,lab,S4
TTO-08988,boundary,C03,G1,F1,4,1,classroom,60,classroom,S8
TTO-08988,boundary,C04,G1,F3,4,2,lab,30,lab,S8
TTO-08988,boundary,C05,G1,F1,3,1,lab,30,lab,S2
TTO-08989,boundary,C01,G2,F2,3,1,classroom,60,classroom,S3
TTO-08989,boundary,C02,G2,F1,3,2,classroom,60,classroom,S8
TTO-08989,boundary,C03,G2,F1,3,2,classroom,60,classroom,S1
TTO-08989,boundary,C04,G2,F1,4,2,lab,30,lab,S4
TTO-08989,boundary,C05,G2,F3,3,2,lab,30,lab,S6
TTO-08990,boundary,C01,G2,F2,4,2,lab,30,lab,S1
TTO-08990,boundary,C02,G1,F2,3,2,classroom,60,classroom,S8
TTO-08990,boundary,C03,G2,F2,3,2,lab,30,lab,S10
TTO-08990,boundary,C04,G1,F2,4,2,lab,30,lab,S1
TTO-08990,boundary,C05,G1,F2,3,2,classroom,60,classroom,S6
TTO-08991,boundary,C01,G1,F2,3,1,classroom,60,classroom,S1
TTO-08991,boundary,C02,G2,F3,3,2,classroom,60,classroom,S8
TTO-08991,boundary,C03,G2,F2,3,1,lab,30,lab,S5
TTO-08991,boundary,C04,G1,F2,4,2,lab,30,lab,S6
TTO-08991,boundary,C05,G2,F3,4,1,classroom,60,classroom,S2
TTO-08992,boundary,C01,G2,F3,3,2,lab,30,lab,S2
TTO-08992,boundary,C02,G2,F1,3,1,classroom,60,classroom,S4
TTO-08992,boundary,C03,G1,F3,3,1,classroom,60,classroom,S9
TTO-08992,boundary,C04,G2,F2,3,1,lab,30,lab,S10
TTO-08992,boundary,C05,G1,F1,3,1,classroom,60,classroom,S6
TTO-08993,boundary,C01,G1,F2,3,1,classroom,60,classroom,S4
TTO-08993,boundary,C02,G1,F2,3,2,classroom,60,classroom,S10
TTO-08993,boundary,C03,G1,F2,3,1,lab,30,lab,S10
TTO-08993,boundary,C04,G2,F3,3,2,classroom,60,classroom,S4
TTO-08993,boundary,C05,G2,F2,4,1,classroom,60,classroom,S3
TTO-08994,boundary,C01,G1,F3,4,1,classroom,60,classroom,S3
TTO-08994,boundary,C02,G2,F1,4,2,classroom,60,classroom,S7
TTO-08994,boundary,C03,G1,F1,3,2,lab,30,lab,S4
TTO-08994,boundary,C04,G1,F2,4,1,lab,30,lab,S3
TTO-08994,boundary,C05,G2,F1,4,1,lab,30,lab,S10
TTO-08995,boundary,C01,G1,F3,4,1,lab,30,lab,S9
TTO-08995,boundary,C02,G1,F1,3,1,classroom,60,classroom,S4
TTO-08995,boundary,C03,G1,F1,4,2,lab,30,lab,S8
TTO-08995,boundary,C04,G1,F1,4,1,lab,30,lab,S4
TTO-08995,boundary,C05,G1,F3,3,1,classroom,60,classroom,S9
TTO-08996,boundary,C01,G1,F2,3,1,lab,30,lab,S1
TTO-08996,boundary,C02,G2,F2,3,2,classroom,60,classroom,S8
TTO-08996,boundary,C03,G2,F2,3,2,classroom,60,classroom,S2
TTO-08996,boundary,C04,G2,F3,4,2,lab,30,lab,S4
TTO-08996,boundary,C05,G1,F3,4,2,classroom,60,classroom,S9
TTO-08997,boundary,C01,G1,F1,3,1,classroom,60,classroom,S10
TTO-08997,boundary,C02,G1,F3,3,2,lab,30,lab,S8
TTO-08997,boundary,C03,G1,F2,3,1,lab,30,lab,S7
TTO-08997,boundary,C04,G1,F1,4,2,lab,30,lab,S8
TTO-08997,boundary,C05,G1,F2,3,1,classroom,60,classroom,S3
TTO-08998,boundary,C01,G1,F1,4,2,classroom,60,classroom,S10
TTO-08998,boundary,C02,G2,F2,3,2,classroom,60,classroom,S4
TTO-08998,boundary,C03,G1,F2,4,1,classroom,60,classroom,S5
TTO-08998,boundary,C04,G2,F2,3,2,lab,30,lab,S2
TTO-08998,boundary,C05,G2,F2,4,2,lab,30,lab,S5
TTO-08999,boundary,C01,G2,F1,4,1,lab,30,lab,S6
TTO-08999,boundary,C02,G1,F2,3,2,classroom,60,classroom,S4
TTO-08999,boundary,C03,G2,F1,4,1,lab,30,lab,S9
TTO-08999,boundary,C04,G1,F3,3,2,lab,30,lab,S8
TTO-08999,boundary,C05,G1,F3,4,1,classroom,60,classroom,S5
TTO-09000,boundary,C01,G1,F1,3,2,classroom,60,classroom,S6
TTO-09000,boundary,C02,G2,F3,3,1,lab,30,lab,S4
TTO-09000,boundary,C03,G1,F3,3,1,lab,30,lab,S10
TTO-09000,boundary,C04,G1,F2,3,2,classroom,60,classroom,S7
TTO-09000,boundary,C05,G2,F3,4,1,classroom,60,classroom,S5
