scenario_id,case_type,course_id,cohort_id,faculty_id,weekly_sessions,duration_slots,required_room_type,room_capacity,room_type,slot_id
TTO-09001,stress,C01,G2,F3,4,2,lab,30,lab,S1
TTO-09001,stress,C02,G2,F1,4,2,lab,30,lab,S1
TTO-09001,stress,C03,G2,F3,4,2,lab,30,lab,S1
TTO-09001,stress,C04,G1,F3,4,2,classroom,60,classroom,S6
TTO-09001,stress,C05,G2,F3,4,2,classroom,60,classroom,S5
TTO-09002,stress,C01,G2,F1,4,2,classroom,60,classroom,S10
TTO-09002,stress,C02,G2,F3,4,2,lab,30,lab,S6
TTO-09002,stress,C03,G2,F3,4,2,lab,30,lab,S6
TTO-09002,stress,C04,G2,F3,4,2,classroom,60,classroom,S4
TTO-09002,stress,C05,G2,F3,4,2,lab,30,lab,S1
TTO-09003,stress,C01,G1,F3,4,2,lab,30,lab,S10
TTO-09003,stress,C02,G1,F3,4,2,lab,30,lab,S6
TTO-09003,stress,C03,G1,F3,4,2,classroom,60,classroom,S4
TTO-09003,stress,C04,G2,F3,4,2,classroom,60,classroom,S7
TTO-09003,stress,C05,G2,F3,4,2,lab,30,lab,S3
TTO-09004,stress,C01,G1,F2,4,2,lab,30,lab,S7
TTO-09004,stress,C02,G1,F1,4,2,lab,30,lab,S1
TTO-09004,stress,C03,G1,F1,4,2,lab,30,lab,S1
TTO-09004,stress,C04,G1,F1,4,2,lab,30,lab,S2
TTO-09004,stress,C05,G1,F2,4,2,lab,30,lab,S9
TTO-09005,stress,C01,G1,F3,4,2,classroom,60,classroom,S3
TTO-09005,stress,C02,G2,F3,4,2,lab,30,lab,S8
TTO-09005,stress,C03,G1,F3,4,2,classroom,60,classroom,S3
TTO-09005,stress,C04,G1,F3,4,2,classroom,60,classroom,S2
TTO-09005,stress,C05,G1,F3,4,2,classroom,60,classroom,S9
TTO-09006,stress,C01,G2,F1,4,2,classroom,60,classroom,S1
TTO-09006,stress,C02,G1,F1,4,2,lab,30,lab,S1
TTO-09006,stress,C03,G2,F1,4,2,lab,30,lab,S1
TTO-09006,stress,C04,G2,F1,4,2,lab,30,lab,S1
TTO-09006,stress,C05,G1,F1,4,2,classroom,60,classroom,S6
TTO-09007,stress,C01,G2,F3,4,2,classroom,60,classroom,S1
TTO-09007,stress,C02,G1,F3,4,2,lab,30,lab,S7
TTO-09007,stress,C03,G1,F3,4,2,classroom,60,classroom,S10
TTO-09007,stress,C04,G1,F3,4,2,classroom,60,classroom,S4
TTO-09007,stress,C05,G1,F3,4,2,lab,30,lab,S9
TTO-09008,stress,C01,G1,F1,4,2,lab,30,lab,S2
TTO-09008,stress,C02,G2,F1,4,2,classroom,60,classroom,S10
TTO-09008,stress,C03,G1,F1,4,2,lab,30,lab,S4
TTO-09008,stress,C04,G1,F2,4,2,classroom,60,classroom,S3
TTO-09008,stress,C05,G1,F1,4,2,classroom,60,classroom,S10
TTO-09009,stress,C01,G2,F2,4,2,lab,30,lab,S5
TTO-09009,stress,C02,G2,F2,4,2,lab,30,lab,S4
TTO-09009,stress,C03,G2,F2,4,2,lab,30,lab,S10
TTO-09009,stress,C04,G2,F1,4,2,lab,30,lab,S6
TTO-09009,stress,C05,G2,F2,4,2,classroom,60,classroom,S6
TTO-09010,stress,C01,G1,F3,4,2,classroom,60,classroom,S1
TTO-09010,stress,C02,G1,F3,4,2,classroom,60,classroom,S7
TTO-09010,stress,C03,G1,F2,4,2,classroom,60,classroom,S1
TTO-09010,stress,C04,G1,F3,4,2,classroom,60,classroom,S3
TTO-09010,stress,C05,G2,F3,4,2,classroom,60,classroom,S5
TTO-09011,stress,C01,G2,F3,4,2,classroom,60,classroom,S3
TTO-09011,stress,C02,G2,F3,4,2,lab,30,lab,S4
TTO-09011,stress,C03,G2,F3,4,2,classroom,60,classroom,S9
TTO-09011,stress,C04,G2,F3,4,2,lab,30,lab,S4
TTO-09011,stress,C05,G1,F1,4,2,lab,30,lab,S2
TTO-09012,stress,C01,G1,F2,4,2,lab,30,lab,S2
TTO-09012,stress,C02,G2,F3,4,2,lab,30,lab,S4
TTO-09012,stress,C03,G2,F3,4,2,lab,30,lab,S5
TTO-09012,stress,C04,G2,F2,4,2,classroom,60,classroom,S5
TTO-09012,stress,C05,G2,F3,4,2,lab,30,lab,S7
TTO-09013,stress,C01,G1,F2,4,2,classroom,60,classroom,S3
TTO-09013,stress,C02,G2,F1,4,2,classroom,60,classroom,S9
TTO-09013,stress,C03,G1,F2,4,2,classroom,60,classroom,S2
TTO-09013,stress,C04,G1,F2,4,2,classroom,60,classroom,S5
TTO-09013,stress,C05,G1,F2,4,2,lab,30,lab,S5
TTO-09014,stress,C01,G2,F3,4,2,lab,30,lab,S4
TTO-09014,stress,C02,G1,F3,4,2,lab,30,lab,S4
TTO-09014,stress,C03,G2,F2,4,2,lab,30,lab,S1
TTO-09014,stress,C04,G2,F3,4,2,classroom,60,classroom,S3
TTO-09014,stress,C05,G2,F3,4,2,lab,30,lab,S8
TTO-09015,stress,C01,G2,F2,4,2,lab,30,lab,S2
TTO-09015,stress,C02,G2,F2,4,2,classroom,60,classroom,S9
TTO-09015,stress,C03,G2,F3,4,2,classroom,60,classroom,S3
TTO-09015,stress,C04,G2,F2,4,2,lab,30,lab,S7
TTO-09015,stress,C05,G2,F2,4,2,classroom,60,classroom,S2
TTO-09016,stress,C01,G1,F3,4,2,lab,30,lab,S10
TTO-09016,stress,C02,G1,F3,4,2,classroom,60,classroom,S2
TTO-09016,stress,C03,G1,F3,4,2,classroom,60,classroom,S3
TTO-09016,stress,C04,G1,F3,4,2,lab,30,lab,S4
TTO-09016,stress,C05,G1,F3,4,2,lab,30,lab,S10
TTO-09017,stress,C01,G2,F1,4,2,classroom,60,classroom,S3
TTO-09017,stress,C02,G2,F3,4,2,classroom,60,classroom,S10
TTO-09017,stress,C03,G1,F1,4,2,classroom,60,classroom,S7
TTO-09017,stress,C04,G2,F3,4,2,classroom,60,classroom,S6
TTO-09017,stress,C05,G2,F1,4,2,lab,30,lab,S3
TTO-09018,stress,C01,G1,F1,4,2,lab,30,lab,S1
TTO-09018,stress,C02,G1,F1,4,2,classroom,60,classroom,S8
TTO-09018,stress,C03,G1,F1,4,2,classroom,60,classroom,S2
TTO-09018,stress,C04,G1,F1,4,2,classroom,60,classroom,S4
TTO-09018,stress,C05,G1,F2,4,2,classroom,60,classroom,S1
TTO-09019,stress,C01,G1,F3,4,2,classroom,60,classroom,S2
TTO-09019,stress,C02,G1,F3,4,2,lab,30,lab,S10
TTO-09019,stress,C03,G1,F3,4,2,classroom,60,classroom,S8
TTO-09019,stress,C04,G1,F3,4,2,classroom,60,classroom,S7
TTO-09019,stress,C05,G1,F3,4,2,lab,30,lab,S4
TTO-09020,stress,C01,G2,F2,4,2,lab,30,lab,S5
TTO-09020,stress,C02,G1,F2,4,2,classroom,60,classroom,S7
TTO-09020,stress,C03,G2,F2,4,2,lab,30,lab,S3
TTO-09020,stress,C04,G2,F2,4,2,classroom,60,classroom,S9
TTO-09020,stress,C05,G2,F2,4,2,lab,30,lab,S1
TTO-09021,stress,C01,G2,F1,4,2,lab,30,lab,S10
TTO-09021,stress,C02,G2,F3,4,2,lab,30,lab,S10
TTO-09021,stress,C03,G2,F3,4,2,lab,30,lab,S1
TTO-09021,stress,C04,G2,F3,4,2,classroom,60,classroom,S2
TTO-09021,stress,C05,G2,F3,4,2,lab,30,lab,S1
TTO-09022,stress,C01,G1,F1,4,2,lab,30,lab,S2
TTO-09022,stress,C02,G1,F1,4,2,lab,30,lab,S5
TTO-09022,stress,C03,G1,F1,4,2,lab,30,lab,S4
TTO-09022,stress,C04,G1,F1,4,2,lab,30,lab,S10
TTO-09022,stress,C05,G1,F1,4,2,lab,30,lab,S10
TTO-09023,stress,C01,G2,F2,4,2,classroom,60,classroom,S6
TTO-09023,stress,C02,G2,F2,4,2,lab,30,lab,S7
TTO-09023,stress,C03,G2,F2,4,2,classroom,60,classroom,S1
TTO-09023,stress,C04,G1,F2,4,2,classroom,60,classroom,S8
TTO-09023,stress,C05,G2,F1,4,2,lab,30,lab,S8
TTO-09024,stress,C01,G1,F3,4,2,classroom,60,classroom,S10
TTO-09024,stress,C02,G1,F3,4,2,classroom,60,classroom,S7
TTO-09024,stress,C03,G1,F3,4,2,lab,30,lab,S10
TTO-09024,stress,C04,G1,F3,4,2,classroom,60,classroom,S10
TTO-09024,stress,C05,G1,F3,4,2,lab,30,lab,S4
TTO-09025,stress,C01,G1,F1,4,2,classroom,60,classroom,S9
TTO-09025,stress,C02,G2,F1,4,2,lab,30,lab,S7
TTO-09025,stress,C03,G2,F1,4,2,classroom,60,classroom,S6
TTO-09025,stress,C04,G2,F1,4,2,lab,30,lab,S2
TTO-09025,stress,C05,G2,F1,4,2,lab,30,lab,S1
TTO-09026,stress,C01,G1,F2,4,2,lab,30,lab,S8
TTO-09026,stress,C02,G1,F2,4,2,lab,30,lab,S9
TTO-09026,stress,C03,G1,F1,4,2,classroom,60,classroom,S7
TTO-09026,stress,C04,G2,F2,4,2,lab,30,lab,S10
TTO-09026,stress,C05,G2,F2,4,2,classroom,60,classroom,S5
TTO-09027,stress,C01,G2,F2,4,2,lab,30,lab,S9
TTO-09027,stress,C02,G2,F2,4,2,lab,30,lab,S8
TTO-09027,stress,C03,G2,F2,4,2,lab,30,lab,S10
TTO-09027,stress,C04,G2,F2,4,2,classroom,60,classroom,S6
TTO-09027,stress,C05,G2,F2,4,2,classroom,60,classroom,S8
TTO-09028,stress,C01,G2,F2,4,2,classroom,60,classroom,S5
TTO-09028,stress,C02,G2,F2,4,2,lab,30,lab,S3
TTO-09028,stress,C03,G1,F2,4,2,lab,30,lab,S7
TTO-09028,stress,C04,G1,F2,4,2,classroom,60,classroom,S1
TTO-09028,stress,C05,G2,F2,4,2,lab,30,lab,S10
TTO-09029,stress,C01,G1,F2,4,2,classroom,60,classroom,S10
TTO-09029,stress,C02,G1,F2,4,2,lab,30,lab,S4
TTO-09029,stress,C03,G2,F2,4,2,classroom,60,classroom,S10
TTO-09029,stress,C04,G2,F2,4,2,classroom,60,classroom,S4
TTO-09029,stress,C05,G2,F2,4,2,lab,30,lab,S8
TTO-09030,stress,C01,G1,F2,4,2,classroom,60,classroom,S7
TTO-09030,stress,C02,G1,F2,4,2,classroom,60,classroom,S2
TTO-09030,stress,C03,G1,F2,4,2,lab,30,lab,S7
TTO-09030,stress,C04,G1,F2,4,2,classroom,60,classroom,S2
TTO-09030,stress,C05,G1,F2,4,2,classroom,60,classroom,S1
TTO-09031,stress,C01,G2,F1,4,2,classroom,60,classroom,S8
TTO-09031,stress,C02,G2,F1,4,2,lab,30,lab,S6
TTO-09031,stress,C03,G2,F1,4,2,lab,30,lab,S6
TTO-09031,stress,C04,G2,F3,4,2,classroom,60,classroom,S10
TTO-09031,stress,C05,G2,F1,4,2,lab,30,lab,S9
TTO-09032,stress,C01,G1,F1,4,2,lab,30,lab,S5
TTO-09032,stress,C02,G1,F1,4,2,classroom,60,classroom,S7
TTO-09032,stress,C03,G2,F2,4,2,classroom,60,classroom,S9
TTO-09032,stress,C04,G1,F1,4,2,classroom,60,classroom,S6
TTO-09032,stress,C05,G1,F1,4,2,classroom,60,classroom,S4
TTO-09033,stress,C01,G2,F2,4,2,lab,30,lab,S8
TTO-09033,stress,C02,G2,F2,4,2,classroom,60,classroom,S5
TTO-09033,stress,C03,G2,F3,4,2,classroom,60,classroom,S10
TTO-09033,stress,C04,G2,F1,4,2,lab,30,lab,S7
TTO-09033,stress,C05,G2,F1,4,2,lab,30,lab,S1
TTO-09034,stress,C01,G1,F1,4,2,classroom,60,classroom,S5
TTO-09034,stress,C02,G2,F1,4,2,lab,30,lab,S7
TTO-09034,stress,C03,G2,F3,4,2,classroom,60,classroom,S8
TTO-09034,stress,C04,G1,F1,4,2,classroom,60,classroom,S5
TTO-09034,stress,C05,G2,F1,4,2,lab,30,lab,S1
TTO-09035,stress,C01,G1,F3,4,2,lab,30,lab,S1
TTO-09035,stress,C02,G1,F3,4,2,lab,30,lab,S5
TTO-09035,stress,C03,G1,F3,4,2,lab,30,lab,S10
TTO-09035,stress,C04,G1,F3,4,2,classroom,60,classroom,S5
TTO-09035,stress,C05,G1,F1,4,2,lab,30,lab,S6
TTO-09036,stress,C01,G1,F3,4,2,lab,30,lab,S6
TTO-09036,stress,C02,G2,F3,4,2,classroom,60,classroom,S1
TTO-09036,stress,C03,G1,F2,4,2,lab,30,lab,S7
TTO-09036,stress,C04,G1,F3,4,2,classroom,60,classroom,S7
TTO-09036,stress,C05,G1,F3,4,2,classroom,60,classroom,S2
TTO-09037,stress,C01,G2,F1,4,2,classroom,60,classroom,S5
TTO-09037,stress,C02,G2,F1,4,2,classroom,60,classroom,S3
TTO-09037,stress,C03,G2,F1,4,2,lab,30,lab,S2
TTO-09037,stress,C04,G1,F1,4,2,classroom,60,classroom,S6
TTO-09037,stress,C05,G2,F1,4,2,classroom,60,classroom,S6
TTO-09038,stress,C01,G2,F1,4,2,lab,30,lab,S6
TTO-09038,stress,C02,G2,F1,4,2,classroom,60,classroom,S2
TTO-09038,stress,C03,G2,F1,4,2,classroom,60,classroom,S4
TTO-09038,stress,C04,G2,F1,4,2,lab,30,lab,S3
TTO-09038,stress,C05,G2,F1,4,2,classroom,60,classroom,S3
TTO-09039,stress,C01,G1,F3,4,2,classroom,60,classroom,S2
TTO-09039,stress,C02,G1,F3,4,2,classroom,60,classroom,S4
TTO-09039,stress,C03,G2,F3,4,2,lab,30,lab,S5
TTO-09039,stress,C04,G1,F2,4,2,lab,30,lab,S1
TTO-09039,stress,C05,G2,F3,4,2,classroom,60,classroom,S2
TTO-09040,stress,C01,G2,F3,4,2,lab,30,lab,S8
TTO-09040,stress,C02,G2,F2,4,2,classroom,60,classroom,S9
TTO-09040,stress,C03,G2,F3,4,2,lab,30,lab,S7
TTO-09040,stress,C04,G2,F3,4,2,classroom,60,classroom,S3
TTO-09040,stress,C05,G2,F3,4,2,classroom,60,classroom,S2
TTO-09041,stress,C01,G2,F2,4,2,classroom,60,classroom,S2
TTO-09041,stress,C02,G2,F1,4,2,lab,30,lab,S8
TTO-09041,stress,C03,G2,F1,4,2,classroom,60,classroom,S7
TTO-09041,stress,C04,G2,F1,4,2,classroom,60,classroom,S4
TTO-09041,stress,C05,G1,F2,4,2,lab,30,lab,S4
TTO-09042,stress,C01,G1,F3,4,2,lab,30,lab,S3
TTO-09042,stress,C02,G1,F2,4,2,classroom,60,classroom,S4
TTO-09042,stress,C03,G1,F3,4,2,lab,30,lab,S10
TTO-09042,stress,C04,G1,F3,4,2,classroom,60,classroom,S8
TTO-09042,stress,C05,G1,F3,4,2,lab,30,lab,S2
TTO-09043,stress,C01,G1,F3,4,2,lab,30,lab,S1
TTO-09043,stress,C02,G2,F3,4,2,lab,30,lab,S10
TTO-09043,stress,C03,G1,F3,4,2,classroom,60,classroom,S5
TTO-09043,stress,C04,G2,F3,4,2,lab,30,lab,S8
TTO-09043,stress,C05,G1,F3,4,2,classroom,60,classroom,S5
TTO-09044,stress,C01,G1,F2,4,2,lab,30,lab,S1
TTO-09044,stress,C02,G1,F1,4,2,classroom,60,classroom,S6
TTO-09044,stress,C03,G1,F1,4,2,classroom,60,classroom,S4
TTO-09044,stress,C04,G1,F1,4,2,lab,30,lab,S2
TTO-09044,stress,C05,G1,F1,4,2,classroom,60,classroom,S10
TTO-09045,stress,C01,G1,F1,4,2,classroom,60,classroom,S9
TTO-09045,stress,C02,G1,F1,4,2,lab,30,lab,S8
TTO-09045,stress,C03,G2,F1,4,2,lab,30,lab,S6
TTO-09045,stress,C04,G2,F1,4,2,lab,30,lab,S9
TTO-09045,stress,C05,G2,F1,4,2,lab,30,lab,S9
TTO-09046,stress,C01,G2,F2,4,2,classroom,60,classroom,S5
TTO-09046,stress,C02,G2,F2,4,2,lab,30,lab,S10
TTO-09046,stress,C03,G2,F1,4,2,lab,30,lab,S9
TTO-09046,stress,C04,G2,F2,4,2,lab,30,lab,S4
TTO-09046,stress,C05,G1,F2,4,2,classroom,60,classroom,S2
TTO-09047,stress,C01,G2,F3,4,2,lab,30,lab,S2
TTO-09047,stress,C02,G1,F3,4,2,lab,30,lab,S5
TTO-09047,stress,C03,G2,F3,4,2,lab,30,lab,S10
TTO-09047,stress,C04,G2,F3,4,2,lab,30,lab,S6
TTO-09047,stress,C05,G2,F3,4,2,lab,30,lab,S5
TTO-09048,stress,C01,G1,F1,4,2,lab,30,lab,S5
TTO-09048,stress,C02,G1,F1,4,2,classroom,60,classroom,S7
TTO-09048,stress,C03,G1,F2,4,2,classroom,60,classroom,S3
TTO-09048,stress,C04,G1,F2,4,2,lab,30,lab,S3
TTO-09048,stress,C05,G1,F2,4,2,classroom,60,classroom,S3
TTO-09049,stress,C01,G1,F1,4,2,classroom,60,classroom,S1
TTO-09049,stress,C02,G1,F3,4,2,lab,30,lab,S3
TTO-09049,stress,C03,G1,F1,4,2,classroom,60,classroom,S10
TTO-09049,stress,C04,G1,F1,4,2,lab,30,lab,S10
TTO-09049,stress,C05,G1,F3,4,2,classroom,60,classroom,S9
TTO-09050,stress,C01,G1,F1,4,2,classroom,60,classroom,S3
TTO-09050,stress,C02,G1,F1,4,2,classroom,60,classroom,S1
TTO-09050,stress,C03,G1,F3,4,2,classroom,60,classroom,S4
TTO-09050,stress,C04,G1,F1,4,2,lab,30,lab,S4
TTO-09050,stress,C05,G2,F1,4,2,classroom,60,classroom,S9
TTO-09051,stress,C01,G2,F1,4,2,lab,30,lab,S8
TTO-09051,stress,C02,G2,F2,4,2,classroom,60,classroom,S10
TTO-09051,stress,C03,G2,F2,4,2,lab,30,lab,S10
TTO-09051,stress,C04,G2,F2,4,2,lab,30,lab,S8
TTO-09051,stress,C05,G1,F2,4,2,classroom,60,classroom,S2
TTO-09052,stress,C01,G1,F3,4,2,classroom,60,classroom,S7
TTO-09052,stress,C02,G2,F2,4,2,lab,30,lab,S5
TTO-09052,stress,C03,G2,F1,4,2,lab,30,lab,S6
TTO-09052,stress,C04,G2,F3,4,2,lab,30,lab,S10
TTO-09052,stress,C05,G2,F3,4,2,lab,30,lab,S7
TTO-09053,stress,C01,G1,F1,4,2,lab,30,lab,S8
TTO-09053,stress,C02,G1,F1,4,2,classroom,60,classroom,S8
TTO-09053,stress,C03,G1,F2,4,2,lab,30,lab,S10
TTO-09053,stress,C04,G2,F1,4,2,classroom,60,classroom,S9
TTO-09053,stress,C05,G1,F1,4,2,lab,30,lab,S9
TTO-09054,stress,C01,G2,F2,4,2,lab,30,lab,S10
TTO-09054,stress,C02,G1,F3,4,2,lab,30,lab,S10
TTO-09054,stress,C03,G1,F2,4,2,classroom,60,classroom,S4
TTO-09054,stress,C04,G1,F3,4,2,classroom,60,classroom,S2
TTO-09054,stress,C05,G1,F3,4,2,classroom,60,classroom,S10
TTO-09055,stress,C01,G2,F3,4,2,classroom,60,classroom,S1
TTO-09055,stress,C02,G2,F3,4,2,classroom,60,classroom,S4
TTO-09055,stress,C03,G2,F3,4,2,lab,30,lab,S5
TTO-09055,stress,C04,G1,F3,4,2,lab,30,lab,S7
TTO-09055,stress,C05,G2,F3,4,2,classroom,60,classroom,S1
TTO-09056,stress,C01,G1,F2,4,2,lab,30,lab,S6
TTO-09056,stress,C02,G1,F1,4,2,classroom,60,classroom,S3
TTO-09056,stress,C03,G1,F1,4,2,classroom,60,classroom,S4
TTO-09056,stress,C04,G1,F1,4,2,classroom,60,classroom,S8
TTO-09056,stress,C05,G1,F1,4,2,lab,30,lab,S4
TTO-09057,stress,C01,G1,F2,4,2,lab,30,lab,S5
TTO-09057,stress,C02,G2,F2,4,2,lab,30,lab,S8
TTO-09057,stress,C03,G2,F2,4,2,lab,30,lab,S4
TTO-09057,stress,C04,G2,F2,4,2,lab,30,lab,S2
TTO-09057,stress,C05,G2,F1,4,2,classroom,60,classroom,S6
TTO-09058,stress,C01,G2,F2,4,2,lab,30,lab,S5
TTO-09058,stress,C02,G2,F2,4,2,classroom,60,classroom,S9
TTO-09058,stress,C03,G2,F2,4,2,lab,30,lab,S8
TTO-09058,stress,C04,G1,F2,4,2,lab,30,lab,S7
TTO-09058,stress,C05,G2,F2,4,2,lab,30,lab,S6
TTO-09059,stress,C01,G2,F1,4,2,classroom,60,classroom,S5
TTO-09059,stress,C02,G2,F1,4,2,lab,30,lab,S5
TTO-09059,stress,C03,G2,F1,4,2,lab,30,lab,S1
TTO-09059,stress,C04,G2,F1,4,2,lab,30,lab,S4
TTO-09059,stress,C05,G2,F1,4,2,classroom,60,classroom,S8
TTO-09060,stress,C01,G2,F1,4,2,lab,30,lab,S10
TTO-09060,stress,C02,G2,F1,4,2,lab,30,lab,S2
TTO-09060,stress,C03,G1,F1,4,2,classroom,60,classroom,S1
TTO-09060,stress,C04,G2,F1,4,2,classroom,60,classroom,S2
TTO-09060,stress,C05,G2,F1,4,2,lab,30,lab,S3
TTO-09061,stress,C01,G1,F2,4,2,classroom,60,classroom,S6
TTO-09061,stress,C02,G1,F2,4,2,lab,30,lab,S10
TTO-09061,stress,C03,G2,F2,4,2,lab,30,lab,S3
TTO-09061,stress,C04,G1,F2,4,2,lab,30,lab,S1
TTO-09061,stress,C05,G1,F2,4,2,lab,30,lab,S6
TTO-09062,stress,C01,G1,F2,4,2,lab,30,lab,S5
TTO-09062,stress,C02,G1,F1,4,2,classroom,60,classroom,S10
TTO-09062,stress,C03,G1,F2,4,2,lab,30,lab,S2
TTO-09062,stress,C04,G1,F1,4,2,classroom,60,classroom,S8
TTO-09062,stress,C05,G1,F3,4,2,classroom,60,classroom,S8
TTO-09063,stress,C01,G1,F1,4,2,classroom,60,classroom,S9
TTO-09063,stress,C02,G1,F1,4,2,classroom,60,classroom,S5
TTO-09063,stress,C03,G2,F1,4,2,classroom,60,classroom,S4
TTO-09063,stress,C04,G1,F2,4,2,lab,30,lab,S10
TTO-09063,stress,C05,G1,F1,4,2,lab,30,lab,S4
TTO-09064,stress,C01,G1,F3,4,2,classroom,60,classroom,S8
TTO-09064,stress,C02,G1,F3,4,2,classroom,60,classroom,S8
TTO-09064,stress,C03,G1,F3,4,2,classroom,60,classroom,S2
TTO-09064,stress,C04,G1,F3,4,2,classroom,60,classroom,S5
TTO-09064,stress,C05,G1,F3,4,2,lab,30,lab,S2
TTO-09065,stress,C01,G1,F2,4,2,classroom,60,classroom,S10
TTO-09065,stress,C02,G2,F1,4,2,lab,30,lab,S2
TTO-09065,stress,C03,G1,F2,4,2,classroom,60,classroom,S3
TTO-09065,stress,C04,G1,F2,4,2,lab,30,lab,S1
TTO-09065,stress,C05,G1,F2,4,2,classroom,60,classroom,S6
TTO-09066,stress,C01,G1,F3,4,2,classroom,60,classroom,S7
TTO-09066,stress,C02,G1,F3,4,2,lab,30,lab,S6
TTO-09066,stress,C03,G1,F1,4,2,lab,30,lab,S7
TTO-09066,stress,C04,G1,F1,4,2,lab,30,lab,S2
TTO-09066,stress,C05,G1,F3,4,2,classroom,60,classroom,S10
TTO-09067,stress,C01,G2,F3,4,2,classroom,60,classroom,S6
TTO-09067,stress,C02,G2,F2,4,2,lab,30,lab,S7
TTO-09067,stress,C03,G2,F2,4,2,classroom,60,classroom,S4
TTO-09067,stress,C04,G2,F2,4,2,lab,30,lab,S4
TTO-09067,stress,C05,G2,F2,4,2,classroom,60,classroom,S2
TTO-09068,stress,C01,G1,F1,4,2,classroom,60,classroom,S9
TTO-09068,stress,C02,G1,F1,4,2,classroom,60,classroom,S10
TTO-09068,stress,C03,G1,F1,4,2,lab,30,lab,S1
TTO-09068,stress,C04,G1,F1,4,2,lab,30,lab,S4
TTO-09068,stress,C05,G1,F2,4,2,lab,30,lab,S7
TTO-09069,stress,C01,G1,F1,4,2,lab,30,lab,S9
TTO-09069,stress,C02,G1,F1,4,2,lab,30,lab,S6
TTO-09069,stress,C03,G1,F1,4,2,lab,30,lab,S1
TTO-09069,stress,C04,G2,F1,4,2,classroom,60,classroom,S9
TTO-09069,stress,C05,G2,F2,4,2,classroom,60,classroom,S8
TTO-09070,stress,C01,G1,F1,4,2,classroom,60,classroom,S4
TTO-09070,stress,C02,G2,F3,4,2,classroom,60,classroom,S3
TTO-09070,stress,C03,G2,F1,4,2,classroom,60,classroom,S1
TTO-09070,stress,C04,G2,F2,4,2,classroom,60,classroom,S2
TTO-09070,stress,C05,G2,F1,4,2,lab,30,lab,S3
TTO-09071,stress,C01,G1,F1,4,2,lab,30,lab,S2
TTO-09071,stress,C02,G1,F1,4,2,classroom,60,classroom,S3
TTO-09071,stress,C03,G2,F1,4,2,lab,30,lab,S5
TTO-09071,stress,C04,G1,F1,4,2,lab,30,lab,S9
TTO-09071,stress,C05,G1,F1,4,2,classroom,60,classroom,S4
TTO-09072,stress,C01,G1,F3,4,2,lab,30,lab,S3
TTO-09072,stress,C02,G1,F3,4,2,lab,30,lab,S3
TTO-09072,stress,C03,G1,F3,4,2,lab,30,lab,S5
TTO-09072,stress,C04,G1,F3,4,2,classroom,60,classroom,S7
TTO-09072,stress,C05,G2,F3,4,2,lab,30,lab,S5
TTO-09073,stress,C01,G1,F3,4,2,classroom,60,classroom,S4
TTO-09073,stress,C02,G1,F3,4,2,lab,30,lab,S3
TTO-09073,stress,C03,G1,F3,4,2,classroom,60,classroom,S6
TTO-09073,stress,C04,G1,F3,4,2,classroom,60,classroom,S2
TTO-09073,stress,C05,G1,F3,4,2,lab,30,lab,S10
TTO-09074,stress,C01,G2,F3,4,2,classroom,60,classroom,S5
TTO-09074,stress,C02,G1,F3,4,2,classroom,60,classroom,S9
TTO-09074,stress,C03,G2,F2,4,2,classroom,60,classroom,S1
TTO-09074,stress,C04,G2,F3,4,2,classroom,60,classroom,S4
TTO-09074,stress,C05,G2,F3,4,2,classroom,60,classroom,S2
TTO-09075,stress,C01,G1,F1,4,2,lab,30,lab,S6
TTO-09075,stress,C02,G1,F1,4,2,classroom,60,classroom,S7
TTO-09075,stress,C03,G1,F3,4,2,classroom,60,classroom,S2
TTO-09075,stress,C04,G1,F1,4,2,lab,30,lab,S6
TTO-09075,stress,C05,G1,F1,4,2,classroom,60,classroom,S5
TTO-09076,stress,C01,G1,F1,4,2,classroom,60,classroom,S3
TTO-09076,stress,C02,G1,F3,4,2,classroom,60,classroom,S7
TTO-09076,stress,C03,G1,F3,4,2,classroom,60,classroom,S1
TTO-09076,stress,C04,G1,F1,4,2,lab,30,lab,S7
TTO-09076,stress,C05,G2,F3,4,2,lab,30,lab,S8
TTO-09077,stress,C01,G1,F3,4,2,classroom,60,classroom,S1
TTO-09077,stress,C02,G1,F3,4,2,lab,30,lab,S5
TTO-09077,stress,C03,G1,F3,4,2,lab,30,lab,S6
TTO-09077,stress,C04,G1,F1,4,2,classroom,60,classroom,S6
TTO-09077,stress,C05,G1,F3,4,2,classroom,60,classroom,S1
TTO-09078,stress,C01,G1,F2,4,2,classroom,60,classroom,S4
TTO-09078,stress,C02,G2,F3,4,2,lab,30,lab,S8
TTO-09078,stress,C03,G2,F2,4,2,lab,30,lab,S10
TTO-09078,stress,C04,G2,F3,4,2,lab,30,lab,S2
TTO-09078,stress,C05,G2,F2,4,2,lab,30,lab,S9
TTO-09079,stress,C01,G2,F3,4,2,classroom,60,classroom,S9
TTO-09079,stress,C02,G2,F3,4,2,lab,30,lab,S3
TTO-09079,stress,C03,G2,F3,4,2,classroom,60,classroom,S2
TTO-09079,stress,C04,G2,F3,4,2,lab,30,lab,S5
TTO-09079,stress,C05,G2,F3,4,2,classroom,60,classroom,S1
TTO-09080,stress,C01,G1,F2,4,2,lab,30,lab,S8
TTO-09080,stress,C02,G2,F2,4,2,classroom,60,classroom,S9
TTO-09080,stress,C03,G1,F2,4,2,lab,30,lab,S1
TTO-09080,stress,C04,G1,F2,4,2,lab,30,lab,S3
TTO-09080,stress,C05,G2,F2,4,2,lab,30,lab,S3
TTO-09081,stress,C01,G2,F1,4,2,classroom,60,classroom,S4
TTO-09081,stress,C02,G1,F3,4,2,classroom,60,classroom,S1
TTO-09081,stress,C03,G2,F1,4,2,lab,30,lab,S9
TTO-09081,stress,C04,G1,F3,4,2,lab,30,lab,S9
TTO-09081,stress,C05,G2,F1,4,2,lab,30,lab,S2
TTO-09082,stress,C01,G2,F3,4,2,classroom,60,classroom,S6
TTO-09082,stress,C02,G2,F3,4,2,lab,30,lab,S7
TTO-09082,stress,C03,G2,F3,4,2,lab,30,lab,S2
TTO-09082,stress,C04,G2,F3,4,2,lab,30,lab,S5
TTO-09082,stress,C05,G2,F3,4,2,classroom,60,classroom,S6
TTO-09083,stress,C01,G1,F2,4,2,lab,30,lab,S4
TTO-09083,stress,C02,G2,F1,4,2,lab,30,lab,S10
TTO-09083,stress,C03,G1,F3,4,2,classroom,60,classroom,S7
TTO-09083,stress,C04,G1,F3,4,2,lab,30,lab,S9
TTO-09083,stress,C05,G1,F3,4,2,lab,30,lab,S5
TTO-09084,stress,C01,G2,F1,4,2,lab,30,lab,S7
TTO-09084,stress,C02,G2,F1,4,2,classroom,60,classroom,S6
TTO-09084,stress,C03,G2,F2,4,2,lab,30,lab,S7
TTO-09084,stress,C04,G1,F2,4,2,lab,30,lab,S2
TTO-09084,stress,C05,G1,F3,4,2,classroom,60,classroom,S3
TTO-09085,stress,C01,G1,F3,4,2,classroom,60,classroom,S1
TTO-09085,stress,C02,G1,F3,4,2,lab,30,lab,S9
TTO-09085,stress,C03,G1,F3,4,2,lab,30,lab,S1
TTO-09085,stress,C04,G1,F3,4,2,classroom,60,classroom,S8
TTO-09085,stress,C05,G1,F3,4,2,classroom,60,classroom,S6
TTO-09086,stress,C01,G1,F1,4,2,classroom,60,classroom,S10
TTO-09086,stress,C02,G1,F1,4,2,classroom,60,classroom,S7
TTO-09086,stress,C03,G2,F1,4,2,lab,30,lab,S2
TTO-09086,stress,C04,G1,F3,4,2,lab,30,lab,S3
TTO-09086,stress,C05,G1,F1,4,2,lab,30,lab,S5
TTO-09087,stress,C01,G2,F1,4,2,classroom,60,classroom,S10
TTO-09087,stress,C02,G2,F2,4,2,classroom,60,classroom,S3
TTO-09087,stress,C03,G2,F1,4,2,lab,30,lab,S1
TTO-09087,stress,C04,G2,F1,4,2,lab,30,lab,S6
TTO-09087,stress,C05,G2,F3,4,2,classroom,60,classroom,S8
TTO-09088,stress,C01,G2,F3,4,2,classroom,60,classroom,S3
TTO-09088,stress,C02,G2,F3,4,2,lab,30,lab,S8
TTO-09088,stress,C03,G1,F3,4,2,classroom,60,classroom,S2
TTO-09088,stress,C04,G2,F3,4,2,lab,30,lab,S2
TTO-09088,stress,C05,G1,F3,4,2,classroom,60,classroom,S10
TTO-09089,stress,C01,G1,F2,4,2,lab,30,lab,S3
TTO-09089,stress,C02,G1,F2,4,2,lab,30,lab,S8
TTO-09089,stress,C03,G1,F2,4,2,classroom,60,classroom,S8
TTO-09089,stress,C04,G1,F2,4,2,lab,30,lab,S7
TTO-09089,stress,C05,G1,F3,4,2,lab,30,lab,S2
TTO-09090,stress,C01,G2,F3,4,2,classroom,60,classroom,S3
TTO-09090,stress,C02,G2,F3,4,2,lab,30,lab,S8
TTO-09090,stress,C03,G2,F3,4,2,lab,30,lab,S10
TTO-09090,stress,C04,G2,F3,4,2,classroom,60,classroom,S7
TTO-09090,stress,C05,G2,F3,4,2,classroom,60,classroom,S1
TTO-09091,stress,C01,G2,F3,4,2,lab,30,lab,S6
TTO-09091,stress,C02,G1,F3,4,2,classroom,60,classroom,S6
TTO-09091,stress,C03,G1,F3,4,2,classroom,60,classroom,S10
TTO-09091,stress,C04,G1,F1,4,2,lab,30,lab,S8
TTO-09091,stress,C05,G2,F3,4,2,lab,30,lab,S4
TTO-09092,stress,C01,G1,F3,4,2,lab,30,lab,S7
TTO-09092,stress,C02,G1,F3,4,2,lab,30,lab,S9
TTO-09092,stress,C03,G2,F1,4,2,classroom,60,classroom,S10
TTO-09092,stress,C04,G1,F3,4,2,lab,30,lab,S10
TTO-09092,stress,C05,G1,F3,4,2,lab,30,lab,S6
TTO-09093,stress,C01,G2,F3,4,2,lab,30,lab,S6
TTO-09093,stress,C02,G1,F3,4,2,classroom,60,classroom,S6
TTO-09093,stress,C03,G1,F3,4,2,classroom,60,classroom,S7
TTO-09093,stress,C04,G2,F2,4,2,lab,30,lab,S2
TTO-09093,stress,C05,G2,F3,4,2,classroom,60,classroom,S7
TTO-09094,stress,C01,G1,F2,4,2,classroom,60,classroom,S2
TTO-09094,stress,C02,G1,F2,4,2,classroom,60,classroom,S9
TTO-09094,stress,C03,G1,F3,4,2,classroom,60,classroom,S2
TTO-09094,stress,C04,G1,F2,4,2,classroom,60,classroom,S5
TTO-09094,stress,C05,G1,F2,4,2,lab,30,lab,S4
TTO-09095,stress,C01,G1,F2,4,2,classroom,60,classroom,S8
TTO-09095,stress,C02,G1,F3,4,2,classroom,60,classroom,S5
TTO-09095,stress,C03,G1,F3,4,2,lab,30,lab,S3
TTO-09095,stress,C04,G1,F3,4,2,classroom,60,classroom,S5
TTO-09095,stress,C05,G1,F3,4,2,lab,30,lab,S7
TTO-09096,stress,C01,G2,F2,4,2,lab,30,lab,S10
TTO-09096,stress,C02,G1,F2,4,2,classroom,60,classroom,S6
TTO-09096,stress,C03,G1,F3,4,2,classroom,60,classroom,S8
TTO-09096,stress,C04,G1,F1,4,2,lab,30,lab,S7
TTO-09096,stress,C05,G2,F1,4,2,classroom,60,classroom,S1
TTO-09097,stress,C01,G2,F2,4,2,lab,30,lab,S9
TTO-09097,stress,C02,G2,F2,4,2,lab,30,lab,S9
TTO-09097,stress,C03,G2,F2,4,2,classroom,60,classroom,S5
TTO-09097,stress,C04,G1,F3,4,2,lab,30,lab,S7
TTO-09097,stress,C05,G2,F2,4,2,lab,30,lab,S5
TTO-09098,stress,C01,G2,F1,4,2,classroom,60,classroom,S10
TTO-09098,stress,C02,G2,F1,4,2,lab,30,lab,S10
TTO-09098,stress,C03,G2,F2,4,2,classroom,60,classroom,S4
TTO-09098,stress,C04,G2,F2,4,2,classroom,60,classroom,S6
TTO-09098,stress,C05,G2,F1,4,2,lab,30,lab,S3
TTO-09099,stress,C01,G2,F3,4,2,classroom,60,classroom,S5
TTO-09099,stress,C02,G2,F1,4,2,classroom,60,classroom,S2
TTO-09099,stress,C03,G2,F3,4,2,classroom,60,classroom,S4
TTO-09099,stress,C04,G2,F3,4,2,lab,30,lab,S7
TTO-09099,stress,C05,G2,F3,4,2,lab,30,lab,S1
TTO-09100,stress,C01,G1,F1,4,2,classroom,60,classroom,S7
TTO-09100,stress,C02,G1,F1,4,2,lab,30,lab,S10
TTO-09100,stress,C03,G1,F1,4,2,classroom,60,classroom,S1
TTO-09100,stress,C04,G1,F3,4,2,lab,30,lab,S9
TTO-09100,stress,C05,G1,F1,4,2,classroom,60,classroom,S2
TTO-09101,stress,C01,G2,F3,4,2,lab,30,lab,S5
TTO-09101,stress,C02,G1,F3,4,2,lab,30,lab,S5
TTO-09101,stress,C03,G1,F3,4,2,lab,30,lab,S5
TTO-09101,stress,C04,G2,F3,4,2,classroom,60,classroom,S8
TTO-09101,stress,C05,G1,F3,4,2,lab,30,lab,S6
TTO-09102,stress,C01,G1,F3,4,2,lab,30,lab,S5
TTO-09102,stress,C02,G1,F2,4,2,classroom,60,classroom,S6
TTO-09102,stress,C03,G1,F1,4,2,lab,30,lab,S6
TTO-09102,stress,C04,G2,F2,4,2,classroom,60,classroom,S8
TTO-09102,stress,C05,G1,F1,4,2,classroom,60,classroom,S5
TTO-09103,stress,C01,G1,F1,4,2,classroom,60,classroom,S5
TTO-09103,stress,C02,G2,F2,4,2,lab,30,lab,S7
TTO-09103,stress,C03,G2,F2,4,2,lab,30,lab,S1
TTO-09103,stress,C04,G2,F3,4,2,classroom,60,classroom,S5
TTO-09103,stress,C05,G2,F3,4,2,classroom,60,classroom,S8
TTO-09104,stress,C01,G2,F3,4,2,lab,30,lab,S5
TTO-09104,stress,C02,G1,F3,4,2,lab,30,lab,S8
TTO-09104,stress,C03,G1,F3,4,2,classroom,60,classroom,S9
TTO-09104,stress,C04,G1,F3,4,2,lab,30,lab,S8
TTO-09104,stress,C05,G1,F3,4,2,classroom,60,classroom,S1
TTO-09105,stress,C01,G2,F3,4,2,classroom,60,classroom,S10
TTO-09105,stress,C02,G2,F3,4,2,lab,30,lab,S6
TTO-09105,stress,C03,G2,F1,4,2,lab,30,lab,S5
TTO-09105,stress,C04,G1,F3,4,2,classroom,60,classroom,S10
TTO-09105,stress,C05,G2,F3,4,2,classroom,60,classroom,S1
TTO-09106,stress,C01,G2,F3,4,2,classroom,60,classroom,S3
TTO-09106,stress,C02,G1,F2,4,2,classroom,60,classroom,S9
TTO-09106,stress,C03,G2,F3,4,2,lab,30,lab,S5
TTO-09106,stress,C04,G2,F2,4,2,classroom,60,classroom,S6
TTO-09106,stress,C05,G2,F3,4,2,classroom,60,classroom,S6
TTO-09107,stress,C01,G1,F3,4,2,classroom,60,classroom,S10
TTO-09107,stress,C02,G1,F3,4,2,lab,30,lab,S2
TTO-09107,stress,C03,G1,F3,4,2,classroom,60,classroom,S10
TTO-09107,stress,C04,G2,F3,4,2,classroom,60,classroom,S9
TTO-09107,stress,C05,G2,F3,4,2,lab,30,lab,S7
TTO-09108,stress,C01,G2,F2,4,2,lab,30,lab,S1
TTO-09108,stress,C02,G2,F2,4,2,lab,30,lab,S9
TTO-09108,stress,C03,G2,F2,4,2,classroom,60,classroom,S9
TTO-09108,stress,C04,G2,F2,4,2,classroom,60,classroom,S3
TTO-09108,stress,C05,G2,F2,4,2,classroom,60,classroom,S4
TTO-09109,stress,C01,G2,F2,4,2,classroom,60,classroom,S3
TTO-09109,stress,C02,G2,F1,4,2,classroom,60,classroom,S10
TTO-09109,stress,C03,G2,F2,4,2,classroom,60,classroom,S5
TTO-09109,stress,C04,G2,F2,4,2,classroom,60,classroom,S7
TTO-09109,stress,C05,G2,F2,4,2,lab,30,lab,S5
TTO-09110,stress,C01,G2,F2,4,2,lab,30,lab,S6
TTO-09110,stress,C02,G2,F2,4,2,lab,30,lab,S10
TTO-09110,stress,C03,G2,F2,4,2,lab,30,lab,S5
TTO-09110,stress,C04,G2,F2,4,2,classroom,60,classroom,S4
TTO-09110,stress,C05,G2,F2,4,2,classroom,60,classroom,S6
TTO-09111,stress,C01,G1,F3,4,2,classroom,60,classroom,S1
TTO-09111,stress,C02,G1,F3,4,2,lab,30,lab,S9
TTO-09111,stress,C03,G1,F3,4,2,classroom,60,classroom,S4
TTO-09111,stress,C04,G2,F3,4,2,classroom,60,classroom,S8
TTO-09111,stress,C05,G1,F2,4,2,classroom,60,classroom,S8
TTO-09112,stress,C01,G1,F3,4,2,classroom,60,classroom,S10
TTO-09112,stress,C02,G1,F2,4,2,classroom,60,classroom,S8
TTO-09112,stress,C03,G1,F3,4,2,classroom,60,classroom,S6
TTO-09112,stress,C04,G1,F3,4,2,classroom,60,classroom,S4
TTO-09112,stress,C05,G1,F2,4,2,classroom,60,classroom,S3
TTO-09113,stress,C01,G1,F3,4,2,classroom,60,classroom,S2
TTO-09113,stress,C02,G1,F3,4,2,classroom,60,classroom,S5
TTO-09113,stress,C03,G1,F3,4,2,classroom,60,classroom,S1
TTO-09113,stress,C04,G1,F3,4,2,lab,30,lab,S9
TTO-09113,stress,C05,G1,F3,4,2,classroom,60,classroom,S4
TTO-09114,stress,C01,G2,F3,4,2,classroom,60,classroom,S5
TTO-09114,stress,C02,G2,F3,4,2,classroom,60,classroom,S1
TTO-09114,stress,C03,G1,F3,4,2,classroom,60,classroom,S9
TTO-09114,stress,C04,G2,F3,4,2,classroom,60,classroom,S4
TTO-09114,stress,C05,G2,F3,4,2,classroom,60,classroom,S10
TTO-09115,stress,C01,G1,F3,4,2,classroom,60,classroom,S6
TTO-09115,stress,C02,G1,F2,4,2,lab,30,lab,S10
TTO-09115,stress,C03,G2,F3,4,2,classroom,60,classroom,S1
TTO-09115,stress,C04,G1,F3,4,2,lab,30,lab,S9
TTO-09115,stress,C05,G1,F3,4,2,classroom,60,classroom,S10
TTO-09116,stress,C01,G1,F2,4,2,classroom,60,classroom,S6
TTO-09116,stress,C02,G1,F1,4,2,classroom,60,classroom,S5
TTO-09116,stress,C03,G1,F2,4,2,lab,30,lab,S10
TTO-09116,stress,C04,G1,F3,4,2,lab,30,lab,S8
TTO-09116,stress,C05,G1,F1,4,2,lab,30,lab,S1
TTO-09117,stress,C01,G1,F3,4,2,classroom,60,classroom,S1
TTO-09117,stress,C02,G1,F3,4,2,classroom,60,classroom,S4
TTO-09117,stress,C03,G1,F3,4,2,lab,30,lab,S6
TTO-09117,stress,C04,G1,F2,4,2,classroom,60,classroom,S9
TTO-09117,stress,C05,G1,F2,4,2,lab,30,lab,S1
TTO-09118,stress,C01,G2,F2,4,2,classroom,60,classroom,S5
TTO-09118,stress,C02,G1,F2,4,2,classroom,60,classroom,S10
TTO-09118,stress,C03,G1,F2,4,2,classroom,60,classroom,S7
TTO-09118,stress,C04,G1,F3,4,2,lab,30,lab,S1
TTO-09118,stress,C05,G1,F2,4,2,lab,30,lab,S7
TTO-09119,stress,C01,G1,F3,4,2,classroom,60,classroom,S7
TTO-09119,stress,C02,G1,F1,4,2,classroom,60,classroom,S9
TTO-09119,stress,C03,G1,F1,4,2,classroom,60,classroom,S8
TTO-09119,stress,C04,G1,F2,4,2,lab,30,lab,S1
TTO-09119,stress,C05,G1,F1,4,2,classroom,60,classroom,S4
TTO-09120,stress,C01,G1,F1,4,2,lab,30,lab,S3
TTO-09120,stress,C02,G1,F1,4,2,classroom,60,classroom,S3
TTO-09120,stress,C03,G1,F2,4,2,lab,30,lab,S3
TTO-09120,stress,C04,G2,F1,4,2,classroom,60,classroom,S6
TTO-09120,stress,C05,G1,F3,4,2,classroom,60,classroom,S1
TTO-09121,stress,C01,G1,F2,4,2,classroom,60,classroom,S7
TTO-09121,stress,C02,G1,F1,4,2,classroom,60,classroom,S5
TTO-09121,stress,C03,G1,F1,4,2,lab,30,lab,S3
TTO-09121,stress,C04,G1,F2,4,2,lab,30,lab,S1
TTO-09121,stress,C05,G1,F2,4,2,classroom,60,classroom,S10
TTO-09122,stress,C01,G2,F1,4,2,classroom,60,classroom,S4
TTO-09122,stress,C02,G2,F1,4,2,lab,30,lab,S3
TTO-09122,stress,C03,G2,F1,4,2,classroom,60,classroom,S6
TTO-09122,stress,C04,G2,F1,4,2,classroom,60,classroom,S9
TTO-09122,stress,C05,G2,F1,4,2,classroom,60,classroom,S8
TTO-09123,stress,C01,G2,F1,4,2,lab,30,lab,S1
TTO-09123,stress,C02,G1,F1,4,2,classroom,60,classroom,S6
TTO-09123,stress,C03,G2,F3,4,2,classroom,60,classroom,S6
TTO-09123,stress,C04,G2,F3,4,2,lab,30,lab,S4
TTO-09123,stress,C05,G2,F1,4,2,classroom,60,classroom,S10
TTO-09124,stress,C01,G1,F2,4,2,classroom,60,classroom,S5
TTO-09124,stress,C02,G1,F2,4,2,classroom,60,classroom,S2
TTO-09124,stress,C03,G1,F1,4,2,lab,30,lab,S9
TTO-09124,stress,C04,G1,F2,4,2,lab,30,lab,S4
TTO-09124,stress,C05,G1,F3,4,2,lab,30,lab,S10
TTO-09125,stress,C01,G1,F1,4,2,lab,30,lab,S2
TTO-09125,stress,C02,G1,F3,4,2,classroom,60,classroom,S5
TTO-09125,stress,C03,G1,F1,4,2,classroom,60,classroom,S2
TTO-09125,stress,C04,G1,F1,4,2,lab,30,lab,S2
TTO-09125,stress,C05,G1,F1,4,2,classroom,60,classroom,S3
TTO-09126,stress,C01,G2,F1,4,2,classroom,60,classroom,S4
TTO-09126,stress,C02,G2,F1,4,2,classroom,60,classroom,S8
TTO-09126,stress,C03,G2,F1,4,2,classroom,60,classroom,S5
TTO-09126,stress,C04,G2,F1,4,2,classroom,60,classroom,S1
TTO-09126,stress,C05,G2,F1,4,2,lab,30,lab,S8
TTO-09127,stress,C01,G1,F3,4,2,lab,30,lab,S4
TTO-09127,stress,C02,G1,F2,4,2,lab,30,lab,S3
TTO-09127,stress,C03,G1,F2,4,2,classroom,60,classroom,S4
TTO-09127,stress,C04,G1,F2,4,2,classroom,60,classroom,S1
TTO-09127,stress,C05,G1,F2,4,2,classroom,60,classroom,S6
TTO-09128,stress,C01,G1,F3,4,2,classroom,60,classroom,S6
TTO-09128,stress,C02,G1,F3,4,2,classroom,60,classroom,S5
TTO-09128,stress,C03,G1,F3,4,2,classroom,60,classroom,S9
TTO-09128,stress,C04,G2,F1,4,2,lab,30,lab,S7
TTO-09128,stress,C05,G1,F3,4,2,classroom,60,classroom,S4
TTO-09129,stress,C01,G2,F3,4,2,classroom,60,classroom,S5
TTO-09129,stress,C02,G2,F3,4,2,lab,30,lab,S6
TTO-09129,stress,C03,G2,F3,4,2,lab,30,lab,S1
TTO-09129,stress,C04,G2,F3,4,2,lab,30,lab,S7
TTO-09129,stress,C05,G2,F3,4,2,classroom,60,classroom,S8
TTO-09130,stress,C01,G1,F3,4,2,lab,30,lab,S6
TTO-09130,stress,C02,G1,F3,4,2,classroom,60,classroom,S1
TTO-09130,stress,C03,G1,F3,4,2,classroom,60,classroom,S1
TTO-09130,stress,C04,G2,F3,4,2,classroom,60,classroom,S1
TTO-09130,stress,C05,G1,F3,4,2,classroom,60,classroom,S8
TTO-09131,stress,C01,G2,F1,4,2,classroom,60,classroom,S10
TTO-09131,stress,C02,G1,F1,4,2,classroom,60,classroom,S5
TTO-09131,stress,C03,G2,F1,4,2,lab,30,lab,S4
TTO-09131,stress,C04,G1,F3,4,2,classroom,60,classroom,S6
TTO-09131,stress,C05,G2,F1,4,2,lab,30,lab,S6
TTO-09132,stress,C01,G1,F2,4,2,classroom,60,classroom,S6
TTO-09132,stress,C02,G1,F2,4,2,classroom,60,classroom,S10
TTO-09132,stress,C03,G1,F2,4,2,classroom,60,classroom,S3
TTO-09132,stress,C04,G1,F2,4,2,lab,30,lab,S4
TTO-09132,stress,C05,G1,F3,4,2,lab,30,lab,S5
TTO-09133,stress,C01,G2,F3,4,2,classroom,60,classroom,S8
TTO-09133,stress,C02,G1,F1,4,2,classroom,60,classroom,S5
TTO-09133,stress,C03,G1,F3,4,2,classroom,60,classroom,S5
TTO-09133,stress,C04,G1,F3,4,2,classroom,60,classroom,S9
TTO-09133,stress,C05,G2,F3,4,2,lab,30,lab,S1
TTO-09134,stress,C01,G2,F1,4,2,lab,30,lab,S8
TTO-09134,stress,C02,G2,F3,4,2,classroom,60,classroom,S2
TTO-09134,stress,C03,G2,F3,4,2,lab,30,lab,S4
TTO-09134,stress,C04,G2,F3,4,2,lab,30,lab,S4
TTO-09134,stress,C05,G2,F3,4,2,lab,30,lab,S2
TTO-09135,stress,C01,G1,F2,4,2,classroom,60,classroom,S1
TTO-09135,stress,C02,G1,F1,4,2,classroom,60,classroom,S3
TTO-09135,stress,C03,G1,F1,4,2,classroom,60,classroom,S5
TTO-09135,stress,C04,G1,F1,4,2,lab,30,lab,S9
TTO-09135,stress,C05,G2,F1,4,2,classroom,60,classroom,S6
TTO-09136,stress,C01,G2,F1,4,2,classroom,60,classroom,S6
TTO-09136,stress,C02,G2,F2,4,2,classroom,60,classroom,S7
TTO-09136,stress,C03,G2,F1,4,2,classroom,60,classroom,S1
TTO-09136,stress,C04,G2,F1,4,2,classroom,60,classroom,S9
TTO-09136,stress,C05,G2,F1,4,2,classroom,60,classroom,S5
TTO-09137,stress,C01,G1,F1,4,2,classroom,60,classroom,S9
TTO-09137,stress,C02,G1,F1,4,2,classroom,60,classroom,S9
TTO-09137,stress,C03,G1,F3,4,2,lab,30,lab,S8
TTO-09137,stress,C04,G1,F1,4,2,classroom,60,classroom,S8
TTO-09137,stress,C05,G1,F2,4,2,classroom,60,classroom,S5
TTO-09138,stress,C01,G1,F3,4,2,lab,30,lab,S1
TTO-09138,stress,C02,G1,F3,4,2,classroom,60,classroom,S8
TTO-09138,stress,C03,G1,F3,4,2,lab,30,lab,S3
TTO-09138,stress,C04,G1,F1,4,2,lab,30,lab,S7
TTO-09138,stress,C05,G1,F3,4,2,lab,30,lab,S5
TTO-09139,stress,C01,G1,F3,4,2,lab,30,lab,S6
TTO-09139,stress,C02,G1,F1,4,2,lab,30,lab,S6
TTO-09139,stress,C03,G1,F3,4,2,lab,30,lab,S5
TTO-09139,stress,C04,G1,F2,4,2,lab,30,lab,S2
TTO-09139,stress,C05,G1,F3,4,2,lab,30,lab,S6
TTO-09140,stress,C01,G1,F3,4,2,classroom,60,classroom,S8
TTO-09140,stress,C02,G1,F3,4,2,lab,30,lab,S7
TTO-09140,stress,C03,G1,F3,4,2,lab,30,lab,S5
TTO-09140,stress,C04,G2,F3,4,2,classroom,60,classroom,S5
TTO-09140,stress,C05,G1,F3,4,2,lab,30,lab,S3
TTO-09141,stress,C01,G1,F1,4,2,lab,30,lab,S8
TTO-09141,stress,C02,G1,F1,4,2,classroom,60,classroom,S2
TTO-09141,stress,C03,G2,F1,4,2,classroom,60,classroom,S7
TTO-09141,stress,C04,G1,F1,4,2,lab,30,lab,S8
TTO-09141,stress,C05,G1,F1,4,2,classroom,60,classroom,S2
TTO-09142,stress,C01,G2,F3,4,2,classroom,60,classroom,S6
TTO-09142,stress,C02,G2,F1,4,2,lab,30,lab,S9
TTO-09142,stress,C03,G2,F1,4,2,classroom,60,classroom,S3
TTO-09142,stress,C04,G1,F1,4,2,lab,30,lab,S6
TTO-09142,stress,C05,G2,F1,4,2,classroom,60,classroom,S6
TTO-09143,stress,C01,G1,F1,4,2,classroom,60,classroom,S10
TTO-09143,stress,C02,G1,F2,4,2,lab,30,lab,S4
TTO-09143,stress,C03,G1,F1,4,2,classroom,60,classroom,S4
TTO-09143,stress,C04,G1,F1,4,2,classroom,60,classroom,S2
TTO-09143,stress,C05,G1,F1,4,2,lab,30,lab,S1
TTO-09144,stress,C01,G1,F2,4,2,classroom,60,classroom,S9
TTO-09144,stress,C02,G1,F1,4,2,classroom,60,classroom,S8
TTO-09144,stress,C03,G2,F2,4,2,classroom,60,classroom,S3
TTO-09144,stress,C04,G1,F2,4,2,classroom,60,classroom,S7
TTO-09144,stress,C05,G1,F2,4,2,lab,30,lab,S5
TTO-09145,stress,C01,G1,F1,4,2,lab,30,lab,S1
TTO-09145,stress,C02,G1,F1,4,2,lab,30,lab,S4
TTO-09145,stress,C03,G2,F2,4,2,classroom,60,classroom,S10
TTO-09145,stress,C04,G1,F2,4,2,classroom,60,classroom,S7
TTO-09145,stress,C05,G1,F2,4,2,lab,30,lab,S8
TTO-09146,stress,C01,G2,F2,4,2,lab,30,lab,S5
TTO-09146,stress,C02,G1,F2,4,2,classroom,60,classroom,S6
TTO-09146,stress,C03,G1,F2,4,2,lab,30,lab,S9
TTO-09146,stress,C04,G2,F2,4,2,classroom,60,classroom,S8
TTO-09146,stress,C05,G1,F2,4,2,classroom,60,classroom,S10
TTO-09147,stress,C01,G2,F1,4,2,classroom,60,classroom,S7
TTO-09147,stress,C02,G2,F3,4,2,lab,30,lab,S10
TTO-09147,stress,C03,G2,F3,4,2,lab,30,lab,S10
TTO-09147,stress,C04,G2,F1,4,2,lab,30,lab,S1
TTO-09147,stress,C05,G2,F3,4,2,classroom,60,classroom,S9
TTO-09148,stress,C01,G2,F2,4,2,classroom,60,classroom,S5
TTO-09148,stress,C02,G1,F2,4,2,classroom,60,classroom,S9
TTO-09148,stress,C03,G1,F2,4,2,lab,30,lab,S9
TTO-09148,stress,C04,G2,F1,4,2,classroom,60,classroom,S1
TTO-09148,stress,C05,G1,F2,4,2,classroom,60,classroom,S4
TTO-09149,stress,C01,G1,F2,4,2,lab,30,lab,S2
TTO-09149,stress,C02,G1,F2,4,2,lab,30,lab,S6
TTO-09149,stress,C03,G2,F2,4,2,classroom,60,classroom,S8
TTO-09149,stress,C04,G1,F2,4,2,lab,30,lab,S7
TTO-09149,stress,C05,G1,F2,4,2,lab,30,lab,S9
TTO-09150,stress,C01,G1,F3,4,2,lab,30,lab,S9
TTO-09150,stress,C02,G1,F3,4,2,classroom,60,classroom,S1
TTO-09150,stress,C03,G1,F3,4,2,classroom,60,classroom,S4
TTO-09150,stress,C04,G1,F3,4,2,classroom,60,classroom,S9
TTO-09150,stress,C05,G2,F3,4,2,lab,30,lab,S1
TTO-09151,stress,C01,G2,F2,4,2,lab,30,lab,S10
TTO-09151,stress,C02,G2,F2,4,2,lab,30,lab,S6
TTO-09151,stress,C03,G2,F3,4,2,lab,30,lab,S7
TTO-09151,stress,C04,G2,F2,4,2,lab,30,lab,S4
TTO-09151,stress,C05,G2,F2,4,2,lab,30,lab,S9
TTO-09152,stress,C01,G2,F2,4,2,lab,30,lab,S5
TTO-09152,stress,C02,G2,F1,4,2,lab,30,lab,S7
TTO-09152,stress,C03,G2,F1,4,2,lab,30,lab,S9
TTO-09152,stress,C04,G2,F3,4,2,lab,30,lab,S7
TTO-09152,stress,C05,G2,F2,4,2,lab,30,lab,S8
TTO-09153,stress,C01,G2,F3,4,2,lab,30,lab,S10
TTO-09153,stress,C02,G2,F2,4,2,classroom,60,classroom,S3
TTO-09153,stress,C03,G2,F2,4,2,classroom,60,classroom,S8
TTO-09153,stress,C04,G2,F2,4,2,classroom,60,classroom,S7
TTO-09153,stress,C05,G2,F2,4,2,lab,30,lab,S3
TTO-09154,stress,C01,G1,F1,4,2,classroom,60,classroom,S3
TTO-09154,stress,C02,G2,F2,4,2,lab,30,lab,S8
TTO-09154,stress,C03,G1,F2,4,2,classroom,60,classroom,S1
TTO-09154,stress,C04,G1,F2,4,2,lab,30,lab,S1
TTO-09154,stress,C05,G1,F2,4,2,lab,30,lab,S3
TTO-09155,stress,C01,G1,F2,4,2,lab,30,lab,S1
TTO-09155,stress,C02,G1,F2,4,2,classroom,60,classroom,S9
TTO-09155,stress,C03,G1,F2,4,2,lab,30,lab,S1
TTO-09155,stress,C04,G1,F2,4,2,lab,30,lab,S7
TTO-09155,stress,C05,G2,F2,4,2,classroom,60,classroom,S4
TTO-09156,stress,C01,G1,F2,4,2,lab,30,lab,S7
TTO-09156,stress,C02,G1,F2,4,2,lab,30,lab,S7
TTO-09156,stress,C03,G2,F2,4,2,lab,30,lab,S3
TTO-09156,stress,C04,G1,F2,4,2,lab,30,lab,S10
TTO-09156,stress,C05,G2,F2,4,2,lab,30,lab,S7
TTO-09157,stress,C01,G1,F3,4,2,classroom,60,classroom,S9
TTO-09157,stress,C02,G1,F3,4,2,lab,30,lab,S9
TTO-09157,stress,C03,G2,F3,4,2,lab,30,lab,S10
TTO-09157,stress,C04,G1,F3,4,2,classroom,60,classroom,S1
TTO-09157,stress,C05,G1,F3,4,2,classroom,60,classroom,S5
TTO-09158,stress,C01,G2,F2,4,2,lab,30,lab,S8
TTO-09158,stress,C02,G1,F3,4,2,lab,30,lab,S5
TTO-09158,stress,C03,G2,F3,4,2,lab,30,lab,S4
TTO-09158,stress,C04,G2,F2,4,2,lab,30,lab,S1
TTO-09158,stress,C05,G2,F3,4,2,lab,30,lab,S6
TTO-09159,stress,C01,G1,F3,4,2,lab,30,lab,S10
TTO-09159,stress,C02,G1,F3,4,2,lab,30,lab,S5
TTO-09159,stress,C03,G1,F3,4,2,lab,30,lab,S5
TTO-09159,stress,C04,G2,F3,4,2,classroom,60,classroom,S7
TTO-09159,stress,C05,G1,F3,4,2,classroom,60,classroom,S9
TTO-09160,stress,C01,G2,F3,4,2,classroom,60,classroom,S6
TTO-09160,stress,C02,G2,F3,4,2,lab,30,lab,S8
TTO-09160,stress,C03,G2,F3,4,2,lab,30,lab,S2
TTO-09160,stress,C04,G2,F3,4,2,classroom,60,classroom,S8
TTO-09160,stress,C05,G1,F1,4,2,classroom,60,classroom,S10
TTO-09161,stress,C01,G1,F2,4,2,classroom,60,classroom,S9
TTO-09161,stress,C02,G1,F3,4,2,classroom,60,classroom,S7
TTO-09161,stress,C03,G1,F3,4,2,lab,30,lab,S10
TTO-09161,stress,C04,G1,F3,4,2,classroom,60,classroom,S8
TTO-09161,stress,C05,G1,F3,4,2,classroom,60,classroom,S10
TTO-09162,stress,C01,G2,F2,4,2,classroom,60,classroom,S5
TTO-09162,stress,C02,G2,F2,4,2,lab,30,lab,S2
TTO-09162,stress,C03,G2,F2,4,2,lab,30,lab,S3
TTO-09162,stress,C04,G1,F2,4,2,classroom,60,classroom,S8
TTO-09162,stress,C05,G2,F2,4,2,classroom,60,classroom,S6
TTO-09163,stress,C01,G2,F2,4,2,classroom,60,classroom,S10
TTO-09163,stress,C02,G1,F3,4,2,lab,30,lab,S3
TTO-09163,stress,C03,G1,F2,4,2,classroom,60,classroom,S8
TTO-09163,stress,C04,G1,F1,4,2,lab,30,lab,S3
TTO-09163,stress,C05,G1,F3,4,2,classroom,60,classroom,S3
TTO-09164,stress,C01,G1,F3,4,2,classroom,60,classroom,S6
TTO-09164,stress,C02,G1,F3,4,2,lab,30,lab,S4
TTO-09164,stress,C03,G1,F3,4,2,lab,30,lab,S9
TTO-09164,stress,C04,G2,F3,4,2,classroom,60,classroom,S7
TTO-09164,stress,C05,G1,F3,4,2,classroom,60,classroom,S1
TTO-09165,stress,C01,G1,F1,4,2,lab,30,lab,S8
TTO-09165,stress,C02,G2,F1,4,2,classroom,60,classroom,S3
TTO-09165,stress,C03,G1,F1,4,2,classroom,60,classroom,S7
TTO-09165,stress,C04,G2,F1,4,2,classroom,60,classroom,S7
TTO-09165,stress,C05,G2,F3,4,2,lab,30,lab,S5
TTO-09166,stress,C01,G2,F1,4,2,classroom,60,classroom,S9
TTO-09166,stress,C02,G2,F1,4,2,lab,30,lab,S9
TTO-09166,stress,C03,G2,F1,4,2,lab,30,lab,S4
TTO-09166,stress,C04,G2,F1,4,2,lab,30,lab,S2
TTO-09166,stress,C05,G1,F1,4,2,lab,30,lab,S3
TTO-09167,stress,C01,G2,F3,4,2,classroom,60,classroom,S9
TTO-09167,stress,C02,G2,F3,4,2,lab,30,lab,S9
TTO-09167,stress,C03,G2,F3,4,2,lab,30,lab,S5
TTO-09167,stress,C04,G2,F3,4,2,classroom,60,classroom,S9
TTO-09167,stress,C05,G2,F2,4,2,classroom,60,classroom,S6
TTO-09168,stress,C01,G2,F1,4,2,lab,30,lab,S9
TTO-09168,stress,C02,G2,F1,4,2,classroom,60,classroom,S3
TTO-09168,stress,C03,G1,F1,4,2,classroom,60,classroom,S2
TTO-09168,stress,C04,G2,F2,4,2,classroom,60,classroom,S9
TTO-09168,stress,C05,G2,F1,4,2,classroom,60,classroom,S6
TTO-09169,stress,C01,G1,F3,4,2,lab,30,lab,S9
TTO-09169,stress,C02,G1,F3,4,2,classroom,60,classroom,S7
TTO-09169,stress,C03,G1,F3,4,2,lab,30,lab,S1
TTO-09169,stress,C04,G2,F3,4,2,classroom,60,classroom,S2
TTO-09169,stress,C05,G1,F3,4,2,classroom,60,classroom,S9
TTO-09170,stress,C01,G1,F3,4,2,lab,30,lab,S4
TTO-09170,stress,C02,G1,F3,4,2,lab,30,lab,S2
TTO-09170,stress,C03,G1,F2,4,2,classroom,60,classroom,S4
TTO-09170,stress,C04,G1,F3,4,2,lab,30,lab,S5
TTO-09170,stress,C05,G2,F3,4,2,classroom,60,classroom,S8
TTO-09171,stress,C01,G1,F3,4,2,lab,30,lab,S4
TTO-09171,stress,C02,G1,F1,4,2,classroom,60,classroom,S10
TTO-09171,stress,C03,G1,F1,4,2,lab,30,lab,S5
TTO-09171,stress,C04,G1,F3,4,2,lab,30,lab,S5
TTO-09171,stress,C05,G1,F3,4,2,classroom,60,classroom,S1
TTO-09172,stress,C01,G1,F3,4,2,classroom,60,classroom,S6
TTO-09172,stress,C02,G1,F3,4,2,lab,30,lab,S8
TTO-09172,stress,C03,G1,F3,4,2,classroom,60,classroom,S5
TTO-09172,stress,C04,G1,F1,4,2,classroom,60,classroom,S7
TTO-09172,stress,C05,G1,F3,4,2,classroom,60,classroom,S10
TTO-09173,stress,C01,G1,F3,4,2,lab,30,lab,S5
TTO-09173,stress,C02,G1,F2,4,2,lab,30,lab,S7
TTO-09173,stress,C03,G1,F3,4,2,classroom,60,classroom,S9
TTO-09173,stress,C04,G2,F3,4,2,classroom,60,classroom,S8
TTO-09173,stress,C05,G1,F3,4,2,lab,30,lab,S1
TTO-09174,stress,C01,G1,F3,4,2,classroom,60,classroom,S2
TTO-09174,stress,C02,G2,F3,4,2,classroom,60,classroom,S4
TTO-09174,stress,C03,G2,F3,4,2,lab,30,lab,S5
TTO-09174,stress,C04,G2,F3,4,2,classroom,60,classroom,S10
TTO-09174,stress,C05,G2,F3,4,2,lab,30,lab,S3
TTO-09175,stress,C01,G1,F2,4,2,classroom,60,classroom,S5
TTO-09175,stress,C02,G1,F2,4,2,lab,30,lab,S9
TTO-09175,stress,C03,G1,F2,4,2,classroom,60,classroom,S4
TTO-09175,stress,C04,G1,F1,4,2,classroom,60,classroom,S7
TTO-09175,stress,C05,G1,F2,4,2,lab,30,lab,S10
TTO-09176,stress,C01,G2,F3,4,2,lab,30,lab,S7
TTO-09176,stress,C02,G2,F3,4,2,classroom,60,classroom,S9
TTO-09176,stress,C03,G2,F3,4,2,classroom,60,classroom,S10
TTO-09176,stress,C04,G1,F3,4,2,classroom,60,classroom,S1
TTO-09176,stress,C05,G1,F3,4,2,classroom,60,classroom,S7
TTO-09177,stress,C01,G2,F2,4,2,lab,30,lab,S5
TTO-09177,stress,C02,G2,F2,4,2,classroom,60,classroom,S1
TTO-09177,stress,C03,G2,F2,4,2,lab,30,lab,S10
TTO-09177,stress,C04,G2,F2,4,2,classroom,60,classroom,S1
TTO-09177,stress,C05,G2,F2,4,2,lab,30,lab,S4
TTO-09178,stress,C01,G2,F2,4,2,lab,30,lab,S6
TTO-09178,stress,C02,G2,F3,4,2,classroom,60,classroom,S3
TTO-09178,stress,C03,G2,F3,4,2,classroom,60,classroom,S3
TTO-09178,stress,C04,G2,F3,4,2,classroom,60,classroom,S3
TTO-09178,stress,C05,G2,F1,4,2,classroom,60,classroom,S1
TTO-09179,stress,C01,G2,F2,4,2,lab,30,lab,S1
TTO-09179,stress,C02,G1,F2,4,2,classroom,60,classroom,S6
TTO-09179,stress,C03,G1,F2,4,2,lab,30,lab,S9
TTO-09179,stress,C04,G1,F1,4,2,classroom,60,classroom,S1
TTO-09179,stress,C05,G1,F1,4,2,lab,30,lab,S2
TTO-09180,stress,C01,G1,F3,4,2,lab,30,lab,S1
TTO-09180,stress,C02,G2,F1,4,2,lab,30,lab,S6
TTO-09180,stress,C03,G1,F3,4,2,lab,30,lab,S2
TTO-09180,stress,C04,G1,F1,4,2,lab,30,lab,S1
TTO-09180,stress,C05,G1,F1,4,2,classroom,60,classroom,S6
TTO-09181,stress,C01,G2,F3,4,2,lab,30,lab,S4
TTO-09181,stress,C02,G2,F3,4,2,classroom,60,classroom,S5
TTO-09181,stress,C03,G2,F3,4,2,lab,30,lab,S10
TTO-09181,stress,C04,G2,F3,4,2,classroom,60,classroom,S3
TTO-09181,stress,C05,G2,F3,4,2,classroom,60,classroom,S7
TTO-09182,stress,C01,G2,F1,4,2,lab,30,lab,S4
TTO-09182,stress,C02,G1,F1,4,2,classroom,60,classroom,S1
TTO-09182,stress,C03,G1,F1,4,2,classroom,60,classroom,S7
TTO-09182,stress,C04,G1,F1,4,2,lab,30,lab,S1
TTO-09182,stress,C05,G1,F1,4,2,lab,30,lab,S5
TTO-09183,stress,C01,G1,F1,4,2,classroom,60,classroom,S8
TTO-09183,stress,C02,G1,F3,4,2,classroom,60,classroom,S7
TTO-09183,stress,C03,G1,F2,4,2,lab,30,lab,S8
TTO-09183,stress,C04,G1,F3,4,2,classroom,60,classroom,S8
TTO-09183,stress,C05,G1,F2,4,2,lab,30,lab,S4
TTO-09184,stress,C01,G1,F1,4,2,lab,30,lab,S3
TTO-09184,stress,C02,G2,F3,4,2,lab,30,lab,S10
TTO-09184,stress,C03,G1,F2,4,2,classroom,60,classroom,S4
TTO-09184,stress,C04,G1,F3,4,2,classroom,60,classroom,S1
TTO-09184,stress,C05,G1,F3,4,2,lab,30,lab,S10
TTO-09185,stress,C01,G1,F3,4,2,lab,30,lab,S8
TTO-09185,stress,C02,G1,F3,4,2,classroom,60,classroom,S3
TTO-09185,stress,C03,G1,F3,4,2,classroom,60,classroom,S7
TTO-09185,stress,C04,G1,F3,4,2,lab,30,lab,S9
TTO-09185,stress,C05,G1,F1,4,2,classroom,60,classroom,S10
TTO-09186,stress,C01,G2,F3,4,2,lab,30,lab,S1
TTO-09186,stress,C02,G2,F3,4,2,classroom,60,classroom,S9
TTO-09186,stress,C03,G2,F3,4,2,lab,30,lab,S7
TTO-09186,stress,C04,G2,F3,4,2,lab,30,lab,S9
TTO-09186,stress,C05,G2,F3,4,2,lab,30,lab,S4
TTO-09187,stress,C01,G1,F3,4,2,lab,30,lab,S7
TTO-09187,stress,C02,G1,F3,4,2,classroom,60,classroom,S8
TTO-09187,stress,C03,G2,F2,4,2,lab,30,lab,S4
TTO-09187,stress,C04,G2,F1,4,2,classroom,60,classroom,S2
TTO-09187,stress,C05,G2,F3,4,2,lab,30,lab,S1
TTO-09188,stress,C01,G1,F2,4,2,lab,30,lab,S5
TTO-09188,stress,C02,G1,F2,4,2,classroom,60,classroom,S6
TTO-09188,stress,C03,G1,F2,4,2,classroom,60,classroom,S1
TTO-09188,stress,C04,G1,F2,4,2,classroom,60,classroom,S3
TTO-09188,stress,C05,G1,F2,4,2,lab,30,lab,S9
TTO-09189,stress,C01,G2,F1,4,2,classroom,60,classroom,S5
TTO-09189,stress,C02,G2,F1,4,2,classroom,60,classroom,S5
TTO-09189,stress,C03,G2,F3,4,2,classroom,60,classroom,S2
TTO-09189,stress,C04,G2,F1,4,2,classroom,60,classroom,S6
TTO-09189,stress,C05,G2,F1,4,2,classroom,60,classroom,S8
TTO-09190,stress,C01,G1,F2,4,2,classroom,60,classroom,S5
TTO-09190,stress,C02,G1,F2,4,2,lab,30,lab,S9
TTO-09190,stress,C03,G1,F2,4,2,classroom,60,classroom,S10
TTO-09190,stress,C04,G2,F2,4,2,lab,30,lab,S1
TTO-09190,stress,C05,G1,F2,4,2,classroom,60,classroom,S1
TTO-09191,stress,C01,G1,F3,4,2,lab,30,lab,S10
TTO-09191,stress,C02,G1,F3,4,2,classroom,60,classroom,S5
TTO-09191,stress,C03,G1,F3,4,2,lab,30,lab,S9
TTO-09191,stress,C04,G1,F2,4,2,classroom,60,classroom,S2
TTO-09191,stress,C05,G1,F3,4,2,classroom,60,classroom,S9
TTO-09192,stress,C01,G1,F2,4,2,lab,30,lab,S7
TTO-09192,stress,C02,G1,F3,4,2,classroom,60,classroom,S4
TTO-09192,stress,C03,G1,F3,4,2,lab,30,lab,S1
TTO-09192,stress,C04,G2,F3,4,2,classroom,60,classroom,S8
TTO-09192,stress,C05,G1,F2,4,2,lab,30,lab,S9
TTO-09193,stress,C01,G1,F3,4,2,classroom,60,classroom,S10
TTO-09193,stress,C02,G2,F3,4,2,lab,30,lab,S6
TTO-09193,stress,C03,G1,F2,4,2,lab,30,lab,S3
TTO-09193,stress,C04,G1,F3,4,2,classroom,60,classroom,S1
TTO-09193,stress,C05,G1,F3,4,2,classroom,60,classroom,S1
TTO-09194,stress,C01,G2,F2,4,2,classroom,60,classroom,S1
TTO-09194,stress,C02,G1,F3,4,2,classroom,60,classroom,S3
TTO-09194,stress,C03,G2,F2,4,2,classroom,60,classroom,S2
TTO-09194,stress,C04,G1,F1,4,2,lab,30,lab,S5
TTO-09194,stress,C05,G1,F2,4,2,classroom,60,classroom,S5
TTO-09195,stress,C01,G1,F2,4,2,classroom,60,classroom,S5
TTO-09195,stress,C02,G1,F2,4,2,classroom,60,classroom,S2
TTO-09195,stress,C03,G1,F2,4,2,lab,30,lab,S4
TTO-09195,stress,C04,G1,F1,4,2,classroom,60,classroom,S8
TTO-09195,stress,C05,G1,F2,4,2,classroom,60,classroom,S6
TTO-09196,stress,C01,G1,F1,4,2,lab,30,lab,S10
TTO-09196,stress,C02,G1,F1,4,2,lab,30,lab,S6
TTO-09196,stress,C03,G1,F2,4,2,lab,30,lab,S2
TTO-09196,stress,C04,G1,F2,4,2,classroom,60,classroom,S3
TTO-09196,stress,C05,G2,F1,4,2,lab,30,lab,S10
TTO-09197,stress,C01,G2,F1,4,2,classroom,60,classroom,S7
TTO-09197,stress,C02,G2,F1,4,2,lab,30,lab,S10
TTO-09197,stress,C03,G2,F1,4,2,classroom,60,classroom,S2
TTO-09197,stress,C04,G2,F2,4,2,classroom,60,classroom,S2
TTO-09197,stress,C05,G2,F2,4,2,classroom,60,classroom,S3
TTO-09198,stress,C01,G2,F1,4,2,classroom,60,classroom,S6
TTO-09198,stress,C02,G2,F1,4,2,classroom,60,classroom,S10
TTO-09198,stress,C03,G2,F1,4,2,lab,30,lab,S6
TTO-09198,stress,C04,G2,F1,4,2,classroom,60,classroom,S4
TTO-09198,stress,C05,G2,F1,4,2,lab,30,lab,S6
TTO-09199,stress,C01,G1,F1,4,2,classroom,60,classroom,S8
TTO-09199,stress,C02,G1,F1,4,2,classroom,60,classroom,S4
TTO-09199,stress,C03,G1,F1,4,2,classroom,60,classroom,S8
TTO-09199,stress,C04,G1,F2,4,2,lab,30,lab,S10
TTO-09199,stress,C05,G1,F1,4,2,lab,30,lab,S2
TTO-09200,stress,C01,G2,F2,4,2,classroom,60,classroom,S7
TTO-09200,stress,C02,G2,F2,4,2,classroom,60,classroom,S5
TTO-09200,stress,C03,G2,F3,4,2,lab,30,lab,S5
TTO-09200,stress,C04,G2,F3,4,2,lab,30,lab,S1
TTO-09200,stress,C05,G1,F3,4,2,lab,30,lab,S5
TTO-09201,stress,C01,G1,F3,4,2,classroom,60,classroom,S4
TTO-09201,stress,C02,G2,F3,4,2,classroom,60,classroom,S9
TTO-09201,stress,C03,G2,F3,4,2,lab,30,lab,S1
TTO-09201,stress,C04,G2,F3,4,2,classroom,60,classroom,S8
TTO-09201,stress,C05,G2,F1,4,2,lab,30,lab,S9
TTO-09202,stress,C01,G2,F3,4,2,classroom,60,classroom,S9
TTO-09202,stress,C02,G2,F1,4,2,classroom,60,classroom,S5
TTO-09202,stress,C03,G2,F1,4,2,classroom,60,classroom,S8
TTO-09202,stress,C04,G2,F1,4,2,lab,30,lab,S3
TTO-09202,stress,C05,G1,F1,4,2,classroom,60,classroom,S1
TTO-09203,stress,C01,G2,F2,4,2,lab,30,lab,S2
TTO-09203,stress,C02,G2,F2,4,2,lab,30,lab,S2
TTO-09203,stress,C03,G2,F2,4,2,lab,30,lab,S2
TTO-09203,stress,C04,G2,F2,4,2,classroom,60,classroom,S6
TTO-09203,stress,C05,G2,F2,4,2,classroom,60,classroom,S6
TTO-09204,stress,C01,G2,F3,4,2,lab,30,lab,S5
TTO-09204,stress,C02,G1,F3,4,2,lab,30,lab,S6
TTO-09204,stress,C03,G1,F3,4,2,lab,30,lab,S2
TTO-09204,stress,C04,G1,F3,4,2,classroom,60,classroom,S7
TTO-09204,stress,C05,G2,F3,4,2,classroom,60,classroom,S10
TTO-09205,stress,C01,G2,F2,4,2,lab,30,lab,S5
TTO-09205,stress,C02,G2,F2,4,2,lab,30,lab,S7
TTO-09205,stress,C03,G2,F1,4,2,lab,30,lab,S1
TTO-09205,stress,C04,G1,F2,4,2,classroom,60,classroom,S7
TTO-09205,stress,C05,G2,F1,4,2,classroom,60,classroom,S6
TTO-09206,stress,C01,G1,F3,4,2,classroom,60,classroom,S8
TTO-09206,stress,C02,G2,F3,4,2,classroom,60,classroom,S8
TTO-09206,stress,C03,G1,F3,4,2,classroom,60,classroom,S10
TTO-09206,stress,C04,G1,F3,4,2,classroom,60,classroom,S5
TTO-09206,stress,C05,G1,F3,4,2,classroom,60,classroom,S7
TTO-09207,stress,C01,G1,F2,4,2,lab,30,lab,S6
TTO-09207,stress,C02,G1,F3,4,2,lab,30,lab,S8
TTO-09207,stress,C03,G1,F2,4,2,lab,30,lab,S7
TTO-09207,stress,C04,G1,F3,4,2,classroom,60,classroom,S3
TTO-09207,stress,C05,G2,F3,4,2,classroom,60,classroom,S4
TTO-09208,stress,C01,G1,F1,4,2,lab,30,lab,S6
TTO-09208,stress,C02,G2,F1,4,2,lab,30,lab,S7
TTO-09208,stress,C03,G1,F1,4,2,lab,30,lab,S2
TTO-09208,stress,C04,G1,F1,4,2,lab,30,lab,S2
TTO-09208,stress,C05,G1,F1,4,2,classroom,60,classroom,S9
TTO-09209,stress,C01,G2,F2,4,2,classroom,60,classroom,S9
TTO-09209,stress,C02,G2,F2,4,2,classroom,60,classroom,S3
TTO-09209,stress,C03,G2,F2,4,2,lab,30,lab,S4
TTO-09209,stress,C04,G2,F2,4,2,classroom,60,classroom,S2
TTO-09209,stress,C05,G2,F2,4,2,classroom,60,classroom,S7
TTO-09210,stress,C01,G2,F2,4,2,classroom,60,classroom,S6
TTO-09210,stress,C02,G2,F2,4,2,lab,30,lab,S8
TTO-09210,stress,C03,G2,F2,4,2,classroom,60,classroom,S3
TTO-09210,stress,C04,G2,F2,4,2,lab,30,lab,S7
TTO-09210,stress,C05,G1,F2,4,2,lab,30,lab,S1
TTO-09211,stress,C01,G2,F2,4,2,lab,30,lab,S3
TTO-09211,stress,C02,G1,F2,4,2,lab,30,lab,S6
TTO-09211,stress,C03,G2,F1,4,2,lab,30,lab,S4
TTO-09211,stress,C04,G2,F1,4,2,lab,30,lab,S2
TTO-09211,stress,C05,G2,F2,4,2,lab,30,lab,S2
TTO-09212,stress,C01,G2,F3,4,2,lab,30,lab,S2
TTO-09212,stress,C02,G1,F1,4,2,lab,30,lab,S2
TTO-09212,stress,C03,G2,F1,4,2,classroom,60,classroom,S5
TTO-09212,stress,C04,G2,F3,4,2,classroom,60,classroom,S5
TTO-09212,stress,C05,G2,F3,4,2,lab,30,lab,S4
TTO-09213,stress,C01,G2,F1,4,2,lab,30,lab,S4
TTO-09213,stress,C02,G1,F1,4,2,classroom,60,classroom,S2
TTO-09213,stress,C03,G1,F1,4,2,lab,30,lab,S5
TTO-09213,stress,C04,G1,F1,4,2,lab,30,lab,S4
TTO-09213,stress,C05,G1,F1,4,2,classroom,60,classroom,S5
TTO-09214,stress,C01,G1,F1,4,2,classroom,60,classroom,S8
TTO-09214,stress,C02,G2,F1,4,2,lab,30,lab,S9
TTO-09214,stress,C03,G2,F1,4,2,lab,30,lab,S2
TTO-09214,stress,C04,G2,F2,4,2,lab,30,lab,S8
TTO-09214,stress,C05,G2,F1,4,2,classroom,60,classroom,S4
TTO-09215,stress,C01,G2,F1,4,2,classroom,60,classroom,S5
TTO-09215,stress,C02,G1,F1,4,2,classroom,60,classroom,S2
TTO-09215,stress,C03,G2,F1,4,2,classroom,60,classroom,S5
TTO-09215,stress,C04,G2,F2,4,2,lab,30,lab,S3
TTO-09215,stress,C05,G2,F1,4,2,lab,30,lab,S2
TTO-09216,stress,C01,G2,F1,4,2,lab,30,lab,S5
TTO-09216,stress,C02,G2,F1,4,2,lab,30,lab,S9
TTO-09216,stress,C03,G1,F1,4,2,lab,30,lab,S3
TTO-09216,stress,C04,G1,F1,4,2,classroom,60,classroom,S6
TTO-09216,stress,C05,G2,F1,4,2,lab,30,lab,S7
TTO-09217,stress,C01,G1,F3,4,2,classroom,60,classroom,S7
TTO-09217,stress,C02,G1,F2,4,2,classroom,60,classroom,S2
TTO-09217,stress,C03,G1,F2,4,2,lab,30,lab,S10
TTO-09217,stress,C04,G1,F2,4,2,classroom,60,classroom,S10
TTO-09217,stress,C05,G1,F2,4,2,classroom,60,classroom,S1
TTO-09218,stress,C01,G1,F3,4,2,classroom,60,classroom,S1
TTO-09218,stress,C02,G1,F3,4,2,lab,30,lab,S7
TTO-09218,stress,C03,G1,F3,4,2,classroom,60,classroom,S2
TTO-09218,stress,C04,G1,F3,4,2,classroom,60,classroom,S8
TTO-09218,stress,C05,G1,F3,4,2,classroom,60,classroom,S6
TTO-09219,stress,C01,G2,F3,4,2,lab,30,lab,S5
TTO-09219,stress,C02,G2,F3,4,2,lab,30,lab,S1
TTO-09219,stress,C03,G2,F3,4,2,classroom,60,classroom,S2
TTO-09219,stress,C04,G2,F3,4,2,lab,30,lab,S1
TTO-09219,stress,C05,G1,F3,4,2,classroom,60,classroom,S8
TTO-09220,stress,C01,G2,F1,4,2,classroom,60,classroom,S10
TTO-09220,stress,C02,G1,F3,4,2,lab,30,lab,S6
TTO-09220,stress,C03,G1,F1,4,2,lab,30,lab,S9
TTO-09220,stress,C04,G1,F1,4,2,classroom,60,classroom,S4
TTO-09220,stress,C05,G1,F1,4,2,classroom,60,classroom,S3
TTO-09221,stress,C01,G1,F2,4,2,classroom,60,classroom,S8
TTO-09221,stress,C02,G1,F1,4,2,classroom,60,classroom,S9
TTO-09221,stress,C03,G1,F2,4,2,classroom,60,classroom,S5
TTO-09221,stress,C04,G1,F2,4,2,classroom,60,classroom,S10
TTO-09221,stress,C05,G1,F2,4,2,lab,30,lab,S1
TTO-09222,stress,C01,G1,F1,4,2,lab,30,lab,S9
TTO-09222,stress,C02,G2,F1,4,2,lab,30,lab,S8
TTO-09222,stress,C03,G2,F1,4,2,lab,30,lab,S2
TTO-09222,stress,C04,G2,F1,4,2,lab,30,lab,S3
TTO-09222,stress,C05,G1,F1,4,2,classroom,60,classroom,S9
TTO-09223,stress,C01,G2,F3,4,2,classroom,60,classroom,S3
TTO-09223,stress,C02,G2,F3,4,2,classroom,60,classroom,S3
TTO-09223,stress,C03,G2,F1,4,2,lab,30,lab,S5
TTO-09223,stress,C04,G2,F3,4,2,lab,30,lab,S3
TTO-09223,stress,C05,G2,F2,4,2,lab,30,lab,S8
TTO-09224,stress,C01,G2,F1,4,2,lab,30,lab,S6
TTO-09224,stress,C02,G2,F1,4,2,lab,30,lab,S4
TTO-09224,stress,C03,G1,F3,4,2,classroom,60,classroom,S5
TTO-09224,stress,C04,G2,F1,4,2,lab,30,lab,S10
TTO-09224,stress,C05,G2,F3,4,2,classroom,60,classroom,S4
TTO-09225,stress,C01,G2,F1,4,2,classroom,60,classroom,S10
TTO-09225,stress,C02,G2,F1,4,2,classroom,60,classroom,S2
TTO-09225,stress,C03,G2,F1,4,2,classroom,60,classroom,S2
TTO-09225,stress,C04,G2,F1,4,2,classroom,60,classroom,S7
TTO-09225,stress,C05,G2,F3,4,2,lab,30,lab,S2
TTO-09226,stress,C01,G1,F1,4,2,lab,30,lab,S2
TTO-09226,stress,C02,G2,F1,4,2,lab,30,lab,S3
TTO-09226,stress,C03,G2,F1,4,2,classroom,60,classroom,S9
TTO-09226,stress,C04,G1,F2,4,2,classroom,60,classroom,S3
TTO-09226,stress,C05,G2,F1,4,2,lab,30,lab,S7
TTO-09227,stress,C01,G1,F2,4,2,classroom,60,classroom,S9
TTO-09227,stress,C02,G2,F3,4,2,classroom,60,classroom,S5
TTO-09227,stress,C03,G1,F2,4,2,classroom,60,classroom,S6
TTO-09227,stress,C04,G1,F3,4,2,lab,30,lab,S4
TTO-09227,stress,C05,G1,F2,4,2,lab,30,lab,S5
TTO-09228,stress,C01,G2,F2,4,2,classroom,60,classroom,S5
TTO-09228,stress,C02,G2,F2,4,2,classroom,60,classroom,S1
TTO-09228,stress,C03,G2,F2,4,2,lab,30,lab,S10
TTO-09228,stress,C04,G2,F2,4,2,lab,30,lab,S5
TTO-09228,stress,C05,G2,F3,4,2,lab,30,lab,S6
TTO-09229,stress,C01,G2,F2,4,2,lab,30,lab,S9
TTO-09229,stress,C02,G1,F2,4,2,classroom,60,classroom,S10
TTO-09229,stress,C03,G1,F2,4,2,lab,30,lab,S4
TTO-09229,stress,C04,G1,F2,4,2,lab,30,lab,S8
TTO-09229,stress,C05,G1,F2,4,2,classroom,60,classroom,S2
TTO-09230,stress,C01,G2,F1,4,2,classroom,60,classroom,S4
TTO-09230,stress,C02,G2,F1,4,2,classroom,60,classroom,S7
TTO-09230,stress,C03,G2,F1,4,2,lab,30,lab,S1
TTO-09230,stress,C04,G2,F1,4,2,lab,30,lab,S10
TTO-09230,stress,C05,G2,F1,4,2,classroom,60,classroom,S7
TTO-09231,stress,C01,G2,F1,4,2,classroom,60,classroom,S5
TTO-09231,stress,C02,G2,F1,4,2,classroom,60,classroom,S6
TTO-09231,stress,C03,G2,F1,4,2,lab,30,lab,S4
TTO-09231,stress,C04,G2,F2,4,2,lab,30,lab,S4
TTO-09231,stress,C05,G2,F1,4,2,lab,30,lab,S8
TTO-09232,stress,C01,G1,F1,4,2,lab,30,lab,S8
TTO-09232,stress,C02,G2,F1,4,2,lab,30,lab,S3
TTO-09232,stress,C03,G1,F1,4,2,lab,30,lab,S10
TTO-09232,stress,C04,G1,F1,4,2,classroom,60,classroom,S8
TTO-09232,stress,C05,G1,F1,4,2,lab,30,lab,S4
TTO-09233,stress,C01,G1,F2,4,2,lab,30,lab,S5
TTO-09233,stress,C02,G2,F2,4,2,classroom,60,classroom,S3
TTO-09233,stress,C03,G2,F3,4,2,lab,30,lab,S7
TTO-09233,stress,C04,G2,F1,4,2,lab,30,lab,S3
TTO-09233,stress,C05,G1,F2,4,2,lab,30,lab,S5
TTO-09234,stress,C01,G2,F2,4,2,lab,30,lab,S8
TTO-09234,stress,C02,G1,F3,4,2,classroom,60,classroom,S1
TTO-09234,stress,C03,G2,F1,4,2,lab,30,lab,S10
TTO-09234,stress,C04,G1,F1,4,2,lab,30,lab,S7
TTO-09234,stress,C05,G2,F1,4,2,classroom,60,classroom,S8
TTO-09235,stress,C01,G1,F1,4,2,classroom,60,classroom,S2
TTO-09235,stress,C02,G1,F3,4,2,lab,30,lab,S10
TTO-09235,stress,C03,G1,F3,4,2,lab,30,lab,S10
TTO-09235,stress,C04,G1,F3,4,2,classroom,60,classroom,S10
TTO-09235,stress,C05,G2,F3,4,2,classroom,60,classroom,S2
TTO-09236,stress,C01,G1,F3,4,2,lab,30,lab,S2
TTO-09236,stress,C02,G1,F3,4,2,lab,30,lab,S1
TTO-09236,stress,C03,G1,F3,4,2,lab,30,lab,S9
TTO-09236,stress,C04,G1,F3,4,2,classroom,60,classroom,S5
TTO-09236,stress,C05,G1,F3,4,2,lab,30,lab,S8
TTO-09237,stress,C01,G2,F1,4,2,classroom,60,classroom,S5
TTO-09237,stress,C02,G2,F1,4,2,classroom,60,classroom,S4
TTO-09237,stress,C03,G2,F3,4,2,classroom,60,classroom,S10
TTO-09237,stress,C04,G2,F1,4,2,classroom,60,classroom,S6
TTO-09237,stress,C05,G1,F1,4,2,lab,30,lab,S1
TTO-09238,stress,C01,G2,F3,4,2,lab,30,lab,S1
TTO-09238,stress,C02,G1,F3,4,2,lab,30,lab,S9
TTO-09238,stress,C03,G2,F3,4,2,lab,30,lab,S6
TTO-09238,stress,C04,G2,F3,4,2,classroom,60,classroom,S2
TTO-09238,stress,C05,G1,F3,4,2,classroom,60,classroom,S1
TTO-09239,stress,C01,G1,F3,4,2,classroom,60,classroom,S8
TTO-09239,stress,C02,G1,F2,4,2,classroom,60,classroom,S7
TTO-09239,stress,C03,G1,F2,4,2,classroom,60,classroom,S1
TTO-09239,stress,C04,G2,F2,4,2,classroom,60,classroom,S6
TTO-09239,stress,C05,G2,F2,4,2,lab,30,lab,S2
TTO-09240,stress,C01,G1,F2,4,2,classroom,60,classroom,S6
TTO-09240,stress,C02,G1,F1,4,2,lab,30,lab,S2
TTO-09240,stress,C03,G1,F2,4,2,lab,30,lab,S1
TTO-09240,stress,C04,G1,F2,4,2,classroom,60,classroom,S9
TTO-09240,stress,C05,G1,F2,4,2,classroom,60,classroom,S6
TTO-09241,stress,C01,G2,F1,4,2,classroom,60,classroom,S3
TTO-09241,stress,C02,G2,F1,4,2,lab,30,lab,S1
TTO-09241,stress,C03,G2,F1,4,2,classroom,60,classroom,S2
TTO-09241,stress,C04,G1,F1,4,2,classroom,60,classroom,S2
TTO-09241,stress,C05,G1,F1,4,2,classroom,60,classroom,S9
TTO-09242,stress,C01,G1,F1,4,2,lab,30,lab,S7
TTO-09242,stress,C02,G1,F1,4,2,classroom,60,classroom,S7
TTO-09242,stress,C03,G2,F1,4,2,classroom,60,classroom,S10
TTO-09242,stress,C04,G2,F1,4,2,lab,30,lab,S6
TTO-09242,stress,C05,G2,F1,4,2,lab,30,lab,S2
TTO-09243,stress,C01,G1,F3,4,2,lab,30,lab,S4
TTO-09243,stress,C02,G1,F2,4,2,classroom,60,classroom,S3
TTO-09243,stress,C03,G1,F2,4,2,lab,30,lab,S7
TTO-09243,stress,C04,G1,F2,4,2,classroom,60,classroom,S4
TTO-09243,stress,C05,G1,F2,4,2,lab,30,lab,S10
TTO-09244,stress,C01,G2,F3,4,2,classroom,60,classroom,S10
TTO-09244,stress,C02,G2,F1,4,2,lab,30,lab,S6
TTO-09244,stress,C03,G2,F3,4,2,lab,30,lab,S9
TTO-09244,stress,C04,G2,F3,4,2,lab,30,lab,S6
TTO-09244,stress,C05,G2,F3,4,2,classroom,60,classroom,S8
TTO-09245,stress,C01,G2,F3,4,2,lab,30,lab,S8
TTO-09245,stress,C02,G1,F3,4,2,lab,30,lab,S9
TTO-09245,stress,C03,G2,F3,4,2,lab,30,lab,S3
TTO-09245,stress,C04,G1,F3,4,2,classroom,60,classroom,S3
TTO-09245,stress,C05,G2,F3,4,2,classroom,60,classroom,S1
TTO-09246,stress,C01,G2,F3,4,2,classroom,60,classroom,S1
TTO-09246,stress,C02,G2,F2,4,2,lab,30,lab,S1
TTO-09246,stress,C03,G1,F2,4,2,lab,30,lab,S6
TTO-09246,stress,C04,G2,F2,4,2,lab,30,lab,S9
TTO-09246,stress,C05,G2,F2,4,2,lab,30,lab,S8
TTO-09247,stress,C01,G2,F1,4,2,classroom,60,classroom,S7
TTO-09247,stress,C02,G1,F1,4,2,classroom,60,classroom,S3
TTO-09247,stress,C03,G2,F1,4,2,lab,30,lab,S5
TTO-09247,stress,C04,G2,F1,4,2,lab,30,lab,S3
TTO-09247,stress,C05,G2,F1,4,2,classroom,60,classroom,S5
TTO-09248,stress,C01,G2,F2,4,2,lab,30,lab,S4
TTO-09248,stress,C02,G2,F3,4,2,classroom,60,classroom,S3
TTO-09248,stress,C03,G2,F3,4,2,classroom,60,classroom,S7
TTO-09248,stress,C04,G2,F3,4,2,classroom,60,classroom,S6
TTO-09248,stress,C05,G1,F2,4,2,classroom,60,classroom,S5
TTO-09249,stress,C01,G1,F1,4,2,lab,30,lab,S10
TTO-09249,stress,C02,G2,F1,4,2,classroom,60,classroom,S10
TTO-09249,stress,C03,G2,F1,4,2,classroom,60,classroom,S1
TTO-09249,stress,C04,G2,F1,4,2,classroom,60,classroom,S2
TTO-09249,stress,C05,G2,F1,4,2,classroom,60,classroom,S3
TTO-09250,stress,C01,G1,F3,4,2,classroom,60,classroom,S4
TTO-09250,stress,C02,G1,F3,4,2,lab,30,lab,S6
TTO-09250,stress,C03,G1,F1,4,2,classroom,60,classroom,S2
TTO-09250,stress,C04,G1,F3,4,2,classroom,60,classroom,S4
TTO-09250,stress,C05,G1,F2,4,2,classroom,60,classroom,S1
TTO-09251,stress,C01,G1,F3,4,2,lab,30,lab,S9
TTO-09251,stress,C02,G2,F2,4,2,lab,30,lab,S5
TTO-09251,stress,C03,G2,F3,4,2,classroom,60,classroom,S6
TTO-09251,stress,C04,G2,F1,4,2,classroom,60,classroom,S9
TTO-09251,stress,C05,G2,F3,4,2,classroom,60,classroom,S5
TTO-09252,stress,C01,G2,F2,4,2,lab,30,lab,S5
TTO-09252,stress,C02,G1,F1,4,2,classroom,60,classroom,S7
TTO-09252,stress,C03,G1,F1,4,2,classroom,60,classroom,S7
TTO-09252,stress,C04,G1,F3,4,2,classroom,60,classroom,S9
TTO-09252,stress,C05,G1,F1,4,2,lab,30,lab,S6
TTO-09253,stress,C01,G1,F3,4,2,classroom,60,classroom,S8
TTO-09253,stress,C02,G1,F3,4,2,classroom,60,classroom,S6
TTO-09253,stress,C03,G1,F1,4,2,lab,30,lab,S7
TTO-09253,stress,C04,G1,F3,4,2,lab,30,lab,S6
TTO-09253,stress,C05,G2,F3,4,2,classroom,60,classroom,S10
TTO-09254,stress,C01,G1,F1,4,2,classroom,60,classroom,S8
TTO-09254,stress,C02,G1,F1,4,2,lab,30,lab,S1
TTO-09254,stress,C03,G1,F1,4,2,classroom,60,classroom,S8
TTO-09254,stress,C04,G1,F1,4,2,lab,30,lab,S7
TTO-09254,stress,C05,G1,F1,4,2,classroom,60,classroom,S8
TTO-09255,stress,C01,G2,F1,4,2,lab,30,lab,S8
TTO-09255,stress,C02,G2,F2,4,2,classroom,60,classroom,S7
TTO-09255,stress,C03,G2,F1,4,2,classroom,60,classroom,S6
TTO-09255,stress,C04,G2,F1,4,2,classroom,60,classroom,S4
TTO-09255,stress,C05,G2,F1,4,2,lab,30,lab,S4
TTO-09256,stress,C01,G2,F3,4,2,lab,30,lab,S2
TTO-09256,stress,C02,G2,F1,4,2,classroom,60,classroom,S2
TTO-09256,stress,C03,G2,F1,4,2,lab,30,lab,S10
TTO-09256,stress,C04,G1,F3,4,2,lab,30,lab,S1
TTO-09256,stress,C05,G2,F1,4,2,classroom,60,classroom,S9
TTO-09257,stress,C01,G2,F2,4,2,classroom,60,classroom,S7
TTO-09257,stress,C02,G1,F1,4,2,classroom,60,classroom,S7
TTO-09257,stress,C03,G2,F3,4,2,lab,30,lab,S8
TTO-09257,stress,C04,G2,F1,4,2,lab,30,lab,S4
TTO-09257,stress,C05,G2,F1,4,2,lab,30,lab,S7
TTO-09258,stress,C01,G1,F3,4,2,classroom,60,classroom,S9
TTO-09258,stress,C02,G1,F3,4,2,lab,30,lab,S1
TTO-09258,stress,C03,G1,F3,4,2,classroom,60,classroom,S10
TTO-09258,stress,C04,G1,F3,4,2,lab,30,lab,S4
TTO-09258,stress,C05,G2,F3,4,2,classroom,60,classroom,S6
TTO-09259,stress,C01,G1,F1,4,2,lab,30,lab,S6
TTO-09259,stress,C02,G2,F2,4,2,classroom,60,classroom,S8
TTO-09259,stress,C03,G2,F2,4,2,lab,30,lab,S5
TTO-09259,stress,C04,G2,F2,4,2,classroom,60,classroom,S3
TTO-09259,stress,C05,G1,F1,4,2,lab,30,lab,S7
TTO-09260,stress,C01,G2,F2,4,2,classroom,60,classroom,S5
TTO-09260,stress,C02,G2,F2,4,2,classroom,60,classroom,S6
TTO-09260,stress,C03,G1,F2,4,2,lab,30,lab,S6
TTO-09260,stress,C04,G2,F2,4,2,classroom,60,classroom,S4
TTO-09260,stress,C05,G2,F2,4,2,classroom,60,classroom,S5
TTO-09261,stress,C01,G2,F3,4,2,classroom,60,classroom,S1
TTO-09261,stress,C02,G2,F3,4,2,classroom,60,classroom,S1
TTO-09261,stress,C03,G2,F3,4,2,classroom,60,classroom,S8
TTO-09261,stress,C04,G2,F3,4,2,classroom,60,classroom,S3
TTO-09261,stress,C05,G1,F3,4,2,lab,30,lab,S10
TTO-09262,stress,C01,G1,F3,4,2,classroom,60,classroom,S1
TTO-09262,stress,C02,G1,F3,4,2,lab,30,lab,S4
TTO-09262,stress,C03,G1,F3,4,2,classroom,60,classroom,S1
TTO-09262,stress,C04,G1,F2,4,2,lab,30,lab,S8
TTO-09262,stress,C05,G2,F3,4,2,lab,30,lab,S8
TTO-09263,stress,C01,G2,F2,4,2,lab,30,lab,S1
TTO-09263,stress,C02,G1,F2,4,2,lab,30,lab,S9
TTO-09263,stress,C03,G1,F2,4,2,classroom,60,classroom,S8
TTO-09263,stress,C04,G1,F3,4,2,classroom,60,classroom,S9
TTO-09263,stress,C05,G1,F2,4,2,lab,30,lab,S1
TTO-09264,stress,C01,G1,F2,4,2,lab,30,lab,S2
TTO-09264,stress,C02,G1,F3,4,2,classroom,60,classroom,S3
TTO-09264,stress,C03,G1,F3,4,2,lab,30,lab,S2
TTO-09264,stress,C04,G1,F3,4,2,classroom,60,classroom,S3
TTO-09264,stress,C05,G1,F1,4,2,lab,30,lab,S6
TTO-09265,stress,C01,G2,F3,4,2,classroom,60,classroom,S10
TTO-09265,stress,C02,G1,F3,4,2,classroom,60,classroom,S4
TTO-09265,stress,C03,G2,F3,4,2,classroom,60,classroom,S2
TTO-09265,stress,C04,G2,F3,4,2,classroom,60,classroom,S5
TTO-09265,stress,C05,G1,F3,4,2,lab,30,lab,S7
TTO-09266,stress,C01,G1,F3,4,2,classroom,60,classroom,S3
TTO-09266,stress,C02,G2,F3,4,2,classroom,60,classroom,S2
TTO-09266,stress,C03,G2,F3,4,2,lab,30,lab,S5
TTO-09266,stress,C04,G1,F3,4,2,classroom,60,classroom,S1
TTO-09266,stress,C05,G2,F3,4,2,lab,30,lab,S3
TTO-09267,stress,C01,G1,F3,4,2,classroom,60,classroom,S8
TTO-09267,stress,C02,G1,F1,4,2,lab,30,lab,S3
TTO-09267,stress,C03,G1,F3,4,2,classroom,60,classroom,S4
TTO-09267,stress,C04,G1,F3,4,2,classroom,60,classroom,S9
TTO-09267,stress,C05,G1,F1,4,2,classroom,60,classroom,S10
TTO-09268,stress,C01,G2,F2,4,2,classroom,60,classroom,S2
TTO-09268,stress,C02,G2,F1,4,2,classroom,60,classroom,S3
TTO-09268,stress,C03,G1,F2,4,2,classroom,60,classroom,S6
TTO-09268,stress,C04,G1,F1,4,2,lab,30,lab,S5
TTO-09268,stress,C05,G2,F1,4,2,lab,30,lab,S6
TTO-09269,stress,C01,G1,F1,4,2,classroom,60,classroom,S6
TTO-09269,stress,C02,G2,F1,4,2,classroom,60,classroom,S6
TTO-09269,stress,C03,G1,F1,4,2,lab,30,lab,S10
TTO-09269,stress,C04,G2,F1,4,2,classroom,60,classroom,S1
TTO-09269,stress,C05,G1,F1,4,2,lab,30,lab,S4
TTO-09270,stress,C01,G1,F2,4,2,lab,30,lab,S9
TTO-09270,stress,C02,G1,F2,4,2,lab,30,lab,S1
TTO-09270,stress,C03,G1,F2,4,2,classroom,60,classroom,S1
TTO-09270,stress,C04,G2,F2,4,2,lab,30,lab,S9
TTO-09270,stress,C05,G1,F1,4,2,classroom,60,classroom,S8
TTO-09271,stress,C01,G1,F3,4,2,classroom,60,classroom,S5
TTO-09271,stress,C02,G1,F3,4,2,lab,30,lab,S7
TTO-09271,stress,C03,G2,F3,4,2,classroom,60,classroom,S1
TTO-09271,stress,C04,G2,F3,4,2,classroom,60,classroom,S1
TTO-09271,stress,C05,G2,F2,4,2,lab,30,lab,S1
TTO-09272,stress,C01,G2,F1,4,2,classroom,60,classroom,S10
TTO-09272,stress,C02,G2,F2,4,2,classroom,60,classroom,S5
TTO-09272,stress,C03,G2,F2,4,2,classroom,60,classroom,S7
TTO-09272,stress,C04,G1,F3,4,2,classroom,60,classroom,S9
TTO-09272,stress,C05,G1,F2,4,2,lab,30,lab,S6
TTO-09273,stress,C01,G2,F3,4,2,classroom,60,classroom,S7
TTO-09273,stress,C02,G2,F3,4,2,classroom,60,classroom,S5
TTO-09273,stress,C03,G2,F3,4,2,classroom,60,classroom,S7
TTO-09273,stress,C04,G1,F3,4,2,classroom,60,classroom,S9
TTO-09273,stress,C05,G2,F3,4,2,lab,30,lab,S8
TTO-09274,stress,C01,G2,F2,4,2,lab,30,lab,S7
TTO-09274,stress,C02,G2,F3,4,2,lab,30,lab,S5
TTO-09274,stress,C03,G1,F1,4,2,classroom,60,classroom,S4
TTO-09274,stress,C04,G1,F1,4,2,classroom,60,classroom,S2
TTO-09274,stress,C05,G2,F2,4,2,lab,30,lab,S7
TTO-09275,stress,C01,G2,F3,4,2,lab,30,lab,S10
TTO-09275,stress,C02,G2,F2,4,2,lab,30,lab,S3
TTO-09275,stress,C03,G2,F3,4,2,lab,30,lab,S2
TTO-09275,stress,C04,G2,F3,4,2,lab,30,lab,S4
TTO-09275,stress,C05,G2,F3,4,2,classroom,60,classroom,S7
TTO-09276,stress,C01,G2,F3,4,2,lab,30,lab,S9
TTO-09276,stress,C02,G1,F3,4,2,lab,30,lab,S10
TTO-09276,stress,C03,G1,F3,4,2,classroom,60,classroom,S9
TTO-09276,stress,C04,G1,F3,4,2,lab,30,lab,S1
TTO-09276,stress,C05,G2,F3,4,2,lab,30,lab,S4
TTO-09277,stress,C01,G2,F2,4,2,lab,30,lab,S7
TTO-09277,stress,C02,G1,F2,4,2,lab,30,lab,S10
TTO-09277,stress,C03,G1,F2,4,2,classroom,60,classroom,S9
TTO-09277,stress,C04,G1,F2,4,2,lab,30,lab,S1
TTO-09277,stress,C05,G1,F2,4,2,lab,30,lab,S10
TTO-09278,stress,C01,G2,F1,4,2,lab,30,lab,S3
TTO-09278,stress,C02,G1,F2,4,2,classroom,60,classroom,S8
TTO-09278,stress,C03,G2,F1,4,2,lab,30,lab,S9
TTO-09278,stress,C04,G1,F1,4,2,lab,30,lab,S1
TTO-09278,stress,C05,G1,F2,4,2,classroom,60,classroom,S6
TTO-09279,stress,C01,G2,F2,4,2,classroom,60,classroom,S8
TTO-09279,stress,C02,G1,F2,4,2,classroom,60,classroom,S10
TTO-09279,stress,C03,G1,F3,4,2,lab,30,lab,S3
TTO-09279,stress,C04,G1,F2,4,2,lab,30,lab,S2
TTO-09279,stress,C05,G1,F2,4,2,classroom,60,classroom,S10
TTO-09280,stress,C01,G1,F3,4,2,classroom,60,classroom,S6
TTO-09280,stress,C02,G2,F3,4,2,lab,30,lab,S6
TTO-09280,stress,C03,G1,F3,4,2,classroom,60,classroom,S5
TTO-09280,stress,C04,G1,F3,4,2,lab,30,lab,S7
TTO-09280,stress,C05,G1,F3,4,2,lab,30,lab,S10
TTO-09281,stress,C01,G1,F3,4,2,classroom,60,classroom,S10
TTO-09281,stress,C02,G2,F3,4,2,lab,30,lab,S8
TTO-09281,stress,C03,G2,F3,4,2,lab,30,lab,S2
TTO-09281,stress,C04,G2,F2,4,2,lab,30,lab,S2
TTO-09281,stress,C05,G2,F1,4,2,lab,30,lab,S7
TTO-09282,stress,C01,G1,F1,4,2,classroom,60,classroom,S2
TTO-09282,stress,C02,G1,F1,4,2,lab,30,lab,S7
TTO-09282,stress,C03,G1,F1,4,2,classroom,60,classroom,S2
TTO-09282,stress,C04,G1,F1,4,2,lab,30,lab,S5
TTO-09282,stress,C05,G1,F3,4,2,lab,30,lab,S9
TTO-09283,stress,C01,G2,F1,4,2,classroom,60,classroom,S1
TTO-09283,stress,C02,G2,F3,4,2,classroom,60,classroom,S2
TTO-09283,stress,C03,G2,F1,4,2,lab,30,lab,S9
TTO-09283,stress,C04,G2,F1,4,2,classroom,60,classroom,S2
TTO-09283,stress,C05,G2,F1,4,2,classroom,60,classroom,S2
TTO-09284,stress,C01,G1,F3,4,2,lab,30,lab,S7
TTO-09284,stress,C02,G1,F3,4,2,classroom,60,classroom,S10
TTO-09284,stress,C03,G1,F3,4,2,classroom,60,classroom,S4
TTO-09284,stress,C04,G1,F3,4,2,lab,30,lab,S3
TTO-09284,stress,C05,G1,F3,4,2,lab,30,lab,S6
TTO-09285,stress,C01,G2,F2,4,2,lab,30,lab,S4
TTO-09285,stress,C02,G2,F2,4,2,lab,30,lab,S3
TTO-09285,stress,C03,G1,F2,4,2,classroom,60,classroom,S10
TTO-09285,stress,C04,G1,F1,4,2,classroom,60,classroom,S9
TTO-09285,stress,C05,G1,F2,4,2,classroom,60,classroom,S8
TTO-09286,stress,C01,G2,F1,4,2,lab,30,lab,S6
TTO-09286,stress,C02,G2,F3,4,2,lab,30,lab,S9
TTO-09286,stress,C03,G2,F3,4,2,classroom,60,classroom,S7
TTO-09286,stress,C04,G2,F3,4,2,lab,30,lab,S7
TTO-09286,stress,C05,G2,F3,4,2,lab,30,lab,S1
TTO-09287,stress,C01,G2,F3,4,2,lab,30,lab,S10
TTO-09287,stress,C02,G2,F3,4,2,classroom,60,classroom,S8
TTO-09287,stress,C03,G2,F3,4,2,lab,30,lab,S2
TTO-09287,stress,C04,G1,F3,4,2,lab,30,lab,S10
TTO-09287,stress,C05,G2,F2,4,2,lab,30,lab,S5
TTO-09288,stress,C01,G2,F2,4,2,classroom,60,classroom,S6
TTO-09288,stress,C02,G2,F2,4,2,classroom,60,classroom,S3
TTO-09288,stress,C03,G1,F2,4,2,lab,30,lab,S9
TTO-09288,stress,C04,G2,F2,4,2,lab,30,lab,S7
TTO-09288,stress,C05,G2,F2,4,2,lab,30,lab,S5
TTO-09289,stress,C01,G2,F2,4,2,classroom,60,classroom,S2
TTO-09289,stress,C02,G1,F3,4,2,lab,30,lab,S6
TTO-09289,stress,C03,G1,F3,4,2,lab,30,lab,S10
TTO-09289,stress,C04,G1,F3,4,2,classroom,60,classroom,S5
TTO-09289,stress,C05,G1,F3,4,2,classroom,60,classroom,S8
TTO-09290,stress,C01,G2,F3,4,2,classroom,60,classroom,S5
TTO-09290,stress,C02,G2,F2,4,2,classroom,60,classroom,S4
TTO-09290,stress,C03,G2,F3,4,2,classroom,60,classroom,S5
TTO-09290,stress,C04,G2,F1,4,2,classroom,60,classroom,S8
TTO-09290,stress,C05,G2,F3,4,2,lab,30,lab,S10
TTO-09291,stress,C01,G2,F3,4,2,classroom,60,classroom,S5
TTO-09291,stress,C02,G2,F1,4,2,lab,30,lab,S5
TTO-09291,stress,C03,G2,F3,4,2,classroom,60,classroom,S5
TTO-09291,stress,C04,G2,F1,4,2,lab,30,lab,S9
TTO-09291,stress,C05,G2,F3,4,2,lab,30,lab,S8
TTO-09292,stress,C01,G1,F2,4,2,lab,30,lab,S7
TTO-09292,stress,C02,G1,F2,4,2,lab,30,lab,S4
TTO-09292,stress,C03,G1,F2,4,2,classroom,60,classroom,S1
TTO-09292,stress,C04,G1,F2,4,2,lab,30,lab,S1
TTO-09292,stress,C05,G1,F1,4,2,classroom,60,classroom,S7
TTO-09293,stress,C01,G2,F1,4,2,lab,30,lab,S9
TTO-09293,stress,C02,G2,F3,4,2,classroom,60,classroom,S1
TTO-09293,stress,C03,G2,F1,4,2,classroom,60,classroom,S1
TTO-09293,stress,C04,G2,F1,4,2,lab,30,lab,S5
TTO-09293,stress,C05,G2,F1,4,2,classroom,60,classroom,S1
TTO-09294,stress,C01,G1,F1,4,2,classroom,60,classroom,S4
TTO-09294,stress,C02,G1,F1,4,2,classroom,60,classroom,S8
TTO-09294,stress,C03,G1,F1,4,2,classroom,60,classroom,S5
TTO-09294,stress,C04,G1,F1,4,2,classroom,60,classroom,S1
TTO-09294,stress,C05,G1,F1,4,2,classroom,60,classroom,S1
TTO-09295,stress,C01,G1,F1,4,2,classroom,60,classroom,S8
TTO-09295,stress,C02,G1,F1,4,2,classroom,60,classroom,S7
TTO-09295,stress,C03,G1,F1,4,2,classroom,60,classroom,S5
TTO-09295,stress,C04,G1,F1,4,2,lab,30,lab,S10
TTO-09295,stress,C05,G1,F1,4,2,classroom,60,classroom,S1
TTO-09296,stress,C01,G1,F1,4,2,lab,30,lab,S1
TTO-09296,stress,C02,G1,F1,4,2,classroom,60,classroom,S7
TTO-09296,stress,C03,G1,F1,4,2,lab,30,lab,S7
TTO-09296,stress,C04,G1,F1,4,2,lab,30,lab,S2
TTO-09296,stress,C05,G1,F3,4,2,classroom,60,classroom,S8
TTO-09297,stress,C01,G1,F1,4,2,classroom,60,classroom,S4
TTO-09297,stress,C02,G1,F1,4,2,classroom,60,classroom,S5
TTO-09297,stress,C03,G1,F2,4,2,classroom,60,classroom,S6
TTO-09297,stress,C04,G1,F1,4,2,lab,30,lab,S7
TTO-09297,stress,C05,G1,F1,4,2,classroom,60,classroom,S9
TTO-09298,stress,C01,G2,F2,4,2,lab,30,lab,S3
TTO-09298,stress,C02,G2,F2,4,2,classroom,60,classroom,S9
TTO-09298,stress,C03,G2,F2,4,2,classroom,60,classroom,S4
TTO-09298,stress,C04,G2,F2,4,2,lab,30,lab,S8
TTO-09298,stress,C05,G2,F1,4,2,classroom,60,classroom,S6
TTO-09299,stress,C01,G2,F1,4,2,lab,30,lab,S6
TTO-09299,stress,C02,G2,F3,4,2,classroom,60,classroom,S8
TTO-09299,stress,C03,G1,F1,4,2,lab,30,lab,S10
TTO-09299,stress,C04,G2,F1,4,2,classroom,60,classroom,S9
TTO-09299,stress,C05,G2,F2,4,2,classroom,60,classroom,S8
TTO-09300,stress,C01,G1,F3,4,2,lab,30,lab,S4
TTO-09300,stress,C02,G1,F2,4,2,lab,30,lab,S4
TTO-09300,stress,C03,G1,F1,4,2,classroom,60,classroom,S3
TTO-09300,stress,C04,G1,F1,4,2,lab,30,lab,S7
TTO-09300,stress,C05,G1,F1,4,2,classroom,60,classroom,S10
TTO-09301,stress,C01,G1,F3,4,2,lab,30,lab,S9
TTO-09301,stress,C02,G1,F3,4,2,lab,30,lab,S1
TTO-09301,stress,C03,G1,F3,4,2,lab,30,lab,S7
TTO-09301,stress,C04,G1,F3,4,2,classroom,60,classroom,S10
TTO-09301,stress,C05,G1,F3,4,2,lab,30,lab,S2
TTO-09302,stress,C01,G2,F3,4,2,classroom,60,classroom,S3
TTO-09302,stress,C02,G1,F1,4,2,classroom,60,classroom,S10
TTO-09302,stress,C03,G1,F3,4,2,classroom,60,classroom,S3
TTO-09302,stress,C04,G1,F3,4,2,lab,30,lab,S7
TTO-09302,stress,C05,G1,F3,4,2,lab,30,lab,S6
TTO-09303,stress,C01,G2,F2,4,2,classroom,60,classroom,S10
TTO-09303,stress,C02,G2,F2,4,2,classroom,60,classroom,S7
TTO-09303,stress,C03,G2,F3,4,2,classroom,60,classroom,S3
TTO-09303,stress,C04,G2,F2,4,2,classroom,60,classroom,S1
TTO-09303,stress,C05,G2,F2,4,2,lab,30,lab,S7
TTO-09304,stress,C01,G1,F3,4,2,classroom,60,classroom,S5
TTO-09304,stress,C02,G1,F1,4,2,classroom,60,classroom,S3
TTO-09304,stress,C03,G1,F3,4,2,lab,30,lab,S1
TTO-09304,stress,C04,G1,F3,4,2,lab,30,lab,S3
TTO-09304,stress,C05,G2,F3,4,2,classroom,60,classroom,S5
TTO-09305,stress,C01,G2,F1,4,2,classroom,60,classroom,S1
TTO-09305,stress,C02,G2,F1,4,2,lab,30,lab,S4
TTO-09305,stress,C03,G2,F1,4,2,lab,30,lab,S9
TTO-09305,stress,C04,G2,F1,4,2,lab,30,lab,S10
TTO-09305,stress,C05,G2,F1,4,2,lab,30,lab,S10
TTO-09306,stress,C01,G1,F3,4,2,lab,30,lab,S4
TTO-09306,stress,C02,G2,F2,4,2,lab,30,lab,S8
TTO-09306,stress,C03,G2,F3,4,2,classroom,60,classroom,S10
TTO-09306,stress,C04,G1,F3,4,2,classroom,60,classroom,S6
TTO-09306,stress,C05,G2,F3,4,2,lab,30,lab,S2
TTO-09307,stress,C01,G1,F3,4,2,lab,30,lab,S8
TTO-09307,stress,C02,G2,F1,4,2,lab,30,lab,S4
TTO-09307,stress,C03,G1,F1,4,2,lab,30,lab,S4
TTO-09307,stress,C04,G2,F3,4,2,lab,30,lab,S10
TTO-09307,stress,C05,G2,F1,4,2,lab,30,lab,S7
TTO-09308,stress,C01,G1,F3,4,2,classroom,60,classroom,S2
TTO-09308,stress,C02,G2,F3,4,2,lab,30,lab,S9
TTO-09308,stress,C03,G1,F3,4,2,classroom,60,classroom,S1
TTO-09308,stress,C04,G2,F1,4,2,classroom,60,classroom,S8
TTO-09308,stress,C05,G2,F3,4,2,lab,30,lab,S2
TTO-09309,stress,C01,G1,F3,4,2,classroom,60,classroom,S10
TTO-09309,stress,C02,G1,F1,4,2,lab,30,lab,S9
TTO-09309,stress,C03,G1,F3,4,2,classroom,60,classroom,S9
TTO-09309,stress,C04,G1,F3,4,2,classroom,60,classroom,S5
TTO-09309,stress,C05,G1,F3,4,2,lab,30,lab,S9
TTO-09310,stress,C01,G2,F3,4,2,classroom,60,classroom,S9
TTO-09310,stress,C02,G2,F3,4,2,lab,30,lab,S7
TTO-09310,stress,C03,G2,F3,4,2,lab,30,lab,S3
TTO-09310,stress,C04,G2,F2,4,2,classroom,60,classroom,S5
TTO-09310,stress,C05,G1,F3,4,2,classroom,60,classroom,S6
TTO-09311,stress,C01,G2,F1,4,2,classroom,60,classroom,S6
TTO-09311,stress,C02,G1,F1,4,2,lab,30,lab,S5
TTO-09311,stress,C03,G2,F1,4,2,lab,30,lab,S4
TTO-09311,stress,C04,G2,F3,4,2,lab,30,lab,S6
TTO-09311,stress,C05,G1,F1,4,2,lab,30,lab,S5
TTO-09312,stress,C01,G1,F3,4,2,lab,30,lab,S9
TTO-09312,stress,C02,G1,F1,4,2,lab,30,lab,S6
TTO-09312,stress,C03,G2,F1,4,2,lab,30,lab,S7
TTO-09312,stress,C04,G1,F1,4,2,classroom,60,classroom,S10
TTO-09312,stress,C05,G2,F3,4,2,classroom,60,classroom,S3
TTO-09313,stress,C01,G1,F1,4,2,classroom,60,classroom,S4
TTO-09313,stress,C02,G1,F3,4,2,lab,30,lab,S3
TTO-09313,stress,C03,G1,F2,4,2,classroom,60,classroom,S2
TTO-09313,stress,C04,G1,F2,4,2,classroom,60,classroom,S4
TTO-09313,stress,C05,G1,F2,4,2,lab,30,lab,S1
TTO-09314,stress,C01,G2,F2,4,2,classroom,60,classroom,S5
TTO-09314,stress,C02,G1,F2,4,2,classroom,60,classroom,S5
TTO-09314,stress,C03,G1,F2,4,2,lab,30,lab,S6
TTO-09314,stress,C04,G1,F2,4,2,classroom,60,classroom,S4
TTO-09314,stress,C05,G1,F2,4,2,classroom,60,classroom,S6
TTO-09315,stress,C01,G2,F2,4,2,classroom,60,classroom,S10
TTO-09315,stress,C02,G1,F2,4,2,lab,30,lab,S1
TTO-09315,stress,C03,G2,F2,4,2,lab,30,lab,S8
TTO-09315,stress,C04,G1,F2,4,2,classroom,60,classroom,S5
TTO-09315,stress,C05,G2,F2,4,2,lab,30,lab,S6
TTO-09316,stress,C01,G2,F2,4,2,classroom,60,classroom,S2
TTO-09316,stress,C02,G2,F2,4,2,classroom,60,classroom,S6
TTO-09316,stress,C03,G2,F2,4,2,classroom,60,classroom,S5
TTO-09316,stress,C04,G2,F1,4,2,lab,30,lab,S2
TTO-09316,stress,C05,G2,F1,4,2,classroom,60,classroom,S2
TTO-09317,stress,C01,G2,F1,4,2,classroom,60,classroom,S8
TTO-09317,stress,C02,G1,F1,4,2,classroom,60,classroom,S9
TTO-09317,stress,C03,G2,F1,4,2,classroom,60,classroom,S1
TTO-09317,stress,C04,G2,F1,4,2,classroom,60,classroom,S3
TTO-09317,stress,C05,G2,F1,4,2,lab,30,lab,S8
TTO-09318,stress,C01,G2,F2,4,2,lab,30,lab,S2
TTO-09318,stress,C02,G2,F2,4,2,classroom,60,classroom,S5
TTO-09318,stress,C03,G2,F2,4,2,lab,30,lab,S8
TTO-09318,stress,C04,G2,F3,4,2,lab,30,lab,S4
TTO-09318,stress,C05,G2,F2,4,2,lab,30,lab,S5
TTO-09319,stress,C01,G1,F2,4,2,lab,30,lab,S4
TTO-09319,stress,C02,G1,F2,4,2,classroom,60,classroom,S10
TTO-09319,stress,C03,G1,F2,4,2,classroom,60,classroom,S7
TTO-09319,stress,C04,G1,F2,4,2,classroom,60,classroom,S3
TTO-09319,stress,C05,G1,F1,4,2,lab,30,lab,S10
TTO-09320,stress,C01,G1,F1,4,2,classroom,60,classroom,S4
TTO-09320,stress,C02,G1,F1,4,2,classroom,60,classroom,S4
TTO-09320,stress,C03,G1,F2,4,2,classroom,60,classroom,S1
TTO-09320,stress,C04,G1,F2,4,2,classroom,60,classroom,S5
TTO-09320,stress,C05,G2,F2,4,2,classroom,60,classroom,S1
TTO-09321,stress,C01,G2,F2,4,2,lab,30,lab,S2
TTO-09321,stress,C02,G2,F1,4,2,classroom,60,classroom,S8
TTO-09321,stress,C03,G2,F1,4,2,lab,30,lab,S3
TTO-09321,stress,C04,G2,F1,4,2,lab,30,lab,S6
TTO-09321,stress,C05,G2,F2,4,2,lab,30,lab,S5
TTO-09322,stress,C01,G1,F3,4,2,classroom,60,classroom,S3
TTO-09322,stress,C02,G1,F2,4,2,lab,30,lab,S2
TTO-09322,stress,C03,G1,F2,4,2,lab,30,lab,S2
TTO-09322,stress,C04,G1,F1,4,2,classroom,60,classroom,S1
TTO-09322,stress,C05,G1,F2,4,2,classroom,60,classroom,S8
TTO-09323,stress,C01,G2,F3,4,2,lab,30,lab,S5
TTO-09323,stress,C02,G1,F3,4,2,classroom,60,classroom,S2
TTO-09323,stress,C03,G2,F3,4,2,lab,30,lab,S7
TTO-09323,stress,C04,G2,F3,4,2,lab,30,lab,S8
TTO-09323,stress,C05,G2,F1,4,2,lab,30,lab,S1
TTO-09324,stress,C01,G2,F3,4,2,lab,30,lab,S4
TTO-09324,stress,C02,G2,F3,4,2,classroom,60,classroom,S2
TTO-09324,stress,C03,G2,F3,4,2,lab,30,lab,S5
TTO-09324,stress,C04,G2,F3,4,2,lab,30,lab,S8
TTO-09324,stress,C05,G2,F2,4,2,lab,30,lab,S7
TTO-09325,stress,C01,G2,F2,4,2,lab,30,lab,S4
TTO-09325,stress,C02,G2,F2,4,2,lab,30,lab,S1
TTO-09325,stress,C03,G1,F2,4,2,classroom,60,classroom,S6
TTO-09325,stress,C04,G2,F2,4,2,lab,30,lab,S8
TTO-09325,stress,C05,G2,F2,4,2,lab,30,lab,S9
TTO-09326,stress,C01,G2,F3,4,2,lab,30,lab,S7
TTO-09326,stress,C02,G2,F3,4,2,lab,30,lab,S1
TTO-09326,stress,C03,G1,F3,4,2,lab,30,lab,S10
TTO-09326,stress,C04,G2,F3,4,2,classroom,60,classroom,S10
TTO-09326,stress,C05,G2,F3,4,2,lab,30,lab,S6
TTO-09327,stress,C01,G1,F1,4,2,lab,30,lab,S8
TTO-09327,stress,C02,G1,F1,4,2,classroom,60,classroom,S9
TTO-09327,stress,C03,G2,F1,4,2,classroom,60,classroom,S10
TTO-09327,stress,C04,G1,F1,4,2,classroom,60,classroom,S6
TTO-09327,stress,C05,G1,F1,4,2,classroom,60,classroom,S9
TTO-09328,stress,C01,G1,F2,4,2,lab,30,lab,S4
TTO-09328,stress,C02,G2,F2,4,2,classroom,60,classroom,S9
TTO-09328,stress,C03,G2,F1,4,2,lab,30,lab,S1
TTO-09328,stress,C04,G2,F2,4,2,classroom,60,classroom,S3
TTO-09328,stress,C05,G1,F2,4,2,lab,30,lab,S1
TTO-09329,stress,C01,G1,F3,4,2,classroom,60,classroom,S1
TTO-09329,stress,C02,G1,F1,4,2,lab,30,lab,S5
TTO-09329,stress,C03,G1,F3,4,2,classroom,60,classroom,S2
TTO-09329,stress,C04,G1,F2,4,2,lab,30,lab,S4
TTO-09329,stress,C05,G2,F2,4,2,classroom,60,classroom,S9
TTO-09330,stress,C01,G1,F2,4,2,classroom,60,classroom,S5
TTO-09330,stress,C02,G1,F2,4,2,classroom,60,classroom,S4
TTO-09330,stress,C03,G1,F2,4,2,classroom,60,classroom,S3
TTO-09330,stress,C04,G2,F2,4,2,lab,30,lab,S4
TTO-09330,stress,C05,G1,F2,4,2,classroom,60,classroom,S7
TTO-09331,stress,C01,G1,F2,4,2,classroom,60,classroom,S8
TTO-09331,stress,C02,G2,F3,4,2,classroom,60,classroom,S10
TTO-09331,stress,C03,G2,F3,4,2,lab,30,lab,S1
TTO-09331,stress,C04,G2,F3,4,2,lab,30,lab,S10
TTO-09331,stress,C05,G2,F3,4,2,lab,30,lab,S1
TTO-09332,stress,C01,G2,F3,4,2,classroom,60,classroom,S7
TTO-09332,stress,C02,G2,F3,4,2,lab,30,lab,S6
TTO-09332,stress,C03,G2,F3,4,2,lab,30,lab,S2
TTO-09332,stress,C04,G2,F3,4,2,lab,30,lab,S6
TTO-09332,stress,C05,G2,F3,4,2,classroom,60,classroom,S7
TTO-09333,stress,C01,G1,F2,4,2,classroom,60,classroom,S3
TTO-09333,stress,C02,G1,F3,4,2,lab,30,lab,S1
TTO-09333,stress,C03,G1,F3,4,2,classroom,60,classroom,S5
TTO-09333,stress,C04,G1,F3,4,2,lab,30,lab,S6
TTO-09333,stress,C05,G1,F1,4,2,classroom,60,classroom,S9
TTO-09334,stress,C01,G2,F3,4,2,lab,30,lab,S8
TTO-09334,stress,C02,G2,F3,4,2,classroom,60,classroom,S5
TTO-09334,stress,C03,G2,F2,4,2,classroom,60,classroom,S2
TTO-09334,stress,C04,G2,F3,4,2,classroom,60,classroom,S5
TTO-09334,stress,C05,G2,F3,4,2,classroom,60,classroom,S2
TTO-09335,stress,C01,G2,F3,4,2,lab,30,lab,S9
TTO-09335,stress,C02,G2,F3,4,2,lab,30,lab,S5
TTO-09335,stress,C03,G1,F1,4,2,classroom,60,classroom,S3
TTO-09335,stress,C04,G2,F2,4,2,classroom,60,classroom,S10
TTO-09335,stress,C05,G1,F3,4,2,lab,30,lab,S10
TTO-09336,stress,C01,G2,F2,4,2,classroom,60,classroom,S1
TTO-09336,stress,C02,G2,F3,4,2,classroom,60,classroom,S4
TTO-09336,stress,C03,G2,F2,4,2,lab,30,lab,S10
TTO-09336,stress,C04,G2,F1,4,2,lab,30,lab,S5
TTO-09336,stress,C05,G2,F2,4,2,lab,30,lab,S2
TTO-09337,stress,C01,G1,F1,4,2,classroom,60,classroom,S3
TTO-09337,stress,C02,G2,F1,4,2,classroom,60,classroom,S5
TTO-09337,stress,C03,G2,F1,4,2,lab,30,lab,S10
TTO-09337,stress,C04,G2,F1,4,2,lab,30,lab,S10
TTO-09337,stress,C05,G2,F2,4,2,classroom,60,classroom,S8
TTO-09338,stress,C01,G1,F3,4,2,lab,30,lab,S8
TTO-09338,stress,C02,G1,F3,4,2,classroom,60,classroom,S2
TTO-09338,stress,C03,G1,F3,4,2,classroom,60,classroom,S2
TTO-09338,stress,C04,G1,F3,4,2,classroom,60,classroom,S9
TTO-09338,stress,C05,G1,F3,4,2,classroom,60,classroom,S7
TTO-09339,stress,C01,G2,F2,4,2,classroom,60,classroom,S5
TTO-09339,stress,C02,G2,F2,4,2,lab,30,lab,S7
TTO-09339,stress,C03,G2,F1,4,2,lab,30,lab,S1
TTO-09339,stress,C04,G2,F2,4,2,lab,30,lab,S7
TTO-09339,stress,C05,G2,F2,4,2,classroom,60,classroom,S4
TTO-09340,stress,C01,G1,F1,4,2,lab,30,lab,S8
TTO-09340,stress,C02,G2,F1,4,2,lab,30,lab,S1
TTO-09340,stress,C03,G2,F1,4,2,lab,30,lab,S9
TTO-09340,stress,C04,G2,F2,4,2,classroom,60,classroom,S7
TTO-09340,stress,C05,G2,F1,4,2,classroom,60,classroom,S8
TTO-09341,stress,C01,G1,F2,4,2,classroom,60,classroom,S4
TTO-09341,stress,C02,G1,F2,4,2,lab,30,lab,S9
TTO-09341,stress,C03,G1,F2,4,2,classroom,60,classroom,S6
TTO-09341,stress,C04,G1,F2,4,2,classroom,60,classroom,S8
TTO-09341,stress,C05,G1,F2,4,2,classroom,60,classroom,S4
TTO-09342,stress,C01,G2,F1,4,2,classroom,60,classroom,S1
TTO-09342,stress,C02,G1,F2,4,2,lab,30,lab,S3
TTO-09342,stress,C03,G1,F1,4,2,classroom,60,classroom,S1
TTO-09342,stress,C04,G1,F3,4,2,classroom,60,classroom,S3
TTO-09342,stress,C05,G1,F1,4,2,classroom,60,classroom,S8
TTO-09343,stress,C01,G2,F3,4,2,lab,30,lab,S9
TTO-09343,stress,C02,G2,F3,4,2,classroom,60,classroom,S2
TTO-09343,stress,C03,G2,F3,4,2,classroom,60,classroom,S3
TTO-09343,stress,C04,G2,F3,4,2,lab,30,lab,S7
TTO-09343,stress,C05,G1,F3,4,2,lab,30,lab,S8
TTO-09344,stress,C01,G2,F1,4,2,lab,30,lab,S1
TTO-09344,stress,C02,G1,F3,4,2,classroom,60,classroom,S4
TTO-09344,stress,C03,G1,F2,4,2,classroom,60,classroom,S3
TTO-09344,stress,C04,G1,F1,4,2,classroom,60,classroom,S3
TTO-09344,stress,C05,G1,F1,4,2,lab,30,lab,S1
TTO-09345,stress,C01,G1,F3,4,2,lab,30,lab,S6
TTO-09345,stress,C02,G1,F3,4,2,lab,30,lab,S6
TTO-09345,stress,C03,G2,F3,4,2,classroom,60,classroom,S3
TTO-09345,stress,C04,G1,F3,4,2,classroom,60,classroom,S1
TTO-09345,stress,C05,G1,F2,4,2,lab,30,lab,S5
TTO-09346,stress,C01,G2,F1,4,2,lab,30,lab,S8
TTO-09346,stress,C02,G1,F1,4,2,lab,30,lab,S10
TTO-09346,stress,C03,G2,F1,4,2,lab,30,lab,S6
TTO-09346,stress,C04,G2,F1,4,2,lab,30,lab,S3
TTO-09346,stress,C05,G2,F1,4,2,lab,30,lab,S2
TTO-09347,stress,C01,G1,F3,4,2,classroom,60,classroom,S8
TTO-09347,stress,C02,G1,F3,4,2,lab,30,lab,S3
TTO-09347,stress,C03,G2,F3,4,2,classroom,60,classroom,S8
TTO-09347,stress,C04,G1,F3,4,2,lab,30,lab,S5
TTO-09347,stress,C05,G1,F3,4,2,classroom,60,classroom,S7
TTO-09348,stress,C01,G1,F1,4,2,classroom,60,classroom,S2
TTO-09348,stress,C02,G1,F1,4,2,lab,30,lab,S9
TTO-09348,stress,C03,G1,F1,4,2,classroom,60,classroom,S10
TTO-09348,stress,C04,G1,F2,4,2,lab,30,lab,S4
TTO-09348,stress,C05,G1,F1,4,2,classroom,60,classroom,S8
TTO-09349,stress,C01,G2,F3,4,2,lab,30,lab,S1
TTO-09349,stress,C02,G2,F3,4,2,classroom,60,classroom,S8
TTO-09349,stress,C03,G1,F3,4,2,classroom,60,classroom,S1
TTO-09349,stress,C04,G2,F3,4,2,classroom,60,classroom,S10
TTO-09349,stress,C05,G2,F3,4,2,classroom,60,classroom,S8
TTO-09350,stress,C01,G1,F3,4,2,lab,30,lab,S3
TTO-09350,stress,C02,G1,F1,4,2,classroom,60,classroom,S8
TTO-09350,stress,C03,G1,F3,4,2,classroom,60,classroom,S3
TTO-09350,stress,C04,G1,F2,4,2,classroom,60,classroom,S8
TTO-09350,stress,C05,G1,F3,4,2,lab,30,lab,S5
TTO-09351,stress,C01,G1,F3,4,2,classroom,60,classroom,S1
TTO-09351,stress,C02,G1,F3,4,2,lab,30,lab,S1
TTO-09351,stress,C03,G1,F1,4,2,lab,30,lab,S10
TTO-09351,stress,C04,G1,F2,4,2,classroom,60,classroom,S5
TTO-09351,stress,C05,G2,F1,4,2,classroom,60,classroom,S6
TTO-09352,stress,C01,G2,F1,4,2,lab,30,lab,S6
TTO-09352,stress,C02,G2,F1,4,2,classroom,60,classroom,S9
TTO-09352,stress,C03,G2,F1,4,2,classroom,60,classroom,S9
TTO-09352,stress,C04,G1,F1,4,2,classroom,60,classroom,S2
TTO-09352,stress,C05,G2,F1,4,2,classroom,60,classroom,S9
TTO-09353,stress,C01,G1,F1,4,2,lab,30,lab,S7
TTO-09353,stress,C02,G1,F2,4,2,lab,30,lab,S4
TTO-09353,stress,C03,G1,F3,4,2,classroom,60,classroom,S8
TTO-09353,stress,C04,G1,F1,4,2,classroom,60,classroom,S7
TTO-09353,stress,C05,G1,F3,4,2,lab,30,lab,S5
TTO-09354,stress,C01,G1,F1,4,2,lab,30,lab,S4
TTO-09354,stress,C02,G1,F1,4,2,classroom,60,classroom,S8
TTO-09354,stress,C03,G1,F2,4,2,classroom,60,classroom,S3
TTO-09354,stress,C04,G1,F1,4,2,lab,30,lab,S2
TTO-09354,stress,C05,G1,F2,4,2,classroom,60,classroom,S5
TTO-09355,stress,C01,G1,F2,4,2,lab,30,lab,S6
TTO-09355,stress,C02,G2,F3,4,2,classroom,60,classroom,S5
TTO-09355,stress,C03,G2,F2,4,2,classroom,60,classroom,S9
TTO-09355,stress,C04,G2,F2,4,2,lab,30,lab,S10
TTO-09355,stress,C05,G2,F2,4,2,lab,30,lab,S5
TTO-09356,stress,C01,G1,F2,4,2,classroom,60,classroom,S5
TTO-09356,stress,C02,G1,F2,4,2,classroom,60,classroom,S1
TTO-09356,stress,C03,G1,F3,4,2,classroom,60,classroom,S1
TTO-09356,stress,C04,G1,F2,4,2,classroom,60,classroom,S5
TTO-09356,stress,C05,G1,F2,4,2,classroom,60,classroom,S8
TTO-09357,stress,C01,G1,F1,4,2,lab,30,lab,S10
TTO-09357,stress,C02,G1,F1,4,2,lab,30,lab,S9
TTO-09357,stress,C03,G1,F1,4,2,lab,30,lab,S1
TTO-09357,stress,C04,G1,F1,4,2,lab,30,lab,S1
TTO-09357,stress,C05,G2,F1,4,2,classroom,60,classroom,S4
TTO-09358,stress,C01,G2,F2,4,2,classroom,60,classroom,S8
TTO-09358,stress,C02,G2,F2,4,2,classroom,60,classroom,S5
TTO-09358,stress,C03,G2,F2,4,2,lab,30,lab,S1
TTO-09358,stress,C04,G1,F2,4,2,lab,30,lab,S7
TTO-09358,stress,C05,G2,F2,4,2,classroom,60,classroom,S3
TTO-09359,stress,C01,G2,F3,4,2,lab,30,lab,S1
TTO-09359,stress,C02,G1,F3,4,2,lab,30,lab,S5
TTO-09359,stress,C03,G1,F3,4,2,classroom,60,classroom,S5
TTO-09359,stress,C04,G2,F3,4,2,lab,30,lab,S1
TTO-09359,stress,C05,G2,F3,4,2,lab,30,lab,S10
TTO-09360,stress,C01,G1,F2,4,2,classroom,60,classroom,S3
TTO-09360,stress,C02,G1,F2,4,2,lab,30,lab,S3
TTO-09360,stress,C03,G1,F2,4,2,classroom,60,classroom,S5
TTO-09360,stress,C04,G1,F2,4,2,classroom,60,classroom,S3
TTO-09360,stress,C05,G1,F2,4,2,classroom,60,classroom,S5
TTO-09361,stress,C01,G2,F3,4,2,lab,30,lab,S5
TTO-09361,stress,C02,G2,F3,4,2,lab,30,lab,S2
TTO-09361,stress,C03,G2,F2,4,2,classroom,60,classroom,S2
TTO-09361,stress,C04,G2,F2,4,2,classroom,60,classroom,S1
TTO-09361,stress,C05,G2,F1,4,2,lab,30,lab,S4
TTO-09362,stress,C01,G2,F2,4,2,lab,30,lab,S7
TTO-09362,stress,C02,G2,F2,4,2,lab,30,lab,S2
TTO-09362,stress,C03,G2,F2,4,2,lab,30,lab,S3
TTO-09362,stress,C04,G2,F2,4,2,classroom,60,classroom,S6
TTO-09362,stress,C05,G2,F2,4,2,lab,30,lab,S3
TTO-09363,stress,C01,G1,F2,4,2,classroom,60,classroom,S10
TTO-09363,stress,C02,G1,F2,4,2,classroom,60,classroom,S7
TTO-09363,stress,C03,G1,F3,4,2,lab,30,lab,S7
TTO-09363,stress,C04,G1,F3,4,2,lab,30,lab,S8
TTO-09363,stress,C05,G1,F2,4,2,classroom,60,classroom,S6
TTO-09364,stress,C01,G1,F1,4,2,classroom,60,classroom,S5
TTO-09364,stress,C02,G1,F1,4,2,classroom,60,classroom,S5
TTO-09364,stress,C03,G1,F1,4,2,classroom,60,classroom,S2
TTO-09364,stress,C04,G1,F2,4,2,classroom,60,classroom,S5
TTO-09364,stress,C05,G2,F1,4,2,lab,30,lab,S5
TTO-09365,stress,C01,G1,F3,4,2,classroom,60,classroom,S7
TTO-09365,stress,C02,G1,F3,4,2,lab,30,lab,S10
TTO-09365,stress,C03,G2,F3,4,2,classroom,60,classroom,S9
TTO-09365,stress,C04,G2,F1,4,2,classroom,60,classroom,S1
TTO-09365,stress,C05,G2,F3,4,2,classroom,60,classroom,S6
TTO-09366,stress,C01,G1,F1,4,2,classroom,60,classroom,S9
TTO-09366,stress,C02,G1,F3,4,2,classroom,60,classroom,S3
TTO-09366,stress,C03,G1,F3,4,2,lab,30,lab,S1
TTO-09366,stress,C04,G1,F3,4,2,classroom,60,classroom,S9
TTO-09366,stress,C05,G1,F3,4,2,classroom,60,classroom,S10
TTO-09367,stress,C01,G2,F1,4,2,lab,30,lab,S10
TTO-09367,stress,C02,G2,F2,4,2,lab,30,lab,S1
TTO-09367,stress,C03,G2,F2,4,2,lab,30,lab,S5
TTO-09367,stress,C04,G2,F2,4,2,classroom,60,classroom,S5
TTO-09367,stress,C05,G2,F2,4,2,lab,30,lab,S3
TTO-09368,stress,C01,G2,F3,4,2,lab,30,lab,S4
TTO-09368,stress,C02,G2,F3,4,2,classroom,60,classroom,S6
TTO-09368,stress,C03,G2,F3,4,2,lab,30,lab,S4
TTO-09368,stress,C04,G2,F3,4,2,classroom,60,classroom,S9
TTO-09368,stress,C05,G1,F3,4,2,lab,30,lab,S9
TTO-09369,stress,C01,G2,F1,4,2,lab,30,lab,S1
TTO-09369,stress,C02,G2,F1,4,2,classroom,60,classroom,S3
TTO-09369,stress,C03,G2,F2,4,2,classroom,60,classroom,S1
TTO-09369,stress,C04,G2,F1,4,2,classroom,60,classroom,S9
TTO-09369,stress,C05,G2,F1,4,2,classroom,60,classroom,S5
TTO-09370,stress,C01,G1,F1,4,2,classroom,60,classroom,S3
TTO-09370,stress,C02,G1,F1,4,2,lab,30,lab,S4
TTO-09370,stress,C03,G1,F1,4,2,lab,30,lab,S2
TTO-09370,stress,C04,G1,F1,4,2,classroom,60,classroom,S5
TTO-09370,stress,C05,G1,F1,4,2,classroom,60,classroom,S7
TTO-09371,stress,C01,G2,F2,4,2,lab,30,lab,S3
TTO-09371,stress,C02,G2,F2,4,2,classroom,60,classroom,S10
TTO-09371,stress,C03,G2,F2,4,2,lab,30,lab,S1
TTO-09371,stress,C04,G2,F2,4,2,lab,30,lab,S4
TTO-09371,stress,C05,G2,F2,4,2,lab,30,lab,S2
TTO-09372,stress,C01,G2,F2,4,2,lab,30,lab,S2
TTO-09372,stress,C02,G1,F2,4,2,classroom,60,classroom,S10
TTO-09372,stress,C03,G2,F2,4,2,classroom,60,classroom,S7
TTO-09372,stress,C04,G2,F2,4,2,lab,30,lab,S7
TTO-09372,stress,C05,G2,F2,4,2,lab,30,lab,S2
TTO-09373,stress,C01,G2,F3,4,2,classroom,60,classroom,S1
TTO-09373,stress,C02,G1,F3,4,2,classroom,60,classroom,S9
TTO-09373,stress,C03,G1,F3,4,2,lab,30,lab,S4
TTO-09373,stress,C04,G2,F3,4,2,lab,30,lab,S4
TTO-09373,stress,C05,G2,F3,4,2,classroom,60,classroom,S9
TTO-09374,stress,C01,G1,F3,4,2,lab,30,lab,S9
TTO-09374,stress,C02,G1,F3,4,2,classroom,60,classroom,S4
TTO-09374,stress,C03,G1,F3,4,2,classroom,60,classroom,S9
TTO-09374,stress,C04,G1,F3,4,2,lab,30,lab,S9
TTO-09374,stress,C05,G2,F3,4,2,lab,30,lab,S3
TTO-09375,stress,C01,G2,F3,4,2,lab,30,lab,S5
TTO-09375,stress,C02,G2,F3,4,2,lab,30,lab,S9
TTO-09375,stress,C03,G2,F3,4,2,lab,30,lab,S3
TTO-09375,stress,C04,G1,F3,4,2,classroom,60,classroom,S8
TTO-09375,stress,C05,G2,F3,4,2,lab,30,lab,S10
TTO-09376,stress,C01,G1,F1,4,2,classroom,60,classroom,S7
TTO-09376,stress,C02,G1,F2,4,2,classroom,60,classroom,S6
TTO-09376,stress,C03,G1,F1,4,2,classroom,60,classroom,S4
TTO-09376,stress,C04,G1,F1,4,2,classroom,60,classroom,S9
TTO-09376,stress,C05,G2,F1,4,2,classroom,60,classroom,S10
TTO-09377,stress,C01,G1,F1,4,2,lab,30,lab,S5
TTO-09377,stress,C02,G1,F1,4,2,lab,30,lab,S6
TTO-09377,stress,C03,G1,F1,4,2,classroom,60,classroom,S1
TTO-09377,stress,C04,G1,F1,4,2,classroom,60,classroom,S9
TTO-09377,stress,C05,G1,F1,4,2,classroom,60,classroom,S6
TTO-09378,stress,C01,G2,F1,4,2,lab,30,lab,S9
TTO-09378,stress,C02,G1,F2,4,2,classroom,60,classroom,S4
TTO-09378,stress,C03,G2,F3,4,2,lab,30,lab,S2
TTO-09378,stress,C04,G2,F3,4,2,classroom,60,classroom,S2
TTO-09378,stress,C05,G1,F3,4,2,classroom,60,classroom,S5
TTO-09379,stress,C01,G2,F1,4,2,lab,30,lab,S2
TTO-09379,stress,C02,G2,F1,4,2,classroom,60,classroom,S5
TTO-09379,stress,C03,G1,F1,4,2,lab,30,lab,S5
TTO-09379,stress,C04,G2,F1,4,2,lab,30,lab,S10
TTO-09379,stress,C05,G2,F1,4,2,classroom,60,classroom,S6
TTO-09380,stress,C01,G1,F3,4,2,classroom,60,classroom,S7
TTO-09380,stress,C02,G1,F3,4,2,classroom,60,classroom,S1
TTO-09380,stress,C03,G2,F3,4,2,classroom,60,classroom,S5
TTO-09380,stress,C04,G1,F3,4,2,lab,30,lab,S3
TTO-09380,stress,C05,G1,F3,4,2,classroom,60,classroom,S10
TTO-09381,stress,C01,G1,F1,4,2,classroom,60,classroom,S9
TTO-09381,stress,C02,G1,F1,4,2,lab,30,lab,S8
TTO-09381,stress,C03,G1,F1,4,2,lab,30,lab,S9
TTO-09381,stress,C04,G1,F1,4,2,lab,30,lab,S7
TTO-09381,stress,C05,G1,F1,4,2,classroom,60,classroom,S5
TTO-09382,stress,C01,G1,F2,4,2,classroom,60,classroom,S3
TTO-09382,stress,C02,G1,F2,4,2,lab,30,lab,S6
TTO-09382,stress,C03,G1,F2,4,2,lab,30,lab,S2
TTO-09382,stress,C04,G1,F2,4,2,classroom,60,classroom,S4
TTO-09382,stress,C05,G1,F2,4,2,lab,30,lab,S6
TTO-09383,stress,C01,G1,F1,4,2,lab,30,lab,S5
TTO-09383,stress,C02,G1,F1,4,2,lab,30,lab,S8
TTO-09383,stress,C03,G1,F1,4,2,classroom,60,classroom,S2
TTO-09383,stress,C04,G1,F1,4,2,lab,30,lab,S6
TTO-09383,stress,C05,G1,F1,4,2,lab,30,lab,S7
TTO-09384,stress,C01,G2,F3,4,2,lab,30,lab,S9
TTO-09384,stress,C02,G1,F3,4,2,lab,30,lab,S2
TTO-09384,stress,C03,G1,F3,4,2,classroom,60,classroom,S1
TTO-09384,stress,C04,G1,F3,4,2,lab,30,lab,S9
TTO-09384,stress,C05,G1,F3,4,2,lab,30,lab,S1
TTO-09385,stress,C01,G1,F3,4,2,classroom,60,classroom,S4
TTO-09385,stress,C02,G1,F2,4,2,classroom,60,classroom,S5
TTO-09385,stress,C03,G1,F2,4,2,classroom,60,classroom,S4
TTO-09385,stress,C04,G1,F3,4,2,lab,30,lab,S1
TTO-09385,stress,C05,G1,F3,4,2,classroom,60,classroom,S2
TTO-09386,stress,C01,G2,F1,4,2,lab,30,lab,S5
TTO-09386,stress,C02,G2,F3,4,2,lab,30,lab,S2
TTO-09386,stress,C03,G2,F1,4,2,classroom,60,classroom,S8
TTO-09386,stress,C04,G2,F1,4,2,classroom,60,classroom,S6
TTO-09386,stress,C05,G2,F1,4,2,classroom,60,classroom,S2
TTO-09387,stress,C01,G2,F2,4,2,classroom,60,classroom,S6
TTO-09387,stress,C02,G2,F2,4,2,classroom,60,classroom,S2
TTO-09387,stress,C03,G2,F3,4,2,classroom,60,classroom,S9
TTO-09387,stress,C04,G2,F2,4,2,classroom,60,classroom,S9
TTO-09387,stress,C05,G2,F2,4,2,classroom,60,classroom,S10
TTO-09388,stress,C01,G1,F3,4,2,lab,30,lab,S6
TTO-09388,stress,C02,G1,F3,4,2,lab,30,lab,S4
TTO-09388,stress,C03,G1,F3,4,2,lab,30,lab,S9
TTO-09388,stress,C04,G1,F3,4,2,classroom,60,classroom,S2
TTO-09388,stress,C05,G2,F3,4,2,lab,30,lab,S10
TTO-09389,stress,C01,G1,F1,4,2,lab,30,lab,S3
TTO-09389,stress,C02,G1,F1,4,2,lab,30,lab,S9
TTO-09389,stress,C03,G1,F1,4,2,classroom,60,classroom,S6
TTO-09389,stress,C04,G1,F1,4,2,lab,30,lab,S1
TTO-09389,stress,C05,G1,F2,4,2,classroom,60,classroom,S8
TTO-09390,stress,C01,G2,F3,4,2,classroom,60,classroom,S1
TTO-09390,stress,C02,G2,F1,4,2,classroom,60,classroom,S6
TTO-09390,stress,C03,G2,F1,4,2,lab,30,lab,S3
TTO-09390,stress,C04,G2,F1,4,2,lab,30,lab,S6
TTO-09390,stress,C05,G2,F1,4,2,classroom,60,classroom,S5
TTO-09391,stress,C01,G1,F3,4,2,lab,30,lab,S9
TTO-09391,stress,C02,G1,F3,4,2,classroom,60,classroom,S1
TTO-09391,stress,C03,G1,F3,4,2,lab,30,lab,S2
TTO-09391,stress,C04,G1,F3,4,2,classroom,60,classroom,S6
TTO-09391,stress,C05,G1,F3,4,2,classroom,60,classroom,S9
TTO-09392,stress,C01,G1,F2,4,2,lab,30,lab,S1
TTO-09392,stress,C02,G1,F1,4,2,lab,30,lab,S1
TTO-09392,stress,C03,G1,F2,4,2,lab,30,lab,S6
TTO-09392,stress,C04,G1,F2,4,2,classroom,60,classroom,S8
TTO-09392,stress,C05,G2,F2,4,2,classroom,60,classroom,S6
TTO-09393,stress,C01,G2,F1,4,2,lab,30,lab,S7
TTO-09393,stress,C02,G2,F3,4,2,classroom,60,classroom,S6
TTO-09393,stress,C03,G2,F3,4,2,classroom,60,classroom,S5
TTO-09393,stress,C04,G1,F3,4,2,classroom,60,classroom,S2
TTO-09393,stress,C05,G2,F2,4,2,classroom,60,classroom,S6
TTO-09394,stress,C01,G2,F2,4,2,classroom,60,classroom,S2
TTO-09394,stress,C02,G1,F2,4,2,lab,30,lab,S2
TTO-09394,stress,C03,G1,F2,4,2,classroom,60,classroom,S10
TTO-09394,stress,C04,G1,F1,4,2,classroom,60,classroom,S2
TTO-09394,stress,C05,G1,F2,4,2,lab,30,lab,S7
TTO-09395,stress,C01,G1,F3,4,2,classroom,60,classroom,S2
TTO-09395,stress,C02,G1,F3,4,2,lab,30,lab,S5
TTO-09395,stress,C03,G1,F3,4,2,classroom,60,classroom,S3
TTO-09395,stress,C04,G1,F3,4,2,lab,30,lab,S10
TTO-09395,stress,C05,G1,F3,4,2,lab,30,lab,S7
TTO-09396,stress,C01,G2,F1,4,2,classroom,60,classroom,S6
TTO-09396,stress,C02,G1,F1,4,2,lab,30,lab,S6
TTO-09396,stress,C03,G2,F1,4,2,lab,30,lab,S7
TTO-09396,stress,C04,G1,F2,4,2,classroom,60,classroom,S8
TTO-09396,stress,C05,G2,F1,4,2,lab,30,lab,S2
TTO-09397,stress,C01,G2,F2,4,2,classroom,60,classroom,S2
TTO-09397,stress,C02,G1,F2,4,2,lab,30,lab,S6
TTO-09397,stress,C03,G2,F2,4,2,lab,30,lab,S3
TTO-09397,stress,C04,G2,F2,4,2,classroom,60,classroom,S9
TTO-09397,stress,C05,G2,F2,4,2,lab,30,lab,S7
TTO-09398,stress,C01,G2,F2,4,2,lab,30,lab,S4
TTO-09398,stress,C02,G1,F3,4,2,lab,30,lab,S6
TTO-09398,stress,C03,G1,F3,4,2,classroom,60,classroom,S6
TTO-09398,stress,C04,G1,F2,4,2,lab,30,lab,S2
TTO-09398,stress,C05,G1,F2,4,2,classroom,60,classroom,S3
TTO-09399,stress,C01,G2,F1,4,2,classroom,60,classroom,S1
TTO-09399,stress,C02,G2,F2,4,2,lab,30,lab,S5
TTO-09399,stress,C03,G1,F2,4,2,lab,30,lab,S4
TTO-09399,stress,C04,G2,F2,4,2,lab,30,lab,S7
TTO-09399,stress,C05,G2,F2,4,2,lab,30,lab,S4
TTO-09400,stress,C01,G1,F1,4,2,lab,30,lab,S10
TTO-09400,stress,C02,G1,F3,4,2,classroom,60,classroom,S6
TTO-09400,stress,C03,G1,F3,4,2,classroom,60,classroom,S8
TTO-09400,stress,C04,G1,F2,4,2,lab,30,lab,S9
TTO-09400,stress,C05,G2,F3,4,2,classroom,60,classroom,S9
TTO-09401,stress,C01,G2,F1,4,2,lab,30,lab,S7
TTO-09401,stress,C02,G1,F1,4,2,classroom,60,classroom,S8
TTO-09401,stress,C03,G1,F1,4,2,lab,30,lab,S10
TTO-09401,stress,C04,G1,F1,4,2,classroom,60,classroom,S4
TTO-09401,stress,C05,G1,F2,4,2,classroom,60,classroom,S3
TTO-09402,stress,C01,G1,F1,4,2,lab,30,lab,S1
TTO-09402,stress,C02,G2,F1,4,2,lab,30,lab,S7
TTO-09402,stress,C03,G2,F1,4,2,classroom,60,classroom,S6
TTO-09402,stress,C04,G2,F2,4,2,classroom,60,classroom,S10
TTO-09402,stress,C05,G1,F1,4,2,lab,30,lab,S9
TTO-09403,stress,C01,G1,F3,4,2,classroom,60,classroom,S10
TTO-09403,stress,C02,G1,F3,4,2,lab,30,lab,S6
TTO-09403,stress,C03,G1,F3,4,2,lab,30,lab,S1
TTO-09403,stress,C04,G1,F3,4,2,classroom,60,classroom,S10
TTO-09403,stress,C05,G1,F1,4,2,lab,30,lab,S6
TTO-09404,stress,C01,G1,F3,4,2,lab,30,lab,S1
TTO-09404,stress,C02,G1,F3,4,2,lab,30,lab,S5
TTO-09404,stress,C03,G1,F3,4,2,classroom,60,classroom,S5
TTO-09404,stress,C04,G1,F3,4,2,lab,30,lab,S1
TTO-09404,stress,C05,G2,F3,4,2,lab,30,lab,S7
TTO-09405,stress,C01,G2,F2,4,2,lab,30,lab,S10
TTO-09405,stress,C02,G2,F2,4,2,lab,30,lab,S10
TTO-09405,stress,C03,G2,F3,4,2,classroom,60,classroom,S4
TTO-09405,stress,C04,G2,F2,4,2,lab,30,lab,S1
TTO-09405,stress,C05,G2,F3,4,2,lab,30,lab,S3
TTO-09406,stress,C01,G1,F2,4,2,classroom,60,classroom,S3
TTO-09406,stress,C02,G1,F3,4,2,lab,30,lab,S7
TTO-09406,stress,C03,G1,F3,4,2,classroom,60,classroom,S6
TTO-09406,stress,C04,G1,F3,4,2,classroom,60,classroom,S4
TTO-09406,stress,C05,G1,F3,4,2,lab,30,lab,S8
TTO-09407,stress,C01,G1,F2,4,2,classroom,60,classroom,S2
TTO-09407,stress,C02,G2,F2,4,2,lab,30,lab,S5
TTO-09407,stress,C03,G1,F2,4,2,classroom,60,classroom,S5
TTO-09407,stress,C04,G1,F2,4,2,lab,30,lab,S9
TTO-09407,stress,C05,G1,F2,4,2,lab,30,lab,S10
TTO-09408,stress,C01,G1,F3,4,2,classroom,60,classroom,S1
TTO-09408,stress,C02,G2,F2,4,2,lab,30,lab,S9
TTO-09408,stress,C03,G2,F2,4,2,classroom,60,classroom,S5
TTO-09408,stress,C04,G2,F2,4,2,classroom,60,classroom,S3
TTO-09408,stress,C05,G2,F2,4,2,lab,30,lab,S1
TTO-09409,stress,C01,G2,F2,4,2,classroom,60,classroom,S7
TTO-09409,stress,C02,G1,F2,4,2,lab,30,lab,S9
TTO-09409,stress,C03,G2,F3,4,2,lab,30,lab,S1
TTO-09409,stress,C04,G1,F2,4,2,lab,30,lab,S7
TTO-09409,stress,C05,G2,F2,4,2,lab,30,lab,S8
TTO-09410,stress,C01,G1,F2,4,2,classroom,60,classroom,S4
TTO-09410,stress,C02,G1,F1,4,2,lab,30,lab,S2
TTO-09410,stress,C03,G1,F3,4,2,lab,30,lab,S7
TTO-09410,stress,C04,G1,F3,4,2,lab,30,lab,S8
TTO-09410,stress,C05,G1,F1,4,2,classroom,60,classroom,S2
TTO-09411,stress,C01,G1,F1,4,2,classroom,60,classroom,S3
TTO-09411,stress,C02,G1,F2,4,2,classroom,60,classroom,S8
TTO-09411,stress,C03,G2,F1,4,2,lab,30,lab,S6
TTO-09411,stress,C04,G2,F1,4,2,classroom,60,classroom,S5
TTO-09411,stress,C05,G2,F1,4,2,classroom,60,classroom,S7
TTO-09412,stress,C01,G2,F1,4,2,lab,30,lab,S2
TTO-09412,stress,C02,G2,F1,4,2,lab,30,lab,S9
TTO-09412,stress,C03,G2,F1,4,2,lab,30,lab,S5
TTO-09412,stress,C04,G1,F1,4,2,classroom,60,classroom,S7
TTO-09412,stress,C05,G2,F3,4,2,lab,30,lab,S10
TTO-09413,stress,C01,G1,F1,4,2,classroom,60,classroom,S2
TTO-09413,stress,C02,G2,F1,4,2,lab,30,lab,S8
TTO-09413,stress,C03,G2,F3,4,2,classroom,60,classroom,S10
TTO-09413,stress,C04,G2,F1,4,2,lab,30,lab,S10
TTO-09413,stress,C05,G2,F2,4,2,classroom,60,classroom,S1
TTO-09414,stress,C01,G1,F3,4,2,classroom,60,classroom,S8
TTO-09414,stress,C02,G2,F3,4,2,lab,30,lab,S7
TTO-09414,stress,C03,G2,F1,4,2,classroom,60,classroom,S1
TTO-09414,stress,C04,G2,F3,4,2,lab,30,lab,S2
TTO-09414,stress,C05,G2,F3,4,2,classroom,60,classroom,S4
TTO-09415,stress,C01,G2,F1,4,2,lab,30,lab,S3
TTO-09415,stress,C02,G1,F1,4,2,lab,30,lab,S4
TTO-09415,stress,C03,G2,F2,4,2,classroom,60,classroom,S3
TTO-09415,stress,C04,G2,F2,4,2,classroom,60,classroom,S3
TTO-09415,stress,C05,G2,F1,4,2,lab,30,lab,S9
TTO-09416,stress,C01,G1,F1,4,2,classroom,60,classroom,S3
TTO-09416,stress,C02,G2,F1,4,2,lab,30,lab,S7
TTO-09416,stress,C03,G1,F1,4,2,classroom,60,classroom,S7
TTO-09416,stress,C04,G1,F2,4,2,lab,30,lab,S4
TTO-09416,stress,C05,G1,F2,4,2,classroom,60,classroom,S2
TTO-09417,stress,C01,G2,F2,4,2,lab,30,lab,S4
TTO-09417,stress,C02,G2,F2,4,2,lab,30,lab,S8
TTO-09417,stress,C03,G2,F1,4,2,lab,30,lab,S6
TTO-09417,stress,C04,G2,F1,4,2,classroom,60,classroom,S5
TTO-09417,stress,C05,G2,F2,4,2,lab,30,lab,S5
TTO-09418,stress,C01,G2,F3,4,2,lab,30,lab,S5
TTO-09418,stress,C02,G2,F3,4,2,classroom,60,classroom,S4
TTO-09418,stress,C03,G1,F3,4,2,lab,30,lab,S8
TTO-09418,stress,C04,G2,F3,4,2,lab,30,lab,S4
TTO-09418,stress,C05,G2,F3,4,2,lab,30,lab,S9
TTO-09419,stress,C01,G2,F3,4,2,lab,30,lab,S6
TTO-09419,stress,C02,G2,F2,4,2,classroom,60,classroom,S5
TTO-09419,stress,C03,G2,F3,4,2,lab,30,lab,S4
TTO-09419,stress,C04,G2,F3,4,2,classroom,60,classroom,S7
TTO-09419,stress,C05,G2,F3,4,2,lab,30,lab,S4
TTO-09420,stress,C01,G1,F2,4,2,lab,30,lab,S10
TTO-09420,stress,C02,G2,F3,4,2,classroom,60,classroom,S5
TTO-09420,stress,C03,G1,F2,4,2,classroom,60,classroom,S2
TTO-09420,stress,C04,G1,F1,4,2,classroom,60,classroom,S10
TTO-09420,stress,C05,G1,F3,4,2,classroom,60,classroom,S8
TTO-09421,stress,C01,G1,F1,4,2,classroom,60,classroom,S8
TTO-09421,stress,C02,G1,F1,4,2,lab,30,lab,S1
TTO-09421,stress,C03,G1,F2,4,2,classroom,60,classroom,S1
TTO-09421,stress,C04,G1,F1,4,2,lab,30,lab,S4
TTO-09421,stress,C05,G1,F3,4,2,lab,30,lab,S5
TTO-09422,stress,C01,G2,F2,4,2,classroom,60,classroom,S7
TTO-09422,stress,C02,G1,F2,4,2,classroom,60,classroom,S5
TTO-09422,stress,C03,G2,F2,4,2,classroom,60,classroom,S7
TTO-09422,stress,C04,G2,F3,4,2,lab,30,lab,S1
TTO-09422,stress,C05,G2,F2,4,2,lab,30,lab,S1
TTO-09423,stress,C01,G2,F1,4,2,classroom,60,classroom,S10
TTO-09423,stress,C02,G1,F3,4,2,classroom,60,classroom,S8
TTO-09423,stress,C03,G1,F3,4,2,classroom,60,classroom,S2
TTO-09423,stress,C04,G2,F3,4,2,lab,30,lab,S4
TTO-09423,stress,C05,G1,F2,4,2,lab,30,lab,S5
TTO-09424,stress,C01,G2,F3,4,2,lab,30,lab,S1
TTO-09424,stress,C02,G2,F2,4,2,classroom,60,classroom,S3
TTO-09424,stress,C03,G2,F3,4,2,lab,30,lab,S3
TTO-09424,stress,C04,G1,F3,4,2,classroom,60,classroom,S2
TTO-09424,stress,C05,G2,F3,4,2,lab,30,lab,S9
TTO-09425,stress,C01,G1,F2,4,2,classroom,60,classroom,S6
TTO-09425,stress,C02,G1,F2,4,2,lab,30,lab,S4
TTO-09425,stress,C03,G1,F2,4,2,lab,30,lab,S3
TTO-09425,stress,C04,G1,F2,4,2,classroom,60,classroom,S1
TTO-09425,stress,C05,G1,F2,4,2,classroom,60,classroom,S2
TTO-09426,stress,C01,G1,F1,4,2,classroom,60,classroom,S3
TTO-09426,stress,C02,G1,F1,4,2,classroom,60,classroom,S3
TTO-09426,stress,C03,G1,F2,4,2,classroom,60,classroom,S9
TTO-09426,stress,C04,G1,F1,4,2,classroom,60,classroom,S6
TTO-09426,stress,C05,G1,F3,4,2,lab,30,lab,S10
TTO-09427,stress,C01,G2,F3,4,2,lab,30,lab,S10
TTO-09427,stress,C02,G1,F1,4,2,lab,30,lab,S3
TTO-09427,stress,C03,G2,F1,4,2,lab,30,lab,S3
TTO-09427,stress,C04,G2,F1,4,2,lab,30,lab,S9
TTO-09427,stress,C05,G2,F1,4,2,classroom,60,classroom,S2
TTO-09428,stress,C01,G2,F1,4,2,lab,30,lab,S6
TTO-09428,stress,C02,G1,F3,4,2,lab,30,lab,S9
TTO-09428,stress,C03,G1,F1,4,2,lab,30,lab,S8
TTO-09428,stress,C04,G1,F1,4,2,classroom,60,classroom,S9
TTO-09428,stress,C05,G1,F1,4,2,classroom,60,classroom,S1
TTO-09429,stress,C01,G2,F3,4,2,classroom,60,classroom,S5
TTO-09429,stress,C02,G2,F3,4,2,classroom,60,classroom,S7
TTO-09429,stress,C03,G2,F3,4,2,classroom,60,classroom,S4
TTO-09429,stress,C04,G2,F3,4,2,lab,30,lab,S3
TTO-09429,stress,C05,G1,F3,4,2,lab,30,lab,S2
TTO-09430,stress,C01,G1,F3,4,2,classroom,60,classroom,S1
TTO-09430,stress,C02,G1,F3,4,2,classroom,60,classroom,S5
TTO-09430,stress,C03,G1,F2,4,2,lab,30,lab,S9
TTO-09430,stress,C04,G1,F1,4,2,classroom,60,classroom,S9
TTO-09430,stress,C05,G1,F3,4,2,lab,30,lab,S10
TTO-09431,stress,C01,G1,F2,4,2,classroom,60,classroom,S7
TTO-09431,stress,C02,G1,F1,4,2,classroom,60,classroom,S1
TTO-09431,stress,C03,G1,F3,4,2,lab,30,lab,S6
TTO-09431,stress,C04,G1,F1,4,2,lab,30,lab,S5
TTO-09431,stress,C05,G1,F1,4,2,lab,30,lab,S7
TTO-09432,stress,C01,G2,F1,4,2,lab,30,lab,S7
TTO-09432,stress,C02,G2,F1,4,2,classroom,60,classroom,S5
TTO-09432,stress,C03,G2,F1,4,2,classroom,60,classroom,S2
TTO-09432,stress,C04,G2,F1,4,2,lab,30,lab,S2
TTO-09432,stress,C05,G1,F1,4,2,classroom,60,classroom,S4
TTO-09433,stress,C01,G2,F3,4,2,lab,30,lab,S3
TTO-09433,stress,C02,G2,F1,4,2,lab,30,lab,S8
TTO-09433,stress,C03,G2,F1,4,2,lab,30,lab,S9
TTO-09433,stress,C04,G2,F1,4,2,lab,30,lab,S5
TTO-09433,stress,C05,G1,F1,4,2,lab,30,lab,S3
TTO-09434,stress,C01,G2,F3,4,2,lab,30,lab,S1
TTO-09434,stress,C02,G2,F2,4,2,lab,30,lab,S8
TTO-09434,stress,C03,G2,F1,4,2,lab,30,lab,S5
TTO-09434,stress,C04,G2,F2,4,2,lab,30,lab,S8
TTO-09434,stress,C05,G1,F3,4,2,classroom,60,classroom,S1
TTO-09435,stress,C01,G2,F3,4,2,lab,30,lab,S4
TTO-09435,stress,C02,G2,F1,4,2,classroom,60,classroom,S2
TTO-09435,stress,C03,G2,F2,4,2,classroom,60,classroom,S10
TTO-09435,stress,C04,G2,F3,4,2,lab,30,lab,S8
TTO-09435,stress,C05,G1,F3,4,2,classroom,60,classroom,S10
TTO-09436,stress,C01,G1,F2,4,2,lab,30,lab,S7
TTO-09436,stress,C02,G1,F3,4,2,lab,30,lab,S6
TTO-09436,stress,C03,G1,F3,4,2,classroom,60,classroom,S1
TTO-09436,stress,C04,G1,F3,4,2,lab,30,lab,S5
TTO-09436,stress,C05,G1,F3,4,2,lab,30,lab,S1
TTO-09437,stress,C01,G1,F1,4,2,lab,30,lab,S2
TTO-09437,stress,C02,G1,F2,4,2,lab,30,lab,S2
TTO-09437,stress,C03,G1,F1,4,2,classroom,60,classroom,S8
TTO-09437,stress,C04,G1,F1,4,2,lab,30,lab,S4
TTO-09437,stress,C05,G1,F1,4,2,classroom,60,classroom,S2
TTO-09438,stress,C01,G1,F1,4,2,lab,30,lab,S1
TTO-09438,stress,C02,G2,F1,4,2,classroom,60,classroom,S1
TTO-09438,stress,C03,G2,F1,4,2,lab,30,lab,S5
TTO-09438,stress,C04,G2,F1,4,2,classroom,60,classroom,S7
TTO-09438,stress,C05,G2,F2,4,2,lab,30,lab,S10
TTO-09439,stress,C01,G1,F2,4,2,classroom,60,classroom,S8
TTO-09439,stress,C02,G1,F2,4,2,classroom,60,classroom,S5
TTO-09439,stress,C03,G1,F2,4,2,lab,30,lab,S5
TTO-09439,stress,C04,G1,F2,4,2,lab,30,lab,S10
TTO-09439,stress,C05,G1,F3,4,2,classroom,60,classroom,S8
TTO-09440,stress,C01,G1,F1,4,2,classroom,60,classroom,S9
TTO-09440,stress,C02,G1,F2,4,2,lab,30,lab,S7
TTO-09440,stress,C03,G1,F2,4,2,lab,30,lab,S4
TTO-09440,stress,C04,G1,F2,4,2,classroom,60,classroom,S1
TTO-09440,stress,C05,G1,F2,4,2,lab,30,lab,S3
TTO-09441,stress,C01,G1,F2,4,2,lab,30,lab,S7
TTO-09441,stress,C02,G1,F1,4,2,lab,30,lab,S9
TTO-09441,stress,C03,G2,F1,4,2,lab,30,lab,S1
TTO-09441,stress,C04,G2,F1,4,2,lab,30,lab,S7
TTO-09441,stress,C05,G2,F1,4,2,lab,30,lab,S4
TTO-09442,stress,C01,G1,F1,4,2,classroom,60,classroom,S4
TTO-09442,stress,C02,G1,F2,4,2,classroom,60,classroom,S4
TTO-09442,stress,C03,G1,F2,4,2,lab,30,lab,S5
TTO-09442,stress,C04,G1,F1,4,2,classroom,60,classroom,S3
TTO-09442,stress,C05,G1,F1,4,2,lab,30,lab,S8
TTO-09443,stress,C01,G2,F1,4,2,classroom,60,classroom,S7
TTO-09443,stress,C02,G2,F3,4,2,lab,30,lab,S7
TTO-09443,stress,C03,G2,F1,4,2,lab,30,lab,S10
TTO-09443,stress,C04,G2,F1,4,2,lab,30,lab,S8
TTO-09443,stress,C05,G2,F1,4,2,classroom,60,classroom,S9
TTO-09444,stress,C01,G2,F3,4,2,classroom,60,classroom,S6
TTO-09444,stress,C02,G1,F2,4,2,classroom,60,classroom,S3
TTO-09444,stress,C03,G2,F3,4,2,classroom,60,classroom,S10
TTO-09444,stress,C04,G2,F2,4,2,lab,30,lab,S4
TTO-09444,stress,C05,G2,F2,4,2,lab,30,lab,S10
TTO-09445,stress,C01,G1,F2,4,2,classroom,60,classroom,S5
TTO-09445,stress,C02,G2,F3,4,2,classroom,60,classroom,S2
TTO-09445,stress,C03,G2,F2,4,2,lab,30,lab,S2
TTO-09445,stress,C04,G2,F2,4,2,classroom,60,classroom,S8
TTO-09445,stress,C05,G2,F3,4,2,lab,30,lab,S7
TTO-09446,stress,C01,G2,F3,4,2,classroom,60,classroom,S6
TTO-09446,stress,C02,G2,F2,4,2,classroom,60,classroom,S7
TTO-09446,stress,C03,G2,F2,4,2,classroom,60,classroom,S10
TTO-09446,stress,C04,G2,F2,4,2,lab,30,lab,S1
TTO-09446,stress,C05,G2,F2,4,2,classroom,60,classroom,S5
TTO-09447,stress,C01,G1,F2,4,2,lab,30,lab,S6
TTO-09447,stress,C02,G1,F2,4,2,classroom,60,classroom,S3
TTO-09447,stress,C03,G1,F2,4,2,classroom,60,classroom,S7
TTO-09447,stress,C04,G1,F1,4,2,classroom,60,classroom,S7
TTO-09447,stress,C05,G1,F2,4,2,classroom,60,classroom,S7
TTO-09448,stress,C01,G1,F3,4,2,classroom,60,classroom,S6
TTO-09448,stress,C02,G2,F3,4,2,lab,30,lab,S9
TTO-09448,stress,C03,G1,F3,4,2,classroom,60,classroom,S3
TTO-09448,stress,C04,G2,F3,4,2,lab,30,lab,S5
TTO-09448,stress,C05,G2,F3,4,2,lab,30,lab,S5
TTO-09449,stress,C01,G2,F3,4,2,classroom,60,classroom,S4
TTO-09449,stress,C02,G1,F2,4,2,lab,30,lab,S2
TTO-09449,stress,C03,G2,F3,4,2,classroom,60,classroom,S4
TTO-09449,stress,C04,G1,F3,4,2,lab,30,lab,S10
TTO-09449,stress,C05,G1,F3,4,2,classroom,60,classroom,S9
TTO-09450,stress,C01,G1,F2,4,2,classroom,60,classroom,S10
TTO-09450,stress,C02,G1,F3,4,2,lab,30,lab,S3
TTO-09450,stress,C03,G1,F3,4,2,classroom,60,classroom,S2
TTO-09450,stress,C04,G1,F3,4,2,classroom,60,classroom,S5
TTO-09450,stress,C05,G1,F2,4,2,lab,30,lab,S9
TTO-09451,stress,C01,G2,F2,4,2,lab,30,lab,S1
TTO-09451,stress,C02,G2,F1,4,2,classroom,60,classroom,S9
TTO-09451,stress,C03,G1,F1,4,2,classroom,60,classroom,S7
TTO-09451,stress,C04,G2,F1,4,2,classroom,60,classroom,S3
TTO-09451,stress,C05,G2,F1,4,2,classroom,60,classroom,S9
TTO-09452,stress,C01,G1,F2,4,2,classroom,60,classroom,S10
TTO-09452,stress,C02,G1,F1,4,2,lab,30,lab,S5
TTO-09452,stress,C03,G1,F2,4,2,lab,30,lab,S2
TTO-09452,stress,C04,G1,F2,4,2,classroom,60,classroom,S9
TTO-09452,stress,C05,G1,F3,4,2,lab,30,lab,S2
TTO-09453,stress,C01,G2,F3,4,2,classroom,60,classroom,S3
TTO-09453,stress,C02,G2,F3,4,2,classroom,60,classroom,S3
TTO-09453,stress,C03,G2,F3,4,2,lab,30,lab,S8
TTO-09453,stress,C04,G2,F3,4,2,classroom,60,classroom,S5
TTO-09453,stress,C05,G2,F3,4,2,lab,30,lab,S10
TTO-09454,stress,C01,G1,F2,4,2,lab,30,lab,S7
TTO-09454,stress,C02,G1,F2,4,2,lab,30,lab,S9
TTO-09454,stress,C03,G1,F1,4,2,lab,30,lab,S9
TTO-09454,stress,C04,G1,F2,4,2,lab,30,lab,S9
TTO-09454,stress,C05,G1,F2,4,2,lab,30,lab,S3
TTO-09455,stress,C01,G2,F2,4,2,classroom,60,classroom,S9
TTO-09455,stress,C02,G2,F2,4,2,classroom,60,classroom,S10
TTO-09455,stress,C03,G2,F2,4,2,classroom,60,classroom,S1
TTO-09455,stress,C04,G2,F2,4,2,classroom,60,classroom,S9
TTO-09455,stress,C05,G2,F2,4,2,classroom,60,classroom,S7
TTO-09456,stress,C01,G1,F2,4,2,classroom,60,classroom,S4
TTO-09456,stress,C02,G1,F2,4,2,classroom,60,classroom,S7
TTO-09456,stress,C03,G1,F1,4,2,classroom,60,classroom,S10
TTO-09456,stress,C04,G1,F1,4,2,classroom,60,classroom,S8
TTO-09456,stress,C05,G1,F3,4,2,lab,30,lab,S3
TTO-09457,stress,C01,G2,F3,4,2,classroom,60,classroom,S7
TTO-09457,stress,C02,G2,F3,4,2,classroom,60,classroom,S2
TTO-09457,stress,C03,G2,F2,4,2,lab,30,lab,S10
TTO-09457,stress,C04,G2,F3,4,2,classroom,60,classroom,S1
TTO-09457,stress,C05,G2,F3,4,2,lab,30,lab,S5
TTO-09458,stress,C01,G1,F1,4,2,lab,30,lab,S3
TTO-09458,stress,C02,G1,F1,4,2,classroom,60,classroom,S2
TTO-09458,stress,C03,G1,F1,4,2,classroom,60,classroom,S1
TTO-09458,stress,C04,G1,F2,4,2,lab,30,lab,S5
TTO-09458,stress,C05,G1,F1,4,2,lab,30,lab,S8
TTO-09459,stress,C01,G1,F1,4,2,classroom,60,classroom,S10
TTO-09459,stress,C02,G1,F2,4,2,classroom,60,classroom,S1
TTO-09459,stress,C03,G1,F2,4,2,lab,30,lab,S2
TTO-09459,stress,C04,G2,F2,4,2,classroom,60,classroom,S7
TTO-09459,stress,C05,G1,F2,4,2,lab,30,lab,S2
TTO-09460,stress,C01,G2,F1,4,2,classroom,60,classroom,S3
TTO-09460,stress,C02,G2,F1,4,2,lab,30,lab,S7
TTO-09460,stress,C03,G2,F1,4,2,lab,30,lab,S8
TTO-09460,stress,C04,G2,F3,4,2,classroom,60,classroom,S10
TTO-09460,stress,C05,G2,F3,4,2,lab,30,lab,S5
TTO-09461,stress,C01,G1,F2,4,2,lab,30,lab,S9
TTO-09461,stress,C02,G1,F3,4,2,classroom,60,classroom,S6
TTO-09461,stress,C03,G1,F2,4,2,classroom,60,classroom,S5
TTO-09461,stress,C04,G1,F2,4,2,classroom,60,classroom,S8
TTO-09461,stress,C05,G1,F2,4,2,classroom,60,classroom,S5
TTO-09462,stress,C01,G2,F1,4,2,lab,30,lab,S1
TTO-09462,stress,C02,G1,F1,4,2,lab,30,lab,S9
TTO-09462,stress,C03,G1,F1,4,2,lab,30,lab,S4
TTO-09462,stress,C04,G1,F1,4,2,classroom,60,classroom,S9
TTO-09462,stress,C05,G1,F1,4,2,classroom,60,classroom,S8
TTO-09463,stress,C01,G1,F1,4,2,classroom,60,classroom,S7
TTO-09463,stress,C02,G1,F1,4,2,classroom,60,classroom,S2
TTO-09463,stress,C03,G1,F3,4,2,classroom,60,classroom,S2
TTO-09463,stress,C04,G2,F3,4,2,classroom,60,classroom,S2
TTO-09463,stress,C05,G1,F1,4,2,classroom,60,classroom,S5
TTO-09464,stress,C01,G2,F2,4,2,classroom,60,classroom,S9
TTO-09464,stress,C02,G2,F3,4,2,classroom,60,classroom,S5
TTO-09464,stress,C03,G2,F2,4,2,classroom,60,classroom,S5
TTO-09464,stress,C04,G2,F2,4,2,classroom,60,classroom,S5
TTO-09464,stress,C05,G1,F2,4,2,classroom,60,classroom,S3
TTO-09465,stress,C01,G2,F3,4,2,lab,30,lab,S3
TTO-09465,stress,C02,G2,F1,4,2,lab,30,lab,S10
TTO-09465,stress,C03,G2,F3,4,2,lab,30,lab,S1
TTO-09465,stress,C04,G2,F1,4,2,classroom,60,classroom,S4
TTO-09465,stress,C05,G2,F3,4,2,classroom,60,classroom,S5
TTO-09466,stress,C01,G2,F2,4,2,classroom,60,classroom,S6
TTO-09466,stress,C02,G1,F2,4,2,classroom,60,classroom,S7
TTO-09466,stress,C03,G2,F2,4,2,classroom,60,classroom,S4
TTO-09466,stress,C04,G1,F2,4,2,classroom,60,classroom,S7
TTO-09466,stress,C05,G2,F2,4,2,lab,30,lab,S5
TTO-09467,stress,C01,G1,F2,4,2,classroom,60,classroom,S3
TTO-09467,stress,C02,G2,F2,4,2,classroom,60,classroom,S4
TTO-09467,stress,C03,G1,F2,4,2,classroom,60,classroom,S2
TTO-09467,stress,C04,G1,F2,4,2,lab,30,lab,S10
TTO-09467,stress,C05,G2,F2,4,2,lab,30,lab,S1
TTO-09468,stress,C01,G2,F1,4,2,classroom,60,classroom,S1
TTO-09468,stress,C02,G1,F3,4,2,lab,30,lab,S7
TTO-09468,stress,C03,G2,F3,4,2,classroom,60,classroom,S7
TTO-09468,stress,C04,G2,F1,4,2,lab,30,lab,S3
TTO-09468,stress,C05,G2,F3,4,2,lab,30,lab,S10
TTO-09469,stress,C01,G1,F2,4,2,classroom,60,classroom,S2
TTO-09469,stress,C02,G1,F2,4,2,classroom,60,classroom,S4
TTO-09469,stress,C03,G1,F2,4,2,lab,30,lab,S10
TTO-09469,stress,C04,G2,F2,4,2,lab,30,lab,S10
TTO-09469,stress,C05,G1,F1,4,2,lab,30,lab,S7
TTO-09470,stress,C01,G2,F2,4,2,lab,30,lab,S5
TTO-09470,stress,C02,G2,F2,4,2,classroom,60,classroom,S3
TTO-09470,stress,C03,G2,F1,4,2,classroom,60,classroom,S3
TTO-09470,stress,C04,G2,F3,4,2,classroom,60,classroom,S8
TTO-09470,stress,C05,G2,F1,4,2,classroom,60,classroom,S5
TTO-09471,stress,C01,G2,F1,4,2,classroom,60,classroom,S9
TTO-09471,stress,C02,G2,F1,4,2,classroom,60,classroom,S7
TTO-09471,stress,C03,G2,F2,4,2,classroom,60,classroom,S6
TTO-09471,stress,C04,G1,F1,4,2,classroom,60,classroom,S9
TTO-09471,stress,C05,G2,F1,4,2,lab,30,lab,S2
TTO-09472,stress,C01,G1,F3,4,2,lab,30,lab,S4
TTO-09472,stress,C02,G1,F3,4,2,lab,30,lab,S4
TTO-09472,stress,C03,G1,F1,4,2,lab,30,lab,S8
TTO-09472,stress,C04,G1,F3,4,2,classroom,60,classroom,S4
TTO-09472,stress,C05,G1,F3,4,2,classroom,60,classroom,S1
TTO-09473,stress,C01,G2,F1,4,2,lab,30,lab,S8
TTO-09473,stress,C02,G2,F1,4,2,lab,30,lab,S9
TTO-09473,stress,C03,G2,F1,4,2,classroom,60,classroom,S10
TTO-09473,stress,C04,G2,F3,4,2,lab,30,lab,S5
TTO-09473,stress,C05,G2,F1,4,2,classroom,60,classroom,S2
TTO-09474,stress,C01,G2,F1,4,2,classroom,60,classroom,S6
TTO-09474,stress,C02,G2,F1,4,2,classroom,60,classroom,S1
TTO-09474,stress,C03,G1,F1,4,2,lab,30,lab,S3
TTO-09474,stress,C04,G2,F1,4,2,classroom,60,classroom,S1
TTO-09474,stress,C05,G2,F1,4,2,classroom,60,classroom,S8
TTO-09475,stress,C01,G1,F1,4,2,classroom,60,classroom,S5
TTO-09475,stress,C02,G2,F2,4,2,classroom,60,classroom,S9
TTO-09475,stress,C03,G2,F2,4,2,classroom,60,classroom,S1
TTO-09475,stress,C04,G1,F2,4,2,lab,30,lab,S1
TTO-09475,stress,C05,G2,F2,4,2,classroom,60,classroom,S10
TTO-09476,stress,C01,G2,F2,4,2,lab,30,lab,S8
TTO-09476,stress,C02,G2,F2,4,2,lab,30,lab,S8
TTO-09476,stress,C03,G2,F2,4,2,classroom,60,classroom,S5
TTO-09476,stress,C04,G2,F2,4,2,lab,30,lab,S6
TTO-09476,stress,C05,G1,F2,4,2,classroom,60,classroom,S2
TTO-09477,stress,C01,G2,F2,4,2,lab,30,lab,S8
TTO-09477,stress,C02,G2,F2,4,2,classroom,60,classroom,S7
TTO-09477,stress,C03,G2,F2,4,2,classroom,60,classroom,S10
TTO-09477,stress,C04,G2,F2,4,2,classroom,60,classroom,S8
TTO-09477,stress,C05,G1,F2,4,2,classroom,60,classroom,S1
TTO-09478,stress,C01,G2,F3,4,2,classroom,60,classroom,S3
TTO-09478,stress,C02,G2,F3,4,2,lab,30,lab,S10
TTO-09478,stress,C03,G2,F1,4,2,lab,30,lab,S3
TTO-09478,stress,C04,G2,F2,4,2,lab,30,lab,S7
TTO-09478,stress,C05,G2,F3,4,2,lab,30,lab,S8
TTO-09479,stress,C01,G2,F1,4,2,classroom,60,classroom,S10
TTO-09479,stress,C02,G2,F1,4,2,lab,30,lab,S1
TTO-09479,stress,C03,G1,F1,4,2,classroom,60,classroom,S7
TTO-09479,stress,C04,G2,F1,4,2,lab,30,lab,S4
TTO-09479,stress,C05,G2,F2,4,2,lab,30,lab,S6
TTO-09480,stress,C01,G2,F3,4,2,classroom,60,classroom,S7
TTO-09480,stress,C02,G2,F3,4,2,classroom,60,classroom,S5
TTO-09480,stress,C03,G2,F3,4,2,classroom,60,classroom,S2
TTO-09480,stress,C04,G2,F3,4,2,classroom,60,classroom,S9
TTO-09480,stress,C05,G2,F3,4,2,classroom,60,classroom,S4
TTO-09481,stress,C01,G1,F2,4,2,lab,30,lab,S3
TTO-09481,stress,C02,G2,F2,4,2,lab,30,lab,S9
TTO-09481,stress,C03,G2,F2,4,2,classroom,60,classroom,S2
TTO-09481,stress,C04,G2,F2,4,2,classroom,60,classroom,S7
TTO-09481,stress,C05,G2,F2,4,2,classroom,60,classroom,S9
TTO-09482,stress,C01,G2,F2,4,2,lab,30,lab,S9
TTO-09482,stress,C02,G2,F2,4,2,classroom,60,classroom,S8
TTO-09482,stress,C03,G2,F2,4,2,lab,30,lab,S5
TTO-09482,stress,C04,G2,F2,4,2,classroom,60,classroom,S6
TTO-09482,stress,C05,G2,F2,4,2,lab,30,lab,S4
TTO-09483,stress,C01,G2,F3,4,2,lab,30,lab,S3
TTO-09483,stress,C02,G1,F2,4,2,classroom,60,classroom,S2
TTO-09483,stress,C03,G2,F1,4,2,classroom,60,classroom,S2
TTO-09483,stress,C04,G2,F3,4,2,classroom,60,classroom,S8
TTO-09483,stress,C05,G1,F2,4,2,lab,30,lab,S9
TTO-09484,stress,C01,G2,F1,4,2,lab,30,lab,S8
TTO-09484,stress,C02,G2,F1,4,2,classroom,60,classroom,S4
TTO-09484,stress,C03,G2,F1,4,2,lab,30,lab,S3
TTO-09484,stress,C04,G2,F1,4,2,lab,30,lab,S9
TTO-09484,stress,C05,G2,F3,4,2,lab,30,lab,S5
TTO-09485,stress,C01,G2,F3,4,2,lab,30,lab,S8
TTO-09485,stress,C02,G2,F2,4,2,classroom,60,classroom,S5
TTO-09485,stress,C03,G2,F3,4,2,lab,30,lab,S2
TTO-09485,stress,C04,G2,F2,4,2,classroom,60,classroom,S1
TTO-09485,stress,C05,G2,F3,4,2,lab,30,lab,S10
TTO-09486,stress,C01,G2,F2,4,2,classroom,60,classroom,S1
TTO-09486,stress,C02,G2,F2,4,2,lab,30,lab,S9
TTO-09486,stress,C03,G1,F1,4,2,lab,30,lab,S3
TTO-09486,stress,C04,G2,F2,4,2,lab,30,lab,S5
TTO-09486,stress,C05,G2,F2,4,2,lab,30,lab,S3
TTO-09487,stress,C01,G2,F3,4,2,lab,30,lab,S8
TTO-09487,stress,C02,G1,F1,4,2,classroom,60,classroom,S7
TTO-09487,stress,C03,G1,F2,4,2,lab,30,lab,S9
TTO-09487,stress,C04,G2,F3,4,2,classroom,60,classroom,S10
TTO-09487,stress,C05,G1,F3,4,2,classroom,60,classroom,S6
TTO-09488,stress,C01,G1,F2,4,2,lab,30,lab,S1
TTO-09488,stress,C02,G1,F2,4,2,lab,30,lab,S4
TTO-09488,stress,C03,G1,F2,4,2,lab,30,lab,S4
TTO-09488,stress,C04,G1,F2,4,2,lab,30,lab,S8
TTO-09488,stress,C05,G1,F3,4,2,lab,30,lab,S9
TTO-09489,stress,C01,G1,F3,4,2,lab,30,lab,S2
TTO-09489,stress,C02,G2,F3,4,2,classroom,60,classroom,S9
TTO-09489,stress,C03,G2,F3,4,2,lab,30,lab,S3
TTO-09489,stress,C04,G1,F3,4,2,classroom,60,classroom,S4
TTO-09489,stress,C05,G2,F3,4,2,lab,30,lab,S4
TTO-09490,stress,C01,G2,F3,4,2,classroom,60,classroom,S6
TTO-09490,stress,C02,G2,F3,4,2,lab,30,lab,S5
TTO-09490,stress,C03,G2,F3,4,2,lab,30,lab,S5
TTO-09490,stress,C04,G2,F3,4,2,lab,30,lab,S6
TTO-09490,stress,C05,G2,F2,4,2,lab,30,lab,S4
TTO-09491,stress,C01,G1,F1,4,2,classroom,60,classroom,S10
TTO-09491,stress,C02,G1,F1,4,2,classroom,60,classroom,S1
TTO-09491,stress,C03,G1,F1,4,2,lab,30,lab,S8
TTO-09491,stress,C04,G1,F1,4,2,classroom,60,classroom,S6
TTO-09491,stress,C05,G1,F1,4,2,lab,30,lab,S1
TTO-09492,stress,C01,G2,F3,4,2,lab,30,lab,S10
TTO-09492,stress,C02,G1,F2,4,2,classroom,60,classroom,S10
TTO-09492,stress,C03,G1,F2,4,2,classroom,60,classroom,S7
TTO-09492,stress,C04,G2,F2,4,2,lab,30,lab,S5
TTO-09492,stress,C05,G1,F2,4,2,lab,30,lab,S9
TTO-09493,stress,C01,G2,F3,4,2,classroom,60,classroom,S9
TTO-09493,stress,C02,G2,F3,4,2,lab,30,lab,S9
TTO-09493,stress,C03,G2,F3,4,2,classroom,60,classroom,S2
TTO-09493,stress,C04,G2,F3,4,2,classroom,60,classroom,S5
TTO-09493,stress,C05,G2,F3,4,2,classroom,60,classroom,S1
TTO-09494,stress,C01,G2,F1,4,2,lab,30,lab,S1
TTO-09494,stress,C02,G2,F1,4,2,lab,30,lab,S6
TTO-09494,stress,C03,G2,F1,4,2,lab,30,lab,S3
TTO-09494,stress,C04,G2,F1,4,2,lab,30,lab,S10
TTO-09494,stress,C05,G2,F1,4,2,classroom,60,classroom,S5
TTO-09495,stress,C01,G2,F1,4,2,lab,30,lab,S3
TTO-09495,stress,C02,G2,F3,4,2,lab,30,lab,S3
TTO-09495,stress,C03,G2,F1,4,2,lab,30,lab,S8
TTO-09495,stress,C04,G1,F3,4,2,lab,30,lab,S8
TTO-09495,stress,C05,G2,F3,4,2,lab,30,lab,S9
TTO-09496,stress,C01,G2,F3,4,2,classroom,60,classroom,S2
TTO-09496,stress,C02,G1,F3,4,2,lab,30,lab,S9
TTO-09496,stress,C03,G2,F2,4,2,lab,30,lab,S3
TTO-09496,stress,C04,G1,F3,4,2,lab,30,lab,S2
TTO-09496,stress,C05,G2,F3,4,2,classroom,60,classroom,S9
TTO-09497,stress,C01,G2,F1,4,2,classroom,60,classroom,S6
TTO-09497,stress,C02,G2,F1,4,2,lab,30,lab,S9
TTO-09497,stress,C03,G2,F2,4,2,lab,30,lab,S4
TTO-09497,stress,C04,G2,F1,4,2,classroom,60,classroom,S2
TTO-09497,stress,C05,G2,F1,4,2,classroom,60,classroom,S2
TTO-09498,stress,C01,G2,F1,4,2,classroom,60,classroom,S2
TTO-09498,stress,C02,G2,F1,4,2,classroom,60,classroom,S5
TTO-09498,stress,C03,G2,F1,4,2,classroom,60,classroom,S4
TTO-09498,stress,C04,G2,F1,4,2,classroom,60,classroom,S3
TTO-09498,stress,C05,G2,F1,4,2,classroom,60,classroom,S3
TTO-09499,stress,C01,G1,F3,4,2,lab,30,lab,S2
TTO-09499,stress,C02,G1,F3,4,2,classroom,60,classroom,S1
TTO-09499,stress,C03,G1,F3,4,2,classroom,60,classroom,S5
TTO-09499,stress,C04,G1,F3,4,2,lab,30,lab,S6
TTO-09499,stress,C05,G1,F3,4,2,classroom,60,classroom,S1
TTO-09500,stress,C01,G2,F1,4,2,classroom,60,classroom,S2
TTO-09500,stress,C02,G1,F3,4,2,lab,30,lab,S5
TTO-09500,stress,C03,G1,F1,4,2,lab,30,lab,S6
TTO-09500,stress,C04,G1,F1,4,2,lab,30,lab,S6
TTO-09500,stress,C05,G2,F3,4,2,classroom,60,classroom,S9
TTO-09501,stress,C01,G2,F2,4,2,lab,30,lab,S4
TTO-09501,stress,C02,G2,F2,4,2,lab,30,lab,S2
TTO-09501,stress,C03,G2,F2,4,2,lab,30,lab,S6
TTO-09501,stress,C04,G2,F2,4,2,lab,30,lab,S10
TTO-09501,stress,C05,G2,F2,4,2,classroom,60,classroom,S3
TTO-09502,stress,C01,G1,F3,4,2,classroom,60,classroom,S9
TTO-09502,stress,C02,G1,F1,4,2,lab,30,lab,S3
TTO-09502,stress,C03,G2,F1,4,2,classroom,60,classroom,S10
TTO-09502,stress,C04,G1,F1,4,2,classroom,60,classroom,S5
TTO-09502,stress,C05,G1,F1,4,2,lab,30,lab,S6
TTO-09503,stress,C01,G1,F1,4,2,classroom,60,classroom,S9
TTO-09503,stress,C02,G2,F1,4,2,lab,30,lab,S7
TTO-09503,stress,C03,G2,F1,4,2,classroom,60,classroom,S10
TTO-09503,stress,C04,G2,F1,4,2,lab,30,lab,S2
TTO-09503,stress,C05,G2,F1,4,2,lab,30,lab,S9
TTO-09504,stress,C01,G2,F1,4,2,classroom,60,classroom,S1
TTO-09504,stress,C02,G2,F3,4,2,classroom,60,classroom,S3
TTO-09504,stress,C03,G2,F2,4,2,classroom,60,classroom,S7
TTO-09504,stress,C04,G2,F3,4,2,lab,30,lab,S10
TTO-09504,stress,C05,G2,F1,4,2,classroom,60,classroom,S4
TTO-09505,stress,C01,G2,F2,4,2,lab,30,lab,S10
TTO-09505,stress,C02,G1,F2,4,2,classroom,60,classroom,S5
TTO-09505,stress,C03,G2,F1,4,2,lab,30,lab,S7
TTO-09505,stress,C04,G1,F1,4,2,lab,30,lab,S2
TTO-09505,stress,C05,G2,F2,4,2,classroom,60,classroom,S4
TTO-09506,stress,C01,G2,F1,4,2,classroom,60,classroom,S7
TTO-09506,stress,C02,G1,F3,4,2,classroom,60,classroom,S9
TTO-09506,stress,C03,G2,F3,4,2,lab,30,lab,S2
TTO-09506,stress,C04,G2,F1,4,2,classroom,60,classroom,S6
TTO-09506,stress,C05,G2,F1,4,2,classroom,60,classroom,S8
TTO-09507,stress,C01,G2,F3,4,2,classroom,60,classroom,S8
TTO-09507,stress,C02,G2,F3,4,2,classroom,60,classroom,S10
TTO-09507,stress,C03,G2,F3,4,2,lab,30,lab,S2
TTO-09507,stress,C04,G2,F1,4,2,lab,30,lab,S10
TTO-09507,stress,C05,G2,F3,4,2,classroom,60,classroom,S4
TTO-09508,stress,C01,G2,F3,4,2,classroom,60,classroom,S4
TTO-09508,stress,C02,G2,F3,4,2,lab,30,lab,S10
TTO-09508,stress,C03,G2,F3,4,2,classroom,60,classroom,S10
TTO-09508,stress,C04,G2,F3,4,2,classroom,60,classroom,S8
TTO-09508,stress,C05,G2,F3,4,2,classroom,60,classroom,S6
TTO-09509,stress,C01,G1,F3,4,2,classroom,60,classroom,S7
TTO-09509,stress,C02,G2,F3,4,2,classroom,60,classroom,S8
TTO-09509,stress,C03,G1,F3,4,2,lab,30,lab,S7
TTO-09509,stress,C04,G1,F3,4,2,classroom,60,classroom,S9
TTO-09509,stress,C05,G1,F3,4,2,lab,30,lab,S4
TTO-09510,stress,C01,G1,F1,4,2,classroom,60,classroom,S2
TTO-09510,stress,C02,G1,F1,4,2,lab,30,lab,S3
TTO-09510,stress,C03,G1,F1,4,2,lab,30,lab,S6
TTO-09510,stress,C04,G1,F1,4,2,classroom,60,classroom,S5
TTO-09510,stress,C05,G2,F1,4,2,lab,30,lab,S4
TTO-09511,stress,C01,G1,F3,4,2,classroom,60,classroom,S5
TTO-09511,stress,C02,G2,F3,4,2,lab,30,lab,S8
TTO-09511,stress,C03,G1,F3,4,2,lab,30,lab,S2
TTO-09511,stress,C04,G1,F3,4,2,lab,30,lab,S3
TTO-09511,stress,C05,G1,F3,4,2,lab,30,lab,S4
TTO-09512,stress,C01,G2,F3,4,2,lab,30,lab,S1
TTO-09512,stress,C02,G1,F3,4,2,lab,30,lab,S8
TTO-09512,stress,C03,G2,F3,4,2,classroom,60,classroom,S3
TTO-09512,stress,C04,G2,F3,4,2,lab,30,lab,S1
TTO-09512,stress,C05,G2,F3,4,2,lab,30,lab,S10
TTO-09513,stress,C01,G1,F1,4,2,classroom,60,classroom,S7
TTO-09513,stress,C02,G1,F1,4,2,lab,30,lab,S7
TTO-09513,stress,C03,G1,F1,4,2,lab,30,lab,S5
TTO-09513,stress,C04,G1,F1,4,2,classroom,60,classroom,S5
TTO-09513,stress,C05,G1,F1,4,2,classroom,60,classroom,S5
TTO-09514,stress,C01,G1,F2,4,2,classroom,60,classroom,S10
TTO-09514,stress,C02,G1,F2,4,2,classroom,60,classroom,S7
TTO-09514,stress,C03,G1,F2,4,2,classroom,60,classroom,S9
TTO-09514,stress,C04,G1,F2,4,2,classroom,60,classroom,S1
TTO-09514,stress,C05,G1,F2,4,2,lab,30,lab,S2
TTO-09515,stress,C01,G1,F2,4,2,lab,30,lab,S3
TTO-09515,stress,C02,G1,F2,4,2,lab,30,lab,S7
TTO-09515,stress,C03,G2,F2,4,2,lab,30,lab,S6
TTO-09515,stress,C04,G1,F2,4,2,classroom,60,classroom,S3
TTO-09515,stress,C05,G1,F2,4,2,lab,30,lab,S1
TTO-09516,stress,C01,G1,F3,4,2,lab,30,lab,S7
TTO-09516,stress,C02,G1,F3,4,2,lab,30,lab,S2
TTO-09516,stress,C03,G1,F1,4,2,lab,30,lab,S1
TTO-09516,stress,C04,G2,F3,4,2,classroom,60,classroom,S10
TTO-09516,stress,C05,G1,F2,4,2,lab,30,lab,S9
TTO-09517,stress,C01,G1,F2,4,2,lab,30,lab,S9
TTO-09517,stress,C02,G1,F2,4,2,classroom,60,classroom,S6
TTO-09517,stress,C03,G2,F2,4,2,lab,30,lab,S10
TTO-09517,stress,C04,G1,F2,4,2,lab,30,lab,S10
TTO-09517,stress,C05,G1,F2,4,2,classroom,60,classroom,S4
TTO-09518,stress,C01,G1,F1,4,2,classroom,60,classroom,S3
TTO-09518,stress,C02,G1,F1,4,2,classroom,60,classroom,S4
TTO-09518,stress,C03,G1,F1,4,2,classroom,60,classroom,S8
TTO-09518,stress,C04,G1,F1,4,2,lab,30,lab,S3
TTO-09518,stress,C05,G2,F1,4,2,classroom,60,classroom,S4
TTO-09519,stress,C01,G2,F1,4,2,classroom,60,classroom,S8
TTO-09519,stress,C02,G2,F1,4,2,classroom,60,classroom,S10
TTO-09519,stress,C03,G2,F1,4,2,lab,30,lab,S2
TTO-09519,stress,C04,G1,F1,4,2,lab,30,lab,S1
TTO-09519,stress,C05,G1,F1,4,2,classroom,60,classroom,S5
TTO-09520,stress,C01,G1,F1,4,2,lab,30,lab,S9
TTO-09520,stress,C02,G1,F2,4,2,classroom,60,classroom,S3
TTO-09520,stress,C03,G1,F3,4,2,lab,30,lab,S7
TTO-09520,stress,C04,G1,F3,4,2,classroom,60,classroom,S5
TTO-09520,stress,C05,G1,F3,4,2,lab,30,lab,S8
TTO-09521,stress,C01,G1,F2,4,2,classroom,60,classroom,S4
TTO-09521,stress,C02,G1,F2,4,2,lab,30,lab,S6
TTO-09521,stress,C03,G1,F2,4,2,lab,30,lab,S10
TTO-09521,stress,C04,G1,F3,4,2,lab,30,lab,S3
TTO-09521,stress,C05,G2,F2,4,2,classroom,60,classroom,S6
TTO-09522,stress,C01,G2,F2,4,2,classroom,60,classroom,S1
TTO-09522,stress,C02,G2,F2,4,2,lab,30,lab,S1
TTO-09522,stress,C03,G2,F1,4,2,classroom,60,classroom,S7
TTO-09522,stress,C04,G2,F2,4,2,classroom,60,classroom,S8
TTO-09522,stress,C05,G2,F3,4,2,classroom,60,classroom,S10
TTO-09523,stress,C01,G2,F1,4,2,classroom,60,classroom,S5
TTO-09523,stress,C02,G2,F1,4,2,lab,30,lab,S6
TTO-09523,stress,C03,G2,F1,4,2,lab,30,lab,S2
TTO-09523,stress,C04,G2,F1,4,2,lab,30,lab,S7
TTO-09523,stress,C05,G2,F1,4,2,classroom,60,classroom,S3
TTO-09524,stress,C01,G1,F2,4,2,classroom,60,classroom,S9
TTO-09524,stress,C02,G1,F1,4,2,lab,30,lab,S10
TTO-09524,stress,C03,G1,F1,4,2,lab,30,lab,S4
TTO-09524,stress,C04,G1,F3,4,2,lab,30,lab,S10
TTO-09524,stress,C05,G1,F1,4,2,classroom,60,classroom,S10
TTO-09525,stress,C01,G1,F3,4,2,lab,30,lab,S1
TTO-09525,stress,C02,G1,F3,4,2,classroom,60,classroom,S2
TTO-09525,stress,C03,G1,F3,4,2,classroom,60,classroom,S10
TTO-09525,stress,C04,G1,F3,4,2,lab,30,lab,S2
TTO-09525,stress,C05,G1,F3,4,2,lab,30,lab,S6
TTO-09526,stress,C01,G1,F2,4,2,classroom,60,classroom,S2
TTO-09526,stress,C02,G1,F2,4,2,classroom,60,classroom,S7
TTO-09526,stress,C03,G1,F3,4,2,classroom,60,classroom,S10
TTO-09526,stress,C04,G1,F3,4,2,classroom,60,classroom,S8
TTO-09526,stress,C05,G1,F3,4,2,lab,30,lab,S9
TTO-09527,stress,C01,G1,F3,4,2,lab,30,lab,S4
TTO-09527,stress,C02,G1,F2,4,2,classroom,60,classroom,S10
TTO-09527,stress,C03,G1,F2,4,2,lab,30,lab,S5
TTO-09527,stress,C04,G2,F2,4,2,lab,30,lab,S3
TTO-09527,stress,C05,G1,F2,4,2,lab,30,lab,S2
TTO-09528,stress,C01,G1,F3,4,2,lab,30,lab,S1
TTO-09528,stress,C02,G2,F3,4,2,classroom,60,classroom,S1
TTO-09528,stress,C03,G1,F3,4,2,lab,30,lab,S4
TTO-09528,stress,C04,G1,F2,4,2,lab,30,lab,S9
TTO-09528,stress,C05,G1,F3,4,2,lab,30,lab,S6
TTO-09529,stress,C01,G2,F1,4,2,lab,30,lab,S5
TTO-09529,stress,C02,G1,F1,4,2,lab,30,lab,S9
TTO-09529,stress,C03,G2,F1,4,2,classroom,60,classroom,S4
TTO-09529,stress,C04,G2,F1,4,2,lab,30,lab,S7
TTO-09529,stress,C05,G2,F1,4,2,classroom,60,classroom,S10
TTO-09530,stress,C01,G1,F1,4,2,classroom,60,classroom,S2
TTO-09530,stress,C02,G2,F1,4,2,lab,30,lab,S4
TTO-09530,stress,C03,G1,F2,4,2,classroom,60,classroom,S9
TTO-09530,stress,C04,G2,F3,4,2,classroom,60,classroom,S1
TTO-09530,stress,C05,G2,F1,4,2,classroom,60,classroom,S10
TTO-09531,stress,C01,G2,F3,4,2,classroom,60,classroom,S8
TTO-09531,stress,C02,G2,F1,4,2,classroom,60,classroom,S10
TTO-09531,stress,C03,G2,F1,4,2,lab,30,lab,S7
TTO-09531,stress,C04,G2,F1,4,2,classroom,60,classroom,S5
TTO-09531,stress,C05,G2,F1,4,2,classroom,60,classroom,S8
TTO-09532,stress,C01,G2,F1,4,2,classroom,60,classroom,S5
TTO-09532,stress,C02,G2,F1,4,2,classroom,60,classroom,S9
TTO-09532,stress,C03,G1,F1,4,2,lab,30,lab,S10
TTO-09532,stress,C04,G1,F3,4,2,classroom,60,classroom,S9
TTO-09532,stress,C05,G1,F1,4,2,lab,30,lab,S9
TTO-09533,stress,C01,G2,F3,4,2,lab,30,lab,S3
TTO-09533,stress,C02,G2,F3,4,2,lab,30,lab,S3
TTO-09533,stress,C03,G2,F3,4,2,classroom,60,classroom,S10
TTO-09533,stress,C04,G2,F3,4,2,classroom,60,classroom,S10
TTO-09533,stress,C05,G2,F3,4,2,lab,30,lab,S3
TTO-09534,stress,C01,G1,F1,4,2,classroom,60,classroom,S6
TTO-09534,stress,C02,G1,F1,4,2,lab,30,lab,S2
TTO-09534,stress,C03,G1,F1,4,2,lab,30,lab,S8
TTO-09534,stress,C04,G1,F3,4,2,lab,30,lab,S3
TTO-09534,stress,C05,G1,F1,4,2,classroom,60,classroom,S10
TTO-09535,stress,C01,G2,F2,4,2,lab,30,lab,S6
TTO-09535,stress,C02,G1,F2,4,2,lab,30,lab,S3
TTO-09535,stress,C03,G2,F2,4,2,lab,30,lab,S5
TTO-09535,stress,C04,G2,F2,4,2,classroom,60,classroom,S7
TTO-09535,stress,C05,G2,F2,4,2,classroom,60,classroom,S6
TTO-09536,stress,C01,G2,F1,4,2,classroom,60,classroom,S1
TTO-09536,stress,C02,G2,F1,4,2,lab,30,lab,S7
TTO-09536,stress,C03,G1,F3,4,2,classroom,60,classroom,S3
TTO-09536,stress,C04,G1,F1,4,2,classroom,60,classroom,S9
TTO-09536,stress,C05,G2,F1,4,2,lab,30,lab,S3
TTO-09537,stress,C01,G1,F3,4,2,classroom,60,classroom,S8
TTO-09537,stress,C02,G2,F3,4,2,classroom,60,classroom,S9
TTO-09537,stress,C03,G2,F1,4,2,lab,30,lab,S7
TTO-09537,stress,C04,G2,F3,4,2,classroom,60,classroom,S1
TTO-09537,stress,C05,G2,F3,4,2,lab,30,lab,S6
TTO-09538,stress,C01,G2,F1,4,2,classroom,60,classroom,S6
TTO-09538,stress,C02,G2,F1,4,2,lab,30,lab,S5
TTO-09538,stress,C03,G2,F2,4,2,classroom,60,classroom,S10
TTO-09538,stress,C04,G1,F1,4,2,classroom,60,classroom,S10
TTO-09538,stress,C05,G1,F3,4,2,classroom,60,classroom,S7
TTO-09539,stress,C01,G1,F3,4,2,classroom,60,classroom,S8
TTO-09539,stress,C02,G1,F3,4,2,lab,30,lab,S7
TTO-09539,stress,C03,G2,F3,4,2,lab,30,lab,S9
TTO-09539,stress,C04,G2,F3,4,2,classroom,60,classroom,S9
TTO-09539,stress,C05,G2,F3,4,2,classroom,60,classroom,S10
TTO-09540,stress,C01,G2,F2,4,2,classroom,60,classroom,S7
TTO-09540,stress,C02,G1,F3,4,2,lab,30,lab,S7
TTO-09540,stress,C03,G2,F2,4,2,lab,30,lab,S10
TTO-09540,stress,C04,G2,F2,4,2,lab,30,lab,S6
TTO-09540,stress,C05,G2,F3,4,2,classroom,60,classroom,S8
TTO-09541,stress,C01,G2,F1,4,2,classroom,60,classroom,S6
TTO-09541,stress,C02,G2,F3,4,2,lab,30,lab,S3
TTO-09541,stress,C03,G2,F2,4,2,classroom,60,classroom,S6
TTO-09541,stress,C04,G2,F1,4,2,classroom,60,classroom,S1
TTO-09541,stress,C05,G2,F2,4,2,classroom,60,classroom,S5
TTO-09542,stress,C01,G1,F2,4,2,classroom,60,classroom,S2
TTO-09542,stress,C02,G1,F2,4,2,classroom,60,classroom,S10
TTO-09542,stress,C03,G1,F2,4,2,classroom,60,classroom,S3
TTO-09542,stress,C04,G1,F1,4,2,lab,30,lab,S3
TTO-09542,stress,C05,G2,F2,4,2,lab,30,lab,S1
TTO-09543,stress,C01,G1,F3,4,2,classroom,60,classroom,S5
TTO-09543,stress,C02,G1,F3,4,2,classroom,60,classroom,S9
TTO-09543,stress,C03,G1,F1,4,2,classroom,60,classroom,S5
TTO-09543,stress,C04,G1,F3,4,2,lab,30,lab,S2
TTO-09543,stress,C05,G1,F3,4,2,lab,30,lab,S9
TTO-09544,stress,C01,G1,F2,4,2,lab,30,lab,S4
TTO-09544,stress,C02,G1,F1,4,2,classroom,60,classroom,S6
TTO-09544,stress,C03,G1,F2,4,2,lab,30,lab,S8
TTO-09544,stress,C04,G1,F1,4,2,classroom,60,classroom,S4
TTO-09544,stress,C05,G1,F2,4,2,classroom,60,classroom,S6
TTO-09545,stress,C01,G1,F2,4,2,classroom,60,classroom,S3
TTO-09545,stress,C02,G2,F2,4,2,classroom,60,classroom,S2
TTO-09545,stress,C03,G2,F2,4,2,classroom,60,classroom,S9
TTO-09545,stress,C04,G2,F2,4,2,lab,30,lab,S5
TTO-09545,stress,C05,G2,F2,4,2,classroom,60,classroom,S9
TTO-09546,stress,C01,G1,F1,4,2,classroom,60,classroom,S10
TTO-09546,stress,C02,G1,F1,4,2,lab,30,lab,S9
TTO-09546,stress,C03,G1,F1,4,2,classroom,60,classroom,S7
TTO-09546,stress,C04,G1,F1,4,2,lab,30,lab,S5
TTO-09546,stress,C05,G1,F1,4,2,lab,30,lab,S4
TTO-09547,stress,C01,G1,F3,4,2,lab,30,lab,S8
TTO-09547,stress,C02,G1,F3,4,2,lab,30,lab,S7
TTO-09547,stress,C03,G1,F3,4,2,classroom,60,classroom,S5
TTO-09547,stress,C04,G1,F3,4,2,classroom,60,classroom,S10
TTO-09547,stress,C05,G1,F3,4,2,classroom,60,classroom,S9
TTO-09548,stress,C01,G2,F2,4,2,lab,30,lab,S1
TTO-09548,stress,C02,G2,F2,4,2,classroom,60,classroom,S6
TTO-09548,stress,C03,G2,F2,4,2,lab,30,lab,S5
TTO-09548,stress,C04,G2,F1,4,2,classroom,60,classroom,S10
TTO-09548,stress,C05,G2,F2,4,2,classroom,60,classroom,S1
TTO-09549,stress,C01,G2,F1,4,2,lab,30,lab,S1
TTO-09549,stress,C02,G2,F2,4,2,classroom,60,classroom,S9
TTO-09549,stress,C03,G2,F2,4,2,lab,30,lab,S1
TTO-09549,stress,C04,G2,F2,4,2,lab,30,lab,S1
TTO-09549,stress,C05,G2,F2,4,2,lab,30,lab,S10
TTO-09550,stress,C01,G2,F1,4,2,lab,30,lab,S8
TTO-09550,stress,C02,G2,F1,4,2,classroom,60,classroom,S6
TTO-09550,stress,C03,G2,F1,4,2,lab,30,lab,S9
TTO-09550,stress,C04,G2,F1,4,2,lab,30,lab,S7
TTO-09550,stress,C05,G2,F1,4,2,lab,30,lab,S4
TTO-09551,stress,C01,G1,F2,4,2,lab,30,lab,S10
TTO-09551,stress,C02,G1,F3,4,2,classroom,60,classroom,S1
TTO-09551,stress,C03,G1,F3,4,2,lab,30,lab,S10
TTO-09551,stress,C04,G1,F3,4,2,classroom,60,classroom,S8
TTO-09551,stress,C05,G1,F3,4,2,classroom,60,classroom,S5
TTO-09552,stress,C01,G2,F3,4,2,lab,30,lab,S7
TTO-09552,stress,C02,G2,F1,4,2,classroom,60,classroom,S9
TTO-09552,stress,C03,G1,F3,4,2,lab,30,lab,S4
TTO-09552,stress,C04,G2,F3,4,2,classroom,60,classroom,S7
TTO-09552,stress,C05,G2,F3,4,2,classroom,60,classroom,S7
TTO-09553,stress,C01,G1,F2,4,2,lab,30,lab,S3
TTO-09553,stress,C02,G2,F2,4,2,classroom,60,classroom,S5
TTO-09553,stress,C03,G2,F2,4,2,classroom,60,classroom,S3
TTO-09553,stress,C04,G2,F2,4,2,lab,30,lab,S3
TTO-09553,stress,C05,G2,F2,4,2,classroom,60,classroom,S10
TTO-09554,stress,C01,G1,F3,4,2,classroom,60,classroom,S2
TTO-09554,stress,C02,G2,F3,4,2,lab,30,lab,S1
TTO-09554,stress,C03,G2,F3,4,2,lab,30,lab,S5
TTO-09554,stress,C04,G1,F3,4,2,classroom,60,classroom,S6
TTO-09554,stress,C05,G2,F3,4,2,classroom,60,classroom,S6
TTO-09555,stress,C01,G1,F3,4,2,classroom,60,classroom,S6
TTO-09555,stress,C02,G1,F1,4,2,classroom,60,classroom,S8
TTO-09555,stress,C03,G2,F1,4,2,classroom,60,classroom,S4
TTO-09555,stress,C04,G2,F3,4,2,lab,30,lab,S2
TTO-09555,stress,C05,G2,F2,4,2,classroom,60,classroom,S4
TTO-09556,stress,C01,G1,F3,4,2,classroom,60,classroom,S5
TTO-09556,stress,C02,G1,F3,4,2,lab,30,lab,S5
TTO-09556,stress,C03,G1,F2,4,2,classroom,60,classroom,S5
TTO-09556,stress,C04,G1,F2,4,2,lab,30,lab,S8
TTO-09556,stress,C05,G1,F3,4,2,lab,30,lab,S6
TTO-09557,stress,C01,G1,F2,4,2,lab,30,lab,S8
TTO-09557,stress,C02,G1,F3,4,2,classroom,60,classroom,S6
TTO-09557,stress,C03,G1,F3,4,2,classroom,60,classroom,S5
TTO-09557,stress,C04,G1,F2,4,2,classroom,60,classroom,S5
TTO-09557,stress,C05,G1,F1,4,2,classroom,60,classroom,S5
TTO-09558,stress,C01,G1,F1,4,2,lab,30,lab,S1
TTO-09558,stress,C02,G2,F1,4,2,lab,30,lab,S10
TTO-09558,stress,C03,G1,F3,4,2,classroom,60,classroom,S8
TTO-09558,stress,C04,G1,F2,4,2,lab,30,lab,S1
TTO-09558,stress,C05,G1,F1,4,2,classroom,60,classroom,S7
TTO-09559,stress,C01,G1,F1,4,2,lab,30,lab,S4
TTO-09559,stress,C02,G2,F1,4,2,lab,30,lab,S8
TTO-09559,stress,C03,G2,F1,4,2,lab,30,lab,S8
TTO-09559,stress,C04,G2,F1,4,2,lab,30,lab,S10
TTO-09559,stress,C05,G2,F1,4,2,lab,30,lab,S7
TTO-09560,stress,C01,G1,F3,4,2,lab,30,lab,S8
TTO-09560,stress,C02,G1,F3,4,2,lab,30,lab,S5
TTO-09560,stress,C03,G2,F3,4,2,lab,30,lab,S10
TTO-09560,stress,C04,G1,F3,4,2,lab,30,lab,S8
TTO-09560,stress,C05,G1,F1,4,2,lab,30,lab,S6
TTO-09561,stress,C01,G1,F3,4,2,classroom,60,classroom,S9
TTO-09561,stress,C02,G1,F3,4,2,classroom,60,classroom,S4
TTO-09561,stress,C03,G1,F3,4,2,lab,30,lab,S9
TTO-09561,stress,C04,G2,F3,4,2,lab,30,lab,S2
TTO-09561,stress,C05,G1,F3,4,2,lab,30,lab,S4
TTO-09562,stress,C01,G2,F1,4,2,lab,30,lab,S9
TTO-09562,stress,C02,G1,F1,4,2,lab,30,lab,S1
TTO-09562,stress,C03,G2,F2,4,2,classroom,60,classroom,S9
TTO-09562,stress,C04,G2,F3,4,2,classroom,60,classroom,S3
TTO-09562,stress,C05,G2,F1,4,2,lab,30,lab,S5
TTO-09563,stress,C01,G2,F1,4,2,lab,30,lab,S4
TTO-09563,stress,C02,G2,F1,4,2,classroom,60,classroom,S9
TTO-09563,stress,C03,G2,F1,4,2,classroom,60,classroom,S3
TTO-09563,stress,C04,G2,F1,4,2,classroom,60,classroom,S10
TTO-09563,stress,C05,G2,F1,4,2,lab,30,lab,S8
TTO-09564,stress,C01,G2,F1,4,2,lab,30,lab,S3
TTO-09564,stress,C02,G2,F2,4,2,classroom,60,classroom,S9
TTO-09564,stress,C03,G2,F2,4,2,lab,30,lab,S5
TTO-09564,stress,C04,G2,F1,4,2,classroom,60,classroom,S3
TTO-09564,stress,C05,G2,F2,4,2,classroom,60,classroom,S7
TTO-09565,stress,C01,G2,F1,4,2,classroom,60,classroom,S9
TTO-09565,stress,C02,G2,F3,4,2,lab,30,lab,S8
TTO-09565,stress,C03,G2,F1,4,2,lab,30,lab,S9
TTO-09565,stress,C04,G2,F1,4,2,lab,30,lab,S1
TTO-09565,stress,C05,G1,F1,4,2,lab,30,lab,S5
TTO-09566,stress,C01,G2,F2,4,2,lab,30,lab,S7
TTO-09566,stress,C02,G2,F1,4,2,classroom,60,classroom,S7
TTO-09566,stress,C03,G2,F3,4,2,classroom,60,classroom,S7
TTO-09566,stress,C04,G2,F1,4,2,lab,30,lab,S2
TTO-09566,stress,C05,G2,F3,4,2,lab,30,lab,S2
TTO-09567,stress,C01,G2,F2,4,2,classroom,60,classroom,S2
TTO-09567,stress,C02,G2,F2,4,2,classroom,60,classroom,S6
TTO-09567,stress,C03,G2,F2,4,2,lab,30,lab,S7
TTO-09567,stress,C04,G2,F2,4,2,lab,30,lab,S1
TTO-09567,stress,C05,G2,F2,4,2,lab,30,lab,S2
TTO-09568,stress,C01,G1,F3,4,2,lab,30,lab,S3
TTO-09568,stress,C02,G1,F3,4,2,lab,30,lab,S2
TTO-09568,stress,C03,G2,F2,4,2,classroom,60,classroom,S5
TTO-09568,stress,C04,G2,F1,4,2,classroom,60,classroom,S10
TTO-09568,stress,C05,G1,F3,4,2,lab,30,lab,S2
TTO-09569,stress,C01,G1,F3,4,2,lab,30,lab,S7
TTO-09569,stress,C02,G1,F2,4,2,lab,30,lab,S7
TTO-09569,stress,C03,G1,F3,4,2,classroom,60,classroom,S7
TTO-09569,stress,C04,G1,F2,4,2,classroom,60,classroom,S4
TTO-09569,stress,C05,G1,F2,4,2,lab,30,lab,S9
TTO-09570,stress,C01,G1,F3,4,2,classroom,60,classroom,S9
TTO-09570,stress,C02,G1,F3,4,2,lab,30,lab,S9
TTO-09570,stress,C03,G1,F3,4,2,lab,30,lab,S5
TTO-09570,stress,C04,G1,F3,4,2,lab,30,lab,S8
TTO-09570,stress,C05,G1,F3,4,2,classroom,60,classroom,S7
TTO-09571,stress,C01,G1,F1,4,2,lab,30,lab,S2
TTO-09571,stress,C02,G1,F2,4,2,classroom,60,classroom,S1
TTO-09571,stress,C03,G1,F3,4,2,lab,30,lab,S3
TTO-09571,stress,C04,G1,F2,4,2,lab,30,lab,S8
TTO-09571,stress,C05,G1,F2,4,2,lab,30,lab,S2
TTO-09572,stress,C01,G2,F3,4,2,classroom,60,classroom,S7
TTO-09572,stress,C02,G2,F3,4,2,lab,30,lab,S4
TTO-09572,stress,C03,G2,F3,4,2,classroom,60,classroom,S5
TTO-09572,stress,C04,G1,F3,4,2,classroom,60,classroom,S4
TTO-09572,stress,C05,G2,F3,4,2,lab,30,lab,S3
TTO-09573,stress,C01,G1,F2,4,2,classroom,60,classroom,S7
TTO-09573,stress,C02,G1,F2,4,2,classroom,60,classroom,S8
TTO-09573,stress,C03,G1,F2,4,2,classroom,60,classroom,S1
TTO-09573,stress,C04,G2,F2,4,2,lab,30,lab,S6
TTO-09573,stress,C05,G1,F1,4,2,classroom,60,classroom,S7
TTO-09574,stress,C01,G1,F2,4,2,lab,30,lab,S8
TTO-09574,stress,C02,G1,F2,4,2,classroom,60,classroom,S7
TTO-09574,stress,C03,G2,F2,4,2,classroom,60,classroom,S5
TTO-09574,stress,C04,G2,F2,4,2,classroom,60,classroom,S10
TTO-09574,stress,C05,G1,F1,4,2,classroom,60,classroom,S1
TTO-09575,stress,C01,G1,F2,4,2,classroom,60,classroom,S10
TTO-09575,stress,C02,G1,F2,4,2,classroom,60,classroom,S6
TTO-09575,stress,C03,G1,F2,4,2,lab,30,lab,S8
TTO-09575,stress,C04,G1,F2,4,2,lab,30,lab,S7
TTO-09575,stress,C05,G1,F2,4,2,lab,30,lab,S7
TTO-09576,stress,C01,G1,F3,4,2,classroom,60,classroom,S6
TTO-09576,stress,C02,G1,F1,4,2,classroom,60,classroom,S1
TTO-09576,stress,C03,G1,F3,4,2,classroom,60,classroom,S3
TTO-09576,stress,C04,G1,F3,4,2,lab,30,lab,S4
TTO-09576,stress,C05,G1,F3,4,2,lab,30,lab,S8
TTO-09577,stress,C01,G2,F3,4,2,classroom,60,classroom,S2
TTO-09577,stress,C02,G2,F3,4,2,classroom,60,classroom,S6
TTO-09577,stress,C03,G2,F2,4,2,classroom,60,classroom,S9
TTO-09577,stress,C04,G1,F3,4,2,classroom,60,classroom,S8
TTO-09577,stress,C05,G1,F2,4,2,lab,30,lab,S10
TTO-09578,stress,C01,G2,F3,4,2,lab,30,lab,S1
TTO-09578,stress,C02,G2,F1,4,2,lab,30,lab,S9
TTO-09578,stress,C03,G1,F3,4,2,lab,30,lab,S7
TTO-09578,stress,C04,G2,F3,4,2,lab,30,lab,S6
TTO-09578,stress,C05,G2,F3,4,2,lab,30,lab,S9
TTO-09579,stress,C01,G1,F3,4,2,classroom,60,classroom,S1
TTO-09579,stress,C02,G1,F3,4,2,classroom,60,classroom,S5
TTO-09579,stress,C03,G1,F2,4,2,classroom,60,classroom,S2
TTO-09579,stress,C04,G1,F3,4,2,lab,30,lab,S8
TTO-09579,stress,C05,G1,F1,4,2,classroom,60,classroom,S9
TTO-09580,stress,C01,G2,F1,4,2,lab,30,lab,S2
TTO-09580,stress,C02,G2,F1,4,2,lab,30,lab,S10
TTO-09580,stress,C03,G2,F1,4,2,classroom,60,classroom,S8
TTO-09580,stress,C04,G2,F3,4,2,classroom,60,classroom,S6
TTO-09580,stress,C05,G2,F1,4,2,classroom,60,classroom,S6
TTO-09581,stress,C01,G1,F1,4,2,classroom,60,classroom,S1
TTO-09581,stress,C02,G1,F3,4,2,classroom,60,classroom,S4
TTO-09581,stress,C03,G1,F2,4,2,lab,30,lab,S10
TTO-09581,stress,C04,G1,F1,4,2,lab,30,lab,S10
TTO-09581,stress,C05,G1,F2,4,2,lab,30,lab,S9
TTO-09582,stress,C01,G2,F3,4,2,lab,30,lab,S10
TTO-09582,stress,C02,G2,F1,4,2,lab,30,lab,S2
TTO-09582,stress,C03,G1,F1,4,2,classroom,60,classroom,S8
TTO-09582,stress,C04,G2,F1,4,2,lab,30,lab,S8
TTO-09582,stress,C05,G2,F1,4,2,lab,30,lab,S2
TTO-09583,stress,C01,G2,F3,4,2,classroom,60,classroom,S8
TTO-09583,stress,C02,G2,F2,4,2,classroom,60,classroom,S9
TTO-09583,stress,C03,G2,F1,4,2,lab,30,lab,S3
TTO-09583,stress,C04,G2,F3,4,2,lab,30,lab,S10
TTO-09583,stress,C05,G2,F3,4,2,classroom,60,classroom,S10
TTO-09584,stress,C01,G1,F3,4,2,classroom,60,classroom,S8
TTO-09584,stress,C02,G1,F2,4,2,lab,30,lab,S9
TTO-09584,stress,C03,G1,F3,4,2,lab,30,lab,S4
TTO-09584,stress,C04,G1,F3,4,2,lab,30,lab,S1
TTO-09584,stress,C05,G2,F3,4,2,classroom,60,classroom,S3
TTO-09585,stress,C01,G1,F2,4,2,lab,30,lab,S6
TTO-09585,stress,C02,G1,F2,4,2,lab,30,lab,S3
TTO-09585,stress,C03,G1,F2,4,2,lab,30,lab,S1
TTO-09585,stress,C04,G1,F1,4,2,lab,30,lab,S10
TTO-09585,stress,C05,G1,F2,4,2,classroom,60,classroom,S7
TTO-09586,stress,C01,G2,F1,4,2,lab,30,lab,S3
TTO-09586,stress,C02,G1,F1,4,2,classroom,60,classroom,S4
TTO-09586,stress,C03,G2,F1,4,2,classroom,60,classroom,S3
TTO-09586,stress,C04,G1,F1,4,2,classroom,60,classroom,S9
TTO-09586,stress,C05,G2,F1,4,2,classroom,60,classroom,S9
TTO-09587,stress,C01,G2,F1,4,2,classroom,60,classroom,S5
TTO-09587,stress,C02,G2,F1,4,2,classroom,60,classroom,S2
TTO-09587,stress,C03,G2,F1,4,2,lab,30,lab,S10
TTO-09587,stress,C04,G1,F1,4,2,classroom,60,classroom,S6
TTO-09587,stress,C05,G2,F2,4,2,lab,30,lab,S4
TTO-09588,stress,C01,G1,F1,4,2,lab,30,lab,S5
TTO-09588,stress,C02,G2,F3,4,2,lab,30,lab,S1
TTO-09588,stress,C03,G2,F1,4,2,classroom,60,classroom,S5
TTO-09588,stress,C04,G2,F1,4,2,classroom,60,classroom,S6
TTO-09588,stress,C05,G1,F1,4,2,classroom,60,classroom,S9
TTO-09589,stress,C01,G2,F2,4,2,classroom,60,classroom,S7
TTO-09589,stress,C02,G2,F2,4,2,lab,30,lab,S7
TTO-09589,stress,C03,G2,F2,4,2,lab,30,lab,S3
TTO-09589,stress,C04,G1,F2,4,2,classroom,60,classroom,S7
TTO-09589,stress,C05,G1,F2,4,2,classroom,60,classroom,S10
TTO-09590,stress,C01,G1,F2,4,2,lab,30,lab,S3
TTO-09590,stress,C02,G2,F2,4,2,classroom,60,classroom,S2
TTO-09590,stress,C03,G2,F1,4,2,lab,30,lab,S8
TTO-09590,stress,C04,G1,F2,4,2,lab,30,lab,S8
TTO-09590,stress,C05,G2,F2,4,2,classroom,60,classroom,S3
TTO-09591,stress,C01,G2,F3,4,2,lab,30,lab,S10
TTO-09591,stress,C02,G2,F3,4,2,classroom,60,classroom,S4
TTO-09591,stress,C03,G2,F2,4,2,lab,30,lab,S7
TTO-09591,stress,C04,G2,F2,4,2,classroom,60,classroom,S3
TTO-09591,stress,C05,G1,F3,4,2,classroom,60,classroom,S3
TTO-09592,stress,C01,G2,F3,4,2,lab,30,lab,S7
TTO-09592,stress,C02,G2,F3,4,2,classroom,60,classroom,S2
TTO-09592,stress,C03,G2,F2,4,2,lab,30,lab,S7
TTO-09592,stress,C04,G2,F3,4,2,classroom,60,classroom,S3
TTO-09592,stress,C05,G2,F3,4,2,lab,30,lab,S10
TTO-09593,stress,C01,G1,F2,4,2,lab,30,lab,S6
TTO-09593,stress,C02,G1,F2,4,2,classroom,60,classroom,S2
TTO-09593,stress,C03,G1,F2,4,2,classroom,60,classroom,S7
TTO-09593,stress,C04,G1,F1,4,2,lab,30,lab,S3
TTO-09593,stress,C05,G1,F2,4,2,lab,30,lab,S4
TTO-09594,stress,C01,G1,F2,4,2,lab,30,lab,S2
TTO-09594,stress,C02,G1,F1,4,2,classroom,60,classroom,S6
TTO-09594,stress,C03,G1,F1,4,2,classroom,60,classroom,S3
TTO-09594,stress,C04,G1,F1,4,2,lab,30,lab,S8
TTO-09594,stress,C05,G2,F3,4,2,classroom,60,classroom,S8
TTO-09595,stress,C01,G2,F2,4,2,classroom,60,classroom,S9
TTO-09595,stress,C02,G2,F1,4,2,lab,30,lab,S7
TTO-09595,stress,C03,G1,F2,4,2,classroom,60,classroom,S3
TTO-09595,stress,C04,G2,F3,4,2,classroom,60,classroom,S4
TTO-09595,stress,C05,G2,F1,4,2,lab,30,lab,S7
TTO-09596,stress,C01,G1,F1,4,2,classroom,60,classroom,S8
TTO-09596,stress,C02,G1,F1,4,2,classroom,60,classroom,S9
TTO-09596,stress,C03,G1,F3,4,2,classroom,60,classroom,S10
TTO-09596,stress,C04,G1,F2,4,2,lab,30,lab,S6
TTO-09596,stress,C05,G1,F3,4,2,classroom,60,classroom,S4
TTO-09597,stress,C01,G1,F2,4,2,lab,30,lab,S5
TTO-09597,stress,C02,G1,F2,4,2,classroom,60,classroom,S3
TTO-09597,stress,C03,G1,F2,4,2,classroom,60,classroom,S3
TTO-09597,stress,C04,G1,F2,4,2,classroom,60,classroom,S8
TTO-09597,stress,C05,G1,F2,4,2,lab,30,lab,S8
TTO-09598,stress,C01,G1,F1,4,2,lab,30,lab,S7
TTO-09598,stress,C02,G2,F1,4,2,classroom,60,classroom,S8
TTO-09598,stress,C03,G1,F1,4,2,classroom,60,classroom,S9
TTO-09598,stress,C04,G2,F1,4,2,classroom,60,classroom,S10
TTO-09598,stress,C05,G1,F1,4,2,lab,30,lab,S2
TTO-09599,stress,C01,G1,F1,4,2,lab,30,lab,S9
TTO-09599,stress,C02,G1,F1,4,2,lab,30,lab,S10
TTO-09599,stress,C03,G1,F1,4,2,classroom,60,classroom,S6
TTO-09599,stress,C04,G1,F2,4,2,lab,30,lab,S1
TTO-09599,stress,C05,G1,F2,4,2,classroom,60,classroom,S6
TTO-09600,stress,C01,G1,F2,4,2,classroom,60,classroom,S5
TTO-09600,stress,C02,G2,F3,4,2,lab,30,lab,S8
TTO-09600,stress,C03,G1,F2,4,2,lab,30,lab,S2
TTO-09600,stress,C04,G1,F2,4,2,classroom,60,classroom,S5
TTO-09600,stress,C05,G2,F2,4,2,lab,30,lab,S3
TTO-09601,stress,C01,G1,F3,4,2,lab,30,lab,S6
TTO-09601,stress,C02,G1,F3,4,2,lab,30,lab,S8
TTO-09601,stress,C03,G1,F3,4,2,lab,30,lab,S10
TTO-09601,stress,C04,G1,F3,4,2,lab,30,lab,S4
TTO-09601,stress,C05,G1,F3,4,2,lab,30,lab,S7
TTO-09602,stress,C01,G2,F2,4,2,classroom,60,classroom,S9
TTO-09602,stress,C02,G2,F2,4,2,lab,30,lab,S2
TTO-09602,stress,C03,G2,F2,4,2,classroom,60,classroom,S7
TTO-09602,stress,C04,G2,F2,4,2,classroom,60,classroom,S4
TTO-09602,stress,C05,G2,F2,4,2,lab,30,lab,S7
TTO-09603,stress,C01,G2,F3,4,2,lab,30,lab,S5
TTO-09603,stress,C02,G1,F3,4,2,lab,30,lab,S7
TTO-09603,stress,C03,G2,F3,4,2,lab,30,lab,S9
TTO-09603,stress,C04,G2,F3,4,2,lab,30,lab,S9
TTO-09603,stress,C05,G2,F3,4,2,classroom,60,classroom,S10
TTO-09604,stress,C01,G2,F2,4,2,classroom,60,classroom,S3
TTO-09604,stress,C02,G2,F2,4,2,lab,30,lab,S3
TTO-09604,stress,C03,G1,F2,4,2,lab,30,lab,S1
TTO-09604,stress,C04,G2,F2,4,2,lab,30,lab,S1
TTO-09604,stress,C05,G2,F2,4,2,lab,30,lab,S2
TTO-09605,stress,C01,G1,F2,4,2,lab,30,lab,S2
TTO-09605,stress,C02,G1,F2,4,2,classroom,60,classroom,S8
TTO-09605,stress,C03,G2,F2,4,2,classroom,60,classroom,S9
TTO-09605,stress,C04,G2,F2,4,2,classroom,60,classroom,S6
TTO-09605,stress,C05,G2,F2,4,2,classroom,60,classroom,S3
TTO-09606,stress,C01,G1,F1,4,2,lab,30,lab,S6
TTO-09606,stress,C02,G1,F1,4,2,classroom,60,classroom,S3
TTO-09606,stress,C03,G1,F1,4,2,lab,30,lab,S3
TTO-09606,stress,C04,G1,F2,4,2,classroom,60,classroom,S6
TTO-09606,stress,C05,G1,F1,4,2,lab,30,lab,S2
TTO-09607,stress,C01,G1,F3,4,2,classroom,60,classroom,S4
TTO-09607,stress,C02,G1,F3,4,2,lab,30,lab,S6
TTO-09607,stress,C03,G1,F2,4,2,classroom,60,classroom,S3
TTO-09607,stress,C04,G1,F3,4,2,classroom,60,classroom,S7
TTO-09607,stress,C05,G2,F3,4,2,lab,30,lab,S10
TTO-09608,stress,C01,G2,F2,4,2,lab,30,lab,S2
TTO-09608,stress,C02,G2,F2,4,2,lab,30,lab,S4
TTO-09608,stress,C03,G2,F2,4,2,lab,30,lab,S1
TTO-09608,stress,C04,G1,F2,4,2,classroom,60,classroom,S5
TTO-09608,stress,C05,G2,F2,4,2,lab,30,lab,S6
TTO-09609,stress,C01,G2,F1,4,2,classroom,60,classroom,S9
TTO-09609,stress,C02,G2,F1,4,2,lab,30,lab,S1
TTO-09609,stress,C03,G2,F3,4,2,lab,30,lab,S8
TTO-09609,stress,C04,G1,F1,4,2,classroom,60,classroom,S2
TTO-09609,stress,C05,G2,F1,4,2,lab,30,lab,S1
TTO-09610,stress,C01,G1,F3,4,2,lab,30,lab,S6
TTO-09610,stress,C02,G2,F1,4,2,classroom,60,classroom,S5
TTO-09610,stress,C03,G1,F3,4,2,classroom,60,classroom,S2
TTO-09610,stress,C04,G1,F3,4,2,classroom,60,classroom,S7
TTO-09610,stress,C05,G1,F1,4,2,classroom,60,classroom,S10
TTO-09611,stress,C01,G1,F1,4,2,lab,30,lab,S8
TTO-09611,stress,C02,G1,F1,4,2,classroom,60,classroom,S3
TTO-09611,stress,C03,G1,F1,4,2,lab,30,lab,S4
TTO-09611,stress,C04,G1,F1,4,2,lab,30,lab,S7
TTO-09611,stress,C05,G1,F1,4,2,classroom,60,classroom,S10
TTO-09612,stress,C01,G2,F3,4,2,classroom,60,classroom,S2
TTO-09612,stress,C02,G2,F2,4,2,lab,30,lab,S1
TTO-09612,stress,C03,G2,F1,4,2,lab,30,lab,S1
TTO-09612,stress,C04,G2,F3,4,2,lab,30,lab,S2
TTO-09612,stress,C05,G2,F3,4,2,lab,30,lab,S10
TTO-09613,stress,C01,G2,F3,4,2,classroom,60,classroom,S8
TTO-09613,stress,C02,G1,F3,4,2,lab,30,lab,S7
TTO-09613,stress,C03,G2,F2,4,2,classroom,60,classroom,S6
TTO-09613,stress,C04,G2,F3,4,2,classroom,60,classroom,S2
TTO-09613,stress,C05,G1,F1,4,2,lab,30,lab,S9
TTO-09614,stress,C01,G2,F3,4,2,classroom,60,classroom,S8
TTO-09614,stress,C02,G2,F3,4,2,lab,30,lab,S9
TTO-09614,stress,C03,G2,F3,4,2,lab,30,lab,S7
TTO-09614,stress,C04,G1,F3,4,2,classroom,60,classroom,S5
TTO-09614,stress,C05,G2,F2,4,2,lab,30,lab,S4
TTO-09615,stress,C01,G2,F2,4,2,classroom,60,classroom,S10
TTO-09615,stress,C02,G2,F2,4,2,classroom,60,classroom,S3
TTO-09615,stress,C03,G1,F3,4,2,lab,30,lab,S1
TTO-09615,stress,C04,G2,F3,4,2,classroom,60,classroom,S10
TTO-09615,stress,C05,G2,F2,4,2,lab,30,lab,S6
TTO-09616,stress,C01,G1,F2,4,2,classroom,60,classroom,S1
TTO-09616,stress,C02,G1,F2,4,2,classroom,60,classroom,S5
TTO-09616,stress,C03,G1,F2,4,2,lab,30,lab,S5
TTO-09616,stress,C04,G1,F2,4,2,lab,30,lab,S7
TTO-09616,stress,C05,G1,F2,4,2,classroom,60,classroom,S7
TTO-09617,stress,C01,G2,F2,4,2,lab,30,lab,S5
TTO-09617,stress,C02,G2,F2,4,2,classroom,60,classroom,S7
TTO-09617,stress,C03,G1,F2,4,2,classroom,60,classroom,S9
TTO-09617,stress,C04,G2,F2,4,2,classroom,60,classroom,S5
TTO-09617,stress,C05,G1,F2,4,2,classroom,60,classroom,S1
TTO-09618,stress,C01,G2,F2,4,2,lab,30,lab,S3
TTO-09618,stress,C02,G2,F2,4,2,lab,30,lab,S6
TTO-09618,stress,C03,G1,F2,4,2,classroom,60,classroom,S5
TTO-09618,stress,C04,G2,F2,4,2,classroom,60,classroom,S4
TTO-09618,stress,C05,G2,F2,4,2,classroom,60,classroom,S5
TTO-09619,stress,C01,G1,F1,4,2,lab,30,lab,S7
TTO-09619,stress,C02,G1,F1,4,2,lab,30,lab,S8
TTO-09619,stress,C03,G1,F1,4,2,classroom,60,classroom,S8
TTO-09619,stress,C04,G1,F1,4,2,classroom,60,classroom,S10
TTO-09619,stress,C05,G1,F1,4,2,lab,30,lab,S4
TTO-09620,stress,C01,G2,F3,4,2,lab,30,lab,S2
TTO-09620,stress,C02,G2,F3,4,2,lab,30,lab,S8
TTO-09620,stress,C03,G2,F3,4,2,classroom,60,classroom,S7
TTO-09620,stress,C04,G1,F2,4,2,lab,30,lab,S7
TTO-09620,stress,C05,G1,F3,4,2,classroom,60,classroom,S8
TTO-09621,stress,C01,G2,F2,4,2,lab,30,lab,S3
TTO-09621,stress,C02,G2,F2,4,2,classroom,60,classroom,S10
TTO-09621,stress,C03,G2,F2,4,2,classroom,60,classroom,S8
TTO-09621,stress,C04,G2,F2,4,2,classroom,60,classroom,S5
TTO-09621,stress,C05,G2,F2,4,2,lab,30,lab,S10
TTO-09622,stress,C01,G2,F3,4,2,classroom,60,classroom,S8
TTO-09622,stress,C02,G2,F3,4,2,lab,30,lab,S6
TTO-09622,stress,C03,G2,F3,4,2,lab,30,lab,S9
TTO-09622,stress,C04,G2,F1,4,2,classroom,60,classroom,S6
TTO-09622,stress,C05,G2,F2,4,2,lab,30,lab,S6
TTO-09623,stress,C01,G1,F1,4,2,classroom,60,classroom,S7
TTO-09623,stress,C02,G1,F1,4,2,classroom,60,classroom,S3
TTO-09623,stress,C03,G1,F1,4,2,classroom,60,classroom,S4
TTO-09623,stress,C04,G1,F1,4,2,classroom,60,classroom,S1
TTO-09623,stress,C05,G1,F1,4,2,classroom,60,classroom,S10
TTO-09624,stress,C01,G2,F1,4,2,lab,30,lab,S5
TTO-09624,stress,C02,G1,F2,4,2,classroom,60,classroom,S7
TTO-09624,stress,C03,G1,F1,4,2,lab,30,lab,S8
TTO-09624,stress,C04,G1,F1,4,2,classroom,60,classroom,S2
TTO-09624,stress,C05,G1,F1,4,2,classroom,60,classroom,S9
TTO-09625,stress,C01,G2,F3,4,2,classroom,60,classroom,S4
TTO-09625,stress,C02,G2,F3,4,2,lab,30,lab,S10
TTO-09625,stress,C03,G2,F3,4,2,lab,30,lab,S10
TTO-09625,stress,C04,G2,F3,4,2,lab,30,lab,S1
TTO-09625,stress,C05,G2,F1,4,2,lab,30,lab,S4
TTO-09626,stress,C01,G2,F2,4,2,lab,30,lab,S3
TTO-09626,stress,C02,G1,F2,4,2,classroom,60,classroom,S2
TTO-09626,stress,C03,G2,F2,4,2,lab,30,lab,S6
TTO-09626,stress,C04,G2,F2,4,2,lab,30,lab,S7
TTO-09626,stress,C05,G2,F2,4,2,lab,30,lab,S9
TTO-09627,stress,C01,G1,F1,4,2,classroom,60,classroom,S7
TTO-09627,stress,C02,G1,F1,4,2,classroom,60,classroom,S6
TTO-09627,stress,C03,G1,F1,4,2,lab,30,lab,S5
TTO-09627,stress,C04,G1,F1,4,2,classroom,60,classroom,S2
TTO-09627,stress,C05,G1,F1,4,2,lab,30,lab,S8
TTO-09628,stress,C01,G2,F1,4,2,lab,30,lab,S1
TTO-09628,stress,C02,G2,F1,4,2,classroom,60,classroom,S2
TTO-09628,stress,C03,G2,F1,4,2,classroom,60,classroom,S4
TTO-09628,stress,C04,G2,F1,4,2,classroom,60,classroom,S2
TTO-09628,stress,C05,G2,F3,4,2,classroom,60,classroom,S6
TTO-09629,stress,C01,G1,F1,4,2,classroom,60,classroom,S2
TTO-09629,stress,C02,G1,F1,4,2,lab,30,lab,S3
TTO-09629,stress,C03,G1,F1,4,2,lab,30,lab,S4
TTO-09629,stress,C04,G2,F1,4,2,lab,30,lab,S2
TTO-09629,stress,C05,G1,F1,4,2,lab,30,lab,S6
TTO-09630,stress,C01,G2,F2,4,2,lab,30,lab,S10
TTO-09630,stress,C02,G2,F3,4,2,lab,30,lab,S5
TTO-09630,stress,C03,G2,F3,4,2,classroom,60,classroom,S3
TTO-09630,stress,C04,G2,F2,4,2,lab,30,lab,S5
TTO-09630,stress,C05,G2,F3,4,2,classroom,60,classroom,S10
TTO-09631,stress,C01,G1,F3,4,2,lab,30,lab,S10
TTO-09631,stress,C02,G2,F3,4,2,lab,30,lab,S10
TTO-09631,stress,C03,G2,F2,4,2,classroom,60,classroom,S2
TTO-09631,stress,C04,G2,F3,4,2,lab,30,lab,S7
TTO-09631,stress,C05,G2,F2,4,2,classroom,60,classroom,S8
TTO-09632,stress,C01,G2,F1,4,2,classroom,60,classroom,S7
TTO-09632,stress,C02,G2,F1,4,2,classroom,60,classroom,S8
TTO-09632,stress,C03,G2,F1,4,2,lab,30,lab,S9
TTO-09632,stress,C04,G2,F1,4,2,lab,30,lab,S4
TTO-09632,stress,C05,G2,F1,4,2,classroom,60,classroom,S7
TTO-09633,stress,C01,G1,F1,4,2,lab,30,lab,S7
TTO-09633,stress,C02,G1,F1,4,2,lab,30,lab,S8
TTO-09633,stress,C03,G1,F3,4,2,lab,30,lab,S6
TTO-09633,stress,C04,G1,F1,4,2,lab,30,lab,S5
TTO-09633,stress,C05,G1,F1,4,2,classroom,60,classroom,S1
TTO-09634,stress,C01,G1,F3,4,2,classroom,60,classroom,S4
TTO-09634,stress,C02,G1,F2,4,2,lab,30,lab,S5
TTO-09634,stress,C03,G2,F3,4,2,classroom,60,classroom,S10
TTO-09634,stress,C04,G1,F3,4,2,lab,30,lab,S6
TTO-09634,stress,C05,G1,F3,4,2,classroom,60,classroom,S6
TTO-09635,stress,C01,G2,F1,4,2,classroom,60,classroom,S9
TTO-09635,stress,C02,G2,F1,4,2,classroom,60,classroom,S8
TTO-09635,stress,C03,G2,F2,4,2,classroom,60,classroom,S5
TTO-09635,stress,C04,G2,F1,4,2,lab,30,lab,S10
TTO-09635,stress,C05,G2,F1,4,2,lab,30,lab,S10
TTO-09636,stress,C01,G1,F2,4,2,lab,30,lab,S8
TTO-09636,stress,C02,G1,F2,4,2,lab,30,lab,S2
TTO-09636,stress,C03,G1,F2,4,2,classroom,60,classroom,S8
TTO-09636,stress,C04,G1,F3,4,2,classroom,60,classroom,S1
TTO-09636,stress,C05,G1,F2,4,2,classroom,60,classroom,S8
TTO-09637,stress,C01,G1,F3,4,2,lab,30,lab,S3
TTO-09637,stress,C02,G1,F1,4,2,classroom,60,classroom,S9
TTO-09637,stress,C03,G1,F3,4,2,lab,30,lab,S1
TTO-09637,stress,C04,G1,F3,4,2,lab,30,lab,S3
TTO-09637,stress,C05,G2,F3,4,2,lab,30,lab,S8
TTO-09638,stress,C01,G1,F2,4,2,classroom,60,classroom,S5
TTO-09638,stress,C02,G1,F3,4,2,classroom,60,classroom,S5
TTO-09638,stress,C03,G2,F2,4,2,classroom,60,classroom,S10
TTO-09638,stress,C04,G1,F3,4,2,classroom,60,classroom,S2
TTO-09638,stress,C05,G2,F3,4,2,classroom,60,classroom,S6
TTO-09639,stress,C01,G2,F1,4,2,classroom,60,classroom,S3
TTO-09639,stress,C02,G2,F1,4,2,classroom,60,classroom,S9
TTO-09639,stress,C03,G2,F2,4,2,classroom,60,classroom,S6
TTO-09639,stress,C04,G2,F1,4,2,lab,30,lab,S9
TTO-09639,stress,C05,G2,F2,4,2,classroom,60,classroom,S7
TTO-09640,stress,C01,G2,F2,4,2,lab,30,lab,S7
TTO-09640,stress,C02,G2,F2,4,2,lab,30,lab,S10
TTO-09640,stress,C03,G2,F1,4,2,classroom,60,classroom,S5
TTO-09640,stress,C04,G2,F1,4,2,classroom,60,classroom,S5
TTO-09640,stress,C05,G2,F1,4,2,classroom,60,classroom,S10
TTO-09641,stress,C01,G1,F1,4,2,classroom,60,classroom,S3
TTO-09641,stress,C02,G1,F1,4,2,classroom,60,classroom,S7
TTO-09641,stress,C03,G1,F3,4,2,lab,30,lab,S4
TTO-09641,stress,C04,G2,F1,4,2,classroom,60,classroom,S5
TTO-09641,stress,C05,G1,F1,4,2,lab,30,lab,S2
TTO-09642,stress,C01,G2,F1,4,2,lab,30,lab,S8
TTO-09642,stress,C02,G2,F1,4,2,lab,30,lab,S5
TTO-09642,stress,C03,G2,F1,4,2,lab,30,lab,S5
TTO-09642,stress,C04,G2,F1,4,2,lab,30,lab,S7
TTO-09642,stress,C05,G2,F1,4,2,classroom,60,classroom,S10
TTO-09643,stress,C01,G1,F2,4,2,classroom,60,classroom,S10
TTO-09643,stress,C02,G1,F1,4,2,lab,30,lab,S2
TTO-09643,stress,C03,G2,F3,4,2,lab,30,lab,S3
TTO-09643,stress,C04,G1,F1,4,2,classroom,60,classroom,S6
TTO-09643,stress,C05,G2,F1,4,2,classroom,60,classroom,S3
TTO-09644,stress,C01,G1,F2,4,2,lab,30,lab,S2
TTO-09644,stress,C02,G1,F2,4,2,lab,30,lab,S3
TTO-09644,stress,C03,G1,F2,4,2,lab,30,lab,S7
TTO-09644,stress,C04,G1,F2,4,2,classroom,60,classroom,S5
TTO-09644,stress,C05,G1,F1,4,2,classroom,60,classroom,S7
TTO-09645,stress,C01,G2,F3,4,2,lab,30,lab,S1
TTO-09645,stress,C02,G2,F1,4,2,classroom,60,classroom,S5
TTO-09645,stress,C03,G2,F1,4,2,lab,30,lab,S3
TTO-09645,stress,C04,G2,F1,4,2,lab,30,lab,S9
TTO-09645,stress,C05,G1,F1,4,2,lab,30,lab,S3
TTO-09646,stress,C01,G2,F3,4,2,classroom,60,classroom,S8
TTO-09646,stress,C02,G2,F2,4,2,lab,30,lab,S5
TTO-09646,stress,C03,G2,F2,4,2,classroom,60,classroom,S8
TTO-09646,stress,C04,G2,F2,4,2,lab,30,lab,S3
TTO-09646,stress,C05,G2,F2,4,2,classroom,60,classroom,S7
TTO-09647,stress,C01,G1,F2,4,2,lab,30,lab,S3
TTO-09647,stress,C02,G1,F2,4,2,classroom,60,classroom,S4
TTO-09647,stress,C03,G2,F2,4,2,lab,30,lab,S6
TTO-09647,stress,C04,G1,F2,4,2,classroom,60,classroom,S10
TTO-09647,stress,C05,G1,F2,4,2,classroom,60,classroom,S6
TTO-09648,stress,C01,G1,F2,4,2,lab,30,lab,S1
TTO-09648,stress,C02,G2,F1,4,2,classroom,60,classroom,S10
TTO-09648,stress,C03,G2,F1,4,2,classroom,60,classroom,S3
TTO-09648,stress,C04,G1,F1,4,2,classroom,60,classroom,S10
TTO-09648,stress,C05,G2,F1,4,2,classroom,60,classroom,S3
TTO-09649,stress,C01,G1,F2,4,2,lab,30,lab,S1
TTO-09649,stress,C02,G1,F2,4,2,lab,30,lab,S6
TTO-09649,stress,C03,G1,F2,4,2,classroom,60,classroom,S2
TTO-09649,stress,C04,G1,F2,4,2,classroom,60,classroom,S9
TTO-09649,stress,C05,G1,F2,4,2,classroom,60,classroom,S10
TTO-09650,stress,C01,G2,F2,4,2,classroom,60,classroom,S2
TTO-09650,stress,C02,G1,F2,4,2,classroom,60,classroom,S8
TTO-09650,stress,C03,G1,F2,4,2,lab,30,lab,S5
TTO-09650,stress,C04,G2,F2,4,2,classroom,60,classroom,S2
TTO-09650,stress,C05,G1,F2,4,2,lab,30,lab,S2
TTO-09651,stress,C01,G2,F2,4,2,lab,30,lab,S3
TTO-09651,stress,C02,G2,F2,4,2,lab,30,lab,S3
TTO-09651,stress,C03,G2,F1,4,2,classroom,60,classroom,S9
TTO-09651,stress,C04,G2,F2,4,2,lab,30,lab,S2
TTO-09651,stress,C05,G2,F2,4,2,classroom,60,classroom,S9
TTO-09652,stress,C01,G1,F3,4,2,lab,30,lab,S10
TTO-09652,stress,C02,G2,F3,4,2,lab,30,lab,S1
TTO-09652,stress,C03,G1,F3,4,2,lab,30,lab,S6
TTO-09652,stress,C04,G1,F3,4,2,lab,30,lab,S2
TTO-09652,stress,C05,G1,F3,4,2,lab,30,lab,S10
TTO-09653,stress,C01,G2,F3,4,2,lab,30,lab,S4
TTO-09653,stress,C02,G1,F2,4,2,lab,30,lab,S5
TTO-09653,stress,C03,G2,F2,4,2,lab,30,lab,S5
TTO-09653,stress,C04,G2,F2,4,2,lab,30,lab,S3
TTO-09653,stress,C05,G2,F2,4,2,classroom,60,classroom,S9
TTO-09654,stress,C01,G2,F1,4,2,lab,30,lab,S6
TTO-09654,stress,C02,G1,F1,4,2,classroom,60,classroom,S5
TTO-09654,stress,C03,G1,F2,4,2,classroom,60,classroom,S2
TTO-09654,stress,C04,G1,F1,4,2,lab,30,lab,S8
TTO-09654,stress,C05,G2,F1,4,2,lab,30,lab,S4
TTO-09655,stress,C01,G2,F1,4,2,classroom,60,classroom,S6
TTO-09655,stress,C02,G2,F1,4,2,classroom,60,classroom,S10
TTO-09655,stress,C03,G2,F1,4,2,lab,30,lab,S6
TTO-09655,stress,C04,G2,F1,4,2,classroom,60,classroom,S3
TTO-09655,stress,C05,G2,F1,4,2,lab,30,lab,S6
TTO-09656,stress,C01,G2,F1,4,2,classroom,60,classroom,S1
TTO-09656,stress,C02,G2,F1,4,2,lab,30,lab,S9
TTO-09656,stress,C03,G2,F2,4,2,lab,30,lab,S1
TTO-09656,stress,C04,G2,F3,4,2,classroom,60,classroom,S4
TTO-09656,stress,C05,G2,F3,4,2,lab,30,lab,S4
TTO-09657,stress,C01,G2,F1,4,2,lab,30,lab,S2
TTO-09657,stress,C02,G2,F1,4,2,classroom,60,classroom,S7
TTO-09657,stress,C03,G2,F1,4,2,classroom,60,classroom,S7
TTO-09657,stress,C04,G2,F2,4,2,classroom,60,classroom,S7
TTO-09657,stress,C05,G2,F1,4,2,classroom,60,classroom,S2
TTO-09658,stress,C01,G2,F2,4,2,lab,30,lab,S1
TTO-09658,stress,C02,G2,F2,4,2,lab,30,lab,S1
TTO-09658,stress,C03,G2,F2,4,2,lab,30,lab,S9
TTO-09658,stress,C04,G2,F3,4,2,lab,30,lab,S2
TTO-09658,stress,C05,G2,F2,4,2,lab,30,lab,S3
TTO-09659,stress,C01,G2,F2,4,2,lab,30,lab,S3
TTO-09659,stress,C02,G2,F3,4,2,classroom,60,classroom,S3
TTO-09659,stress,C03,G2,F2,4,2,classroom,60,classroom,S2
TTO-09659,stress,C04,G2,F2,4,2,lab,30,lab,S2
TTO-09659,stress,C05,G2,F2,4,2,lab,30,lab,S6
TTO-09660,stress,C01,G2,F3,4,2,lab,30,lab,S7
TTO-09660,stress,C02,G1,F2,4,2,classroom,60,classroom,S1
TTO-09660,stress,C03,G1,F1,4,2,lab,30,lab,S7
TTO-09660,stress,C04,G2,F2,4,2,classroom,60,classroom,S4
TTO-09660,stress,C05,G2,F2,4,2,classroom,60,classroom,S9
TTO-09661,stress,C01,G1,F3,4,2,lab,30,lab,S4
TTO-09661,stress,C02,G1,F1,4,2,lab,30,lab,S6
TTO-09661,stress,C03,G1,F2,4,2,lab,30,lab,S8
TTO-09661,stress,C04,G2,F2,4,2,classroom,60,classroom,S7
TTO-09661,stress,C05,G1,F1,4,2,classroom,60,classroom,S2
TTO-09662,stress,C01,G1,F1,4,2,classroom,60,classroom,S8
TTO-09662,stress,C02,G1,F3,4,2,classroom,60,classroom,S8
TTO-09662,stress,C03,G1,F3,4,2,classroom,60,classroom,S4
TTO-09662,stress,C04,G2,F3,4,2,lab,30,lab,S9
TTO-09662,stress,C05,G2,F2,4,2,classroom,60,classroom,S6
TTO-09663,stress,C01,G1,F2,4,2,classroom,60,classroom,S5
TTO-09663,stress,C02,G2,F2,4,2,classroom,60,classroom,S4
TTO-09663,stress,C03,G2,F2,4,2,lab,30,lab,S10
TTO-09663,stress,C04,G2,F2,4,2,lab,30,lab,S8
TTO-09663,stress,C05,G2,F2,4,2,lab,30,lab,S3
TTO-09664,stress,C01,G2,F2,4,2,lab,30,lab,S3
TTO-09664,stress,C02,G2,F2,4,2,classroom,60,classroom,S2
TTO-09664,stress,C03,G1,F1,4,2,lab,30,lab,S9
TTO-09664,stress,C04,G2,F2,4,2,lab,30,lab,S3
TTO-09664,stress,C05,G2,F2,4,2,lab,30,lab,S6
TTO-09665,stress,C01,G2,F3,4,2,lab,30,lab,S9
TTO-09665,stress,C02,G1,F3,4,2,lab,30,lab,S6
TTO-09665,stress,C03,G2,F3,4,2,lab,30,lab,S9
TTO-09665,stress,C04,G2,F3,4,2,classroom,60,classroom,S4
TTO-09665,stress,C05,G2,F3,4,2,classroom,60,classroom,S5
TTO-09666,stress,C01,G1,F2,4,2,lab,30,lab,S5
TTO-09666,stress,C02,G2,F2,4,2,lab,30,lab,S1
TTO-09666,stress,C03,G1,F2,4,2,lab,30,lab,S6
TTO-09666,stress,C04,G1,F2,4,2,classroom,60,classroom,S1
TTO-09666,stress,C05,G1,F2,4,2,lab,30,lab,S2
TTO-09667,stress,C01,G1,F3,4,2,lab,30,lab,S5
TTO-09667,stress,C02,G1,F3,4,2,classroom,60,classroom,S9
TTO-09667,stress,C03,G1,F3,4,2,classroom,60,classroom,S5
TTO-09667,stress,C04,G1,F3,4,2,classroom,60,classroom,S1
TTO-09667,stress,C05,G1,F1,4,2,classroom,60,classroom,S9
TTO-09668,stress,C01,G1,F1,4,2,classroom,60,classroom,S5
TTO-09668,stress,C02,G2,F1,4,2,classroom,60,classroom,S1
TTO-09668,stress,C03,G2,F1,4,2,classroom,60,classroom,S2
TTO-09668,stress,C04,G1,F1,4,2,lab,30,lab,S9
TTO-09668,stress,C05,G2,F2,4,2,classroom,60,classroom,S7
TTO-09669,stress,C01,G2,F1,4,2,lab,30,lab,S9
TTO-09669,stress,C02,G2,F1,4,2,lab,30,lab,S4
TTO-09669,stress,C03,G2,F3,4,2,classroom,60,classroom,S3
TTO-09669,stress,C04,G2,F1,4,2,lab,30,lab,S6
TTO-09669,stress,C05,G2,F1,4,2,classroom,60,classroom,S1
TTO-09670,stress,C01,G2,F1,4,2,classroom,60,classroom,S6
TTO-09670,stress,C02,G1,F1,4,2,lab,30,lab,S4
TTO-09670,stress,C03,G2,F2,4,2,classroom,60,classroom,S7
TTO-09670,stress,C04,G2,F2,4,2,lab,30,lab,S7
TTO-09670,stress,C05,G1,F1,4,2,lab,30,lab,S4
TTO-09671,stress,C01,G1,F3,4,2,lab,30,lab,S1
TTO-09671,stress,C02,G1,F2,4,2,lab,30,lab,S8
TTO-09671,stress,C03,G1,F2,4,2,classroom,60,classroom,S5
TTO-09671,stress,C04,G1,F2,4,2,lab,30,lab,S4
TTO-09671,stress,C05,G1,F2,4,2,classroom,60,classroom,S6
TTO-09672,stress,C01,G2,F2,4,2,lab,30,lab,S7
TTO-09672,stress,C02,G1,F2,4,2,lab,30,lab,S4
TTO-09672,stress,C03,G2,F2,4,2,lab,30,lab,S1
TTO-09672,stress,C04,G1,F3,4,2,classroom,60,classroom,S7
TTO-09672,stress,C05,G1,F2,4,2,lab,30,lab,S2
TTO-09673,stress,C01,G2,F2,4,2,lab,30,lab,S10
TTO-09673,stress,C02,G1,F2,4,2,classroom,60,classroom,S8
TTO-09673,stress,C03,G1,F2,4,2,classroom,60,classroom,S3
TTO-09673,stress,C04,G1,F2,4,2,lab,30,lab,S10
TTO-09673,stress,C05,G1,F2,4,2,lab,30,lab,S10
TTO-09674,stress,C01,G1,F1,4,2,lab,30,lab,S1
TTO-09674,stress,C02,G1,F2,4,2,lab,30,lab,S2
TTO-09674,stress,C03,G1,F3,4,2,lab,30,lab,S3
TTO-09674,stress,C04,G2,F2,4,2,lab,30,lab,S1
TTO-09674,stress,C05,G1,F2,4,2,lab,30,lab,S1
TTO-09675,stress,C01,G2,F3,4,2,classroom,60,classroom,S1
TTO-09675,stress,C02,G2,F3,4,2,classroom,60,classroom,S7
TTO-09675,stress,C03,G2,F2,4,2,lab,30,lab,S1
TTO-09675,stress,C04,G2,F3,4,2,classroom,60,classroom,S1
TTO-09675,stress,C05,G2,F3,4,2,classroom,60,classroom,S6
TTO-09676,stress,C01,G2,F3,4,2,classroom,60,classroom,S7
TTO-09676,stress,C02,G1,F1,4,2,classroom,60,classroom,S3
TTO-09676,stress,C03,G1,F1,4,2,classroom,60,classroom,S4
TTO-09676,stress,C04,G2,F3,4,2,classroom,60,classroom,S5
TTO-09676,stress,C05,G2,F1,4,2,classroom,60,classroom,S5
TTO-09677,stress,C01,G2,F3,4,2,lab,30,lab,S9
TTO-09677,stress,C02,G2,F3,4,2,classroom,60,classroom,S10
TTO-09677,stress,C03,G2,F1,4,2,lab,30,lab,S2
TTO-09677,stress,C04,G2,F3,4,2,classroom,60,classroom,S10
TTO-09677,stress,C05,G1,F2,4,2,lab,30,lab,S3
TTO-09678,stress,C01,G1,F1,4,2,lab,30,lab,S2
TTO-09678,stress,C02,G2,F3,4,2,classroom,60,classroom,S8
TTO-09678,stress,C03,G1,F2,4,2,classroom,60,classroom,S5
TTO-09678,stress,C04,G1,F1,4,2,lab,30,lab,S7
TTO-09678,stress,C05,G2,F1,4,2,lab,30,lab,S2
TTO-09679,stress,C01,G2,F2,4,2,classroom,60,classroom,S10
TTO-09679,stress,C02,G1,F3,4,2,classroom,60,classroom,S1
TTO-09679,stress,C03,G1,F3,4,2,classroom,60,classroom,S1
TTO-09679,stress,C04,G1,F2,4,2,classroom,60,classroom,S6
TTO-09679,stress,C05,G1,F3,4,2,classroom,60,classroom,S4
TTO-09680,stress,C01,G2,F2,4,2,lab,30,lab,S9
TTO-09680,stress,C02,G2,F2,4,2,classroom,60,classroom,S5
TTO-09680,stress,C03,G2,F3,4,2,classroom,60,classroom,S1
TTO-09680,stress,C04,G2,F2,4,2,lab,30,lab,S4
TTO-09680,stress,C05,G2,F2,4,2,classroom,60,classroom,S9
TTO-09681,stress,C01,G1,F1,4,2,lab,30,lab,S8
TTO-09681,stress,C02,G1,F1,4,2,lab,30,lab,S2
TTO-09681,stress,C03,G2,F1,4,2,lab,30,lab,S8
TTO-09681,stress,C04,G1,F1,4,2,lab,30,lab,S5
TTO-09681,stress,C05,G2,F1,4,2,classroom,60,classroom,S9
TTO-09682,stress,C01,G1,F2,4,2,classroom,60,classroom,S8
TTO-09682,stress,C02,G1,F2,4,2,classroom,60,classroom,S8
TTO-09682,stress,C03,G1,F2,4,2,lab,30,lab,S3
TTO-09682,stress,C04,G1,F2,4,2,classroom,60,classroom,S2
TTO-09682,stress,C05,G1,F2,4,2,classroom,60,classroom,S10
TTO-09683,stress,C01,G2,F3,4,2,lab,30,lab,S2
TTO-09683,stress,C02,G1,F2,4,2,classroom,60,classroom,S2
TTO-09683,stress,C03,G1,F3,4,2,classroom,60,classroom,S5
TTO-09683,stress,C04,G1,F3,4,2,lab,30,lab,S10
TTO-09683,stress,C05,G2,F3,4,2,lab,30,lab,S10
TTO-09684,stress,C01,G2,F3,4,2,lab,30,lab,S8
TTO-09684,stress,C02,G2,F2,4,2,lab,30,lab,S9
TTO-09684,stress,C03,G2,F2,4,2,classroom,60,classroom,S3
TTO-09684,stress,C04,G2,F1,4,2,lab,30,lab,S2
TTO-09684,stress,C05,G1,F1,4,2,lab,30,lab,S9
TTO-09685,stress,C01,G2,F3,4,2,classroom,60,classroom,S8
TTO-09685,stress,C02,G2,F3,4,2,lab,30,lab,S10
TTO-09685,stress,C03,G1,F3,4,2,classroom,60,classroom,S7
TTO-09685,stress,C04,G2,F3,4,2,classroom,60,classroom,S6
TTO-09685,stress,C05,G2,F1,4,2,lab,30,lab,S10
TTO-09686,stress,C01,G2,F3,4,2,lab,30,lab,S5
TTO-09686,stress,C02,G2,F1,4,2,lab,30,lab,S5
TTO-09686,stress,C03,G1,F3,4,2,classroom,60,classroom,S2
TTO-09686,stress,C04,G1,F3,4,2,classroom,60,classroom,S3
TTO-09686,stress,C05,G1,F3,4,2,lab,30,lab,S3
TTO-09687,stress,C01,G2,F1,4,2,lab,30,lab,S9
TTO-09687,stress,C02,G2,F1,4,2,classroom,60,classroom,S7
TTO-09687,stress,C03,G2,F2,4,2,classroom,60,classroom,S9
TTO-09687,stress,C04,G2,F1,4,2,classroom,60,classroom,S1
TTO-09687,stress,C05,G2,F2,4,2,lab,30,lab,S8
TTO-09688,stress,C01,G2,F1,4,2,classroom,60,classroom,S7
TTO-09688,stress,C02,G2,F3,4,2,classroom,60,classroom,S5
TTO-09688,stress,C03,G2,F3,4,2,lab,30,lab,S2
TTO-09688,stress,C04,G2,F1,4,2,classroom,60,classroom,S1
TTO-09688,stress,C05,G2,F1,4,2,lab,30,lab,S10
TTO-09689,stress,C01,G1,F2,4,2,classroom,60,classroom,S3
TTO-09689,stress,C02,G1,F2,4,2,lab,30,lab,S5
TTO-09689,stress,C03,G1,F1,4,2,classroom,60,classroom,S1
TTO-09689,stress,C04,G1,F2,4,2,lab,30,lab,S3
TTO-09689,stress,C05,G1,F2,4,2,classroom,60,classroom,S1
TTO-09690,stress,C01,G1,F3,4,2,classroom,60,classroom,S10
TTO-09690,stress,C02,G1,F3,4,2,lab,30,lab,S6
TTO-09690,stress,C03,G1,F2,4,2,classroom,60,classroom,S4
TTO-09690,stress,C04,G1,F2,4,2,classroom,60,classroom,S10
TTO-09690,stress,C05,G1,F2,4,2,classroom,60,classroom,S7
TTO-09691,stress,C01,G1,F3,4,2,classroom,60,classroom,S4
TTO-09691,stress,C02,G1,F3,4,2,classroom,60,classroom,S4
TTO-09691,stress,C03,G1,F3,4,2,lab,30,lab,S8
TTO-09691,stress,C04,G1,F2,4,2,lab,30,lab,S9
TTO-09691,stress,C05,G1,F3,4,2,classroom,60,classroom,S8
TTO-09692,stress,C01,G2,F2,4,2,classroom,60,classroom,S9
TTO-09692,stress,C02,G2,F3,4,2,lab,30,lab,S1
TTO-09692,stress,C03,G2,F3,4,2,classroom,60,classroom,S3
TTO-09692,stress,C04,G2,F1,4,2,lab,30,lab,S2
TTO-09692,stress,C05,G2,F3,4,2,lab,30,lab,S4
TTO-09693,stress,C01,G2,F2,4,2,lab,30,lab,S4
TTO-09693,stress,C02,G2,F3,4,2,classroom,60,classroom,S7
TTO-09693,stress,C03,G2,F3,4,2,lab,30,lab,S3
TTO-09693,stress,C04,G1,F1,4,2,lab,30,lab,S2
TTO-09693,stress,C05,G2,F1,4,2,classroom,60,classroom,S3
TTO-09694,stress,C01,G1,F1,4,2,classroom,60,classroom,S7
TTO-09694,stress,C02,G2,F1,4,2,lab,30,lab,S2
TTO-09694,stress,C03,G1,F1,4,2,classroom,60,classroom,S5
TTO-09694,stress,C04,G1,F1,4,2,classroom,60,classroom,S9
TTO-09694,stress,C05,G2,F1,4,2,classroom,60,classroom,S3
TTO-09695,stress,C01,G2,F2,4,2,classroom,60,classroom,S8
TTO-09695,stress,C02,G2,F2,4,2,lab,30,lab,S6
TTO-09695,stress,C03,G2,F1,4,2,classroom,60,classroom,S4
TTO-09695,stress,C04,G2,F3,4,2,classroom,60,classroom,S2
TTO-09695,stress,C05,G1,F1,4,2,classroom,60,classroom,S1
TTO-09696,stress,C01,G1,F3,4,2,lab,30,lab,S5
TTO-09696,stress,C02,G1,F3,4,2,lab,30,lab,S5
TTO-09696,stress,C03,G1,F3,4,2,lab,30,lab,S7
TTO-09696,stress,C04,G1,F3,4,2,lab,30,lab,S2
TTO-09696,stress,C05,G1,F1,4,2,lab,30,lab,S10
TTO-09697,stress,C01,G2,F2,4,2,lab,30,lab,S6
TTO-09697,stress,C02,G2,F2,4,2,lab,30,lab,S2
TTO-09697,stress,C03,G2,F2,4,2,lab,30,lab,S2
TTO-09697,stress,C04,G1,F2,4,2,lab,30,lab,S6
TTO-09697,stress,C05,G2,F2,4,2,lab,30,lab,S4
TTO-09698,stress,C01,G2,F1,4,2,lab,30,lab,S3
TTO-09698,stress,C02,G2,F1,4,2,lab,30,lab,S7
TTO-09698,stress,C03,G2,F1,4,2,classroom,60,classroom,S5
TTO-09698,stress,C04,G2,F1,4,2,lab,30,lab,S6
TTO-09698,stress,C05,G2,F1,4,2,classroom,60,classroom,S10
TTO-09699,stress,C01,G2,F3,4,2,classroom,60,classroom,S4
TTO-09699,stress,C02,G2,F3,4,2,classroom,60,classroom,S5
TTO-09699,stress,C03,G2,F3,4,2,classroom,60,classroom,S5
TTO-09699,stress,C04,G2,F3,4,2,lab,30,lab,S10
TTO-09699,stress,C05,G1,F3,4,2,lab,30,lab,S6
TTO-09700,stress,C01,G2,F2,4,2,lab,30,lab,S7
TTO-09700,stress,C02,G2,F2,4,2,classroom,60,classroom,S1
TTO-09700,stress,C03,G2,F1,4,2,classroom,60,classroom,S9
TTO-09700,stress,C04,G2,F2,4,2,lab,30,lab,S10
TTO-09700,stress,C05,G2,F3,4,2,classroom,60,classroom,S3
TTO-09701,stress,C01,G1,F1,4,2,lab,30,lab,S10
TTO-09701,stress,C02,G1,F2,4,2,lab,30,lab,S1
TTO-09701,stress,C03,G1,F2,4,2,lab,30,lab,S5
TTO-09701,stress,C04,G1,F2,4,2,lab,30,lab,S7
TTO-09701,stress,C05,G1,F2,4,2,classroom,60,classroom,S3
TTO-09702,stress,C01,G1,F1,4,2,lab,30,lab,S6
TTO-09702,stress,C02,G1,F1,4,2,classroom,60,classroom,S4
TTO-09702,stress,C03,G1,F1,4,2,classroom,60,classroom,S6
TTO-09702,stress,C04,G1,F1,4,2,lab,30,lab,S3
TTO-09702,stress,C05,G1,F1,4,2,lab,30,lab,S5
TTO-09703,stress,C01,G2,F3,4,2,lab,30,lab,S2
TTO-09703,stress,C02,G2,F1,4,2,classroom,60,classroom,S3
TTO-09703,stress,C03,G2,F3,4,2,classroom,60,classroom,S4
TTO-09703,stress,C04,G2,F1,4,2,classroom,60,classroom,S3
TTO-09703,stress,C05,G2,F1,4,2,lab,30,lab,S3
TTO-09704,stress,C01,G1,F2,4,2,classroom,60,classroom,S8
TTO-09704,stress,C02,G1,F1,4,2,lab,30,lab,S3
TTO-09704,stress,C03,G2,F1,4,2,lab,30,lab,S5
TTO-09704,stress,C04,G1,F1,4,2,classroom,60,classroom,S4
TTO-09704,stress,C05,G2,F1,4,2,classroom,60,classroom,S10
TTO-09705,stress,C01,G2,F1,4,2,classroom,60,classroom,S9
TTO-09705,stress,C02,G2,F1,4,2,lab,30,lab,S3
TTO-09705,stress,C03,G2,F1,4,2,lab,30,lab,S3
TTO-09705,stress,C04,G2,F1,4,2,lab,30,lab,S10
TTO-09705,stress,C05,G2,F1,4,2,lab,30,lab,S2
TTO-09706,stress,C01,G2,F1,4,2,classroom,60,classroom,S1
TTO-09706,stress,C02,G2,F1,4,2,classroom,60,classroom,S1
TTO-09706,stress,C03,G2,F1,4,2,classroom,60,classroom,S7
TTO-09706,stress,C04,G2,F3,4,2,lab,30,lab,S9
TTO-09706,stress,C05,G1,F1,4,2,classroom,60,classroom,S9
TTO-09707,stress,C01,G1,F3,4,2,lab,30,lab,S7
TTO-09707,stress,C02,G2,F3,4,2,lab,30,lab,S8
TTO-09707,stress,C03,G1,F3,4,2,lab,30,lab,S7
TTO-09707,stress,C04,G1,F2,4,2,classroom,60,classroom,S8
TTO-09707,stress,C05,G2,F1,4,2,classroom,60,classroom,S8
TTO-09708,stress,C01,G2,F2,4,2,classroom,60,classroom,S6
TTO-09708,stress,C02,G2,F2,4,2,classroom,60,classroom,S6
TTO-09708,stress,C03,G1,F2,4,2,lab,30,lab,S10
TTO-09708,stress,C04,G1,F1,4,2,classroom,60,classroom,S6
TTO-09708,stress,C05,G2,F2,4,2,lab,30,lab,S3
TTO-09709,stress,C01,G2,F2,4,2,lab,30,lab,S5
TTO-09709,stress,C02,G2,F2,4,2,lab,30,lab,S2
TTO-09709,stress,C03,G2,F2,4,2,classroom,60,classroom,S9
TTO-09709,stress,C04,G2,F2,4,2,lab,30,lab,S10
TTO-09709,stress,C05,G2,F2,4,2,classroom,60,classroom,S9
TTO-09710,stress,C01,G2,F1,4,2,classroom,60,classroom,S6
TTO-09710,stress,C02,G2,F1,4,2,classroom,60,classroom,S7
TTO-09710,stress,C03,G2,F1,4,2,classroom,60,classroom,S4
TTO-09710,stress,C04,G2,F1,4,2,lab,30,lab,S2
TTO-09710,stress,C05,G2,F2,4,2,lab,30,lab,S6
TTO-09711,stress,C01,G2,F3,4,2,lab,30,lab,S10
TTO-09711,stress,C02,G1,F3,4,2,classroom,60,classroom,S4
TTO-09711,stress,C03,G2,F3,4,2,lab,30,lab,S1
TTO-09711,stress,C04,G2,F3,4,2,lab,30,lab,S4
TTO-09711,stress,C05,G1,F3,4,2,lab,30,lab,S7
TTO-09712,stress,C01,G1,F1,4,2,lab,30,lab,S2
TTO-09712,stress,C02,G1,F1,4,2,lab,30,lab,S5
TTO-09712,stress,C03,G1,F1,4,2,lab,30,lab,S10
TTO-09712,stress,C04,G1,F1,4,2,classroom,60,classroom,S7
TTO-09712,stress,C05,G1,F1,4,2,lab,30,lab,S5
TTO-09713,stress,C01,G1,F2,4,2,lab,30,lab,S3
TTO-09713,stress,C02,G1,F3,4,2,classroom,60,classroom,S8
TTO-09713,stress,C03,G1,F2,4,2,lab,30,lab,S3
TTO-09713,stress,C04,G2,F2,4,2,classroom,60,classroom,S7
TTO-09713,stress,C05,G1,F1,4,2,lab,30,lab,S7
TTO-09714,stress,C01,G1,F3,4,2,lab,30,lab,S10
TTO-09714,stress,C02,G2,F3,4,2,classroom,60,classroom,S3
TTO-09714,stress,C03,G2,F3,4,2,lab,30,lab,S6
TTO-09714,stress,C04,G2,F3,4,2,lab,30,lab,S5
TTO-09714,stress,C05,G2,F3,4,2,lab,30,lab,S9
TTO-09715,stress,C01,G1,F3,4,2,lab,30,lab,S6
TTO-09715,stress,C02,G1,F3,4,2,classroom,60,classroom,S2
TTO-09715,stress,C03,G2,F3,4,2,lab,30,lab,S5
TTO-09715,stress,C04,G2,F3,4,2,classroom,60,classroom,S1
TTO-09715,stress,C05,G2,F3,4,2,classroom,60,classroom,S1
TTO-09716,stress,C01,G1,F1,4,2,lab,30,lab,S6
TTO-09716,stress,C02,G1,F3,4,2,lab,30,lab,S8
TTO-09716,stress,C03,G1,F1,4,2,classroom,60,classroom,S2
TTO-09716,stress,C04,G1,F3,4,2,classroom,60,classroom,S3
TTO-09716,stress,C05,G1,F3,4,2,lab,30,lab,S5
TTO-09717,stress,C01,G1,F1,4,2,classroom,60,classroom,S2
TTO-09717,stress,C02,G1,F1,4,2,lab,30,lab,S6
TTO-09717,stress,C03,G1,F1,4,2,lab,30,lab,S9
TTO-09717,stress,C04,G1,F2,4,2,classroom,60,classroom,S8
TTO-09717,stress,C05,G1,F1,4,2,lab,30,lab,S4
TTO-09718,stress,C01,G2,F2,4,2,classroom,60,classroom,S5
TTO-09718,stress,C02,G2,F2,4,2,lab,30,lab,S5
TTO-09718,stress,C03,G2,F2,4,2,lab,30,lab,S5
TTO-09718,stress,C04,G2,F1,4,2,classroom,60,classroom,S5
TTO-09718,stress,C05,G2,F2,4,2,lab,30,lab,S9
TTO-09719,stress,C01,G2,F2,4,2,classroom,60,classroom,S7
TTO-09719,stress,C02,G2,F2,4,2,lab,30,lab,S1
TTO-09719,stress,C03,G2,F2,4,2,classroom,60,classroom,S1
TTO-09719,stress,C04,G2,F2,4,2,lab,30,lab,S8
TTO-09719,stress,C05,G2,F2,4,2,classroom,60,classroom,S5
TTO-09720,stress,C01,G1,F2,4,2,classroom,60,classroom,S9
TTO-09720,stress,C02,G2,F2,4,2,classroom,60,classroom,S4
TTO-09720,stress,C03,G1,F2,4,2,lab,30,lab,S2
TTO-09720,stress,C04,G2,F3,4,2,lab,30,lab,S7
TTO-09720,stress,C05,G2,F2,4,2,lab,30,lab,S3
TTO-09721,stress,C01,G2,F3,4,2,lab,30,lab,S8
TTO-09721,stress,C02,G2,F3,4,2,classroom,60,classroom,S2
TTO-09721,stress,C03,G2,F2,4,2,classroom,60,classroom,S6
TTO-09721,stress,C04,G2,F3,4,2,lab,30,lab,S7
TTO-09721,stress,C05,G2,F3,4,2,classroom,60,classroom,S1
TTO-09722,stress,C01,G2,F1,4,2,classroom,60,classroom,S5
TTO-09722,stress,C02,G2,F1,4,2,lab,30,lab,S7
TTO-09722,stress,C03,G2,F1,4,2,lab,30,lab,S3
TTO-09722,stress,C04,G2,F2,4,2,lab,30,lab,S2
TTO-09722,stress,C05,G2,F1,4,2,classroom,60,classroom,S2
TTO-09723,stress,C01,G1,F1,4,2,lab,30,lab,S5
TTO-09723,stress,C02,G1,F1,4,2,classroom,60,classroom,S9
TTO-09723,stress,C03,G1,F1,4,2,classroom,60,classroom,S6
TTO-09723,stress,C04,G2,F1,4,2,lab,30,lab,S4
TTO-09723,stress,C05,G1,F2,4,2,classroom,60,classroom,S5
TTO-09724,stress,C01,G1,F3,4,2,classroom,60,classroom,S6
TTO-09724,stress,C02,G1,F3,4,2,lab,30,lab,S5
TTO-09724,stress,C03,G1,F3,4,2,classroom,60,classroom,S3
TTO-09724,stress,C04,G1,F2,4,2,classroom,60,classroom,S7
TTO-09724,stress,C05,G1,F2,4,2,lab,30,lab,S4
TTO-09725,stress,C01,G2,F2,4,2,classroom,60,classroom,S4
TTO-09725,stress,C02,G1,F3,4,2,lab,30,lab,S10
TTO-09725,stress,C03,G2,F3,4,2,lab,30,lab,S8
TTO-09725,stress,C04,G2,F3,4,2,classroom,60,classroom,S8
TTO-09725,stress,C05,G2,F3,4,2,lab,30,lab,S1
TTO-09726,stress,C01,G1,F3,4,2,lab,30,lab,S6
TTO-09726,stress,C02,G2,F2,4,2,lab,30,lab,S1
TTO-09726,stress,C03,G1,F2,4,2,lab,30,lab,S9
TTO-09726,stress,C04,G1,F3,4,2,classroom,60,classroom,S5
TTO-09726,stress,C05,G2,F3,4,2,classroom,60,classroom,S4
TTO-09727,stress,C01,G1,F2,4,2,classroom,60,classroom,S2
TTO-09727,stress,C02,G1,F2,4,2,lab,30,lab,S3
TTO-09727,stress,C03,G1,F3,4,2,classroom,60,classroom,S10
TTO-09727,stress,C04,G2,F2,4,2,lab,30,lab,S8
TTO-09727,stress,C05,G1,F2,4,2,lab,30,lab,S10
TTO-09728,stress,C01,G2,F2,4,2,classroom,60,classroom,S7
TTO-09728,stress,C02,G2,F1,4,2,lab,30,lab,S3
TTO-09728,stress,C03,G2,F2,4,2,classroom,60,classroom,S6
TTO-09728,stress,C04,G2,F3,4,2,classroom,60,classroom,S10
TTO-09728,stress,C05,G2,F2,4,2,lab,30,lab,S9
TTO-09729,stress,C01,G2,F2,4,2,lab,30,lab,S3
TTO-09729,stress,C02,G2,F3,4,2,lab,30,lab,S10
TTO-09729,stress,C03,G2,F3,4,2,lab,30,lab,S10
TTO-09729,stress,C04,G1,F3,4,2,classroom,60,classroom,S7
TTO-09729,stress,C05,G2,F3,4,2,lab,30,lab,S8
TTO-09730,stress,C01,G1,F1,4,2,lab,30,lab,S6
TTO-09730,stress,C02,G2,F3,4,2,lab,30,lab,S2
TTO-09730,stress,C03,G1,F1,4,2,lab,30,lab,S2
TTO-09730,stress,C04,G1,F1,4,2,lab,30,lab,S7
TTO-09730,stress,C05,G2,F1,4,2,lab,30,lab,S8
TTO-09731,stress,C01,G1,F3,4,2,classroom,60,classroom,S4
TTO-09731,stress,C02,G2,F2,4,2,lab,30,lab,S3
TTO-09731,stress,C03,G2,F2,4,2,classroom,60,classroom,S6
TTO-09731,stress,C04,G2,F2,4,2,classroom,60,classroom,S3
TTO-09731,stress,C05,G2,F2,4,2,lab,30,lab,S8
TTO-09732,stress,C01,G2,F2,4,2,classroom,60,classroom,S1
TTO-09732,stress,C02,G2,F2,4,2,classroom,60,classroom,S7
TTO-09732,stress,C03,G2,F2,4,2,lab,30,lab,S5
TTO-09732,stress,C04,G2,F2,4,2,lab,30,lab,S2
TTO-09732,stress,C05,G1,F2,4,2,classroom,60,classroom,S7
TTO-09733,stress,C01,G2,F1,4,2,classroom,60,classroom,S3
TTO-09733,stress,C02,G2,F1,4,2,classroom,60,classroom,S6
TTO-09733,stress,C03,G2,F1,4,2,classroom,60,classroom,S6
TTO-09733,stress,C04,G2,F1,4,2,lab,30,lab,S9
TTO-09733,stress,C05,G1,F1,4,2,lab,30,lab,S5
TTO-09734,stress,C01,G1,F3,4,2,lab,30,lab,S2
TTO-09734,stress,C02,G1,F3,4,2,classroom,60,classroom,S9
TTO-09734,stress,C03,G1,F3,4,2,classroom,60,classroom,S1
TTO-09734,stress,C04,G1,F3,4,2,lab,30,lab,S3
TTO-09734,stress,C05,G1,F3,4,2,lab,30,lab,S9
TTO-09735,stress,C01,G1,F3,4,2,classroom,60,classroom,S4
TTO-09735,stress,C02,G2,F2,4,2,lab,30,lab,S10
TTO-09735,stress,C03,G1,F3,4,2,lab,30,lab,S1
TTO-09735,stress,C04,G1,F2,4,2,lab,30,lab,S10
TTO-09735,stress,C05,G1,F1,4,2,classroom,60,classroom,S9
TTO-09736,stress,C01,G2,F3,4,2,classroom,60,classroom,S2
TTO-09736,stress,C02,G2,F1,4,2,classroom,60,classroom,S3
TTO-09736,stress,C03,G2,F1,4,2,lab,30,lab,S10
TTO-09736,stress,C04,G2,F1,4,2,lab,30,lab,S1
TTO-09736,stress,C05,G1,F2,4,2,classroom,60,classroom,S9
TTO-09737,stress,C01,G1,F3,4,2,classroom,60,classroom,S6
TTO-09737,stress,C02,G1,F3,4,2,lab,30,lab,S9
TTO-09737,stress,C03,G1,F3,4,2,lab,30,lab,S9
TTO-09737,stress,C04,G1,F3,4,2,lab,30,lab,S2
TTO-09737,stress,C05,G1,F3,4,2,lab,30,lab,S2
TTO-09738,stress,C01,G1,F3,4,2,classroom,60,classroom,S7
TTO-09738,stress,C02,G1,F3,4,2,lab,30,lab,S6
TTO-09738,stress,C03,G1,F2,4,2,lab,30,lab,S3
TTO-09738,stress,C04,G1,F3,4,2,classroom,60,classroom,S6
TTO-09738,stress,C05,G1,F3,4,2,classroom,60,classroom,S8
TTO-09739,stress,C01,G1,F3,4,2,lab,30,lab,S3
TTO-09739,stress,C02,G1,F3,4,2,lab,30,lab,S10
TTO-09739,stress,C03,G1,F1,4,2,lab,30,lab,S9
TTO-09739,stress,C04,G1,F3,4,2,lab,30,lab,S1
TTO-09739,stress,C05,G1,F3,4,2,lab,30,lab,S6
TTO-09740,stress,C01,G2,F3,4,2,classroom,60,classroom,S1
TTO-09740,stress,C02,G2,F3,4,2,classroom,60,classroom,S3
TTO-09740,stress,C03,G1,F3,4,2,classroom,60,classroom,S1
TTO-09740,stress,C04,G1,F3,4,2,lab,30,lab,S5
TTO-09740,stress,C05,G1,F1,4,2,classroom,60,classroom,S10
TTO-09741,stress,C01,G2,F1,4,2,lab,30,lab,S1
TTO-09741,stress,C02,G2,F2,4,2,lab,30,lab,S1
TTO-09741,stress,C03,G2,F1,4,2,classroom,60,classroom,S2
TTO-09741,stress,C04,G2,F2,4,2,lab,30,lab,S1
TTO-09741,stress,C05,G2,F2,4,2,classroom,60,classroom,S9
TTO-09742,stress,C01,G2,F3,4,2,lab,30,lab,S9
TTO-09742,stress,C02,G2,F3,4,2,classroom,60,classroom,S9
TTO-09742,stress,C03,G2,F3,4,2,lab,30,lab,S10
TTO-09742,stress,C04,G2,F3,4,2,lab,30,lab,S9
TTO-09742,stress,C05,G2,F1,4,2,classroom,60,classroom,S8
TTO-09743,stress,C01,G2,F1,4,2,classroom,60,classroom,S9
TTO-09743,stress,C02,G2,F1,4,2,classroom,60,classroom,S1
TTO-09743,stress,C03,G2,F1,4,2,classroom,60,classroom,S8
TTO-09743,stress,C04,G2,F1,4,2,classroom,60,classroom,S3
TTO-09743,stress,C05,G2,F1,4,2,lab,30,lab,S10
TTO-09744,stress,C01,G1,F2,4,2,classroom,60,classroom,S10
TTO-09744,stress,C02,G1,F2,4,2,lab,30,lab,S9
TTO-09744,stress,C03,G1,F2,4,2,classroom,60,classroom,S2
TTO-09744,stress,C04,G1,F2,4,2,classroom,60,classroom,S7
TTO-09744,stress,C05,G1,F2,4,2,classroom,60,classroom,S9
TTO-09745,stress,C01,G2,F3,4,2,lab,30,lab,S3
TTO-09745,stress,C02,G2,F3,4,2,classroom,60,classroom,S3
TTO-09745,stress,C03,G2,F2,4,2,lab,30,lab,S8
TTO-09745,stress,C04,G2,F2,4,2,classroom,60,classroom,S6
TTO-09745,stress,C05,G1,F1,4,2,lab,30,lab,S10
TTO-09746,stress,C01,G2,F1,4,2,classroom,60,classroom,S3
TTO-09746,stress,C02,G2,F1,4,2,lab,30,lab,S1
TTO-09746,stress,C03,G2,F1,4,2,lab,30,lab,S8
TTO-09746,stress,C04,G2,F1,4,2,classroom,60,classroom,S1
TTO-09746,stress,C05,G1,F3,4,2,classroom,60,classroom,S9
TTO-09747,stress,C01,G1,F2,4,2,lab,30,lab,S9
TTO-09747,stress,C02,G1,F3,4,2,lab,30,lab,S5
TTO-09747,stress,C03,G1,F3,4,2,classroom,60,classroom,S3
TTO-09747,stress,C04,G1,F3,4,2,classroom,60,classroom,S9
TTO-09747,stress,C05,G1,F3,4,2,classroom,60,classroom,S5
TTO-09748,stress,C01,G2,F1,4,2,classroom,60,classroom,S4
TTO-09748,stress,C02,G1,F1,4,2,lab,30,lab,S5
TTO-09748,stress,C03,G2,F1,4,2,classroom,60,classroom,S6
TTO-09748,stress,C04,G2,F2,4,2,lab,30,lab,S10
TTO-09748,stress,C05,G2,F1,4,2,classroom,60,classroom,S7
TTO-09749,stress,C01,G1,F2,4,2,classroom,60,classroom,S7
TTO-09749,stress,C02,G2,F2,4,2,lab,30,lab,S5
TTO-09749,stress,C03,G2,F2,4,2,lab,30,lab,S5
TTO-09749,stress,C04,G2,F2,4,2,lab,30,lab,S4
TTO-09749,stress,C05,G1,F2,4,2,lab,30,lab,S6
TTO-09750,stress,C01,G2,F3,4,2,classroom,60,classroom,S9
TTO-09750,stress,C02,G2,F3,4,2,classroom,60,classroom,S10
TTO-09750,stress,C03,G1,F3,4,2,classroom,60,classroom,S2
TTO-09750,stress,C04,G2,F2,4,2,classroom,60,classroom,S7
TTO-09750,stress,C05,G2,F1,4,2,lab,30,lab,S6
TTO-09751,stress,C01,G1,F2,4,2,lab,30,lab,S2
TTO-09751,stress,C02,G1,F2,4,2,lab,30,lab,S6
TTO-09751,stress,C03,G1,F2,4,2,classroom,60,classroom,S9
TTO-09751,stress,C04,G2,F1,4,2,lab,30,lab,S3
TTO-09751,stress,C05,G1,F2,4,2,classroom,60,classroom,S3
TTO-09752,stress,C01,G2,F1,4,2,classroom,60,classroom,S3
TTO-09752,stress,C02,G2,F1,4,2,lab,30,lab,S8
TTO-09752,stress,C03,G1,F1,4,2,lab,30,lab,S1
TTO-09752,stress,C04,G1,F1,4,2,lab,30,lab,S2
TTO-09752,stress,C05,G1,F1,4,2,classroom,60,classroom,S9
TTO-09753,stress,C01,G2,F1,4,2,classroom,60,classroom,S2
TTO-09753,stress,C02,G1,F1,4,2,lab,30,lab,S4
TTO-09753,stress,C03,G2,F1,4,2,classroom,60,classroom,S8
TTO-09753,stress,C04,G1,F1,4,2,classroom,60,classroom,S4
TTO-09753,stress,C05,G1,F1,4,2,classroom,60,classroom,S9
TTO-09754,stress,C01,G2,F3,4,2,classroom,60,classroom,S10
TTO-09754,stress,C02,G1,F1,4,2,lab,30,lab,S8
TTO-09754,stress,C03,G2,F1,4,2,classroom,60,classroom,S6
TTO-09754,stress,C04,G1,F2,4,2,classroom,60,classroom,S6
TTO-09754,stress,C05,G1,F1,4,2,lab,30,lab,S2
TTO-09755,stress,C01,G2,F2,4,2,classroom,60,classroom,S9
TTO-09755,stress,C02,G2,F1,4,2,classroom,60,classroom,S6
TTO-09755,stress,C03,G2,F3,4,2,classroom,60,classroom,S7
TTO-09755,stress,C04,G2,F3,4,2,lab,30,lab,S10
TTO-09755,stress,C05,G1,F3,4,2,lab,30,lab,S2
TTO-09756,stress,C01,G1,F3,4,2,classroom,60,classroom,S2
TTO-09756,stress,C02,G1,F3,4,2,lab,30,lab,S1
TTO-09756,stress,C03,G1,F3,4,2,classroom,60,classroom,S6
TTO-09756,stress,C04,G2,F3,4,2,classroom,60,classroom,S2
TTO-09756,stress,C05,G1,F3,4,2,classroom,60,classroom,S3
TTO-09757,stress,C01,G2,F1,4,2,classroom,60,classroom,S8
TTO-09757,stress,C02,G1,F1,4,2,classroom,60,classroom,S2
TTO-09757,stress,C03,G2,F1,4,2,classroom,60,classroom,S6
TTO-09757,stress,C04,G2,F1,4,2,lab,30,lab,S5
TTO-09757,stress,C05,G2,F1,4,2,classroom,60,classroom,S5
TTO-09758,stress,C01,G1,F3,4,2,lab,30,lab,S8
TTO-09758,stress,C02,G2,F1,4,2,classroom,60,classroom,S7
TTO-09758,stress,C03,G2,F1,4,2,lab,30,lab,S1
TTO-09758,stress,C04,G2,F1,4,2,lab,30,lab,S3
TTO-09758,stress,C05,G2,F3,4,2,lab,30,lab,S6
TTO-09759,stress,C01,G2,F2,4,2,lab,30,lab,S7
TTO-09759,stress,C02,G2,F2,4,2,lab,30,lab,S7
TTO-09759,stress,C03,G2,F2,4,2,classroom,60,classroom,S3
TTO-09759,stress,C04,G2,F2,4,2,classroom,60,classroom,S4
TTO-09759,stress,C05,G2,F3,4,2,lab,30,lab,S9
TTO-09760,stress,C01,G2,F2,4,2,lab,30,lab,S1
TTO-09760,stress,C02,G2,F2,4,2,lab,30,lab,S8
TTO-09760,stress,C03,G1,F2,4,2,lab,30,lab,S7
TTO-09760,stress,C04,G2,F2,4,2,lab,30,lab,S9
TTO-09760,stress,C05,G2,F1,4,2,classroom,60,classroom,S1
TTO-09761,stress,C01,G1,F1,4,2,classroom,60,classroom,S10
TTO-09761,stress,C02,G1,F1,4,2,lab,30,lab,S7
TTO-09761,stress,C03,G1,F1,4,2,classroom,60,classroom,S7
TTO-09761,stress,C04,G1,F1,4,2,lab,30,lab,S5
TTO-09761,stress,C05,G1,F1,4,2,lab,30,lab,S10
TTO-09762,stress,C01,G1,F3,4,2,lab,30,lab,S9
TTO-09762,stress,C02,G1,F3,4,2,lab,30,lab,S7
TTO-09762,stress,C03,G1,F1,4,2,classroom,60,classroom,S10
TTO-09762,stress,C04,G1,F3,4,2,classroom,60,classroom,S10
TTO-09762,stress,C05,G1,F3,4,2,classroom,60,classroom,S3
TTO-09763,stress,C01,G2,F3,4,2,classroom,60,classroom,S3
TTO-09763,stress,C02,G2,F2,4,2,lab,30,lab,S3
TTO-09763,stress,C03,G2,F2,4,2,classroom,60,classroom,S6
TTO-09763,stress,C04,G1,F2,4,2,lab,30,lab,S2
TTO-09763,stress,C05,G2,F2,4,2,classroom,60,classroom,S8
TTO-09764,stress,C01,G1,F3,4,2,lab,30,lab,S1
TTO-09764,stress,C02,G2,F3,4,2,lab,30,lab,S5
TTO-09764,stress,C03,G1,F3,4,2,lab,30,lab,S9
TTO-09764,stress,C04,G1,F3,4,2,classroom,60,classroom,S3
TTO-09764,stress,C05,G2,F3,4,2,classroom,60,classroom,S9
TTO-09765,stress,C01,G1,F1,4,2,lab,30,lab,S3
TTO-09765,stress,C02,G1,F1,4,2,lab,30,lab,S10
TTO-09765,stress,C03,G1,F1,4,2,lab,30,lab,S8
TTO-09765,stress,C04,G2,F1,4,2,classroom,60,classroom,S3
TTO-09765,stress,C05,G1,F1,4,2,classroom,60,classroom,S8
TTO-09766,stress,C01,G2,F2,4,2,lab,30,lab,S10
TTO-09766,stress,C02,G2,F2,4,2,lab,30,lab,S8
TTO-09766,stress,C03,G2,F2,4,2,classroom,60,classroom,S6
TTO-09766,stress,C04,G2,F2,4,2,classroom,60,classroom,S3
TTO-09766,stress,C05,G2,F2,4,2,classroom,60,classroom,S10
TTO-09767,stress,C01,G2,F3,4,2,lab,30,lab,S2
TTO-09767,stress,C02,G2,F3,4,2,lab,30,lab,S7
TTO-09767,stress,C03,G2,F3,4,2,classroom,60,classroom,S2
TTO-09767,stress,C04,G2,F3,4,2,lab,30,lab,S5
TTO-09767,stress,C05,G1,F3,4,2,classroom,60,classroom,S5
TTO-09768,stress,C01,G1,F3,4,2,lab,30,lab,S1
TTO-09768,stress,C02,G1,F3,4,2,lab,30,lab,S10
TTO-09768,stress,C03,G2,F2,4,2,classroom,60,classroom,S5
TTO-09768,stress,C04,G1,F3,4,2,lab,30,lab,S7
TTO-09768,stress,C05,G1,F3,4,2,lab,30,lab,S6
TTO-09769,stress,C01,G2,F3,4,2,classroom,60,classroom,S1
TTO-09769,stress,C02,G2,F3,4,2,classroom,60,classroom,S6
TTO-09769,stress,C03,G2,F1,4,2,classroom,60,classroom,S10
TTO-09769,stress,C04,G2,F3,4,2,classroom,60,classroom,S2
TTO-09769,stress,C05,G2,F1,4,2,classroom,60,classroom,S7
TTO-09770,stress,C01,G2,F2,4,2,classroom,60,classroom,S6
TTO-09770,stress,C02,G2,F2,4,2,lab,30,lab,S6
TTO-09770,stress,C03,G2,F2,4,2,classroom,60,classroom,S3
TTO-09770,stress,C04,G1,F2,4,2,classroom,60,classroom,S3
TTO-09770,stress,C05,G2,F2,4,2,lab,30,lab,S8
TTO-09771,stress,C01,G1,F1,4,2,classroom,60,classroom,S7
TTO-09771,stress,C02,G2,F2,4,2,classroom,60,classroom,S5
TTO-09771,stress,C03,G2,F1,4,2,lab,30,lab,S10
TTO-09771,stress,C04,G1,F2,4,2,lab,30,lab,S4
TTO-09771,stress,C05,G2,F2,4,2,classroom,60,classroom,S1
TTO-09772,stress,C01,G2,F2,4,2,classroom,60,classroom,S3
TTO-09772,stress,C02,G2,F1,4,2,classroom,60,classroom,S2
TTO-09772,stress,C03,G2,F1,4,2,lab,30,lab,S8
TTO-09772,stress,C04,G2,F1,4,2,classroom,60,classroom,S9
TTO-09772,stress,C05,G2,F1,4,2,lab,30,lab,S5
TTO-09773,stress,C01,G2,F1,4,2,lab,30,lab,S2
TTO-09773,stress,C02,G2,F1,4,2,classroom,60,classroom,S5
TTO-09773,stress,C03,G1,F1,4,2,lab,30,lab,S4
TTO-09773,stress,C04,G2,F1,4,2,lab,30,lab,S6
TTO-09773,stress,C05,G2,F1,4,2,classroom,60,classroom,S8
TTO-09774,stress,C01,G2,F2,4,2,lab,30,lab,S5
TTO-09774,stress,C02,G2,F3,4,2,lab,30,lab,S3
TTO-09774,stress,C03,G1,F2,4,2,lab,30,lab,S10
TTO-09774,stress,C04,G2,F2,4,2,classroom,60,classroom,S7
TTO-09774,stress,C05,G2,F2,4,2,classroom,60,classroom,S7
TTO-09775,stress,C01,G1,F1,4,2,lab,30,lab,S4
TTO-09775,stress,C02,G1,F1,4,2,lab,30,lab,S4
TTO-09775,stress,C03,G1,F1,4,2,classroom,60,classroom,S3
TTO-09775,stress,C04,G1,F1,4,2,classroom,60,classroom,S3
TTO-09775,stress,C05,G1,F1,4,2,lab,30,lab,S5
TTO-09776,stress,C01,G2,F3,4,2,classroom,60,classroom,S6
TTO-09776,stress,C02,G2,F2,4,2,classroom,60,classroom,S8
TTO-09776,stress,C03,G2,F3,4,2,lab,30,lab,S9
TTO-09776,stress,C04,G2,F3,4,2,classroom,60,classroom,S9
TTO-09776,stress,C05,G1,F3,4,2,lab,30,lab,S1
TTO-09777,stress,C01,G2,F1,4,2,lab,30,lab,S2
TTO-09777,stress,C02,G1,F3,4,2,lab,30,lab,S2
TTO-09777,stress,C03,G2,F3,4,2,lab,30,lab,S2
TTO-09777,stress,C04,G2,F3,4,2,classroom,60,classroom,S2
TTO-09777,stress,C05,G1,F3,4,2,lab,30,lab,S8
TTO-09778,stress,C01,G1,F3,4,2,classroom,60,classroom,S3
TTO-09778,stress,C02,G1,F3,4,2,classroom,60,classroom,S8
TTO-09778,stress,C03,G1,F3,4,2,classroom,60,classroom,S8
TTO-09778,stress,C04,G2,F3,4,2,classroom,60,classroom,S7
TTO-09778,stress,C05,G2,F3,4,2,lab,30,lab,S8
TTO-09779,stress,C01,G2,F3,4,2,classroom,60,classroom,S8
TTO-09779,stress,C02,G2,F3,4,2,classroom,60,classroom,S5
TTO-09779,stress,C03,G1,F3,4,2,classroom,60,classroom,S6
TTO-09779,stress,C04,G2,F3,4,2,classroom,60,classroom,S9
TTO-09779,stress,C05,G2,F3,4,2,lab,30,lab,S8
TTO-09780,stress,C01,G2,F2,4,2,classroom,60,classroom,S4
TTO-09780,stress,C02,G1,F2,4,2,classroom,60,classroom,S9
TTO-09780,stress,C03,G2,F1,4,2,lab,30,lab,S7
TTO-09780,stress,C04,G1,F1,4,2,classroom,60,classroom,S10
TTO-09780,stress,C05,G1,F2,4,2,classroom,60,classroom,S1
TTO-09781,stress,C01,G1,F2,4,2,classroom,60,classroom,S5
TTO-09781,stress,C02,G2,F2,4,2,classroom,60,classroom,S5
TTO-09781,stress,C03,G2,F2,4,2,lab,30,lab,S1
TTO-09781,stress,C04,G2,F2,4,2,lab,30,lab,S5
TTO-09781,stress,C05,G2,F2,4,2,lab,30,lab,S4
TTO-09782,stress,C01,G1,F2,4,2,classroom,60,classroom,S9
TTO-09782,stress,C02,G1,F2,4,2,classroom,60,classroom,S9
TTO-09782,stress,C03,G1,F2,4,2,classroom,60,classroom,S2
TTO-09782,stress,C04,G1,F2,4,2,lab,30,lab,S5
TTO-09782,stress,C05,G1,F2,4,2,lab,30,lab,S7
TTO-09783,stress,C01,G1,F2,4,2,lab,30,lab,S10
TTO-09783,stress,C02,G1,F3,4,2,lab,30,lab,S6
TTO-09783,stress,C03,G1,F1,4,2,lab,30,lab,S9
TTO-09783,stress,C04,G2,F3,4,2,lab,30,lab,S8
TTO-09783,stress,C05,G1,F3,4,2,lab,30,lab,S4
TTO-09784,stress,C01,G2,F3,4,2,classroom,60,classroom,S4
TTO-09784,stress,C02,G2,F3,4,2,lab,30,lab,S5
TTO-09784,stress,C03,G2,F3,4,2,lab,30,lab,S3
TTO-09784,stress,C04,G2,F3,4,2,lab,30,lab,S9
TTO-09784,stress,C05,G2,F3,4,2,classroom,60,classroom,S5
TTO-09785,stress,C01,G1,F1,4,2,lab,30,lab,S4
TTO-09785,stress,C02,G1,F3,4,2,lab,30,lab,S10
TTO-09785,stress,C03,G1,F3,4,2,lab,30,lab,S5
TTO-09785,stress,C04,G1,F3,4,2,classroom,60,classroom,S7
TTO-09785,stress,C05,G1,F3,4,2,classroom,60,classroom,S7
TTO-09786,stress,C01,G1,F3,4,2,lab,30,lab,S8
TTO-09786,stress,C02,G2,F3,4,2,classroom,60,classroom,S5
TTO-09786,stress,C03,G2,F3,4,2,lab,30,lab,S5
TTO-09786,stress,C04,G2,F3,4,2,lab,30,lab,S1
TTO-09786,stress,C05,G2,F3,4,2,classroom,60,classroom,S7
TTO-09787,stress,C01,G1,F2,4,2,classroom,60,classroom,S10
TTO-09787,stress,C02,G2,F3,4,2,lab,30,lab,S6
TTO-09787,stress,C03,G2,F2,4,2,lab,30,lab,S7
TTO-09787,stress,C04,G1,F3,4,2,classroom,60,classroom,S8
TTO-09787,stress,C05,G1,F2,4,2,lab,30,lab,S3
TTO-09788,stress,C01,G1,F3,4,2,classroom,60,classroom,S9
TTO-09788,stress,C02,G1,F3,4,2,lab,30,lab,S5
TTO-09788,stress,C03,G1,F3,4,2,classroom,60,classroom,S3
TTO-09788,stress,C04,G1,F3,4,2,lab,30,lab,S5
TTO-09788,stress,C05,G1,F3,4,2,lab,30,lab,S6
TTO-09789,stress,C01,G2,F1,4,2,lab,30,lab,S7
TTO-09789,stress,C02,G1,F1,4,2,lab,30,lab,S10
TTO-09789,stress,C03,G2,F2,4,2,lab,30,lab,S6
TTO-09789,stress,C04,G2,F1,4,2,lab,30,lab,S4
TTO-09789,stress,C05,G2,F1,4,2,classroom,60,classroom,S6
TTO-09790,stress,C01,G2,F3,4,2,lab,30,lab,S7
TTO-09790,stress,C02,G1,F2,4,2,lab,30,lab,S2
TTO-09790,stress,C03,G1,F3,4,2,classroom,60,classroom,S7
TTO-09790,stress,C04,G1,F1,4,2,classroom,60,classroom,S10
TTO-09790,stress,C05,G1,F2,4,2,lab,30,lab,S8
TTO-09791,stress,C01,G2,F2,4,2,lab,30,lab,S3
TTO-09791,stress,C02,G2,F3,4,2,classroom,60,classroom,S3
TTO-09791,stress,C03,G2,F3,4,2,classroom,60,classroom,S6
TTO-09791,stress,C04,G2,F2,4,2,lab,30,lab,S4
TTO-09791,stress,C05,G2,F3,4,2,lab,30,lab,S10
TTO-09792,stress,C01,G2,F2,4,2,lab,30,lab,S5
TTO-09792,stress,C02,G2,F2,4,2,lab,30,lab,S10
TTO-09792,stress,C03,G2,F2,4,2,classroom,60,classroom,S9
TTO-09792,stress,C04,G2,F2,4,2,lab,30,lab,S8
TTO-09792,stress,C05,G1,F2,4,2,classroom,60,classroom,S1
TTO-09793,stress,C01,G2,F1,4,2,lab,30,lab,S1
TTO-09793,stress,C02,G2,F1,4,2,classroom,60,classroom,S9
TTO-09793,stress,C03,G2,F1,4,2,lab,30,lab,S2
TTO-09793,stress,C04,G2,F1,4,2,classroom,60,classroom,S9
TTO-09793,stress,C05,G2,F1,4,2,classroom,60,classroom,S7
TTO-09794,stress,C01,G2,F3,4,2,lab,30,lab,S9
TTO-09794,stress,C02,G2,F3,4,2,lab,30,lab,S5
TTO-09794,stress,C03,G2,F3,4,2,classroom,60,classroom,S9
TTO-09794,stress,C04,G2,F3,4,2,classroom,60,classroom,S3
TTO-09794,stress,C05,G2,F3,4,2,classroom,60,classroom,S8
TTO-09795,stress,C01,G2,F1,4,2,lab,30,lab,S2
TTO-09795,stress,C02,G2,F2,4,2,classroom,60,classroom,S5
TTO-09795,stress,C03,G2,F1,4,2,lab,30,lab,S2
TTO-09795,stress,C04,G2,F1,4,2,lab,30,lab,S2
TTO-09795,stress,C05,G2,F1,4,2,classroom,60,classroom,S7
TTO-09796,stress,C01,G1,F1,4,2,lab,30,lab,S1
TTO-09796,stress,C02,G1,F1,4,2,lab,30,lab,S10
TTO-09796,stress,C03,G1,F1,4,2,classroom,60,classroom,S9
TTO-09796,stress,C04,G1,F1,4,2,lab,30,lab,S4
TTO-09796,stress,C05,G1,F1,4,2,classroom,60,classroom,S1
TTO-09797,stress,C01,G2,F3,4,2,classroom,60,classroom,S5
TTO-09797,stress,C02,G2,F3,4,2,classroom,60,classroom,S1
TTO-09797,stress,C03,G2,F2,4,2,classroom,60,classroom,S2
TTO-09797,stress,C04,G2,F2,4,2,classroom,60,classroom,S3
TTO-09797,stress,C05,G2,F1,4,2,lab,30,lab,S8
TTO-09798,stress,C01,G2,F1,4,2,lab,30,lab,S9
TTO-09798,stress,C02,G2,F1,4,2,classroom,60,classroom,S6
TTO-09798,stress,C03,G2,F1,4,2,lab,30,lab,S10
TTO-09798,stress,C04,G2,F1,4,2,lab,30,lab,S7
TTO-09798,stress,C05,G2,F3,4,2,classroom,60,classroom,S1
TTO-09799,stress,C01,G2,F1,4,2,classroom,60,classroom,S3
TTO-09799,stress,C02,G1,F1,4,2,lab,30,lab,S8
TTO-09799,stress,C03,G1,F1,4,2,classroom,60,classroom,S5
TTO-09799,stress,C04,G1,F1,4,2,lab,30,lab,S9
TTO-09799,stress,C05,G1,F1,4,2,lab,30,lab,S10
TTO-09800,stress,C01,G2,F1,4,2,lab,30,lab,S9
TTO-09800,stress,C02,G2,F3,4,2,lab,30,lab,S8
TTO-09800,stress,C03,G2,F1,4,2,lab,30,lab,S5
TTO-09800,stress,C04,G2,F3,4,2,classroom,60,classroom,S7
TTO-09800,stress,C05,G2,F3,4,2,classroom,60,classroom,S8
TTO-09801,stress,C01,G1,F3,4,2,classroom,60,classroom,S4
TTO-09801,stress,C02,G1,F1,4,2,lab,30,lab,S4
TTO-09801,stress,C03,G1,F1,4,2,lab,30,lab,S10
TTO-09801,stress,C04,G1,F1,4,2,classroom,60,classroom,S10
TTO-09801,stress,C05,G1,F1,4,2,classroom,60,classroom,S3
TTO-09802,stress,C01,G2,F2,4,2,classroom,60,classroom,S9
TTO-09802,stress,C02,G1,F2,4,2,classroom,60,classroom,S10
TTO-09802,stress,C03,G2,F2,4,2,lab,30,lab,S5
TTO-09802,stress,C04,G1,F3,4,2,lab,30,lab,S8
TTO-09802,stress,C05,G2,F2,4,2,lab,30,lab,S3
TTO-09803,stress,C01,G2,F1,4,2,lab,30,lab,S5
TTO-09803,stress,C02,G2,F1,4,2,lab,30,lab,S6
TTO-09803,stress,C03,G2,F1,4,2,classroom,60,classroom,S7
TTO-09803,stress,C04,G2,F1,4,2,classroom,60,classroom,S5
TTO-09803,stress,C05,G2,F1,4,2,classroom,60,classroom,S6
TTO-09804,stress,C01,G2,F2,4,2,lab,30,lab,S2
TTO-09804,stress,C02,G2,F2,4,2,lab,30,lab,S6
TTO-09804,stress,C03,G2,F2,4,2,lab,30,lab,S7
TTO-09804,stress,C04,G2,F1,4,2,lab,30,lab,S8
TTO-09804,stress,C05,G2,F1,4,2,lab,30,lab,S5
TTO-09805,stress,C01,G2,F3,4,2,lab,30,lab,S3
TTO-09805,stress,C02,G2,F3,4,2,classroom,60,classroom,S6
TTO-09805,stress,C03,G2,F3,4,2,lab,30,lab,S8
TTO-09805,stress,C04,G2,F3,4,2,lab,30,lab,S1
TTO-09805,stress,C05,G2,F3,4,2,classroom,60,classroom,S9
TTO-09806,stress,C01,G2,F1,4,2,lab,30,lab,S5
TTO-09806,stress,C02,G2,F1,4,2,classroom,60,classroom,S1
TTO-09806,stress,C03,G1,F1,4,2,lab,30,lab,S8
TTO-09806,stress,C04,G2,F3,4,2,lab,30,lab,S1
TTO-09806,stress,C05,G2,F1,4,2,lab,30,lab,S8
TTO-09807,stress,C01,G2,F3,4,2,classroom,60,classroom,S10
TTO-09807,stress,C02,G2,F1,4,2,classroom,60,classroom,S2
TTO-09807,stress,C03,G2,F1,4,2,classroom,60,classroom,S3
TTO-09807,stress,C04,G2,F3,4,2,lab,30,lab,S8
TTO-09807,stress,C05,G2,F2,4,2,lab,30,lab,S7
TTO-09808,stress,C01,G1,F3,4,2,lab,30,lab,S7
TTO-09808,stress,C02,G1,F3,4,2,lab,30,lab,S7
TTO-09808,stress,C03,G1,F3,4,2,classroom,60,classroom,S9
TTO-09808,stress,C04,G1,F3,4,2,lab,30,lab,S2
TTO-09808,stress,C05,G2,F3,4,2,lab,30,lab,S2
TTO-09809,stress,C01,G1,F1,4,2,classroom,60,classroom,S5
TTO-09809,stress,C02,G2,F1,4,2,classroom,60,classroom,S2
TTO-09809,stress,C03,G1,F1,4,2,lab,30,lab,S10
TTO-09809,stress,C04,G1,F1,4,2,classroom,60,classroom,S5
TTO-09809,stress,C05,G1,F1,4,2,lab,30,lab,S7
TTO-09810,stress,C01,G2,F3,4,2,lab,30,lab,S7
TTO-09810,stress,C02,G2,F1,4,2,classroom,60,classroom,S7
TTO-09810,stress,C03,G1,F1,4,2,classroom,60,classroom,S1
TTO-09810,stress,C04,G2,F1,4,2,lab,30,lab,S2
TTO-09810,stress,C05,G1,F1,4,2,classroom,60,classroom,S1
TTO-09811,stress,C01,G2,F3,4,2,classroom,60,classroom,S3
TTO-09811,stress,C02,G2,F3,4,2,classroom,60,classroom,S2
TTO-09811,stress,C03,G2,F3,4,2,classroom,60,classroom,S7
TTO-09811,stress,C04,G1,F2,4,2,classroom,60,classroom,S7
TTO-09811,stress,C05,G2,F1,4,2,lab,30,lab,S3
TTO-09812,stress,C01,G1,F2,4,2,lab,30,lab,S3
TTO-09812,stress,C02,G1,F2,4,2,lab,30,lab,S2
TTO-09812,stress,C03,G1,F1,4,2,classroom,60,classroom,S9
TTO-09812,stress,C04,G1,F2,4,2,classroom,60,classroom,S7
TTO-09812,stress,C05,G2,F2,4,2,lab,30,lab,S10
TTO-09813,stress,C01,G2,F1,4,2,lab,30,lab,S4
TTO-09813,stress,C02,G1,F2,4,2,lab,30,lab,S10
TTO-09813,stress,C03,G1,F2,4,2,lab,30,lab,S1
TTO-09813,stress,C04,G1,F2,4,2,classroom,60,classroom,S5
TTO-09813,stress,C05,G2,F2,4,2,classroom,60,classroom,S9
TTO-09814,stress,C01,G1,F2,4,2,lab,30,lab,S1
TTO-09814,stress,C02,G2,F2,4,2,lab,30,lab,S3
TTO-09814,stress,C03,G2,F2,4,2,lab,30,lab,S4
TTO-09814,stress,C04,G2,F2,4,2,lab,30,lab,S5
TTO-09814,stress,C05,G2,F2,4,2,lab,30,lab,S3
TTO-09815,stress,C01,G1,F3,4,2,lab,30,lab,S1
TTO-09815,stress,C02,G1,F3,4,2,lab,30,lab,S9
TTO-09815,stress,C03,G1,F3,4,2,lab,30,lab,S7
TTO-09815,stress,C04,G1,F3,4,2,lab,30,lab,S8
TTO-09815,stress,C05,G1,F3,4,2,classroom,60,classroom,S6
TTO-09816,stress,C01,G2,F3,4,2,classroom,60,classroom,S9
TTO-09816,stress,C02,G2,F1,4,2,classroom,60,classroom,S10
TTO-09816,stress,C03,G2,F3,4,2,classroom,60,classroom,S3
TTO-09816,stress,C04,G2,F3,4,2,classroom,60,classroom,S10
TTO-09816,stress,C05,G2,F3,4,2,classroom,60,classroom,S5
TTO-09817,stress,C01,G2,F2,4,2,lab,30,lab,S3
TTO-09817,stress,C02,G2,F3,4,2,classroom,60,classroom,S2
TTO-09817,stress,C03,G2,F2,4,2,lab,30,lab,S9
TTO-09817,stress,C04,G2,F2,4,2,lab,30,lab,S4
TTO-09817,stress,C05,G2,F3,4,2,lab,30,lab,S10
TTO-09818,stress,C01,G2,F3,4,2,lab,30,lab,S5
TTO-09818,stress,C02,G2,F1,4,2,classroom,60,classroom,S9
TTO-09818,stress,C03,G2,F1,4,2,lab,30,lab,S1
TTO-09818,stress,C04,G2,F3,4,2,lab,30,lab,S9
TTO-09818,stress,C05,G2,F3,4,2,classroom,60,classroom,S7
TTO-09819,stress,C01,G1,F3,4,2,lab,30,lab,S5
TTO-09819,stress,C02,G1,F3,4,2,lab,30,lab,S10
TTO-09819,stress,C03,G2,F3,4,2,lab,30,lab,S1
TTO-09819,stress,C04,G1,F3,4,2,classroom,60,classroom,S8
TTO-09819,stress,C05,G1,F3,4,2,classroom,60,classroom,S6
TTO-09820,stress,C01,G2,F3,4,2,classroom,60,classroom,S10
TTO-09820,stress,C02,G2,F3,4,2,classroom,60,classroom,S2
TTO-09820,stress,C03,G2,F3,4,2,classroom,60,classroom,S1
TTO-09820,stress,C04,G2,F3,4,2,classroom,60,classroom,S8
TTO-09820,stress,C05,G1,F3,4,2,lab,30,lab,S6
TTO-09821,stress,C01,G2,F2,4,2,classroom,60,classroom,S3
TTO-09821,stress,C02,G2,F3,4,2,lab,30,lab,S6
TTO-09821,stress,C03,G2,F2,4,2,lab,30,lab,S6
TTO-09821,stress,C04,G1,F2,4,2,lab,30,lab,S1
TTO-09821,stress,C05,G2,F2,4,2,classroom,60,classroom,S7
TTO-09822,stress,C01,G1,F2,4,2,classroom,60,classroom,S5
TTO-09822,stress,C02,G1,F1,4,2,classroom,60,classroom,S10
TTO-09822,stress,C03,G1,F1,4,2,classroom,60,classroom,S8
TTO-09822,stress,C04,G1,F1,4,2,classroom,60,classroom,S1
TTO-09822,stress,C05,G2,F1,4,2,classroom,60,classroom,S1
TTO-09823,stress,C01,G2,F1,4,2,lab,30,lab,S8
TTO-09823,stress,C02,G1,F1,4,2,classroom,60,classroom,S6
TTO-09823,stress,C03,G1,F3,4,2,lab,30,lab,S8
TTO-09823,stress,C04,G1,F3,4,2,lab,30,lab,S1
TTO-09823,stress,C05,G2,F2,4,2,classroom,60,classroom,S4
TTO-09824,stress,C01,G2,F1,4,2,lab,30,lab,S9
TTO-09824,stress,C02,G2,F3,4,2,lab,30,lab,S8
TTO-09824,stress,C03,G2,F3,4,2,classroom,60,classroom,S9
TTO-09824,stress,C04,G2,F3,4,2,classroom,60,classroom,S5
TTO-09824,stress,C05,G2,F2,4,2,lab,30,lab,S4
TTO-09825,stress,C01,G2,F3,4,2,lab,30,lab,S10
TTO-09825,stress,C02,G1,F3,4,2,classroom,60,classroom,S4
TTO-09825,stress,C03,G2,F3,4,2,classroom,60,classroom,S7
TTO-09825,stress,C04,G2,F2,4,2,classroom,60,classroom,S4
TTO-09825,stress,C05,G2,F3,4,2,classroom,60,classroom,S5
TTO-09826,stress,C01,G2,F2,4,2,classroom,60,classroom,S10
TTO-09826,stress,C02,G2,F3,4,2,lab,30,lab,S10
TTO-09826,stress,C03,G2,F2,4,2,classroom,60,classroom,S10
TTO-09826,stress,C04,G2,F2,4,2,lab,30,lab,S4
TTO-09826,stress,C05,G2,F2,4,2,classroom,60,classroom,S3
TTO-09827,stress,C01,G2,F1,4,2,classroom,60,classroom,S5
TTO-09827,stress,C02,G2,F1,4,2,classroom,60,classroom,S8
TTO-09827,stress,C03,G2,F3,4,2,lab,30,lab,S8
TTO-09827,stress,C04,G2,F3,4,2,lab,30,lab,S6
TTO-09827,stress,C05,G2,F3,4,2,lab,30,lab,S1
TTO-09828,stress,C01,G1,F3,4,2,classroom,60,classroom,S7
TTO-09828,stress,C02,G1,F3,4,2,classroom,60,classroom,S9
TTO-09828,stress,C03,G1,F3,4,2,lab,30,lab,S6
TTO-09828,stress,C04,G1,F3,4,2,lab,30,lab,S8
TTO-09828,stress,C05,G1,F1,4,2,lab,30,lab,S5
TTO-09829,stress,C01,G1,F2,4,2,lab,30,lab,S9
TTO-09829,stress,C02,G1,F1,4,2,classroom,60,classroom,S3
TTO-09829,stress,C03,G2,F3,4,2,lab,30,lab,S7
TTO-09829,stress,C04,G2,F1,4,2,classroom,60,classroom,S8
TTO-09829,stress,C05,G2,F2,4,2,classroom,60,classroom,S10
TTO-09830,stress,C01,G2,F2,4,2,classroom,60,classroom,S1
TTO-09830,stress,C02,G2,F3,4,2,classroom,60,classroom,S9
TTO-09830,stress,C03,G2,F1,4,2,classroom,60,classroom,S10
TTO-09830,stress,C04,G2,F2,4,2,classroom,60,classroom,S2
TTO-09830,stress,C05,G2,F2,4,2,classroom,60,classroom,S9
TTO-09831,stress,C01,G1,F1,4,2,classroom,60,classroom,S3
TTO-09831,stress,C02,G1,F3,4,2,classroom,60,classroom,S9
TTO-09831,stress,C03,G1,F3,4,2,lab,30,lab,S6
TTO-09831,stress,C04,G2,F1,4,2,classroom,60,classroom,S6
TTO-09831,stress,C05,G1,F1,4,2,classroom,60,classroom,S9
TTO-09832,stress,C01,G1,F1,4,2,classroom,60,classroom,S5
TTO-09832,stress,C02,G1,F3,4,2,lab,30,lab,S7
TTO-09832,stress,C03,G1,F3,4,2,classroom,60,classroom,S1
TTO-09832,stress,C04,G1,F1,4,2,lab,30,lab,S10
TTO-09832,stress,C05,G1,F3,4,2,classroom,60,classroom,S1
TTO-09833,stress,C01,G2,F2,4,2,classroom,60,classroom,S6
TTO-09833,stress,C02,G2,F2,4,2,lab,30,lab,S3
TTO-09833,stress,C03,G2,F2,4,2,lab,30,lab,S1
TTO-09833,stress,C04,G2,F2,4,2,lab,30,lab,S9
TTO-09833,stress,C05,G2,F2,4,2,classroom,60,classroom,S5
TTO-09834,stress,C01,G1,F1,4,2,classroom,60,classroom,S10
TTO-09834,stress,C02,G2,F1,4,2,lab,30,lab,S10
TTO-09834,stress,C03,G1,F1,4,2,classroom,60,classroom,S8
TTO-09834,stress,C04,G1,F2,4,2,lab,30,lab,S8
TTO-09834,stress,C05,G1,F1,4,2,lab,30,lab,S2
TTO-09835,stress,C01,G1,F2,4,2,classroom,60,classroom,S2
TTO-09835,stress,C02,G2,F3,4,2,classroom,60,classroom,S8
TTO-09835,stress,C03,G2,F2,4,2,lab,30,lab,S7
TTO-09835,stress,C04,G2,F2,4,2,lab,30,lab,S7
TTO-09835,stress,C05,G2,F1,4,2,lab,30,lab,S8
TTO-09836,stress,C01,G1,F2,4,2,classroom,60,classroom,S6
TTO-09836,stress,C02,G1,F2,4,2,classroom,60,classroom,S3
TTO-09836,stress,C03,G1,F2,4,2,lab,30,lab,S8
TTO-09836,stress,C04,G2,F2,4,2,classroom,60,classroom,S2
TTO-09836,stress,C05,G1,F2,4,2,classroom,60,classroom,S3
TTO-09837,stress,C01,G2,F3,4,2,lab,30,lab,S9
TTO-09837,stress,C02,G2,F1,4,2,lab,30,lab,S4
TTO-09837,stress,C03,G2,F1,4,2,lab,30,lab,S2
TTO-09837,stress,C04,G2,F1,4,2,lab,30,lab,S8
TTO-09837,stress,C05,G2,F1,4,2,lab,30,lab,S2
TTO-09838,stress,C01,G1,F3,4,2,lab,30,lab,S7
TTO-09838,stress,C02,G1,F3,4,2,classroom,60,classroom,S5
TTO-09838,stress,C03,G1,F1,4,2,lab,30,lab,S4
TTO-09838,stress,C04,G1,F3,4,2,classroom,60,classroom,S1
TTO-09838,stress,C05,G1,F3,4,2,lab,30,lab,S7
TTO-09839,stress,C01,G2,F1,4,2,lab,30,lab,S9
TTO-09839,stress,C02,G2,F1,4,2,lab,30,lab,S7
TTO-09839,stress,C03,G1,F1,4,2,classroom,60,classroom,S5
TTO-09839,stress,C04,G2,F1,4,2,classroom,60,classroom,S7
TTO-09839,stress,C05,G2,F1,4,2,lab,30,lab,S5
TTO-09840,stress,C01,G1,F2,4,2,classroom,60,classroom,S3
TTO-09840,stress,C02,G2,F1,4,2,lab,30,lab,S6
TTO-09840,stress,C03,G2,F1,4,2,classroom,60,classroom,S9
TTO-09840,stress,C04,G1,F1,4,2,lab,30,lab,S1
TTO-09840,stress,C05,G1,F1,4,2,lab,30,lab,S9
TTO-09841,stress,C01,G1,F2,4,2,classroom,60,classroom,S1
TTO-09841,stress,C02,G2,F1,4,2,lab,30,lab,S4
TTO-09841,stress,C03,G2,F3,4,2,classroom,60,classroom,S6
TTO-09841,stress,C04,G2,F2,4,2,classroom,60,classroom,S5
TTO-09841,stress,C05,G1,F2,4,2,classroom,60,classroom,S7
TTO-09842,stress,C01,G2,F3,4,2,lab,30,lab,S7
TTO-09842,stress,C02,G1,F3,4,2,lab,30,lab,S9
TTO-09842,stress,C03,G1,F1,4,2,lab,30,lab,S7
TTO-09842,stress,C04,G1,F3,4,2,classroom,60,classroom,S3
TTO-09842,stress,C05,G2,F3,4,2,lab,30,lab,S9
TTO-09843,stress,C01,G2,F1,4,2,lab,30,lab,S4
TTO-09843,stress,C02,G2,F1,4,2,lab,30,lab,S10
TTO-09843,stress,C03,G2,F1,4,2,classroom,60,classroom,S6
TTO-09843,stress,C04,G1,F1,4,2,classroom,60,classroom,S4
TTO-09843,stress,C05,G2,F1,4,2,lab,30,lab,S8
TTO-09844,stress,C01,G1,F1,4,2,lab,30,lab,S6
TTO-09844,stress,C02,G1,F1,4,2,classroom,60,classroom,S1
TTO-09844,stress,C03,G1,F1,4,2,classroom,60,classroom,S6
TTO-09844,stress,C04,G2,F3,4,2,classroom,60,classroom,S6
TTO-09844,stress,C05,G1,F1,4,2,classroom,60,classroom,S5
TTO-09845,stress,C01,G2,F1,4,2,classroom,60,classroom,S6
TTO-09845,stress,C02,G2,F3,4,2,lab,30,lab,S2
TTO-09845,stress,C03,G2,F1,4,2,lab,30,lab,S10
TTO-09845,stress,C04,G2,F3,4,2,classroom,60,classroom,S5
TTO-09845,stress,C05,G2,F3,4,2,lab,30,lab,S8
TTO-09846,stress,C01,G2,F2,4,2,lab,30,lab,S8
TTO-09846,stress,C02,G2,F1,4,2,classroom,60,classroom,S3
TTO-09846,stress,C03,G2,F1,4,2,lab,30,lab,S5
TTO-09846,stress,C04,G2,F1,4,2,lab,30,lab,S3
TTO-09846,stress,C05,G1,F3,4,2,classroom,60,classroom,S7
TTO-09847,stress,C01,G1,F2,4,2,lab,30,lab,S9
TTO-09847,stress,C02,G1,F2,4,2,lab,30,lab,S2
TTO-09847,stress,C03,G1,F2,4,2,lab,30,lab,S1
TTO-09847,stress,C04,G1,F1,4,2,classroom,60,classroom,S10
TTO-09847,stress,C05,G1,F2,4,2,lab,30,lab,S5
TTO-09848,stress,C01,G2,F2,4,2,lab,30,lab,S5
TTO-09848,stress,C02,G2,F2,4,2,classroom,60,classroom,S5
TTO-09848,stress,C03,G2,F2,4,2,lab,30,lab,S9
TTO-09848,stress,C04,G2,F2,4,2,lab,30,lab,S1
TTO-09848,stress,C05,G1,F2,4,2,lab,30,lab,S10
TTO-09849,stress,C01,G1,F3,4,2,classroom,60,classroom,S4
TTO-09849,stress,C02,G1,F3,4,2,lab,30,lab,S9
TTO-09849,stress,C03,G1,F3,4,2,classroom,60,classroom,S8
TTO-09849,stress,C04,G2,F1,4,2,lab,30,lab,S6
TTO-09849,stress,C05,G1,F3,4,2,lab,30,lab,S8
TTO-09850,stress,C01,G1,F1,4,2,classroom,60,classroom,S1
TTO-09850,stress,C02,G2,F3,4,2,lab,30,lab,S10
TTO-09850,stress,C03,G2,F1,4,2,classroom,60,classroom,S1
TTO-09850,stress,C04,G2,F1,4,2,classroom,60,classroom,S3
TTO-09850,stress,C05,G2,F1,4,2,lab,30,lab,S7
TTO-09851,stress,C01,G2,F1,4,2,lab,30,lab,S8
TTO-09851,stress,C02,G2,F1,4,2,classroom,60,classroom,S1
TTO-09851,stress,C03,G2,F1,4,2,lab,30,lab,S3
TTO-09851,stress,C04,G2,F1,4,2,classroom,60,classroom,S1
TTO-09851,stress,C05,G2,F1,4,2,classroom,60,classroom,S6
TTO-09852,stress,C01,G2,F3,4,2,classroom,60,classroom,S7
TTO-09852,stress,C02,G2,F3,4,2,classroom,60,classroom,S9
TTO-09852,stress,C03,G2,F3,4,2,classroom,60,classroom,S10
TTO-09852,stress,C04,G1,F3,4,2,classroom,60,classroom,S1
TTO-09852,stress,C05,G1,F2,4,2,lab,30,lab,S5
TTO-09853,stress,C01,G1,F1,4,2,classroom,60,classroom,S1
TTO-09853,stress,C02,G1,F1,4,2,classroom,60,classroom,S1
TTO-09853,stress,C03,G2,F1,4,2,lab,30,lab,S4
TTO-09853,stress,C04,G2,F2,4,2,classroom,60,classroom,S2
TTO-09853,stress,C05,G1,F1,4,2,classroom,60,classroom,S3
TTO-09854,stress,C01,G1,F1,4,2,lab,30,lab,S2
TTO-09854,stress,C02,G2,F3,4,2,classroom,60,classroom,S7
TTO-09854,stress,C03,G2,F3,4,2,classroom,60,classroom,S3
TTO-09854,stress,C04,G2,F3,4,2,lab,30,lab,S9
TTO-09854,stress,C05,G2,F1,4,2,classroom,60,classroom,S3
TTO-09855,stress,C01,G2,F2,4,2,lab,30,lab,S4
TTO-09855,stress,C02,G2,F2,4,2,lab,30,lab,S6
TTO-09855,stress,C03,G2,F3,4,2,classroom,60,classroom,S6
TTO-09855,stress,C04,G2,F1,4,2,lab,30,lab,S2
TTO-09855,stress,C05,G2,F1,4,2,lab,30,lab,S5
TTO-09856,stress,C01,G2,F2,4,2,classroom,60,classroom,S8
TTO-09856,stress,C02,G1,F2,4,2,lab,30,lab,S4
TTO-09856,stress,C03,G2,F2,4,2,classroom,60,classroom,S6
TTO-09856,stress,C04,G2,F2,4,2,lab,30,lab,S9
TTO-09856,stress,C05,G2,F3,4,2,classroom,60,classroom,S9
TTO-09857,stress,C01,G2,F3,4,2,classroom,60,classroom,S6
TTO-09857,stress,C02,G2,F3,4,2,lab,30,lab,S9
TTO-09857,stress,C03,G2,F3,4,2,classroom,60,classroom,S4
TTO-09857,stress,C04,G2,F3,4,2,classroom,60,classroom,S7
TTO-09857,stress,C05,G2,F3,4,2,classroom,60,classroom,S6
TTO-09858,stress,C01,G1,F1,4,2,lab,30,lab,S6
TTO-09858,stress,C02,G1,F1,4,2,lab,30,lab,S8
TTO-09858,stress,C03,G1,F3,4,2,classroom,60,classroom,S5
TTO-09858,stress,C04,G1,F1,4,2,lab,30,lab,S3
TTO-09858,stress,C05,G1,F1,4,2,classroom,60,classroom,S1
TTO-09859,stress,C01,G2,F2,4,2,lab,30,lab,S1
TTO-09859,stress,C02,G1,F2,4,2,classroom,60,classroom,S9
TTO-09859,stress,C03,G2,F2,4,2,classroom,60,classroom,S5
TTO-09859,stress,C04,G2,F2,4,2,lab,30,lab,S5
TTO-09859,stress,C05,G2,F2,4,2,lab,30,lab,S8
TTO-09860,stress,C01,G1,F2,4,2,classroom,60,classroom,S10
TTO-09860,stress,C02,G2,F2,4,2,classroom,60,classroom,S7
TTO-09860,stress,C03,G1,F2,4,2,classroom,60,classroom,S10
TTO-09860,stress,C04,G1,F2,4,2,lab,30,lab,S3
TTO-09860,stress,C05,G1,F2,4,2,classroom,60,classroom,S8
TTO-09861,stress,C01,G2,F3,4,2,classroom,60,classroom,S4
TTO-09861,stress,C02,G2,F3,4,2,lab,30,lab,S6
TTO-09861,stress,C03,G2,F3,4,2,lab,30,lab,S10
TTO-09861,stress,C04,G2,F3,4,2,classroom,60,classroom,S5
TTO-09861,stress,C05,G2,F3,4,2,classroom,60,classroom,S9
TTO-09862,stress,C01,G2,F1,4,2,lab,30,lab,S6
TTO-09862,stress,C02,G1,F1,4,2,classroom,60,classroom,S7
TTO-09862,stress,C03,G2,F2,4,2,classroom,60,classroom,S5
TTO-09862,stress,C04,G2,F1,4,2,lab,30,lab,S2
TTO-09862,stress,C05,G2,F1,4,2,classroom,60,classroom,S1
TTO-09863,stress,C01,G2,F3,4,2,classroom,60,classroom,S7
TTO-09863,stress,C02,G2,F3,4,2,lab,30,lab,S5
TTO-09863,stress,C03,G2,F1,4,2,lab,30,lab,S1
TTO-09863,stress,C04,G2,F3,4,2,lab,30,lab,S4
TTO-09863,stress,C05,G2,F3,4,2,lab,30,lab,S1
TTO-09864,stress,C01,G1,F1,4,2,classroom,60,classroom,S5
TTO-09864,stress,C02,G1,F1,4,2,classroom,60,classroom,S4
TTO-09864,stress,C03,G1,F1,4,2,classroom,60,classroom,S9
TTO-09864,stress,C04,G1,F1,4,2,lab,30,lab,S2
TTO-09864,stress,C05,G1,F1,4,2,lab,30,lab,S3
TTO-09865,stress,C01,G1,F2,4,2,classroom,60,classroom,S2
TTO-09865,stress,C02,G1,F2,4,2,lab,30,lab,S2
TTO-09865,stress,C03,G1,F2,4,2,lab,30,lab,S9
TTO-09865,stress,C04,G1,F1,4,2,lab,30,lab,S5
TTO-09865,stress,C05,G2,F2,4,2,lab,30,lab,S7
TTO-09866,stress,C01,G2,F3,4,2,classroom,60,classroom,S4
TTO-09866,stress,C02,G2,F1,4,2,classroom,60,classroom,S2
TTO-09866,stress,C03,G2,F1,4,2,classroom,60,classroom,S4
TTO-09866,stress,C04,G2,F1,4,2,lab,30,lab,S5
TTO-09866,stress,C05,G1,F1,4,2,classroom,60,classroom,S9
TTO-09867,stress,C01,G1,F3,4,2,lab,30,lab,S4
TTO-09867,stress,C02,G1,F2,4,2,classroom,60,classroom,S6
TTO-09867,stress,C03,G1,F2,4,2,lab,30,lab,S10
TTO-09867,stress,C04,G1,F2,4,2,lab,30,lab,S5
TTO-09867,stress,C05,G1,F2,4,2,lab,30,lab,S7
TTO-09868,stress,C01,G1,F2,4,2,classroom,60,classroom,S10
TTO-09868,stress,C02,G1,F3,4,2,lab,30,lab,S8
TTO-09868,stress,C03,G1,F3,4,2,lab,30,lab,S7
TTO-09868,stress,C04,G1,F3,4,2,lab,30,lab,S9
TTO-09868,stress,C05,G1,F3,4,2,classroom,60,classroom,S6
TTO-09869,stress,C01,G2,F1,4,2,classroom,60,classroom,S9
TTO-09869,stress,C02,G1,F1,4,2,classroom,60,classroom,S8
TTO-09869,stress,C03,G1,F1,4,2,lab,30,lab,S7
TTO-09869,stress,C04,G1,F1,4,2,classroom,60,classroom,S4
TTO-09869,stress,C05,G2,F1,4,2,lab,30,lab,S7
TTO-09870,stress,C01,G2,F2,4,2,lab,30,lab,S8
TTO-09870,stress,C02,G2,F2,4,2,lab,30,lab,S6
TTO-09870,stress,C03,G2,F2,4,2,lab,30,lab,S5
TTO-09870,stress,C04,G2,F2,4,2,classroom,60,classroom,S7
TTO-09870,stress,C05,G1,F1,4,2,lab,30,lab,S1
TTO-09871,stress,C01,G2,F1,4,2,lab,30,lab,S3
TTO-09871,stress,C02,G2,F1,4,2,classroom,60,classroom,S4
TTO-09871,stress,C03,G2,F1,4,2,classroom,60,classroom,S7
TTO-09871,stress,C04,G2,F1,4,2,lab,30,lab,S10
TTO-09871,stress,C05,G2,F1,4,2,lab,30,lab,S4
TTO-09872,stress,C01,G1,F3,4,2,classroom,60,classroom,S7
TTO-09872,stress,C02,G1,F3,4,2,lab,30,lab,S8
TTO-09872,stress,C03,G1,F1,4,2,classroom,60,classroom,S5
TTO-09872,stress,C04,G1,F3,4,2,lab,30,lab,S7
TTO-09872,stress,C05,G1,F3,4,2,lab,30,lab,S1
TTO-09873,stress,C01,G2,F2,4,2,classroom,60,classroom,S7
TTO-09873,stress,C02,G2,F2,4,2,lab,30,lab,S9
TTO-09873,stress,C03,G2,F2,4,2,classroom,60,classroom,S3
TTO-09873,stress,C04,G2,F2,4,2,lab,30,lab,S3
TTO-09873,stress,C05,G2,F1,4,2,classroom,60,classroom,S9
TTO-09874,stress,C01,G2,F1,4,2,lab,30,lab,S5
TTO-09874,stress,C02,G1,F1,4,2,classroom,60,classroom,S8
TTO-09874,stress,C03,G2,F2,4,2,lab,30,lab,S8
TTO-09874,stress,C04,G2,F3,4,2,lab,30,lab,S7
TTO-09874,stress,C05,G1,F1,4,2,classroom,60,classroom,S4
TTO-09875,stress,C01,G2,F3,4,2,lab,30,lab,S4
TTO-09875,stress,C02,G1,F1,4,2,lab,30,lab,S8
TTO-09875,stress,C03,G1,F1,4,2,classroom,60,classroom,S6
TTO-09875,stress,C04,G1,F1,4,2,classroom,60,classroom,S8
TTO-09875,stress,C05,G1,F1,4,2,lab,30,lab,S9
TTO-09876,stress,C01,G1,F2,4,2,lab,30,lab,S9
TTO-09876,stress,C02,G1,F1,4,2,lab,30,lab,S2
TTO-09876,stress,C03,G1,F2,4,2,lab,30,lab,S6
TTO-09876,stress,C04,G1,F2,4,2,classroom,60,classroom,S9
TTO-09876,stress,C05,G1,F2,4,2,lab,30,lab,S6
TTO-09877,stress,C01,G1,F3,4,2,lab,30,lab,S9
TTO-09877,stress,C02,G1,F3,4,2,classroom,60,classroom,S3
TTO-09877,stress,C03,G1,F3,4,2,classroom,60,classroom,S7
TTO-09877,stress,C04,G1,F3,4,2,lab,30,lab,S2
TTO-09877,stress,C05,G1,F2,4,2,lab,30,lab,S9
TTO-09878,stress,C01,G2,F3,4,2,lab,30,lab,S3
TTO-09878,stress,C02,G1,F1,4,2,classroom,60,classroom,S4
TTO-09878,stress,C03,G2,F3,4,2,lab,30,lab,S10
TTO-09878,stress,C04,G2,F1,4,2,lab,30,lab,S5
TTO-09878,stress,C05,G2,F1,4,2,classroom,60,classroom,S6
TTO-09879,stress,C01,G1,F1,4,2,lab,30,lab,S10
TTO-09879,stress,C02,G1,F3,4,2,classroom,60,classroom,S9
TTO-09879,stress,C03,G1,F2,4,2,lab,30,lab,S7
TTO-09879,stress,C04,G1,F3,4,2,lab,30,lab,S2
TTO-09879,stress,C05,G2,F2,4,2,lab,30,lab,S2
TTO-09880,stress,C01,G1,F3,4,2,lab,30,lab,S1
TTO-09880,stress,C02,G1,F3,4,2,lab,30,lab,S3
TTO-09880,stress,C03,G1,F3,4,2,classroom,60,classroom,S2
TTO-09880,stress,C04,G1,F2,4,2,classroom,60,classroom,S5
TTO-09880,stress,C05,G2,F2,4,2,lab,30,lab,S5
TTO-09881,stress,C01,G1,F2,4,2,classroom,60,classroom,S9
TTO-09881,stress,C02,G1,F2,4,2,lab,30,lab,S5
TTO-09881,stress,C03,G2,F2,4,2,classroom,60,classroom,S5
TTO-09881,stress,C04,G1,F2,4,2,lab,30,lab,S7
TTO-09881,stress,C05,G1,F2,4,2,lab,30,lab,S2
TTO-09882,stress,C01,G2,F2,4,2,lab,30,lab,S9
TTO-09882,stress,C02,G2,F2,4,2,lab,30,lab,S7
TTO-09882,stress,C03,G2,F2,4,2,lab,30,lab,S10
TTO-09882,stress,C04,G2,F2,4,2,classroom,60,classroom,S10
TTO-09882,stress,C05,G2,F2,4,2,classroom,60,classroom,S8
TTO-09883,stress,C01,G1,F3,4,2,lab,30,lab,S5
TTO-09883,stress,C02,G1,F3,4,2,lab,30,lab,S9
TTO-09883,stress,C03,G1,F3,4,2,classroom,60,classroom,S1
TTO-09883,stress,C04,G2,F3,4,2,lab,30,lab,S8
TTO-09883,stress,C05,G1,F3,4,2,classroom,60,classroom,S4
TTO-09884,stress,C01,G2,F3,4,2,classroom,60,classroom,S3
TTO-09884,stress,C02,G2,F1,4,2,lab,30,lab,S4
TTO-09884,stress,C03,G2,F3,4,2,classroom,60,classroom,S3
TTO-09884,stress,C04,G2,F3,4,2,lab,30,lab,S4
TTO-09884,stress,C05,G2,F3,4,2,lab,30,lab,S7
TTO-09885,stress,C01,G1,F1,4,2,classroom,60,classroom,S2
TTO-09885,stress,C02,G2,F1,4,2,classroom,60,classroom,S2
TTO-09885,stress,C03,G2,F2,4,2,classroom,60,classroom,S1
TTO-09885,stress,C04,G2,F1,4,2,lab,30,lab,S3
TTO-09885,stress,C05,G2,F1,4,2,lab,30,lab,S10
TTO-09886,stress,C01,G2,F3,4,2,lab,30,lab,S2
TTO-09886,stress,C02,G2,F3,4,2,lab,30,lab,S6
TTO-09886,stress,C03,G1,F3,4,2,lab,30,lab,S9
TTO-09886,stress,C04,G1,F3,4,2,classroom,60,classroom,S9
TTO-09886,stress,C05,G1,F3,4,2,lab,30,lab,S7
TTO-09887,stress,C01,G1,F3,4,2,lab,30,lab,S10
TTO-09887,stress,C02,G2,F2,4,2,classroom,60,classroom,S1
TTO-09887,stress,C03,G1,F1,4,2,lab,30,lab,S10
TTO-09887,stress,C04,G2,F1,4,2,lab,30,lab,S3
TTO-09887,stress,C05,G1,F1,4,2,classroom,60,classroom,S5
TTO-09888,stress,C01,G1,F2,4,2,classroom,60,classroom,S6
TTO-09888,stress,C02,G1,F2,4,2,lab,30,lab,S1
TTO-09888,stress,C03,G1,F2,4,2,lab,30,lab,S6
TTO-09888,stress,C04,G1,F1,4,2,classroom,60,classroom,S3
TTO-09888,stress,C05,G1,F2,4,2,lab,30,lab,S7
TTO-09889,stress,C01,G2,F3,4,2,classroom,60,classroom,S6
TTO-09889,stress,C02,G2,F3,4,2,lab,30,lab,S10
TTO-09889,stress,C03,G2,F3,4,2,classroom,60,classroom,S2
TTO-09889,stress,C04,G1,F3,4,2,lab,30,lab,S4
TTO-09889,stress,C05,G2,F3,4,2,classroom,60,classroom,S5
TTO-09890,stress,C01,G1,F1,4,2,lab,30,lab,S2
TTO-09890,stress,C02,G1,F3,4,2,classroom,60,classroom,S3
TTO-09890,stress,C03,G2,F1,4,2,classroom,60,classroom,S2
TTO-09890,stress,C04,G2,F1,4,2,classroom,60,classroom,S8
TTO-09890,stress,C05,G2,F1,4,2,classroom,60,classroom,S10
TTO-09891,stress,C01,G1,F1,4,2,classroom,60,classroom,S3
TTO-09891,stress,C02,G2,F1,4,2,lab,30,lab,S5
TTO-09891,stress,C03,G1,F1,4,2,lab,30,lab,S1
TTO-09891,stress,C04,G1,F1,4,2,classroom,60,classroom,S8
TTO-09891,stress,C05,G1,F1,4,2,classroom,60,classroom,S9
TTO-09892,stress,C01,G2,F1,4,2,classroom,60,classroom,S10
TTO-09892,stress,C02,G2,F1,4,2,lab,30,lab,S6
TTO-09892,stress,C03,G2,F1,4,2,lab,30,lab,S9
TTO-09892,stress,C04,G2,F1,4,2,lab,30,lab,S10
TTO-09892,stress,C05,G2,F1,4,2,lab,30,lab,S3
TTO-09893,stress,C01,G1,F2,4,2,classroom,60,classroom,S10
TTO-09893,stress,C02,G1,F3,4,2,classroom,60,classroom,S4
TTO-09893,stress,C03,G1,F3,4,2,lab,30,lab,S5
TTO-09893,stress,C04,G2,F1,4,2,lab,30,lab,S9
TTO-09893,stress,C05,G1,F1,4,2,classroom,60,classroom,S2
TTO-09894,stress,C01,G1,F3,4,2,classroom,60,classroom,S6
TTO-09894,stress,C02,G1,F3,4,2,lab,30,lab,S4
TTO-09894,stress,C03,G1,F2,4,2,lab,30,lab,S2
TTO-09894,stress,C04,G1,F3,4,2,classroom,60,classroom,S4
TTO-09894,stress,C05,G1,F3,4,2,classroom,60,classroom,S5
TTO-09895,stress,C01,G1,F3,4,2,classroom,60,classroom,S6
TTO-09895,stress,C02,G1,F3,4,2,lab,30,lab,S5
TTO-09895,stress,C03,G2,F2,4,2,lab,30,lab,S7
TTO-09895,stress,C04,G1,F3,4,2,classroom,60,classroom,S4
TTO-09895,stress,C05,G1,F1,4,2,classroom,60,classroom,S6
TTO-09896,stress,C01,G1,F3,4,2,lab,30,lab,S1
TTO-09896,stress,C02,G2,F3,4,2,lab,30,lab,S5
TTO-09896,stress,C03,G1,F1,4,2,lab,30,lab,S4
TTO-09896,stress,C04,G1,F3,4,2,classroom,60,classroom,S8
TTO-09896,stress,C05,G1,F2,4,2,lab,30,lab,S8
TTO-09897,stress,C01,G2,F2,4,2,lab,30,lab,S6
TTO-09897,stress,C02,G2,F1,4,2,lab,30,lab,S8
TTO-09897,stress,C03,G2,F3,4,2,lab,30,lab,S5
TTO-09897,stress,C04,G2,F3,4,2,lab,30,lab,S3
TTO-09897,stress,C05,G2,F3,4,2,lab,30,lab,S4
TTO-09898,stress,C01,G1,F2,4,2,classroom,60,classroom,S8
TTO-09898,stress,C02,G1,F2,4,2,lab,30,lab,S4
TTO-09898,stress,C03,G1,F3,4,2,lab,30,lab,S6
TTO-09898,stress,C04,G1,F1,4,2,lab,30,lab,S6
TTO-09898,stress,C05,G1,F2,4,2,classroom,60,classroom,S10
TTO-09899,stress,C01,G1,F3,4,2,lab,30,lab,S8
TTO-09899,stress,C02,G1,F3,4,2,classroom,60,classroom,S2
TTO-09899,stress,C03,G1,F3,4,2,classroom,60,classroom,S8
TTO-09899,stress,C04,G2,F3,4,2,lab,30,lab,S2
TTO-09899,stress,C05,G1,F3,4,2,classroom,60,classroom,S6
TTO-09900,stress,C01,G1,F2,4,2,classroom,60,classroom,S9
TTO-09900,stress,C02,G1,F3,4,2,lab,30,lab,S6
TTO-09900,stress,C03,G1,F3,4,2,lab,30,lab,S6
TTO-09900,stress,C04,G1,F3,4,2,classroom,60,classroom,S4
TTO-09900,stress,C05,G2,F3,4,2,classroom,60,classroom,S6
TTO-09901,stress,C01,G1,F2,4,2,lab,30,lab,S7
TTO-09901,stress,C02,G1,F1,4,2,lab,30,lab,S9
TTO-09901,stress,C03,G1,F1,4,2,lab,30,lab,S7
TTO-09901,stress,C04,G1,F1,4,2,classroom,60,classroom,S6
TTO-09901,stress,C05,G1,F2,4,2,classroom,60,classroom,S2
TTO-09902,stress,C01,G2,F1,4,2,lab,30,lab,S3
TTO-09902,stress,C02,G2,F3,4,2,classroom,60,classroom,S4
TTO-09902,stress,C03,G1,F3,4,2,classroom,60,classroom,S3
TTO-09902,stress,C04,G1,F1,4,2,classroom,60,classroom,S2
TTO-09902,stress,C05,G2,F2,4,2,lab,30,lab,S9
TTO-09903,stress,C01,G1,F3,4,2,lab,30,lab,S8
TTO-09903,stress,C02,G2,F3,4,2,lab,30,lab,S2
TTO-09903,stress,C03,G2,F2,4,2,classroom,60,classroom,S5
TTO-09903,stress,C04,G2,F1,4,2,lab,30,lab,S8
TTO-09903,stress,C05,G2,F3,4,2,lab,30,lab,S1
TTO-09904,stress,C01,G1,F2,4,2,classroom,60,classroom,S9
TTO-09904,stress,C02,G2,F2,4,2,classroom,60,classroom,S4
TTO-09904,stress,C03,G2,F1,4,2,lab,30,lab,S2
TTO-09904,stress,C04,G1,F1,4,2,classroom,60,classroom,S7
TTO-09904,stress,C05,G1,F2,4,2,lab,30,lab,S2
TTO-09905,stress,C01,G2,F1,4,2,classroom,60,classroom,S3
TTO-09905,stress,C02,G2,F1,4,2,lab,30,lab,S1
TTO-09905,stress,C03,G2,F1,4,2,lab,30,lab,S10
TTO-09905,stress,C04,G2,F3,4,2,classroom,60,classroom,S10
TTO-09905,stress,C05,G2,F1,4,2,lab,30,lab,S8
TTO-09906,stress,C01,G1,F2,4,2,lab,30,lab,S7
TTO-09906,stress,C02,G1,F2,4,2,lab,30,lab,S8
TTO-09906,stress,C03,G1,F3,4,2,classroom,60,classroom,S6
TTO-09906,stress,C04,G1,F2,4,2,classroom,60,classroom,S9
TTO-09906,stress,C05,G1,F2,4,2,classroom,60,classroom,S5
TTO-09907,stress,C01,G1,F2,4,2,classroom,60,classroom,S7
TTO-09907,stress,C02,G1,F1,4,2,classroom,60,classroom,S2
TTO-09907,stress,C03,G2,F1,4,2,classroom,60,classroom,S6
TTO-09907,stress,C04,G1,F3,4,2,classroom,60,classroom,S10
TTO-09907,stress,C05,G1,F1,4,2,classroom,60,classroom,S8
TTO-09908,stress,C01,G2,F2,4,2,lab,30,lab,S8
TTO-09908,stress,C02,G2,F1,4,2,classroom,60,classroom,S6
TTO-09908,stress,C03,G2,F1,4,2,classroom,60,classroom,S2
TTO-09908,stress,C04,G2,F2,4,2,lab,30,lab,S5
TTO-09908,stress,C05,G2,F1,4,2,classroom,60,classroom,S8
TTO-09909,stress,C01,G1,F2,4,2,lab,30,lab,S5
TTO-09909,stress,C02,G1,F1,4,2,lab,30,lab,S6
TTO-09909,stress,C03,G2,F1,4,2,classroom,60,classroom,S8
TTO-09909,stress,C04,G1,F1,4,2,lab,30,lab,S4
TTO-09909,stress,C05,G1,F1,4,2,lab,30,lab,S1
TTO-09910,stress,C01,G1,F2,4,2,lab,30,lab,S7
TTO-09910,stress,C02,G2,F2,4,2,classroom,60,classroom,S3
TTO-09910,stress,C03,G2,F3,4,2,classroom,60,classroom,S3
TTO-09910,stress,C04,G1,F2,4,2,lab,30,lab,S1
TTO-09910,stress,C05,G2,F2,4,2,lab,30,lab,S2
TTO-09911,stress,C01,G2,F1,4,2,classroom,60,classroom,S9
TTO-09911,stress,C02,G2,F1,4,2,classroom,60,classroom,S3
TTO-09911,stress,C03,G2,F1,4,2,classroom,60,classroom,S1
TTO-09911,stress,C04,G2,F1,4,2,lab,30,lab,S3
TTO-09911,stress,C05,G2,F1,4,2,classroom,60,classroom,S7
TTO-09912,stress,C01,G1,F3,4,2,classroom,60,classroom,S2
TTO-09912,stress,C02,G1,F3,4,2,classroom,60,classroom,S7
TTO-09912,stress,C03,G1,F2,4,2,classroom,60,classroom,S10
TTO-09912,stress,C04,G2,F2,4,2,classroom,60,classroom,S1
TTO-09912,stress,C05,G1,F3,4,2,classroom,60,classroom,S6
TTO-09913,stress,C01,G1,F2,4,2,lab,30,lab,S2
TTO-09913,stress,C02,G2,F2,4,2,classroom,60,classroom,S6
TTO-09913,stress,C03,G2,F2,4,2,lab,30,lab,S10
TTO-09913,stress,C04,G2,F2,4,2,lab,30,lab,S6
TTO-09913,stress,C05,G2,F2,4,2,lab,30,lab,S10
TTO-09914,stress,C01,G2,F2,4,2,lab,30,lab,S5
TTO-09914,stress,C02,G1,F3,4,2,classroom,60,classroom,S6
TTO-09914,stress,C03,G1,F3,4,2,lab,30,lab,S10
TTO-09914,stress,C04,G1,F1,4,2,lab,30,lab,S3
TTO-09914,stress,C05,G1,F3,4,2,classroom,60,classroom,S5
TTO-09915,stress,C01,G2,F1,4,2,lab,30,lab,S7
TTO-09915,stress,C02,G2,F2,4,2,lab,30,lab,S1
TTO-09915,stress,C03,G2,F1,4,2,lab,30,lab,S1
TTO-09915,stress,C04,G2,F2,4,2,lab,30,lab,S7
TTO-09915,stress,C05,G2,F1,4,2,lab,30,lab,S1
TTO-09916,stress,C01,G1,F3,4,2,classroom,60,classroom,S9
TTO-09916,stress,C02,G1,F3,4,2,classroom,60,classroom,S10
TTO-09916,stress,C03,G1,F3,4,2,classroom,60,classroom,S4
TTO-09916,stress,C04,G1,F3,4,2,lab,30,lab,S7
TTO-09916,stress,C05,G2,F3,4,2,classroom,60,classroom,S3
TTO-09917,stress,C01,G2,F2,4,2,lab,30,lab,S7
TTO-09917,stress,C02,G2,F2,4,2,lab,30,lab,S9
TTO-09917,stress,C03,G2,F3,4,2,classroom,60,classroom,S8
TTO-09917,stress,C04,G2,F1,4,2,lab,30,lab,S2
TTO-09917,stress,C05,G2,F2,4,2,lab,30,lab,S8
TTO-09918,stress,C01,G2,F2,4,2,classroom,60,classroom,S1
TTO-09918,stress,C02,G2,F1,4,2,lab,30,lab,S4
TTO-09918,stress,C03,G1,F1,4,2,classroom,60,classroom,S4
TTO-09918,stress,C04,G2,F1,4,2,lab,30,lab,S9
TTO-09918,stress,C05,G2,F1,4,2,lab,30,lab,S5
TTO-09919,stress,C01,G2,F3,4,2,classroom,60,classroom,S9
TTO-09919,stress,C02,G1,F3,4,2,lab,30,lab,S1
TTO-09919,stress,C03,G2,F3,4,2,lab,30,lab,S9
TTO-09919,stress,C04,G2,F3,4,2,lab,30,lab,S6
TTO-09919,stress,C05,G2,F3,4,2,classroom,60,classroom,S9
TTO-09920,stress,C01,G2,F2,4,2,lab,30,lab,S2
TTO-09920,stress,C02,G1,F2,4,2,lab,30,lab,S6
TTO-09920,stress,C03,G2,F2,4,2,lab,30,lab,S8
TTO-09920,stress,C04,G2,F2,4,2,lab,30,lab,S1
TTO-09920,stress,C05,G2,F3,4,2,classroom,60,classroom,S5
TTO-09921,stress,C01,G2,F2,4,2,lab,30,lab,S5
TTO-09921,stress,C02,G2,F1,4,2,lab,30,lab,S8
TTO-09921,stress,C03,G2,F2,4,2,lab,30,lab,S5
TTO-09921,stress,C04,G2,F2,4,2,lab,30,lab,S8
TTO-09921,stress,C05,G2,F2,4,2,classroom,60,classroom,S7
TTO-09922,stress,C01,G2,F3,4,2,classroom,60,classroom,S10
TTO-09922,stress,C02,G2,F3,4,2,classroom,60,classroom,S1
TTO-09922,stress,C03,G2,F3,4,2,classroom,60,classroom,S8
TTO-09922,stress,C04,G2,F3,4,2,lab,30,lab,S7
TTO-09922,stress,C05,G1,F3,4,2,classroom,60,classroom,S3
TTO-09923,stress,C01,G1,F1,4,2,lab,30,lab,S4
TTO-09923,stress,C02,G1,F1,4,2,classroom,60,classroom,S6
TTO-09923,stress,C03,G1,F1,4,2,lab,30,lab,S10
TTO-09923,stress,C04,G1,F2,4,2,classroom,60,classroom,S6
TTO-09923,stress,C05,G1,F1,4,2,lab,30,lab,S3
TTO-09924,stress,C01,G1,F1,4,2,lab,30,lab,S6
TTO-09924,stress,C02,G1,F1,4,2,classroom,60,classroom,S7
TTO-09924,stress,C03,G1,F1,4,2,lab,30,lab,S10
TTO-09924,stress,C04,G1,F1,4,2,lab,30,lab,S5
TTO-09924,stress,C05,G1,F1,4,2,lab,30,lab,S6
TTO-09925,stress,C01,G1,F1,4,2,classroom,60,classroom,S8
TTO-09925,stress,C02,G1,F1,4,2,lab,30,lab,S6
TTO-09925,stress,C03,G1,F1,4,2,lab,30,lab,S1
TTO-09925,stress,C04,G2,F2,4,2,classroom,60,classroom,S10
TTO-09925,stress,C05,G1,F1,4,2,lab,30,lab,S9
TTO-09926,stress,C01,G1,F2,4,2,classroom,60,classroom,S2
TTO-09926,stress,C02,G1,F3,4,2,classroom,60,classroom,S2
TTO-09926,stress,C03,G2,F2,4,2,lab,30,lab,S10
TTO-09926,stress,C04,G1,F1,4,2,classroom,60,classroom,S7
TTO-09926,stress,C05,G2,F2,4,2,lab,30,lab,S2
TTO-09927,stress,C01,G2,F2,4,2,lab,30,lab,S5
TTO-09927,stress,C02,G2,F2,4,2,classroom,60,classroom,S2
TTO-09927,stress,C03,G2,F3,4,2,classroom,60,classroom,S5
TTO-09927,stress,C04,G2,F2,4,2,classroom,60,classroom,S2
TTO-09927,stress,C05,G1,F2,4,2,lab,30,lab,S9
TTO-09928,stress,C01,G1,F3,4,2,lab,30,lab,S5
TTO-09928,stress,C02,G1,F3,4,2,classroom,60,classroom,S3
TTO-09928,stress,C03,G2,F3,4,2,lab,30,lab,S8
TTO-09928,stress,C04,G2,F3,4,2,lab,30,lab,S6
TTO-09928,stress,C05,G2,F3,4,2,classroom,60,classroom,S10
TTO-09929,stress,C01,G2,F1,4,2,classroom,60,classroom,S9
TTO-09929,stress,C02,G2,F1,4,2,classroom,60,classroom,S5
TTO-09929,stress,C03,G2,F1,4,2,lab,30,lab,S8
TTO-09929,stress,C04,G2,F3,4,2,classroom,60,classroom,S1
TTO-09929,stress,C05,G2,F1,4,2,lab,30,lab,S3
TTO-09930,stress,C01,G1,F3,4,2,lab,30,lab,S10
TTO-09930,stress,C02,G1,F3,4,2,lab,30,lab,S9
TTO-09930,stress,C03,G1,F3,4,2,lab,30,lab,S6
TTO-09930,stress,C04,G1,F3,4,2,classroom,60,classroom,S6
TTO-09930,stress,C05,G1,F3,4,2,classroom,60,classroom,S7
TTO-09931,stress,C01,G1,F3,4,2,lab,30,lab,S2
TTO-09931,stress,C02,G1,F2,4,2,classroom,60,classroom,S10
TTO-09931,stress,C03,G1,F2,4,2,lab,30,lab,S2
TTO-09931,stress,C04,G1,F1,4,2,classroom,60,classroom,S8
TTO-09931,stress,C05,G1,F2,4,2,classroom,60,classroom,S8
TTO-09932,stress,C01,G1,F3,4,2,classroom,60,classroom,S7
TTO-09932,stress,C02,G1,F2,4,2,classroom,60,classroom,S3
TTO-09932,stress,C03,G1,F2,4,2,classroom,60,classroom,S6
TTO-09932,stress,C04,G1,F2,4,2,classroom,60,classroom,S5
TTO-09932,stress,C05,G1,F2,4,2,lab,30,lab,S6
TTO-09933,stress,C01,G1,F3,4,2,lab,30,lab,S1
TTO-09933,stress,C02,G2,F3,4,2,lab,30,lab,S6
TTO-09933,stress,C03,G1,F3,4,2,classroom,60,classroom,S8
TTO-09933,stress,C04,G1,F3,4,2,classroom,60,classroom,S8
TTO-09933,stress,C05,G1,F3,4,2,lab,30,lab,S8
TTO-09934,stress,C01,G1,F3,4,2,lab,30,lab,S7
TTO-09934,stress,C02,G1,F1,4,2,lab,30,lab,S2
TTO-09934,stress,C03,G1,F3,4,2,classroom,60,classroom,S9
TTO-09934,stress,C04,G2,F1,4,2,lab,30,lab,S7
TTO-09934,stress,C05,G1,F2,4,2,classroom,60,classroom,S9
TTO-09935,stress,C01,G1,F1,4,2,lab,30,lab,S2
TTO-09935,stress,C02,G2,F3,4,2,lab,30,lab,S9
TTO-09935,stress,C03,G1,F1,4,2,lab,30,lab,S4
TTO-09935,stress,C04,G1,F1,4,2,lab,30,lab,S8
TTO-09935,stress,C05,G1,F2,4,2,classroom,60,classroom,S3
TTO-09936,stress,C01,G1,F2,4,2,lab,30,lab,S1
TTO-09936,stress,C02,G2,F2,4,2,lab,30,lab,S9
TTO-09936,stress,C03,G1,F2,4,2,lab,30,lab,S5
TTO-09936,stress,C04,G2,F1,4,2,classroom,60,classroom,S3
TTO-09936,stress,C05,G2,F2,4,2,classroom,60,classroom,S10
TTO-09937,stress,C01,G1,F2,4,2,classroom,60,classroom,S4
TTO-09937,stress,C02,G1,F2,4,2,classroom,60,classroom,S10
TTO-09937,stress,C03,G2,F2,4,2,classroom,60,classroom,S7
TTO-09937,stress,C04,G1,F2,4,2,lab,30,lab,S5
TTO-09937,stress,C05,G1,F3,4,2,classroom,60,classroom,S7
TTO-09938,stress,C01,G2,F3,4,2,lab,30,lab,S5
TTO-09938,stress,C02,G2,F1,4,2,classroom,60,classroom,S3
TTO-09938,stress,C03,G2,F1,4,2,lab,30,lab,S3
TTO-09938,stress,C04,G2,F1,4,2,lab,30,lab,S6
TTO-09938,stress,C05,G2,F1,4,2,lab,30,lab,S8
TTO-09939,stress,C01,G1,F1,4,2,lab,30,lab,S7
TTO-09939,stress,C02,G1,F1,4,2,lab,30,lab,S6
TTO-09939,stress,C03,G1,F1,4,2,classroom,60,classroom,S5
TTO-09939,stress,C04,G1,F2,4,2,lab,30,lab,S6
TTO-09939,stress,C05,G1,F1,4,2,classroom,60,classroom,S2
TTO-09940,stress,C01,G1,F2,4,2,classroom,60,classroom,S9
TTO-09940,stress,C02,G1,F2,4,2,classroom,60,classroom,S6
TTO-09940,stress,C03,G1,F2,4,2,lab,30,lab,S7
TTO-09940,stress,C04,G1,F2,4,2,classroom,60,classroom,S2
TTO-09940,stress,C05,G1,F2,4,2,classroom,60,classroom,S2
TTO-09941,stress,C01,G2,F3,4,2,classroom,60,classroom,S6
TTO-09941,stress,C02,G2,F3,4,2,lab,30,lab,S1
TTO-09941,stress,C03,G2,F3,4,2,classroom,60,classroom,S4
TTO-09941,stress,C04,G2,F1,4,2,lab,30,lab,S1
TTO-09941,stress,C05,G2,F3,4,2,classroom,60,classroom,S4
TTO-09942,stress,C01,G2,F1,4,2,classroom,60,classroom,S6
TTO-09942,stress,C02,G2,F1,4,2,lab,30,lab,S2
TTO-09942,stress,C03,G2,F1,4,2,classroom,60,classroom,S1
TTO-09942,stress,C04,G2,F1,4,2,classroom,60,classroom,S2
TTO-09942,stress,C05,G1,F1,4,2,lab,30,lab,S7
TTO-09943,stress,C01,G2,F1,4,2,classroom,60,classroom,S6
TTO-09943,stress,C02,G1,F3,4,2,classroom,60,classroom,S5
TTO-09943,stress,C03,G1,F1,4,2,lab,30,lab,S10
TTO-09943,stress,C04,G1,F1,4,2,lab,30,lab,S3
TTO-09943,stress,C05,G1,F1,4,2,classroom,60,classroom,S1
TTO-09944,stress,C01,G1,F2,4,2,lab,30,lab,S9
TTO-09944,stress,C02,G2,F3,4,2,classroom,60,classroom,S5
TTO-09944,stress,C03,G1,F3,4,2,lab,30,lab,S7
TTO-09944,stress,C04,G1,F3,4,2,lab,30,lab,S3
TTO-09944,stress,C05,G1,F3,4,2,lab,30,lab,S7
TTO-09945,stress,C01,G1,F3,4,2,classroom,60,classroom,S6
TTO-09945,stress,C02,G2,F3,4,2,lab,30,lab,S2
TTO-09945,stress,C03,G1,F3,4,2,classroom,60,classroom,S1
TTO-09945,stress,C04,G2,F3,4,2,classroom,60,classroom,S6
TTO-09945,stress,C05,G2,F3,4,2,classroom,60,classroom,S3
TTO-09946,stress,C01,G2,F1,4,2,lab,30,lab,S3
TTO-09946,stress,C02,G2,F1,4,2,lab,30,lab,S2
TTO-09946,stress,C03,G2,F1,4,2,lab,30,lab,S1
TTO-09946,stress,C04,G2,F1,4,2,lab,30,lab,S3
TTO-09946,stress,C05,G1,F1,4,2,lab,30,lab,S9
TTO-09947,stress,C01,G1,F1,4,2,lab,30,lab,S2
TTO-09947,stress,C02,G1,F1,4,2,classroom,60,classroom,S2
TTO-09947,stress,C03,G1,F2,4,2,lab,30,lab,S3
TTO-09947,stress,C04,G1,F1,4,2,lab,30,lab,S4
TTO-09947,stress,C05,G1,F2,4,2,classroom,60,classroom,S4
TTO-09948,stress,C01,G2,F2,4,2,classroom,60,classroom,S8
TTO-09948,stress,C02,G2,F2,4,2,classroom,60,classroom,S8
TTO-09948,stress,C03,G2,F2,4,2,lab,30,lab,S6
TTO-09948,stress,C04,G2,F2,4,2,classroom,60,classroom,S5
TTO-09948,stress,C05,G2,F2,4,2,lab,30,lab,S10
TTO-09949,stress,C01,G2,F2,4,2,classroom,60,classroom,S3
TTO-09949,stress,C02,G1,F2,4,2,classroom,60,classroom,S5
TTO-09949,stress,C03,G2,F2,4,2,classroom,60,classroom,S2
TTO-09949,stress,C04,G1,F2,4,2,classroom,60,classroom,S9
TTO-09949,stress,C05,G1,F1,4,2,lab,30,lab,S5
TTO-09950,stress,C01,G1,F1,4,2,classroom,60,classroom,S9
TTO-09950,stress,C02,G1,F3,4,2,lab,30,lab,S5
TTO-09950,stress,C03,G1,F1,4,2,lab,30,lab,S2
TTO-09950,stress,C04,G1,F1,4,2,lab,30,lab,S3
TTO-09950,stress,C05,G1,F1,4,2,classroom,60,classroom,S2
TTO-09951,stress,C01,G2,F2,4,2,classroom,60,classroom,S8
TTO-09951,stress,C02,G2,F2,4,2,classroom,60,classroom,S9
TTO-09951,stress,C03,G2,F2,4,2,lab,30,lab,S10
TTO-09951,stress,C04,G2,F2,4,2,lab,30,lab,S4
TTO-09951,stress,C05,G2,F1,4,2,classroom,60,classroom,S4
TTO-09952,stress,C01,G2,F1,4,2,classroom,60,classroom,S5
TTO-09952,stress,C02,G2,F1,4,2,classroom,60,classroom,S6
TTO-09952,stress,C03,G2,F3,4,2,classroom,60,classroom,S2
TTO-09952,stress,C04,G2,F2,4,2,classroom,60,classroom,S6
TTO-09952,stress,C05,G2,F1,4,2,lab,30,lab,S1
TTO-09953,stress,C01,G1,F3,4,2,lab,30,lab,S4
TTO-09953,stress,C02,G1,F2,4,2,classroom,60,classroom,S7
TTO-09953,stress,C03,G1,F3,4,2,classroom,60,classroom,S2
TTO-09953,stress,C04,G1,F1,4,2,classroom,60,classroom,S7
TTO-09953,stress,C05,G2,F3,4,2,lab,30,lab,S8
TTO-09954,stress,C01,G1,F1,4,2,lab,30,lab,S5
TTO-09954,stress,C02,G1,F1,4,2,classroom,60,classroom,S4
TTO-09954,stress,C03,G1,F1,4,2,lab,30,lab,S5
TTO-09954,stress,C04,G1,F1,4,2,lab,30,lab,S9
TTO-09954,stress,C05,G1,F1,4,2,lab,30,lab,S8
TTO-09955,stress,C01,G2,F2,4,2,classroom,60,classroom,S8
TTO-09955,stress,C02,G2,F1,4,2,classroom,60,classroom,S9
TTO-09955,stress,C03,G2,F2,4,2,lab,30,lab,S1
TTO-09955,stress,C04,G2,F2,4,2,classroom,60,classroom,S7
TTO-09955,stress,C05,G1,F2,4,2,classroom,60,classroom,S10
TTO-09956,stress,C01,G2,F1,4,2,classroom,60,classroom,S8
TTO-09956,stress,C02,G2,F2,4,2,lab,30,lab,S1
TTO-09956,stress,C03,G2,F3,4,2,classroom,60,classroom,S2
TTO-09956,stress,C04,G1,F1,4,2,classroom,60,classroom,S6
TTO-09956,stress,C05,G2,F1,4,2,classroom,60,classroom,S4
TTO-09957,stress,C01,G1,F2,4,2,lab,30,lab,S7
TTO-09957,stress,C02,G1,F2,4,2,lab,30,lab,S9
TTO-09957,stress,C03,G1,F2,4,2,lab,30,lab,S5
TTO-09957,stress,C04,G1,F2,4,2,lab,30,lab,S8
TTO-09957,stress,C05,G1,F2,4,2,lab,30,lab,S9
TTO-09958,stress,C01,G2,F3,4,2,classroom,60,classroom,S2
TTO-09958,stress,C02,G2,F3,4,2,classroom,60,classroom,S4
TTO-09958,stress,C03,G2,F3,4,2,classroom,60,classroom,S10
TTO-09958,stress,C04,G2,F2,4,2,classroom,60,classroom,S10
TTO-09958,stress,C05,G1,F3,4,2,classroom,60,classroom,S2
TTO-09959,stress,C01,G1,F1,4,2,lab,30,lab,S3
TTO-09959,stress,C02,G1,F2,4,2,lab,30,lab,S2
TTO-09959,stress,C03,G1,F2,4,2,classroom,60,classroom,S7
TTO-09959,stress,C04,G1,F2,4,2,lab,30,lab,S1
TTO-09959,stress,C05,G2,F2,4,2,lab,30,lab,S1
TTO-09960,stress,C01,G2,F3,4,2,lab,30,lab,S5
TTO-09960,stress,C02,G2,F1,4,2,classroom,60,classroom,S7
TTO-09960,stress,C03,G2,F3,4,2,classroom,60,classroom,S3
TTO-09960,stress,C04,G2,F3,4,2,classroom,60,classroom,S8
TTO-09960,stress,C05,G2,F3,4,2,lab,30,lab,S9
TTO-09961,stress,C01,G2,F3,4,2,lab,30,lab,S7
TTO-09961,stress,C02,G1,F3,4,2,classroom,60,classroom,S8
TTO-09961,stress,C03,G1,F3,4,2,lab,30,lab,S8
TTO-09961,stress,C04,G2,F3,4,2,lab,30,lab,S2
TTO-09961,stress,C05,G1,F3,4,2,classroom,60,classroom,S9
TTO-09962,stress,C01,G1,F2,4,2,classroom,60,classroom,S4
TTO-09962,stress,C02,G1,F2,4,2,lab,30,lab,S9
TTO-09962,stress,C03,G1,F2,4,2,lab,30,lab,S10
TTO-09962,stress,C04,G1,F2,4,2,lab,30,lab,S4
TTO-09962,stress,C05,G1,F2,4,2,lab,30,lab,S5
TTO-09963,stress,C01,G2,F2,4,2,lab,30,lab,S10
TTO-09963,stress,C02,G2,F3,4,2,lab,30,lab,S5
TTO-09963,stress,C03,G1,F2,4,2,lab,30,lab,S5
TTO-09963,stress,C04,G1,F2,4,2,classroom,60,classroom,S5
TTO-09963,stress,C05,G2,F2,4,2,lab,30,lab,S4
TTO-09964,stress,C01,G1,F3,4,2,classroom,60,classroom,S10
TTO-09964,stress,C02,G2,F1,4,2,classroom,60,classroom,S4
TTO-09964,stress,C03,G2,F1,4,2,lab,30,lab,S1
TTO-09964,stress,C04,G2,F1,4,2,lab,30,lab,S5
TTO-09964,stress,C05,G2,F1,4,2,lab,30,lab,S9
TTO-09965,stress,C01,G1,F1,4,2,classroom,60,classroom,S6
TTO-09965,stress,C02,G2,F1,4,2,lab,30,lab,S7
TTO-09965,stress,C03,G1,F3,4,2,classroom,60,classroom,S10
TTO-09965,stress,C04,G1,F3,4,2,classroom,60,classroom,S7
TTO-09965,stress,C05,G1,F1,4,2,lab,30,lab,S5
TTO-09966,stress,C01,G2,F1,4,2,classroom,60,classroom,S3
TTO-09966,stress,C02,G2,F3,4,2,classroom,60,classroom,S2
TTO-09966,stress,C03,G1,F1,4,2,lab,30,lab,S8
TTO-09966,stress,C04,G2,F1,4,2,lab,30,lab,S9
TTO-09966,stress,C05,G2,F1,4,2,classroom,60,classroom,S5
TTO-09967,stress,C01,G1,F1,4,2,classroom,60,classroom,S4
TTO-09967,stress,C02,G1,F1,4,2,lab,30,lab,S9
TTO-09967,stress,C03,G1,F1,4,2,lab,30,lab,S2
TTO-09967,stress,C04,G1,F1,4,2,lab,30,lab,S9
TTO-09967,stress,C05,G1,F1,4,2,lab,30,lab,S3
TTO-09968,stress,C01,G2,F2,4,2,classroom,60,classroom,S7
TTO-09968,stress,C02,G1,F2,4,2,lab,30,lab,S7
TTO-09968,stress,C03,G2,F2,4,2,lab,30,lab,S7
TTO-09968,stress,C04,G2,F2,4,2,lab,30,lab,S9
TTO-09968,stress,C05,G2,F1,4,2,classroom,60,classroom,S8
TTO-09969,stress,C01,G2,F1,4,2,lab,30,lab,S3
TTO-09969,stress,C02,G1,F1,4,2,lab,30,lab,S3
TTO-09969,stress,C03,G2,F3,4,2,classroom,60,classroom,S2
TTO-09969,stress,C04,G2,F1,4,2,lab,30,lab,S9
TTO-09969,stress,C05,G2,F1,4,2,lab,30,lab,S5
TTO-09970,stress,C01,G1,F1,4,2,classroom,60,classroom,S3
TTO-09970,stress,C02,G1,F3,4,2,lab,30,lab,S6
TTO-09970,stress,C03,G1,F3,4,2,classroom,60,classroom,S1
TTO-09970,stress,C04,G1,F3,4,2,lab,30,lab,S4
TTO-09970,stress,C05,G1,F3,4,2,lab,30,lab,S5
TTO-09971,stress,C01,G1,F2,4,2,lab,30,lab,S8
TTO-09971,stress,C02,G1,F2,4,2,lab,30,lab,S6
TTO-09971,stress,C03,G1,F3,4,2,lab,30,lab,S8
TTO-09971,stress,C04,G2,F3,4,2,classroom,60,classroom,S1
TTO-09971,stress,C05,G2,F3,4,2,classroom,60,classroom,S9
TTO-09972,stress,C01,G2,F2,4,2,classroom,60,classroom,S2
TTO-09972,stress,C02,G1,F2,4,2,classroom,60,classroom,S4
TTO-09972,stress,C03,G2,F2,4,2,classroom,60,classroom,S4
TTO-09972,stress,C04,G2,F3,4,2,lab,30,lab,S4
TTO-09972,stress,C05,G2,F2,4,2,lab,30,lab,S5
TTO-09973,stress,C01,G2,F2,4,2,lab,30,lab,S8
TTO-09973,stress,C02,G1,F2,4,2,lab,30,lab,S8
TTO-09973,stress,C03,G2,F2,4,2,lab,30,lab,S5
TTO-09973,stress,C04,G2,F2,4,2,lab,30,lab,S9
TTO-09973,stress,C05,G2,F1,4,2,classroom,60,classroom,S5
TTO-09974,stress,C01,G2,F2,4,2,classroom,60,classroom,S3
TTO-09974,stress,C02,G2,F2,4,2,lab,30,lab,S9
TTO-09974,stress,C03,G1,F2,4,2,lab,30,lab,S6
TTO-09974,stress,C04,G2,F2,4,2,classroom,60,classroom,S3
TTO-09974,stress,C05,G2,F2,4,2,classroom,60,classroom,S5
TTO-09975,stress,C01,G1,F3,4,2,classroom,60,classroom,S8
TTO-09975,stress,C02,G1,F1,4,2,classroom,60,classroom,S2
TTO-09975,stress,C03,G1,F3,4,2,classroom,60,classroom,S10
TTO-09975,stress,C04,G1,F3,4,2,lab,30,lab,S5
TTO-09975,stress,C05,G1,F3,4,2,lab,30,lab,S6
TTO-09976,stress,C01,G2,F2,4,2,lab,30,lab,S1
TTO-09976,stress,C02,G2,F1,4,2,lab,30,lab,S3
TTO-09976,stress,C03,G2,F1,4,2,classroom,60,classroom,S8
TTO-09976,stress,C04,G1,F1,4,2,classroom,60,classroom,S1
TTO-09976,stress,C05,G2,F1,4,2,classroom,60,classroom,S7
TTO-09977,stress,C01,G2,F3,4,2,classroom,60,classroom,S1
TTO-09977,stress,C02,G2,F3,4,2,lab,30,lab,S2
TTO-09977,stress,C03,G2,F3,4,2,lab,30,lab,S7
TTO-09977,stress,C04,G2,F3,4,2,lab,30,lab,S1
TTO-09977,stress,C05,G1,F3,4,2,lab,30,lab,S7
TTO-09978,stress,C01,G1,F1,4,2,classroom,60,classroom,S2
TTO-09978,stress,C02,G1,F1,4,2,classroom,60,classroom,S3
TTO-09978,stress,C03,G2,F1,4,2,lab,30,lab,S5
TTO-09978,stress,C04,G1,F1,4,2,lab,30,lab,S2
TTO-09978,stress,C05,G1,F2,4,2,lab,30,lab,S6
TTO-09979,stress,C01,G2,F2,4,2,classroom,60,classroom,S9
TTO-09979,stress,C02,G1,F1,4,2,lab,30,lab,S2
TTO-09979,stress,C03,G1,F2,4,2,lab,30,lab,S3
TTO-09979,stress,C04,G2,F1,4,2,lab,30,lab,S4
TTO-09979,stress,C05,G1,F2,4,2,lab,30,lab,S7
TTO-09980,stress,C01,G2,F1,4,2,lab,30,lab,S7
TTO-09980,stress,C02,G2,F2,4,2,classroom,60,classroom,S2
TTO-09980,stress,C03,G2,F2,4,2,lab,30,lab,S3
TTO-09980,stress,C04,G2,F2,4,2,lab,30,lab,S1
TTO-09980,stress,C05,G2,F2,4,2,classroom,60,classroom,S3
TTO-09981,stress,C01,G2,F2,4,2,classroom,60,classroom,S9
TTO-09981,stress,C02,G2,F2,4,2,classroom,60,classroom,S7
TTO-09981,stress,C03,G2,F2,4,2,lab,30,lab,S6
TTO-09981,stress,C04,G2,F2,4,2,classroom,60,classroom,S3
TTO-09981,stress,C05,G2,F2,4,2,lab,30,lab,S6
TTO-09982,stress,C01,G1,F1,4,2,lab,30,lab,S7
TTO-09982,stress,C02,G1,F1,4,2,classroom,60,classroom,S3
TTO-09982,stress,C03,G1,F3,4,2,lab,30,lab,S4
TTO-09982,stress,C04,G1,F3,4,2,lab,30,lab,S7
TTO-09982,stress,C05,G1,F2,4,2,lab,30,lab,S4
TTO-09983,stress,C01,G2,F1,4,2,lab,30,lab,S1
TTO-09983,stress,C02,G1,F1,4,2,lab,30,lab,S2
TTO-09983,stress,C03,G2,F1,4,2,classroom,60,classroom,S5
TTO-09983,stress,C04,G2,F2,4,2,lab,30,lab,S10
TTO-09983,stress,C05,G2,F3,4,2,classroom,60,classroom,S5
TTO-09984,stress,C01,G1,F1,4,2,lab,30,lab,S8
TTO-09984,stress,C02,G2,F1,4,2,classroom,60,classroom,S4
TTO-09984,stress,C03,G2,F2,4,2,classroom,60,classroom,S3
TTO-09984,stress,C04,G2,F1,4,2,classroom,60,classroom,S10
TTO-09984,stress,C05,G2,F1,4,2,classroom,60,classroom,S5
TTO-09985,stress,C01,G2,F3,4,2,lab,30,lab,S4
TTO-09985,stress,C02,G2,F3,4,2,lab,30,lab,S10
TTO-09985,stress,C03,G2,F3,4,2,classroom,60,classroom,S2
TTO-09985,stress,C04,G2,F3,4,2,classroom,60,classroom,S5
TTO-09985,stress,C05,G2,F2,4,2,classroom,60,classroom,S10
TTO-09986,stress,C01,G2,F1,4,2,lab,30,lab,S3
TTO-09986,stress,C02,G1,F1,4,2,classroom,60,classroom,S6
TTO-09986,stress,C03,G1,F1,4,2,classroom,60,classroom,S8
TTO-09986,stress,C04,G2,F1,4,2,classroom,60,classroom,S7
TTO-09986,stress,C05,G2,F2,4,2,lab,30,lab,S7
TTO-09987,stress,C01,G2,F3,4,2,lab,30,lab,S9
TTO-09987,stress,C02,G2,F3,4,2,classroom,60,classroom,S1
TTO-09987,stress,C03,G2,F3,4,2,classroom,60,classroom,S8
TTO-09987,stress,C04,G2,F3,4,2,classroom,60,classroom,S2
TTO-09987,stress,C05,G2,F1,4,2,lab,30,lab,S5
TTO-09988,stress,C01,G2,F1,4,2,classroom,60,classroom,S3
TTO-09988,stress,C02,G2,F1,4,2,lab,30,lab,S1
TTO-09988,stress,C03,G2,F1,4,2,lab,30,lab,S2
TTO-09988,stress,C04,G2,F1,4,2,lab,30,lab,S9
TTO-09988,stress,C05,G1,F2,4,2,lab,30,lab,S8
TTO-09989,stress,C01,G2,F1,4,2,classroom,60,classroom,S1
TTO-09989,stress,C02,G1,F1,4,2,classroom,60,classroom,S10
TTO-09989,stress,C03,G2,F1,4,2,classroom,60,classroom,S10
TTO-09989,stress,C04,G2,F1,4,2,classroom,60,classroom,S3
TTO-09989,stress,C05,G2,F1,4,2,lab,30,lab,S8
TTO-09990,stress,C01,G1,F1,4,2,lab,30,lab,S2
TTO-09990,stress,C02,G1,F3,4,2,lab,30,lab,S3
TTO-09990,stress,C03,G2,F1,4,2,lab,30,lab,S10
TTO-09990,stress,C04,G2,F1,4,2,lab,30,lab,S3
TTO-09990,stress,C05,G2,F3,4,2,classroom,60,classroom,S1
TTO-09991,stress,C01,G2,F2,4,2,classroom,60,classroom,S4
TTO-09991,stress,C02,G1,F3,4,2,lab,30,lab,S6
TTO-09991,stress,C03,G1,F1,4,2,lab,30,lab,S6
TTO-09991,stress,C04,G1,F2,4,2,classroom,60,classroom,S4
TTO-09991,stress,C05,G1,F3,4,2,lab,30,lab,S8
TTO-09992,stress,C01,G1,F2,4,2,classroom,60,classroom,S7
TTO-09992,stress,C02,G2,F2,4,2,classroom,60,classroom,S5
TTO-09992,stress,C03,G2,F2,4,2,lab,30,lab,S10
TTO-09992,stress,C04,G2,F2,4,2,lab,30,lab,S6
TTO-09992,stress,C05,G2,F2,4,2,classroom,60,classroom,S6
TTO-09993,stress,C01,G1,F3,4,2,classroom,60,classroom,S2
TTO-09993,stress,C02,G1,F2,4,2,lab,30,lab,S7
TTO-09993,stress,C03,G1,F3,4,2,lab,30,lab,S10
TTO-09993,stress,C04,G1,F3,4,2,classroom,60,classroom,S6
TTO-09993,stress,C05,G1,F3,4,2,lab,30,lab,S7
TTO-09994,stress,C01,G2,F1,4,2,lab,30,lab,S3
TTO-09994,stress,C02,G2,F3,4,2,classroom,60,classroom,S5
TTO-09994,stress,C03,G2,F3,4,2,classroom,60,classroom,S7
TTO-09994,stress,C04,G2,F1,4,2,classroom,60,classroom,S8
TTO-09994,stress,C05,G1,F1,4,2,lab,30,lab,S4
TTO-09995,stress,C01,G2,F2,4,2,classroom,60,classroom,S6
TTO-09995,stress,C02,G1,F2,4,2,classroom,60,classroom,S6
TTO-09995,stress,C03,G1,F2,4,2,lab,30,lab,S3
TTO-09995,stress,C04,G1,F2,4,2,classroom,60,classroom,S1
TTO-09995,stress,C05,G2,F2,4,2,classroom,60,classroom,S8
TTO-09996,stress,C01,G1,F1,4,2,lab,30,lab,S2
TTO-09996,stress,C02,G1,F1,4,2,classroom,60,classroom,S8
TTO-09996,stress,C03,G1,F1,4,2,classroom,60,classroom,S1
TTO-09996,stress,C04,G1,F1,4,2,classroom,60,classroom,S8
TTO-09996,stress,C05,G1,F1,4,2,classroom,60,classroom,S6
TTO-09997,stress,C01,G2,F3,4,2,classroom,60,classroom,S6
TTO-09997,stress,C02,G2,F3,4,2,classroom,60,classroom,S7
TTO-09997,stress,C03,G1,F3,4,2,lab,30,lab,S6
TTO-09997,stress,C04,G2,F3,4,2,classroom,60,classroom,S4
TTO-09997,stress,C05,G2,F3,4,2,lab,30,lab,S4
TTO-09998,stress,C01,G1,F2,4,2,classroom,60,classroom,S3
TTO-09998,stress,C02,G1,F2,4,2,classroom,60,classroom,S2
TTO-09998,stress,C03,G1,F2,4,2,classroom,60,classroom,S8
TTO-09998,stress,C04,G1,F2,4,2,lab,30,lab,S6
TTO-09998,stress,C05,G1,F2,4,2,lab,30,lab,S3
TTO-09999,stress,C01,G2,F1,4,2,lab,30,lab,S9
TTO-09999,stress,C02,G2,F1,4,2,lab,30,lab,S4
TTO-09999,stress,C03,G1,F1,4,2,lab,30,lab,S3
TTO-09999,stress,C04,G2,F2,4,2,classroom,60,classroom,S9
TTO-09999,stress,C05,G2,F1,4,2,lab,30,lab,S1
TTO-10000,stress,C01,G2,F1,4,2,classroom,60,classroom,S8
TTO-10000,stress,C02,G2,F1,4,2,classroom,60,classroom,S7
TTO-10000,stress,C03,G2,F1,4,2,classroom,60,classroom,S8
TTO-10000,stress,C04,G2,F1,4,2,classroom,60,classroom,S8
TTO-10000,stress,C05,G2,F3,4,2,lab,30,lab,S7
