scenario_id,case_type,course_count,requested_sessions,scheduled_sessions,unplaced_sessions,unplaced_courses,requested_slot_units,scheduled_slot_units,room_slot_utilization_pct,preference_penalties,feasible,coverage_pct,hard_violations
TTO-00001,normal,5,15,7,8,3,24,10,33.33,7,False,46.67,0
TTO-00002,normal,5,15,7,8,3,24,10,33.33,6,False,46.67,0
TTO-00003,normal,5,15,12,3,1,24,18,60.0,9,False,80.0,0
TTO-00004,normal,5,15,7,8,3,21,10,33.33,6,False,46.67,0
TTO-00005,normal,5,15,13,2,1,15,13,43.33,12,False,86.67,0
TTO-00006,normal,5,15,11,4,2,21,13,43.33,9,False,73.33,0
TTO-00007,normal,5,15,12,3,1,18,12,40.0,10,False,80.0,0
TTO-00008,normal,5,15,15,0,0,15,15,50.0,10,True,100.0,0
TTO-00009,normal,5,15,12,3,2,21,17,56.67,11,False,80.0,0
TTO-00010,normal,5,15,11,4,2,21,16,53.33,10,False,73.33,0
TTO-00011,normal,5,9,9,0,0,10,10,33.33,7,True,100.0,0
TTO-00012,normal,5,8,8,0,0,11,11,36.67,6,True,100.0,0
TTO-00013,normal,5,7,7,0,0,8,8,26.67,6,True,100.0,0
TTO-00014,normal,5,8,6,2,1,12,10,33.33,5,False,75.0,0
TTO-00015,normal,5,9,7,2,1,14,12,40.0,7,False,77.78,0
TTO-00016,normal,5,7,7,0,0,10,10,33.33,7,True,100.0,0
TTO-00017,normal,5,11,11,0,0,17,17,56.67,9,True,100.0,0
TTO-00018,normal,5,8,6,2,1,13,9,30.0,6,False,75.0,0
TTO-00019,normal,5,8,8,0,0,11,11,36.67,8,True,100.0,0
TTO-00020,normal,5,9,9,0,0,11,11,36.67,9,True,100.0,0
TTO-00021,normal,5,9,9,0,0,10,10,33.33,8,True,100.0,0
TTO-00022,normal,5,12,8,4,2,24,16,53.33,6,False,66.67,0
TTO-00023,normal,5,9,8,1,1,12,11,36.67,6,False,88.89,0
TTO-00024,normal,5,12,9,3,2,19,15,50.0,8,False,75.0,0
TTO-00025,normal,5,8,7,1,1,12,10,33.33,7,False,87.5,0
TTO-00026,normal,5,11,10,1,1,17,16,53.33,9,False,90.91,0
TTO-00027,normal,5,7,7,0,0,8,8,26.67,7,True,100.0,0
TTO-00028,normal,5,11,6,5,2,18,10,33.33,5,False,54.55,0
TTO-00029,normal,5,9,8,1,1,14,12,40.0,5,False,88.89,0
TTO-00030,normal,5,11,8,3,2,14,11,36.67,7,False,72.73,0
TTO-00031,normal,5,12,7,5,2,20,10,33.33,7,False,58.33,0
TTO-00032,normal,5,10,9,1,1,19,18,60.0,8,False,90.0,0
TTO-00033,normal,5,13,9,4,2,22,16,53.33,8,False,69.23,0
TTO-00034,normal,5,10,10,0,0,13,13,43.33,9,True,100.0,0
TTO-00035,normal,5,9,7,2,2,15,12,40.0,7,False,77.78,0
TTO-00036,normal,5,11,10,1,1,17,15,50.0,10,False,90.91,0
TTO-00037,normal,5,11,7,4,2,20,12,40.0,7,False,63.64,0
TTO-00038,normal,5,10,8,2,1,17,13,43.33,7,False,80.0,0
TTO-00039,normal,5,11,11,0,0,15,15,50.0,10,True,100.0,0
TTO-00040,normal,5,9,9,0,0,10,10,33.33,7,True,100.0,0
TTO-00041,normal,5,14,12,2,1,17,13,43.33,11,False,85.71,0
TTO-00042,normal,5,10,9,1,1,15,13,43.33,9,False,90.0,0
TTO-00043,normal,5,12,9,3,1,17,14,46.67,8,False,75.0,0
TTO-00044,normal,5,9,7,2,2,14,12,40.0,7,False,77.78,0
TTO-00045,normal,5,11,8,3,3,17,12,40.0,8,False,72.73,0
TTO-00046,normal,5,11,9,2,1,17,15,50.0,6,False,81.82,0
TTO-00047,normal,5,13,13,0,0,16,16,53.33,11,True,100.0,0
TTO-00048,normal,5,11,7,4,2,16,11,36.67,7,False,63.64,0
TTO-00049,normal,5,9,7,2,2,13,11,36.67,6,False,77.78,0
TTO-00050,normal,5,10,7,3,1,13,10,33.33,6,False,70.0,0
TTO-00051,normal,5,8,8,0,0,10,10,33.33,7,True,100.0,0
TTO-00052,normal,5,10,7,3,2,16,10,33.33,6,False,70.0,0
TTO-00053,normal,5,8,8,0,0,9,9,30.0,7,True,100.0,0
TTO-00054,normal,5,7,7,0,0,10,10,33.33,6,True,100.0,0
TTO-00055,normal,5,11,10,1,1,17,16,53.33,7,False,90.91,0
TTO-00056,normal,5,8,8,0,0,12,12,40.0,7,True,100.0,0
TTO-00057,normal,5,9,7,2,1,14,10,33.33,7,False,77.78,0
TTO-00058,normal,5,12,5,7,3,24,10,33.33,5,False,41.67,0
TTO-00059,normal,5,11,11,0,0,15,15,50.0,9,True,100.0,0
TTO-00060,normal,5,9,7,2,1,15,11,36.67,4,False,77.78,0
TTO-00061,normal,5,10,10,0,0,13,13,43.33,9,True,100.0,0
TTO-00062,normal,5,14,10,4,2,20,12,40.0,10,False,71.43,0
TTO-00063,normal,5,11,10,1,1,16,14,46.67,8,False,90.91,0
TTO-00064,normal,5,12,9,3,2,21,15,50.0,8,False,75.0,0
TTO-00065,normal,5,10,8,2,2,16,13,43.33,8,False,80.0,0
TTO-00066,normal,5,10,5,5,2,17,10,33.33,4,False,50.0,0
TTO-00067,normal,5,12,6,6,2,18,12,40.0,6,False,50.0,0
TTO-00068,normal,5,12,12,0,0,15,15,50.0,12,True,100.0,0
TTO-00069,normal,5,12,6,6,3,19,10,33.33,5,False,50.0,0
TTO-00070,normal,5,8,8,0,0,10,10,33.33,7,True,100.0,0
TTO-00071,normal,5,12,9,3,2,17,12,40.0,8,False,75.0,0
TTO-00072,normal,5,12,7,5,2,18,10,33.33,6,False,58.33,0
TTO-00073,normal,5,12,9,3,1,16,10,33.33,8,False,75.0,0
TTO-00074,normal,5,12,9,3,1,17,14,46.67,9,False,75.0,0
TTO-00075,normal,5,10,10,0,0,15,15,50.0,9,True,100.0,0
TTO-00076,normal,5,8,8,0,0,10,10,33.33,8,True,100.0,0
TTO-00077,normal,5,12,10,2,1,18,16,53.33,10,False,83.33,0
TTO-00078,normal,5,12,8,4,2,17,11,36.67,8,False,66.67,0
TTO-00079,normal,5,9,9,0,0,15,15,50.0,9,True,100.0,0
TTO-00080,normal,5,11,9,2,1,16,12,40.0,7,False,81.82,0
TTO-00081,normal,5,7,6,1,1,12,10,33.33,5,False,85.71,0
TTO-00082,normal,5,11,7,4,2,18,11,36.67,6,False,63.64,0
TTO-00083,normal,5,9,7,2,1,15,11,36.67,6,False,77.78,0
TTO-00084,normal,5,6,6,0,0,9,9,30.0,4,True,100.0,0
TTO-00085,normal,5,10,8,2,1,16,12,40.0,7,False,80.0,0
TTO-00086,normal,5,9,8,1,1,17,16,53.33,8,False,88.89,0
TTO-00087,normal,5,12,10,2,1,16,12,40.0,8,False,83.33,0
TTO-00088,normal,5,10,7,3,1,19,13,43.33,5,False,70.0,0
TTO-00089,normal,5,13,11,2,1,18,14,46.67,10,False,84.62,0
TTO-00090,normal,5,9,9,0,0,14,14,46.67,8,True,100.0,0
TTO-00091,normal,5,8,5,3,3,15,10,33.33,5,False,62.5,0
TTO-00092,normal,5,11,9,2,1,18,14,46.67,9,False,81.82,0
TTO-00093,normal,5,7,7,0,0,8,8,26.67,7,True,100.0,0
TTO-00094,normal,5,10,8,2,1,14,12,40.0,8,False,80.0,0
TTO-00095,normal,5,10,9,1,1,17,15,50.0,8,False,90.0,0
TTO-00096,normal,5,10,9,1,1,15,14,46.67,9,False,90.0,0
TTO-00097,normal,5,12,12,0,0,15,15,50.0,11,True,100.0,0
TTO-00098,normal,5,11,7,4,3,17,10,33.33,5,False,63.64,0
TTO-00099,normal,5,9,9,0,0,10,10,33.33,9,True,100.0,0
TTO-00100,normal,5,9,9,0,0,14,14,46.67,8,True,100.0,0
TTO-00101,normal,5,7,7,0,0,8,8,26.67,7,True,100.0,0
TTO-00102,normal,5,11,10,1,1,15,14,46.67,10,False,90.91,0
TTO-00103,normal,5,10,7,3,2,15,11,36.67,6,False,70.0,0
TTO-00104,normal,5,13,13,0,0,13,13,43.33,13,True,100.0,0
TTO-00105,normal,5,11,8,3,2,17,11,36.67,8,False,72.73,0
TTO-00106,normal,5,14,7,7,3,22,10,33.33,6,False,50.0,0
TTO-00107,normal,5,10,10,0,0,17,17,56.67,10,True,100.0,0
TTO-00108,normal,5,9,8,1,1,16,14,46.67,8,False,88.89,0
TTO-00109,normal,5,8,8,0,0,11,11,36.67,6,True,100.0,0
TTO-00110,normal,5,13,13,0,0,15,15,50.0,12,True,100.0,0
TTO-00111,normal,5,9,7,2,1,14,10,33.33,6,False,77.78,0
TTO-00112,normal,5,12,9,3,1,17,14,46.67,9,False,75.0,0
TTO-00113,normal,5,14,7,7,3,23,12,40.0,7,False,50.0,0
TTO-00114,normal,5,13,5,8,4,25,10,33.33,4,False,38.46,0
TTO-00115,normal,5,10,8,2,1,17,13,43.33,8,False,80.0,0
TTO-00116,normal,5,10,7,3,1,18,12,40.0,7,False,70.0,0
TTO-00117,normal,5,7,7,0,0,10,10,33.33,6,True,100.0,0
TTO-00118,normal,5,7,7,0,0,9,9,30.0,5,True,100.0,0
TTO-00119,normal,5,10,10,0,0,15,15,50.0,9,True,100.0,0
TTO-00120,normal,5,12,10,2,1,21,17,56.67,10,False,83.33,0
TTO-00121,normal,5,9,7,2,2,14,10,33.33,7,False,77.78,0
TTO-00122,normal,5,14,11,3,1,25,19,63.33,10,False,78.57,0
TTO-00123,normal,5,9,7,2,1,14,10,33.33,7,False,77.78,0
TTO-00124,normal,5,10,9,1,1,11,9,30.0,8,False,90.0,0
TTO-00125,normal,5,6,6,0,0,8,8,26.67,6,True,100.0,0
TTO-00126,normal,5,11,8,3,1,22,16,53.33,8,False,72.73,0
TTO-00127,normal,5,13,8,5,2,23,16,53.33,8,False,61.54,0
TTO-00128,normal,5,13,10,3,2,21,16,53.33,10,False,76.92,0
TTO-00129,normal,5,9,9,0,0,13,13,43.33,9,True,100.0,0
TTO-00130,normal,5,11,10,1,1,14,13,43.33,10,False,90.91,0
TTO-00131,normal,5,8,8,0,0,11,11,36.67,6,True,100.0,0
TTO-00132,normal,5,11,11,0,0,13,13,43.33,9,True,100.0,0
TTO-00133,normal,5,8,7,1,1,11,10,33.33,6,False,87.5,0
TTO-00134,normal,5,8,8,0,0,11,11,36.67,7,True,100.0,0
TTO-00135,normal,5,11,9,2,1,17,13,43.33,8,False,81.82,0
TTO-00136,normal,5,13,11,2,1,15,13,43.33,10,False,84.62,0
TTO-00137,normal,5,9,9,0,0,11,11,36.67,7,True,100.0,0
TTO-00138,normal,5,11,9,2,1,15,11,36.67,8,False,81.82,0
TTO-00139,normal,5,9,9,0,0,14,14,46.67,8,True,100.0,0
TTO-00140,normal,5,10,7,3,1,19,13,43.33,6,False,70.0,0
TTO-00141,normal,5,9,5,4,3,16,10,33.33,5,False,55.56,0
TTO-00142,normal,5,11,6,5,2,15,10,33.33,5,False,54.55,0
TTO-00143,normal,5,9,9,0,0,15,15,50.0,7,True,100.0,0
TTO-00144,normal,5,11,9,2,1,19,15,50.0,8,False,81.82,0
TTO-00145,normal,5,10,8,2,2,16,12,40.0,8,False,80.0,0
TTO-00146,normal,5,8,8,0,0,11,11,36.67,8,True,100.0,0
TTO-00147,normal,5,14,10,4,2,20,12,40.0,9,False,71.43,0
TTO-00148,normal,5,9,9,0,0,13,13,43.33,8,True,100.0,0
TTO-00149,normal,5,14,7,7,3,19,10,33.33,5,False,50.0,0
TTO-00150,normal,5,11,9,2,2,14,12,40.0,8,False,81.82,0
TTO-00151,normal,5,12,10,2,2,22,18,60.0,9,False,83.33,0
TTO-00152,normal,5,10,7,3,2,13,10,33.33,6,False,70.0,0
TTO-00153,normal,5,11,10,1,1,16,14,46.67,10,False,90.91,0
TTO-00154,normal,5,8,8,0,0,10,10,33.33,8,True,100.0,0
TTO-00155,normal,5,14,8,6,3,25,13,43.33,7,False,57.14,0
TTO-00156,normal,5,8,8,0,0,9,9,30.0,7,True,100.0,0
TTO-00157,normal,5,8,8,0,0,12,12,40.0,7,True,100.0,0
TTO-00158,normal,5,9,9,0,0,12,12,40.0,9,True,100.0,0
TTO-00159,normal,5,10,5,5,3,19,10,33.33,5,False,50.0,0
TTO-00160,normal,5,8,8,0,0,13,13,43.33,5,True,100.0,0
TTO-00161,normal,5,11,8,3,1,19,16,53.33,7,False,72.73,0
TTO-00162,normal,5,11,11,0,0,16,16,53.33,11,True,100.0,0
TTO-00163,normal,5,12,6,6,3,24,12,40.0,5,False,50.0,0
TTO-00164,normal,5,11,7,4,3,20,14,46.67,6,False,63.64,0
TTO-00165,normal,5,9,9,0,0,15,15,50.0,8,True,100.0,0
TTO-00166,normal,5,9,6,3,2,15,11,36.67,5,False,66.67,0
TTO-00167,normal,5,12,6,6,2,24,12,40.0,6,False,50.0,0
TTO-00168,normal,5,9,9,0,0,12,12,40.0,7,True,100.0,0
TTO-00169,normal,5,9,8,1,1,15,13,43.33,5,False,88.89,0
TTO-00170,normal,5,10,10,0,0,15,15,50.0,9,True,100.0,0
TTO-00171,normal,5,11,9,2,1,17,13,43.33,9,False,81.82,0
TTO-00172,normal,5,7,7,0,0,11,11,36.67,7,True,100.0,0
TTO-00173,normal,5,8,8,0,0,14,14,46.67,7,True,100.0,0
TTO-00174,normal,5,5,5,0,0,8,8,26.67,4,True,100.0,0
TTO-00175,normal,5,10,8,2,1,15,11,36.67,8,False,80.0,0
TTO-00176,normal,5,10,10,0,0,13,13,43.33,9,True,100.0,0
TTO-00177,normal,5,9,9,0,0,12,12,40.0,8,True,100.0,0
TTO-00178,normal,5,7,7,0,0,11,11,36.67,6,True,100.0,0
TTO-00179,normal,5,10,7,3,1,15,12,40.0,7,False,70.0,0
TTO-00180,normal,5,8,8,0,0,10,10,33.33,6,True,100.0,0
TTO-00181,normal,5,7,7,0,0,10,10,33.33,6,True,100.0,0
TTO-00182,normal,5,10,8,2,2,14,12,40.0,7,False,80.0,0
TTO-00183,normal,5,7,7,0,0,8,8,26.67,7,True,100.0,0
TTO-00184,normal,5,9,7,2,2,14,12,40.0,6,False,77.78,0
TTO-00185,normal,5,12,9,3,1,15,12,40.0,8,False,75.0,0
TTO-00186,normal,5,10,7,3,2,18,12,40.0,6,False,70.0,0
TTO-00187,normal,5,10,10,0,0,13,13,43.33,10,True,100.0,0
TTO-00188,normal,5,9,9,0,0,14,14,46.67,9,True,100.0,0
TTO-00189,normal,5,12,12,0,0,16,16,53.33,12,True,100.0,0
TTO-00190,normal,5,12,7,5,2,15,10,33.33,6,False,58.33,0
TTO-00191,normal,5,13,9,4,2,17,12,40.0,8,False,69.23,0
TTO-00192,normal,5,10,10,0,0,14,14,46.67,9,True,100.0,0
TTO-00193,normal,5,15,11,4,2,24,16,53.33,11,False,73.33,0
TTO-00194,normal,5,11,9,2,1,16,14,46.67,9,False,81.82,0
TTO-00195,normal,5,12,9,3,1,19,13,43.33,9,False,75.0,0
TTO-00196,normal,5,11,8,3,1,17,11,36.67,6,False,72.73,0
TTO-00197,normal,5,9,5,4,2,18,10,33.33,5,False,55.56,0
TTO-00198,normal,5,12,12,0,0,18,18,60.0,10,True,100.0,0
TTO-00199,normal,5,15,13,2,1,21,19,63.33,12,False,86.67,0
TTO-00200,normal,5,10,8,2,1,18,14,46.67,8,False,80.0,0
TTO-00201,normal,5,12,12,0,0,18,18,60.0,10,True,100.0,0
TTO-00202,normal,5,10,6,4,2,20,12,40.0,5,False,60.0,0
TTO-00203,normal,5,12,12,0,0,16,16,53.33,12,True,100.0,0
TTO-00204,normal,5,11,5,6,3,21,10,33.33,5,False,45.45,0
TTO-00205,normal,5,12,11,1,1,19,18,60.0,9,False,91.67,0
TTO-00206,normal,5,9,6,3,1,16,10,33.33,6,False,66.67,0
TTO-00207,normal,5,9,8,1,1,14,12,40.0,8,False,88.89,0
TTO-00208,normal,5,11,9,2,1,16,12,40.0,9,False,81.82,0
TTO-00209,normal,5,8,6,2,2,14,11,36.67,6,False,75.0,0
TTO-00210,normal,5,10,10,0,0,16,16,53.33,8,True,100.0,0
TTO-00211,normal,5,12,8,4,2,20,12,40.0,6,False,66.67,0
TTO-00212,normal,5,8,8,0,0,9,9,30.0,7,True,100.0,0
TTO-00213,normal,5,9,6,3,2,16,12,40.0,6,False,66.67,0
TTO-00214,normal,5,15,8,7,3,27,16,53.33,7,False,53.33,0
TTO-00215,normal,5,13,5,8,4,22,10,33.33,4,False,38.46,0
TTO-00216,normal,5,12,9,3,1,17,14,46.67,8,False,75.0,0
TTO-00217,normal,5,11,8,3,1,15,12,40.0,8,False,72.73,0
TTO-00218,normal,5,8,7,1,1,12,10,33.33,6,False,87.5,0
TTO-00219,normal,5,8,8,0,0,13,13,43.33,8,True,100.0,0
TTO-00220,normal,5,11,7,4,2,15,10,33.33,7,False,63.64,0
TTO-00221,normal,5,6,6,0,0,9,9,30.0,6,True,100.0,0
TTO-00222,normal,5,6,6,0,0,9,9,30.0,6,True,100.0,0
TTO-00223,normal,5,9,9,0,0,13,13,43.33,9,True,100.0,0
TTO-00224,normal,5,9,7,2,1,14,10,33.33,7,False,77.78,0
TTO-00225,normal,5,9,9,0,0,14,14,46.67,8,True,100.0,0
TTO-00226,normal,5,7,7,0,0,9,9,30.0,6,True,100.0,0
TTO-00227,normal,5,9,8,1,1,14,12,40.0,7,False,88.89,0
TTO-00228,normal,5,10,6,4,2,17,11,36.67,5,False,60.0,0
TTO-00229,normal,5,10,5,5,3,19,10,33.33,5,False,50.0,0
TTO-00230,normal,5,10,7,3,1,15,12,40.0,5,False,70.0,0
TTO-00231,normal,5,10,10,0,0,11,11,36.67,8,True,100.0,0
TTO-00232,normal,5,11,5,6,3,22,10,33.33,5,False,45.45,0
TTO-00233,normal,5,14,5,9,3,25,10,33.33,3,False,35.71,0
TTO-00234,normal,5,10,7,3,1,15,12,40.0,6,False,70.0,0
TTO-00235,normal,5,10,9,1,1,18,16,53.33,9,False,90.0,0
TTO-00236,normal,5,8,8,0,0,11,11,36.67,8,True,100.0,0
TTO-00237,normal,5,12,7,5,2,17,10,33.33,7,False,58.33,0
TTO-00238,normal,5,7,7,0,0,9,9,30.0,6,True,100.0,0
TTO-00239,normal,5,9,9,0,0,9,9,30.0,9,True,100.0,0
TTO-00240,normal,5,8,7,1,1,12,10,33.33,6,False,87.5,0
TTO-00241,normal,5,11,6,5,2,19,11,36.67,5,False,54.55,0
TTO-00242,normal,5,8,8,0,0,9,9,30.0,7,True,100.0,0
TTO-00243,normal,5,8,5,3,2,15,9,30.0,4,False,62.5,0
TTO-00244,normal,5,12,10,2,1,17,13,43.33,9,False,83.33,0
TTO-00245,normal,5,11,10,1,1,19,18,60.0,9,False,90.91,0
TTO-00246,normal,5,10,10,0,0,13,13,43.33,10,True,100.0,0
TTO-00247,normal,5,13,5,8,3,18,10,33.33,5,False,38.46,0
TTO-00248,normal,5,6,6,0,0,9,9,30.0,6,True,100.0,0
TTO-00249,normal,5,12,12,0,0,13,13,43.33,11,True,100.0,0
TTO-00250,normal,5,11,10,1,1,12,10,33.33,8,False,90.91,0
TTO-00251,normal,5,9,9,0,0,13,13,43.33,9,True,100.0,0
TTO-00252,normal,5,13,10,3,1,23,20,66.67,10,False,76.92,0
TTO-00253,normal,5,9,8,1,1,15,14,46.67,6,False,88.89,0
TTO-00254,normal,5,8,8,0,0,8,8,26.67,8,True,100.0,0
TTO-00255,normal,5,7,7,0,0,11,11,36.67,7,True,100.0,0
TTO-00256,normal,5,7,7,0,0,11,11,36.67,7,True,100.0,0
TTO-00257,normal,5,10,7,3,2,14,10,33.33,6,False,70.0,0
TTO-00258,normal,5,9,9,0,0,12,12,40.0,8,True,100.0,0
TTO-00259,normal,5,10,9,1,1,13,11,36.67,8,False,90.0,0
TTO-00260,normal,5,10,6,4,2,20,12,40.0,5,False,60.0,0
TTO-00261,normal,5,10,8,2,2,17,13,43.33,8,False,80.0,0
TTO-00262,normal,5,10,9,1,1,16,14,46.67,8,False,90.0,0
TTO-00263,normal,5,8,8,0,0,12,12,40.0,8,True,100.0,0
TTO-00264,normal,5,9,7,2,1,16,12,40.0,7,False,77.78,0
TTO-00265,normal,5,13,11,2,2,18,15,50.0,9,False,84.62,0
TTO-00266,normal,5,11,5,6,4,22,10,33.33,5,False,45.45,0
TTO-00267,normal,5,9,7,2,1,13,9,30.0,7,False,77.78,0
TTO-00268,normal,5,8,8,0,0,10,10,33.33,7,True,100.0,0
TTO-00269,normal,5,10,8,2,2,14,11,36.67,8,False,80.0,0
TTO-00270,normal,5,12,9,3,1,18,12,40.0,9,False,75.0,0
TTO-00271,normal,5,12,9,3,1,18,12,40.0,8,False,75.0,0
TTO-00272,normal,5,11,10,1,1,19,17,56.67,8,False,90.91,0
TTO-00273,normal,5,13,10,3,1,16,10,33.33,9,False,76.92,0
TTO-00274,normal,5,12,9,3,1,16,13,43.33,7,False,75.0,0
TTO-00275,normal,5,9,7,2,1,14,10,33.33,6,False,77.78,0
TTO-00276,normal,5,13,8,5,3,23,14,46.67,6,False,61.54,0
TTO-00277,normal,5,15,13,2,1,15,13,43.33,12,False,86.67,0
TTO-00278,normal,5,10,10,0,0,14,14,46.67,9,True,100.0,0
TTO-00279,normal,5,8,8,0,0,12,12,40.0,7,True,100.0,0
TTO-00280,normal,5,12,9,3,1,17,11,36.67,7,False,75.0,0
TTO-00281,normal,5,10,5,5,3,20,10,33.33,4,False,50.0,0
TTO-00282,normal,5,9,9,0,0,10,10,33.33,8,True,100.0,0
TTO-00283,normal,5,9,9,0,0,12,12,40.0,9,True,100.0,0
TTO-00284,normal,5,12,9,3,1,20,14,46.67,9,False,75.0,0
TTO-00285,normal,5,10,9,1,1,15,13,43.33,9,False,90.0,0
TTO-00286,normal,5,11,8,3,1,18,12,40.0,7,False,72.73,0
TTO-00287,normal,5,8,8,0,0,12,12,40.0,7,True,100.0,0
TTO-00288,normal,5,9,7,2,1,15,11,36.67,5,False,77.78,0
TTO-00289,normal,5,11,9,2,1,17,13,43.33,9,False,81.82,0
TTO-00290,normal,5,10,7,3,2,14,10,33.33,7,False,70.0,0
TTO-00291,normal,5,11,11,0,0,15,15,50.0,10,True,100.0,0
TTO-00292,normal,5,9,7,2,1,14,12,40.0,7,False,77.78,0
TTO-00293,normal,5,14,9,5,2,25,15,50.0,8,False,64.29,0
TTO-00294,normal,5,10,8,2,1,13,9,30.0,7,False,80.0,0
TTO-00295,normal,5,8,7,1,1,13,11,36.67,6,False,87.5,0
TTO-00296,normal,5,13,9,4,2,17,12,40.0,8,False,69.23,0
TTO-00297,normal,5,12,10,2,1,18,16,53.33,10,False,83.33,0
TTO-00298,normal,5,13,9,4,2,22,17,56.67,8,False,69.23,0
TTO-00299,normal,5,10,9,1,1,13,11,36.67,9,False,90.0,0
TTO-00300,normal,5,9,6,3,1,13,10,33.33,6,False,66.67,0
TTO-00301,normal,5,13,7,6,3,20,10,33.33,7,False,53.85,0
TTO-00302,normal,5,10,9,1,1,14,12,40.0,6,False,90.0,0
TTO-00303,normal,5,8,8,0,0,9,9,30.0,7,True,100.0,0
TTO-00304,normal,5,8,8,0,0,9,9,30.0,8,True,100.0,0
TTO-00305,normal,5,7,6,1,1,12,11,36.67,3,False,85.71,0
TTO-00306,normal,5,15,9,6,2,24,12,40.0,6,False,60.0,0
TTO-00307,normal,5,8,8,0,0,12,12,40.0,8,True,100.0,0
TTO-00308,normal,5,9,9,0,0,11,11,36.67,8,True,100.0,0
TTO-00309,normal,5,10,8,2,1,15,11,36.67,7,False,80.0,0
TTO-00310,normal,5,10,8,2,2,12,10,33.33,8,False,80.0,0
TTO-00311,normal,5,13,10,3,2,17,13,43.33,9,False,76.92,0
TTO-00312,normal,5,8,8,0,0,12,12,40.0,7,True,100.0,0
TTO-00313,normal,5,11,11,0,0,18,18,60.0,8,True,100.0,0
TTO-00314,normal,5,12,12,0,0,13,13,43.33,9,True,100.0,0
TTO-00315,normal,5,9,7,2,1,14,12,40.0,6,False,77.78,0
TTO-00316,normal,5,10,9,1,1,14,12,40.0,7,False,90.0,0
TTO-00317,normal,5,13,10,3,2,16,13,43.33,9,False,76.92,0
TTO-00318,normal,5,10,9,1,1,18,16,53.33,9,False,90.0,0
TTO-00319,normal,5,12,10,2,1,18,14,46.67,8,False,83.33,0
TTO-00320,normal,5,11,11,0,0,16,16,53.33,10,True,100.0,0
TTO-00321,normal,5,10,7,3,2,16,10,33.33,7,False,70.0,0
TTO-00322,normal,5,9,8,1,1,12,10,33.33,7,False,88.89,0
TTO-00323,normal,5,12,8,4,2,23,16,53.33,8,False,66.67,0
TTO-00324,normal,5,13,6,7,3,21,10,33.33,5,False,46.15,0
TTO-00325,normal,5,11,11,0,0,15,15,50.0,9,True,100.0,0
TTO-00326,normal,5,12,9,3,1,18,12,40.0,8,False,75.0,0
TTO-00327,normal,5,10,5,5,2,19,9,30.0,4,False,50.0,0
TTO-00328,normal,5,9,5,4,2,18,10,33.33,5,False,55.56,0
TTO-00329,normal,5,12,9,3,2,20,14,46.67,9,False,75.0,0
TTO-00330,normal,5,12,11,1,1,12,11,36.67,9,False,91.67,0
TTO-00331,normal,5,9,7,2,1,14,12,40.0,5,False,77.78,0
TTO-00332,normal,5,8,8,0,0,9,9,30.0,6,True,100.0,0
TTO-00333,normal,5,10,8,2,1,14,12,40.0,7,False,80.0,0
TTO-00334,normal,5,12,12,0,0,12,12,40.0,10,True,100.0,0
TTO-00335,normal,5,10,10,0,0,10,10,33.33,9,True,100.0,0
TTO-00336,normal,5,8,8,0,0,13,13,43.33,8,True,100.0,0
TTO-00337,normal,5,10,10,0,0,15,15,50.0,8,True,100.0,0
TTO-00338,normal,5,14,10,4,2,20,15,50.0,9,False,71.43,0
TTO-00339,normal,5,11,8,3,2,16,12,40.0,7,False,72.73,0
TTO-00340,normal,5,8,8,0,0,11,11,36.67,8,True,100.0,0
TTO-00341,normal,5,7,5,2,2,13,9,30.0,5,False,71.43,0
TTO-00342,normal,5,6,6,0,0,9,9,30.0,6,True,100.0,0
TTO-00343,normal,5,7,7,0,0,7,7,23.33,6,True,100.0,0
TTO-00344,normal,5,10,10,0,0,14,14,46.67,9,True,100.0,0
TTO-00345,normal,5,9,8,1,1,13,12,40.0,8,False,88.89,0
TTO-00346,normal,5,7,7,0,0,13,13,43.33,7,True,100.0,0
TTO-00347,normal,5,7,6,1,1,13,12,40.0,4,False,85.71,0
TTO-00348,normal,5,8,8,0,0,9,9,30.0,8,True,100.0,0
TTO-00349,normal,5,9,9,0,0,12,12,40.0,8,True,100.0,0
TTO-00350,normal,5,9,8,1,1,17,15,50.0,8,False,88.89,0
TTO-00351,normal,5,5,5,0,0,7,7,23.33,5,True,100.0,0
TTO-00352,normal,5,11,9,2,1,14,12,40.0,8,False,81.82,0
TTO-00353,normal,5,12,10,2,1,19,15,50.0,10,False,83.33,0
TTO-00354,normal,5,9,9,0,0,14,14,46.67,8,True,100.0,0
TTO-00355,normal,5,9,6,3,2,17,11,36.67,6,False,66.67,0
TTO-00356,normal,5,11,6,5,3,19,9,30.0,6,False,54.55,0
TTO-00357,normal,5,11,10,1,1,14,12,40.0,9,False,90.91,0
TTO-00358,normal,5,10,7,3,1,17,14,46.67,7,False,70.0,0
TTO-00359,normal,5,10,9,1,1,12,11,36.67,9,False,90.0,0
TTO-00360,normal,5,11,7,4,2,17,10,33.33,7,False,63.64,0
TTO-00361,normal,5,9,9,0,0,13,13,43.33,8,True,100.0,0
TTO-00362,normal,5,11,7,4,2,18,10,33.33,5,False,63.64,0
TTO-00363,normal,5,9,8,1,1,14,13,43.33,7,False,88.89,0
TTO-00364,normal,5,9,9,0,0,11,11,36.67,8,True,100.0,0
TTO-00365,normal,5,9,8,1,1,13,11,36.67,8,False,88.89,0
TTO-00366,normal,5,8,8,0,0,8,8,26.67,6,True,100.0,0
TTO-00367,normal,5,12,8,4,2,22,14,46.67,8,False,66.67,0
TTO-00368,normal,5,9,9,0,0,12,12,40.0,8,True,100.0,0
TTO-00369,normal,5,9,7,2,2,13,10,33.33,6,False,77.78,0
TTO-00370,normal,5,7,7,0,0,10,10,33.33,7,True,100.0,0
TTO-00371,normal,5,7,7,0,0,11,11,36.67,6,True,100.0,0
TTO-00372,normal,5,10,9,1,1,17,15,50.0,9,False,90.0,0
TTO-00373,normal,5,8,7,1,1,12,10,33.33,6,False,87.5,0
TTO-00374,normal,5,6,6,0,0,8,8,26.67,6,True,100.0,0
TTO-00375,normal,5,12,9,3,1,17,11,36.67,9,False,75.0,0
TTO-00376,normal,5,10,5,5,2,19,9,30.0,4,False,50.0,0
TTO-00377,normal,5,10,8,2,1,16,12,40.0,8,False,80.0,0
TTO-00378,normal,5,11,8,3,2,18,12,40.0,7,False,72.73,0
TTO-00379,normal,5,9,8,1,1,14,12,40.0,6,False,88.89,0
TTO-00380,normal,5,11,5,6,3,19,10,33.33,4,False,45.45,0
TTO-00381,normal,5,12,9,3,1,16,13,43.33,8,False,75.0,0
TTO-00382,normal,5,11,8,3,2,16,12,40.0,8,False,72.73,0
TTO-00383,normal,5,9,6,3,2,15,12,40.0,5,False,66.67,0
TTO-00384,normal,5,8,8,0,0,9,9,30.0,6,True,100.0,0
TTO-00385,normal,5,13,10,3,2,15,10,33.33,10,False,76.92,0
TTO-00386,normal,5,11,11,0,0,13,13,43.33,10,True,100.0,0
TTO-00387,normal,5,8,6,2,2,13,10,33.33,6,False,75.0,0
TTO-00388,normal,5,13,10,3,1,22,16,53.33,9,False,76.92,0
TTO-00389,normal,5,12,11,1,1,19,17,56.67,10,False,91.67,0
TTO-00390,normal,5,10,8,2,2,14,10,33.33,8,False,80.0,0
TTO-00391,normal,5,11,8,3,2,22,16,53.33,8,False,72.73,0
TTO-00392,normal,5,10,8,2,2,12,10,33.33,7,False,80.0,0
TTO-00393,normal,5,10,9,1,1,12,11,36.67,7,False,90.0,0
TTO-00394,normal,5,11,11,0,0,11,11,36.67,10,True,100.0,0
TTO-00395,normal,5,11,10,1,1,14,12,40.0,7,False,90.91,0
TTO-00396,normal,5,13,12,1,1,16,15,50.0,11,False,92.31,0
TTO-00397,normal,5,12,8,4,2,20,16,53.33,7,False,66.67,0
TTO-00398,normal,5,12,9,3,2,24,18,60.0,7,False,75.0,0
TTO-00399,normal,5,11,8,3,2,20,16,53.33,8,False,72.73,0
TTO-00400,normal,5,10,10,0,0,15,15,50.0,9,True,100.0,0
TTO-00401,normal,5,9,8,1,1,14,12,40.0,8,False,88.89,0
TTO-00402,normal,5,12,7,5,2,20,10,33.33,7,False,58.33,0
TTO-00403,normal,5,12,11,1,1,19,18,60.0,11,False,91.67,0
TTO-00404,normal,5,9,6,3,2,15,11,36.67,6,False,66.67,0
TTO-00405,normal,5,12,10,2,1,17,13,43.33,9,False,83.33,0
TTO-00406,normal,5,11,9,2,1,18,14,46.67,9,False,81.82,0
TTO-00407,normal,5,11,9,2,1,14,12,40.0,9,False,81.82,0
TTO-00408,normal,5,8,8,0,0,11,11,36.67,7,True,100.0,0
TTO-00409,normal,5,13,8,5,3,20,13,43.33,7,False,61.54,0
TTO-00410,normal,5,11,10,1,1,15,13,43.33,10,False,90.91,0
TTO-00411,normal,5,8,8,0,0,13,13,43.33,7,True,100.0,0
TTO-00412,normal,5,8,8,0,0,12,12,40.0,6,True,100.0,0
TTO-00413,normal,5,8,6,2,2,14,11,36.67,4,False,75.0,0
TTO-00414,normal,5,11,7,4,2,18,10,33.33,7,False,63.64,0
TTO-00415,normal,5,8,7,1,1,11,9,30.0,6,False,87.5,0
TTO-00416,normal,5,9,9,0,0,10,10,33.33,9,True,100.0,0
TTO-00417,normal,5,11,7,4,2,22,14,46.67,5,False,63.64,0
TTO-00418,normal,5,11,8,3,2,17,13,43.33,7,False,72.73,0
TTO-00419,normal,5,10,10,0,0,18,18,60.0,9,True,100.0,0
TTO-00420,normal,5,13,9,4,2,16,12,40.0,8,False,69.23,0
TTO-00421,normal,5,8,7,1,1,14,12,40.0,7,False,87.5,0
TTO-00422,normal,5,9,6,3,2,16,10,33.33,6,False,66.67,0
TTO-00423,normal,5,11,9,2,2,15,12,40.0,8,False,81.82,0
TTO-00424,normal,5,12,8,4,2,17,13,43.33,6,False,66.67,0
TTO-00425,normal,5,11,10,1,1,19,18,60.0,10,False,90.91,0
TTO-00426,normal,5,11,11,0,0,15,15,50.0,9,True,100.0,0
TTO-00427,normal,5,11,11,0,0,19,19,63.33,9,True,100.0,0
TTO-00428,normal,5,12,12,0,0,15,15,50.0,9,True,100.0,0
TTO-00429,normal,5,11,7,4,3,17,10,33.33,7,False,63.64,0
TTO-00430,normal,5,10,8,2,2,16,12,40.0,7,False,80.0,0
TTO-00431,normal,5,10,10,0,0,16,16,53.33,9,True,100.0,0
TTO-00432,normal,5,12,12,0,0,13,13,43.33,12,True,100.0,0
TTO-00433,normal,5,8,8,0,0,12,12,40.0,8,True,100.0,0
TTO-00434,normal,5,13,7,6,2,22,10,33.33,6,False,53.85,0
TTO-00435,normal,5,10,7,3,2,20,14,46.67,6,False,70.0,0
TTO-00436,normal,5,9,9,0,0,15,15,50.0,8,True,100.0,0
TTO-00437,normal,5,13,6,7,3,23,9,30.0,6,False,46.15,0
TTO-00438,normal,5,11,11,0,0,16,16,53.33,9,True,100.0,0
TTO-00439,normal,5,13,5,8,3,20,10,33.33,5,False,38.46,0
TTO-00440,normal,5,12,10,2,1,21,17,56.67,9,False,83.33,0
TTO-00441,normal,5,8,7,1,1,14,12,40.0,7,False,87.5,0
TTO-00442,normal,5,12,11,1,1,15,13,43.33,10,False,91.67,0
TTO-00443,normal,5,8,8,0,0,13,13,43.33,8,True,100.0,0
TTO-00444,normal,5,11,9,2,1,18,14,46.67,8,False,81.82,0
TTO-00445,normal,5,9,8,1,1,16,14,46.67,8,False,88.89,0
TTO-00446,normal,5,11,6,5,2,22,12,40.0,5,False,54.55,0
TTO-00447,normal,5,8,8,0,0,9,9,30.0,7,True,100.0,0
TTO-00448,normal,5,12,11,1,1,13,12,40.0,10,False,91.67,0
TTO-00449,normal,5,8,7,1,1,12,10,33.33,5,False,87.5,0
TTO-00450,normal,5,11,8,3,2,20,16,53.33,7,False,72.73,0
TTO-00451,normal,5,13,9,4,2,23,15,50.0,7,False,69.23,0
TTO-00452,normal,5,11,8,3,2,18,12,40.0,8,False,72.73,0
TTO-00453,normal,5,10,8,2,1,17,13,43.33,6,False,80.0,0
TTO-00454,normal,5,11,6,5,3,20,12,40.0,6,False,54.55,0
TTO-00455,normal,5,8,8,0,0,12,12,40.0,7,True,100.0,0
TTO-00456,normal,5,10,9,1,1,14,12,40.0,7,False,90.0,0
TTO-00457,normal,5,10,10,0,0,15,15,50.0,9,True,100.0,0
TTO-00458,normal,5,11,9,2,1,15,13,43.33,7,False,81.82,0
TTO-00459,normal,5,10,10,0,0,10,10,33.33,9,True,100.0,0
TTO-00460,normal,5,9,7,2,1,15,11,36.67,7,False,77.78,0
TTO-00461,normal,5,13,9,4,3,21,14,46.67,8,False,69.23,0
TTO-00462,normal,5,12,12,0,0,15,15,50.0,9,True,100.0,0
TTO-00463,normal,5,11,11,0,0,18,18,60.0,11,True,100.0,0
TTO-00464,normal,5,9,8,1,1,14,12,40.0,8,False,88.89,0
TTO-00465,normal,5,10,7,3,2,17,11,36.67,5,False,70.0,0
TTO-00466,normal,5,10,9,1,1,13,12,40.0,8,False,90.0,0
TTO-00467,normal,5,12,11,1,1,17,16,53.33,11,False,91.67,0
TTO-00468,normal,5,10,10,0,0,13,13,43.33,10,True,100.0,0
TTO-00469,normal,5,10,9,1,1,17,15,50.0,8,False,90.0,0
TTO-00470,normal,5,12,7,5,2,20,10,33.33,5,False,58.33,0
TTO-00471,normal,5,15,11,4,2,27,19,63.33,10,False,73.33,0
TTO-00472,normal,5,9,5,4,2,17,9,30.0,4,False,55.56,0
TTO-00473,normal,5,10,8,2,1,16,12,40.0,8,False,80.0,0
TTO-00474,normal,5,9,9,0,0,17,17,56.67,7,True,100.0,0
TTO-00475,normal,5,7,7,0,0,11,11,36.67,6,True,100.0,0
TTO-00476,normal,5,11,11,0,0,13,13,43.33,10,True,100.0,0
TTO-00477,normal,5,12,10,2,1,22,18,60.0,7,False,83.33,0
TTO-00478,normal,5,11,11,0,0,13,13,43.33,11,True,100.0,0
TTO-00479,normal,5,13,8,5,2,21,14,46.67,8,False,61.54,0
TTO-00480,normal,5,8,8,0,0,10,10,33.33,8,True,100.0,0
TTO-00481,normal,5,11,11,0,0,11,11,36.67,11,True,100.0,0
TTO-00482,normal,5,9,7,2,1,16,12,40.0,7,False,77.78,0
TTO-00483,normal,5,7,7,0,0,11,11,36.67,6,True,100.0,0
TTO-00484,normal,5,9,9,0,0,11,11,36.67,7,True,100.0,0
TTO-00485,normal,5,10,8,2,2,16,12,40.0,6,False,80.0,0
TTO-00486,normal,5,11,9,2,2,18,14,46.67,7,False,81.82,0
TTO-00487,normal,5,9,9,0,0,11,11,36.67,8,True,100.0,0
TTO-00488,normal,5,12,8,4,2,18,13,43.33,8,False,66.67,0
TTO-00489,normal,5,10,10,0,0,16,16,53.33,10,True,100.0,0
TTO-00490,normal,5,13,10,3,2,18,13,43.33,9,False,76.92,0
TTO-00491,normal,5,10,6,4,2,19,11,36.67,6,False,60.0,0
TTO-00492,normal,5,13,11,2,1,18,16,53.33,8,False,84.62,0
TTO-00493,normal,5,8,8,0,0,12,12,40.0,6,True,100.0,0
TTO-00494,normal,5,10,6,4,2,20,12,40.0,6,False,60.0,0
TTO-00495,normal,5,10,9,1,1,14,12,40.0,9,False,90.0,0
TTO-00496,normal,5,12,12,0,0,15,15,50.0,11,True,100.0,0
TTO-00497,normal,5,9,6,3,2,17,11,36.67,6,False,66.67,0
TTO-00498,normal,5,13,7,6,2,16,10,33.33,7,False,53.85,0
TTO-00499,normal,5,7,7,0,0,8,8,26.67,6,True,100.0,0
TTO-00500,normal,5,9,6,3,3,14,10,33.33,5,False,66.67,0
TTO-00501,normal,5,14,10,4,2,20,12,40.0,9,False,71.43,0
TTO-00502,normal,5,11,5,6,3,16,10,33.33,5,False,45.45,0
TTO-00503,normal,5,13,9,4,2,21,14,46.67,8,False,69.23,0
TTO-00504,normal,5,9,9,0,0,12,12,40.0,7,True,100.0,0
TTO-00505,normal,5,11,10,1,1,15,13,43.33,10,False,90.91,0
TTO-00506,normal,5,10,9,1,1,15,14,46.67,7,False,90.0,0
TTO-00507,normal,5,8,5,3,2,14,10,33.33,5,False,62.5,0
TTO-00508,normal,5,9,8,1,1,13,12,40.0,7,False,88.89,0
TTO-00509,normal,5,8,8,0,0,13,13,43.33,8,True,100.0,0
TTO-00510,normal,5,9,8,1,1,13,11,36.67,8,False,88.89,0
TTO-00511,normal,5,9,9,0,0,15,15,50.0,8,True,100.0,0
TTO-00512,normal,5,12,10,2,1,15,13,43.33,9,False,83.33,0
TTO-00513,normal,5,8,8,0,0,12,12,40.0,7,True,100.0,0
TTO-00514,normal,5,10,9,1,1,11,10,33.33,9,False,90.0,0
TTO-00515,normal,5,7,7,0,0,14,14,46.67,6,True,100.0,0
TTO-00516,normal,5,12,11,1,1,18,16,53.33,9,False,91.67,0
TTO-00517,normal,5,10,6,4,2,16,11,36.67,6,False,60.0,0
TTO-00518,normal,5,14,12,2,1,22,18,60.0,11,False,85.71,0
TTO-00519,normal,5,7,7,0,0,12,12,40.0,6,True,100.0,0
TTO-00520,normal,5,12,7,5,2,19,14,46.67,6,False,58.33,0
TTO-00521,normal,5,12,8,4,2,20,13,43.33,8,False,66.67,0
TTO-00522,normal,5,11,11,0,0,15,15,50.0,10,True,100.0,0
TTO-00523,normal,5,8,7,1,1,12,11,36.67,7,False,87.5,0
TTO-00524,normal,5,9,9,0,0,11,11,36.67,9,True,100.0,0
TTO-00525,normal,5,9,8,1,1,14,12,40.0,7,False,88.89,0
TTO-00526,normal,5,6,6,0,0,7,7,23.33,6,True,100.0,0
TTO-00527,normal,5,8,8,0,0,11,11,36.67,8,True,100.0,0
TTO-00528,normal,5,11,6,5,3,18,10,33.33,5,False,54.55,0
TTO-00529,normal,5,14,8,6,3,22,12,40.0,7,False,57.14,0
TTO-00530,normal,5,11,10,1,1,20,18,60.0,9,False,90.91,0
TTO-00531,normal,5,10,8,2,1,16,12,40.0,8,False,80.0,0
TTO-00532,normal,5,10,7,3,2,14,11,36.67,6,False,70.0,0
TTO-00533,normal,5,9,6,3,2,16,10,33.33,5,False,66.67,0
TTO-00534,normal,5,13,11,2,1,18,16,53.33,10,False,84.62,0
TTO-00535,normal,5,10,5,5,3,17,10,33.33,5,False,50.0,0
TTO-00536,normal,5,11,11,0,0,13,13,43.33,8,True,100.0,0
TTO-00537,normal,5,9,6,3,1,14,11,36.67,5,False,66.67,0
TTO-00538,normal,5,9,9,0,0,13,13,43.33,9,True,100.0,0
TTO-00539,normal,5,12,5,7,4,23,10,33.33,4,False,41.67,0
TTO-00540,normal,5,10,10,0,0,12,12,40.0,10,True,100.0,0
TTO-00541,normal,5,13,10,3,1,19,13,43.33,9,False,76.92,0
TTO-00542,normal,5,12,8,4,2,19,12,40.0,6,False,66.67,0
TTO-00543,normal,5,9,9,0,0,15,15,50.0,7,True,100.0,0
TTO-00544,normal,5,11,7,4,3,21,14,46.67,5,False,63.64,0
TTO-00545,normal,5,7,6,1,1,13,11,36.67,6,False,85.71,0
TTO-00546,normal,5,8,8,0,0,9,9,30.0,8,True,100.0,0
TTO-00547,normal,5,9,9,0,0,10,10,33.33,8,True,100.0,0
TTO-00548,normal,5,13,11,2,1,18,16,53.33,11,False,84.62,0
TTO-00549,normal,5,11,11,0,0,15,15,50.0,10,True,100.0,0
TTO-00550,normal,5,11,8,3,1,22,16,53.33,8,False,72.73,0
TTO-00551,normal,5,7,7,0,0,10,10,33.33,5,True,100.0,0
TTO-00552,normal,5,14,7,7,3,17,10,33.33,7,False,50.0,0
TTO-00553,normal,5,10,10,0,0,15,15,50.0,8,True,100.0,0
TTO-00554,normal,5,12,7,5,4,23,14,46.67,6,False,58.33,0
TTO-00555,normal,5,12,11,1,1,15,13,43.33,10,False,91.67,0
TTO-00556,normal,5,6,6,0,0,9,9,30.0,6,True,100.0,0
TTO-00557,normal,5,8,8,0,0,10,10,33.33,8,True,100.0,0
TTO-00558,normal,5,9,8,1,1,15,13,43.33,7,False,88.89,0
TTO-00559,normal,5,7,7,0,0,9,9,30.0,6,True,100.0,0
TTO-00560,normal,5,12,9,3,2,16,12,40.0,8,False,75.0,0
TTO-00561,normal,5,10,10,0,0,12,12,40.0,10,True,100.0,0
TTO-00562,normal,5,6,6,0,0,7,7,23.33,6,True,100.0,0
TTO-00563,normal,5,8,8,0,0,15,15,50.0,6,True,100.0,0
TTO-00564,normal,5,10,10,0,0,13,13,43.33,8,True,100.0,0
TTO-00565,normal,5,10,10,0,0,10,10,33.33,10,True,100.0,0
TTO-00566,normal,5,10,10,0,0,15,15,50.0,8,True,100.0,0
TTO-00567,normal,5,8,8,0,0,13,13,43.33,7,True,100.0,0
TTO-00568,normal,5,9,7,2,1,14,10,33.33,7,False,77.78,0
TTO-00569,normal,5,10,10,0,0,12,12,40.0,9,True,100.0,0
TTO-00570,normal,5,8,8,0,0,13,13,43.33,7,True,100.0,0
TTO-00571,normal,5,8,8,0,0,10,10,33.33,8,True,100.0,0
TTO-00572,normal,5,14,12,2,1,14,12,40.0,11,False,85.71,0
TTO-00573,normal,5,7,7,0,0,9,9,30.0,7,True,100.0,0
TTO-00574,normal,5,10,6,4,2,15,10,33.33,5,False,60.0,0
TTO-00575,normal,5,9,7,2,1,16,12,40.0,6,False,77.78,0
TTO-00576,normal,5,8,7,1,1,13,11,36.67,6,False,87.5,0
TTO-00577,normal,5,8,8,0,0,9,9,30.0,7,True,100.0,0
TTO-00578,normal,5,7,7,0,0,12,12,40.0,7,True,100.0,0
TTO-00579,normal,5,11,6,5,3,16,10,33.33,6,False,54.55,0
TTO-00580,normal,5,11,9,2,1,20,16,53.33,8,False,81.82,0
TTO-00581,normal,5,8,8,0,0,9,9,30.0,8,True,100.0,0
TTO-00582,normal,5,9,9,0,0,12,12,40.0,9,True,100.0,0
TTO-00583,normal,5,8,8,0,0,12,12,40.0,7,True,100.0,0
TTO-00584,normal,5,8,8,0,0,12,12,40.0,8,True,100.0,0
TTO-00585,normal,5,11,11,0,0,13,13,43.33,10,True,100.0,0
TTO-00586,normal,5,11,10,1,1,17,15,50.0,9,False,90.91,0
TTO-00587,normal,5,13,10,3,2,22,16,53.33,9,False,76.92,0
TTO-00588,normal,5,8,8,0,0,10,10,33.33,7,True,100.0,0
TTO-00589,normal,5,10,10,0,0,10,10,33.33,10,True,100.0,0
TTO-00590,normal,5,10,9,1,1,18,16,53.33,9,False,90.0,0
TTO-00591,normal,5,8,8,0,0,8,8,26.67,8,True,100.0,0
TTO-00592,normal,5,10,10,0,0,15,15,50.0,9,True,100.0,0
TTO-00593,normal,5,12,12,0,0,16,16,53.33,12,True,100.0,0
TTO-00594,normal,5,13,11,2,2,19,15,50.0,8,False,84.62,0
TTO-00595,normal,5,8,8,0,0,10,10,33.33,8,True,100.0,0
TTO-00596,normal,5,13,10,3,2,16,12,40.0,9,False,76.92,0
TTO-00597,normal,5,13,10,3,2,19,16,53.33,8,False,76.92,0
TTO-00598,normal,5,12,12,0,0,17,17,56.67,12,True,100.0,0
TTO-00599,normal,5,12,10,2,1,15,13,43.33,10,False,83.33,0
TTO-00600,normal,5,10,7,3,1,16,10,33.33,7,False,70.0,0
TTO-00601,normal,5,13,7,6,3,20,10,33.33,6,False,53.85,0
TTO-00602,normal,5,13,6,7,3,23,9,30.0,6,False,46.15,0
TTO-00603,normal,5,10,8,2,1,15,11,36.67,8,False,80.0,0
TTO-00604,normal,5,12,5,7,3,20,10,33.33,4,False,41.67,0
TTO-00605,normal,5,8,8,0,0,9,9,30.0,7,True,100.0,0
TTO-00606,normal,5,10,7,3,2,16,10,33.33,4,False,70.0,0
TTO-00607,normal,5,13,7,6,3,24,12,40.0,6,False,53.85,0
TTO-00608,normal,5,11,11,0,0,13,13,43.33,10,True,100.0,0
TTO-00609,normal,5,8,8,0,0,14,14,46.67,6,True,100.0,0
TTO-00610,normal,5,10,10,0,0,10,10,33.33,9,True,100.0,0
TTO-00611,normal,5,8,7,1,1,13,11,36.67,6,False,87.5,0
TTO-00612,normal,5,10,9,1,1,11,10,33.33,8,False,90.0,0
TTO-00613,normal,5,10,10,0,0,12,12,40.0,10,True,100.0,0
TTO-00614,normal,5,9,9,0,0,12,12,40.0,8,True,100.0,0
TTO-00615,normal,5,8,8,0,0,10,10,33.33,7,True,100.0,0
TTO-00616,normal,5,12,5,7,4,23,10,33.33,4,False,41.67,0
TTO-00617,normal,5,10,10,0,0,11,11,36.67,9,True,100.0,0
TTO-00618,normal,5,6,6,0,0,9,9,30.0,5,True,100.0,0
TTO-00619,normal,5,9,9,0,0,10,10,33.33,8,True,100.0,0
TTO-00620,normal,5,10,7,3,1,16,10,33.33,7,False,70.0,0
TTO-00621,normal,5,8,8,0,0,9,9,30.0,7,True,100.0,0
TTO-00622,normal,5,9,8,1,1,12,10,33.33,7,False,88.89,0
TTO-00623,normal,5,7,7,0,0,11,11,36.67,6,True,100.0,0
TTO-00624,normal,5,8,8,0,0,12,12,40.0,7,True,100.0,0
TTO-00625,normal,5,10,8,2,2,17,14,46.67,8,False,80.0,0
TTO-00626,normal,5,9,9,0,0,11,11,36.67,9,True,100.0,0
TTO-00627,normal,5,13,6,7,3,20,12,40.0,6,False,46.15,0
TTO-00628,normal,5,12,7,5,4,23,14,46.67,5,False,58.33,0
TTO-00629,normal,5,10,10,0,0,11,11,36.67,9,True,100.0,0
TTO-00630,normal,5,11,10,1,1,17,15,50.0,9,False,90.91,0
TTO-00631,normal,5,8,7,1,1,14,12,40.0,5,False,87.5,0
TTO-00632,normal,5,13,11,2,1,17,13,43.33,11,False,84.62,0
TTO-00633,normal,5,8,7,1,1,12,10,33.33,7,False,87.5,0
TTO-00634,normal,5,10,10,0,0,15,15,50.0,10,True,100.0,0
TTO-00635,normal,5,9,9,0,0,10,10,33.33,8,True,100.0,0
TTO-00636,normal,5,12,9,3,1,15,12,40.0,8,False,75.0,0
TTO-00637,normal,5,12,7,5,2,18,10,33.33,6,False,58.33,0
TTO-00638,normal,5,12,11,1,1,19,17,56.67,9,False,91.67,0
TTO-00639,normal,5,9,8,1,1,14,12,40.0,8,False,88.89,0
TTO-00640,normal,5,10,6,4,3,16,10,33.33,5,False,60.0,0
TTO-00641,normal,5,11,10,1,1,22,20,66.67,8,False,90.91,0
TTO-00642,normal,5,9,9,0,0,14,14,46.67,6,True,100.0,0
TTO-00643,normal,5,10,9,1,1,16,14,46.67,9,False,90.0,0
TTO-00644,normal,5,10,6,4,2,19,12,40.0,5,False,60.0,0
TTO-00645,normal,5,8,8,0,0,12,12,40.0,8,True,100.0,0
TTO-00646,normal,5,12,9,3,2,17,11,36.67,7,False,75.0,0
TTO-00647,normal,5,12,11,1,1,22,20,66.67,10,False,91.67,0
TTO-00648,normal,5,9,8,1,1,12,11,36.67,8,False,88.89,0
TTO-00649,normal,5,8,8,0,0,8,8,26.67,6,True,100.0,0
TTO-00650,normal,5,10,10,0,0,11,11,36.67,10,True,100.0,0
TTO-00651,normal,5,12,10,2,1,21,17,56.67,9,False,83.33,0
TTO-00652,normal,5,8,8,0,0,9,9,30.0,8,True,100.0,0
TTO-00653,normal,5,15,11,4,2,27,19,63.33,11,False,73.33,0
TTO-00654,normal,5,11,9,2,1,15,11,36.67,8,False,81.82,0
TTO-00655,normal,5,8,8,0,0,13,13,43.33,6,True,100.0,0
TTO-00656,normal,5,9,8,1,1,15,13,43.33,6,False,88.89,0
TTO-00657,normal,5,11,10,1,1,14,13,43.33,9,False,90.91,0
TTO-00658,normal,5,9,9,0,0,10,10,33.33,6,True,100.0,0
TTO-00659,normal,5,11,8,3,1,15,12,40.0,7,False,72.73,0
TTO-00660,normal,5,11,10,1,1,15,14,46.67,10,False,90.91,0
TTO-00661,normal,5,10,9,1,1,13,11,36.67,8,False,90.0,0
TTO-00662,normal,5,8,8,0,0,11,11,36.67,7,True,100.0,0
TTO-00663,normal,5,11,10,1,1,18,16,53.33,10,False,90.91,0
TTO-00664,normal,5,11,9,2,1,14,12,40.0,8,False,81.82,0
TTO-00665,normal,5,8,8,0,0,9,9,30.0,4,True,100.0,0
TTO-00666,normal,5,11,11,0,0,14,14,46.67,8,True,100.0,0
TTO-00667,normal,5,10,8,2,2,15,12,40.0,7,False,80.0,0
TTO-00668,normal,5,10,10,0,0,11,11,36.67,9,True,100.0,0
TTO-00669,normal,5,10,8,2,1,13,11,36.67,7,False,80.0,0
TTO-00670,normal,5,9,9,0,0,10,10,33.33,7,True,100.0,0
TTO-00671,normal,5,10,7,3,1,18,12,40.0,6,False,70.0,0
TTO-00672,normal,5,11,8,3,2,18,12,40.0,8,False,72.73,0
TTO-00673,normal,5,7,7,0,0,8,8,26.67,6,True,100.0,0
TTO-00674,normal,5,8,8,0,0,10,10,33.33,7,True,100.0,0
TTO-00675,normal,5,9,8,1,1,12,10,33.33,8,False,88.89,0
TTO-00676,normal,5,11,9,2,1,16,12,40.0,7,False,81.82,0
TTO-00677,normal,5,9,7,2,2,13,10,33.33,7,False,77.78,0
TTO-00678,normal,5,13,13,0,0,17,17,56.67,13,True,100.0,0
TTO-00679,normal,5,10,10,0,0,15,15,50.0,9,True,100.0,0
TTO-00680,normal,5,12,6,6,3,24,12,40.0,6,False,50.0,0
TTO-00681,normal,5,6,6,0,0,9,9,30.0,5,True,100.0,0
TTO-00682,normal,5,7,7,0,0,13,13,43.33,7,True,100.0,0
TTO-00683,normal,5,12,11,1,1,20,18,60.0,11,False,91.67,0
TTO-00684,normal,5,11,8,3,1,13,10,33.33,8,False,72.73,0
TTO-00685,normal,5,8,8,0,0,8,8,26.67,8,True,100.0,0
TTO-00686,normal,5,11,9,2,1,14,10,33.33,8,False,81.82,0
TTO-00687,normal,5,13,10,3,2,17,13,43.33,9,False,76.92,0
TTO-00688,normal,5,11,9,2,2,15,12,40.0,9,False,81.82,0
TTO-00689,normal,5,9,9,0,0,12,12,40.0,7,True,100.0,0
TTO-00690,normal,5,8,8,0,0,12,12,40.0,7,True,100.0,0
TTO-00691,normal,5,9,9,0,0,13,13,43.33,8,True,100.0,0
TTO-00692,normal,5,10,8,2,2,18,16,53.33,8,False,80.0,0
TTO-00693,normal,5,9,7,2,2,12,10,33.33,7,False,77.78,0
TTO-00694,normal,5,12,5,7,3,24,10,33.33,5,False,41.67,0
TTO-00695,normal,5,8,6,2,1,14,10,33.33,5,False,75.0,0
TTO-00696,normal,5,11,6,5,2,18,10,33.33,4,False,54.55,0
TTO-00697,normal,5,10,8,2,1,14,12,40.0,8,False,80.0,0
TTO-00698,normal,5,13,7,6,3,19,12,40.0,7,False,53.85,0
TTO-00699,normal,5,8,7,1,1,13,11,36.67,6,False,87.5,0
TTO-00700,normal,5,8,8,0,0,10,10,33.33,7,True,100.0,0
TTO-00701,normal,5,10,8,2,1,16,12,40.0,7,False,80.0,0
TTO-00702,normal,5,10,9,1,1,11,10,33.33,9,False,90.0,0
TTO-00703,normal,5,13,11,2,1,20,16,53.33,11,False,84.62,0
TTO-00704,normal,5,12,9,3,2,20,14,46.67,9,False,75.0,0
TTO-00705,normal,5,10,7,3,1,13,10,33.33,6,False,70.0,0
TTO-00706,normal,5,6,6,0,0,8,8,26.67,5,True,100.0,0
TTO-00707,normal,5,8,8,0,0,11,11,36.67,7,True,100.0,0
TTO-00708,normal,5,12,10,2,1,15,13,43.33,8,False,83.33,0
TTO-00709,normal,5,10,9,1,1,19,17,56.67,8,False,90.0,0
TTO-00710,normal,5,9,8,1,1,15,13,43.33,8,False,88.89,0
TTO-00711,normal,5,10,6,4,2,18,10,33.33,5,False,60.0,0
TTO-00712,normal,5,10,10,0,0,14,14,46.67,9,True,100.0,0
TTO-00713,normal,5,13,11,2,1,19,17,56.67,11,False,84.62,0
TTO-00714,normal,5,8,8,0,0,11,11,36.67,8,True,100.0,0
TTO-00715,normal,5,9,8,1,1,15,13,43.33,6,False,88.89,0
TTO-00716,normal,5,8,7,1,1,14,13,43.33,7,False,87.5,0
TTO-00717,normal,5,10,10,0,0,13,13,43.33,9,True,100.0,0
TTO-00718,normal,5,14,13,1,1,17,16,53.33,12,False,92.86,0
TTO-00719,normal,5,8,8,0,0,11,11,36.67,7,True,100.0,0
TTO-00720,normal,5,7,7,0,0,8,8,26.67,7,True,100.0,0
TTO-00721,normal,5,13,12,1,1,14,13,43.33,12,False,92.31,0
TTO-00722,normal,5,12,9,3,1,17,14,46.67,8,False,75.0,0
TTO-00723,normal,5,11,6,5,2,22,12,40.0,6,False,54.55,0
TTO-00724,normal,5,11,9,2,1,18,14,46.67,8,False,81.82,0
TTO-00725,normal,5,12,9,3,1,18,12,40.0,9,False,75.0,0
TTO-00726,normal,5,8,6,2,1,13,9,30.0,4,False,75.0,0
TTO-00727,normal,5,11,9,2,1,12,10,33.33,7,False,81.82,0
TTO-00728,normal,5,7,7,0,0,12,12,40.0,7,True,100.0,0
TTO-00729,normal,5,9,5,4,3,18,10,33.33,5,False,55.56,0
TTO-00730,normal,5,14,12,2,1,17,13,43.33,11,False,85.71,0
TTO-00731,normal,5,10,8,2,1,15,11,36.67,7,False,80.0,0
TTO-00732,normal,5,14,8,6,3,20,12,40.0,8,False,57.14,0
TTO-00733,normal,5,12,11,1,1,16,14,46.67,11,False,91.67,0
TTO-00734,normal,5,9,7,2,1,15,11,36.67,6,False,77.78,0
TTO-00735,normal,5,9,7,2,1,17,13,43.33,6,False,77.78,0
TTO-00736,normal,5,11,5,6,3,21,10,33.33,3,False,45.45,0
TTO-00737,normal,5,9,9,0,0,14,14,46.67,6,True,100.0,0
TTO-00738,normal,5,13,7,6,3,21,10,33.33,5,False,53.85,0
TTO-00739,normal,5,9,8,1,1,11,9,30.0,7,False,88.89,0
TTO-00740,normal,5,12,8,4,2,24,16,53.33,8,False,66.67,0
TTO-00741,normal,5,9,7,2,1,15,11,36.67,6,False,77.78,0
TTO-00742,normal,5,7,7,0,0,8,8,26.67,7,True,100.0,0
TTO-00743,normal,5,9,9,0,0,15,15,50.0,9,True,100.0,0
TTO-00744,normal,5,13,9,4,3,16,12,40.0,9,False,69.23,0
TTO-00745,normal,5,14,10,4,2,20,16,53.33,9,False,71.43,0
TTO-00746,normal,5,10,9,1,1,16,14,46.67,9,False,90.0,0
TTO-00747,normal,5,10,5,5,2,19,9,30.0,4,False,50.0,0
TTO-00748,normal,5,11,5,6,3,21,10,33.33,5,False,45.45,0
TTO-00749,normal,5,12,12,0,0,15,15,50.0,10,True,100.0,0
TTO-00750,normal,5,13,11,2,1,19,15,50.0,8,False,84.62,0
TTO-00751,normal,5,10,6,4,2,17,9,30.0,5,False,60.0,0
TTO-00752,normal,5,6,6,0,0,9,9,30.0,5,True,100.0,0
TTO-00753,normal,5,8,7,1,1,15,13,43.33,6,False,87.5,0
TTO-00754,normal,5,10,9,1,1,16,14,46.67,9,False,90.0,0
TTO-00755,normal,5,10,9,1,1,13,12,40.0,9,False,90.0,0
TTO-00756,normal,5,9,8,1,1,15,13,43.33,8,False,88.89,0
TTO-00757,normal,5,6,6,0,0,8,8,26.67,5,True,100.0,0
TTO-00758,normal,5,10,10,0,0,10,10,33.33,8,True,100.0,0
TTO-00759,normal,5,7,7,0,0,11,11,36.67,6,True,100.0,0
TTO-00760,normal,5,12,11,1,1,18,16,53.33,10,False,91.67,0
TTO-00761,normal,5,9,9,0,0,11,11,36.67,8,True,100.0,0
TTO-00762,normal,5,8,8,0,0,11,11,36.67,7,True,100.0,0
TTO-00763,normal,5,9,9,0,0,15,15,50.0,8,True,100.0,0
TTO-00764,normal,5,11,11,0,0,12,12,40.0,10,True,100.0,0
TTO-00765,normal,5,10,7,3,2,15,9,30.0,6,False,70.0,0
TTO-00766,normal,5,6,6,0,0,10,10,33.33,4,True,100.0,0
TTO-00767,normal,5,11,10,1,1,17,16,53.33,9,False,90.91,0
TTO-00768,normal,5,11,11,0,0,15,15,50.0,11,True,100.0,0
TTO-00769,normal,5,8,8,0,0,12,12,40.0,8,True,100.0,0
TTO-00770,normal,5,9,7,2,1,15,11,36.67,6,False,77.78,0
TTO-00771,normal,5,10,8,2,2,14,11,36.67,7,False,80.0,0
TTO-00772,normal,5,9,9,0,0,15,15,50.0,8,True,100.0,0
TTO-00773,normal,5,11,10,1,1,20,18,60.0,8,False,90.91,0
TTO-00774,normal,5,12,12,0,0,15,15,50.0,12,True,100.0,0
TTO-00775,normal,5,9,9,0,0,12,12,40.0,8,True,100.0,0
TTO-00776,normal,5,8,6,2,2,16,12,40.0,6,False,75.0,0
TTO-00777,normal,5,9,8,1,1,18,16,53.33,8,False,88.89,0
TTO-00778,normal,5,9,7,2,1,17,13,43.33,7,False,77.78,0
TTO-00779,normal,5,10,8,2,1,16,12,40.0,6,False,80.0,0
TTO-00780,normal,5,12,9,3,2,21,15,50.0,9,False,75.0,0
TTO-00781,normal,5,9,7,2,2,13,10,33.33,6,False,77.78,0
TTO-00782,normal,5,12,10,2,2,15,13,43.33,8,False,83.33,0
TTO-00783,normal,5,10,9,1,1,13,12,40.0,8,False,90.0,0
TTO-00784,normal,5,9,9,0,0,12,12,40.0,9,True,100.0,0
TTO-00785,normal,5,9,9,0,0,12,12,40.0,8,True,100.0,0
TTO-00786,normal,5,6,6,0,0,9,9,30.0,5,True,100.0,0
TTO-00787,normal,5,8,8,0,0,11,11,36.67,7,True,100.0,0
TTO-00788,normal,5,7,7,0,0,7,7,23.33,7,True,100.0,0
TTO-00789,normal,5,5,5,0,0,8,8,26.67,5,True,100.0,0
TTO-00790,normal,5,11,10,1,1,15,14,46.67,9,False,90.91,0
TTO-00791,normal,5,8,7,1,1,11,10,33.33,7,False,87.5,0
TTO-00792,normal,5,5,5,0,0,8,8,26.67,5,True,100.0,0
TTO-00793,normal,5,9,8,1,1,14,12,40.0,7,False,88.89,0
TTO-00794,normal,5,12,8,4,2,20,12,40.0,8,False,66.67,0
TTO-00795,normal,5,10,10,0,0,13,13,43.33,8,True,100.0,0
TTO-00796,normal,5,10,10,0,0,10,10,33.33,8,True,100.0,0
TTO-00797,normal,5,10,10,0,0,12,12,40.0,10,True,100.0,0
TTO-00798,normal,5,7,7,0,0,11,11,36.67,7,True,100.0,0
TTO-00799,normal,5,7,7,0,0,10,10,33.33,6,True,100.0,0
TTO-00800,normal,5,10,6,4,2,16,10,33.33,6,False,60.0,0
TTO-00801,normal,5,8,7,1,1,15,13,43.33,7,False,87.5,0
TTO-00802,normal,5,12,6,6,3,22,10,33.33,6,False,50.0,0
TTO-00803,normal,5,15,9,6,2,27,15,50.0,7,False,60.0,0
TTO-00804,normal,5,13,8,5,2,23,16,53.33,7,False,61.54,0
TTO-00805,normal,5,10,7,3,1,13,10,33.33,6,False,70.0,0
TTO-00806,normal,5,13,9,4,2,20,14,46.67,8,False,69.23,0
TTO-00807,normal,5,10,9,1,1,17,15,50.0,7,False,90.0,0
TTO-00808,normal,5,9,9,0,0,11,11,36.67,8,True,100.0,0
TTO-00809,normal,5,10,8,2,1,16,12,40.0,8,False,80.0,0
TTO-00810,normal,5,8,8,0,0,10,10,33.33,6,True,100.0,0
TTO-00811,normal,5,8,8,0,0,10,10,33.33,8,True,100.0,0
TTO-00812,normal,5,10,8,2,1,17,13,43.33,8,False,80.0,0
TTO-00813,normal,5,9,9,0,0,9,9,30.0,8,True,100.0,0
TTO-00814,normal,5,7,7,0,0,8,8,26.67,7,True,100.0,0
TTO-00815,normal,5,10,9,1,1,16,14,46.67,7,False,90.0,0
TTO-00816,normal,5,12,6,6,3,24,12,40.0,6,False,50.0,0
TTO-00817,normal,5,8,8,0,0,11,11,36.67,7,True,100.0,0
TTO-00818,normal,5,10,9,1,1,13,12,40.0,8,False,90.0,0
TTO-00819,normal,5,10,8,2,1,14,12,40.0,7,False,80.0,0
TTO-00820,normal,5,10,10,0,0,13,13,43.33,7,True,100.0,0
TTO-00821,normal,5,8,7,1,1,16,14,46.67,7,False,87.5,0
TTO-00822,normal,5,13,11,2,1,20,16,53.33,10,False,84.62,0
TTO-00823,normal,5,8,6,2,2,13,9,30.0,6,False,75.0,0
TTO-00824,normal,5,10,10,0,0,13,13,43.33,9,True,100.0,0
TTO-00825,normal,5,6,6,0,0,10,10,33.33,6,True,100.0,0
TTO-00826,normal,5,12,7,5,2,18,10,33.33,7,False,58.33,0
TTO-00827,normal,5,10,10,0,0,12,12,40.0,6,True,100.0,0
TTO-00828,normal,5,7,7,0,0,10,10,33.33,6,True,100.0,0
TTO-00829,normal,5,9,8,1,1,15,13,43.33,7,False,88.89,0
TTO-00830,normal,5,8,6,2,1,14,12,40.0,6,False,75.0,0
TTO-00831,normal,5,11,11,0,0,11,11,36.67,9,True,100.0,0
TTO-00832,normal,5,10,10,0,0,15,15,50.0,9,True,100.0,0
TTO-00833,normal,5,12,8,4,2,23,15,50.0,8,False,66.67,0
TTO-00834,normal,5,9,9,0,0,14,14,46.67,8,True,100.0,0
TTO-00835,normal,5,6,6,0,0,8,8,26.67,4,True,100.0,0
TTO-00836,normal,5,12,8,4,2,17,13,43.33,8,False,66.67,0
TTO-00837,normal,5,13,8,5,2,22,12,40.0,8,False,61.54,0
TTO-00838,normal,5,8,7,1,1,14,12,40.0,7,False,87.5,0
TTO-00839,normal,5,9,9,0,0,9,9,30.0,8,True,100.0,0
TTO-00840,normal,5,10,9,1,1,14,12,40.0,9,False,90.0,0
TTO-00841,normal,5,11,11,0,0,11,11,36.67,10,True,100.0,0
TTO-00842,normal,5,13,11,2,1,24,20,66.67,9,False,84.62,0
TTO-00843,normal,5,10,7,3,1,17,11,36.67,5,False,70.0,0
TTO-00844,normal,5,11,8,3,1,17,14,46.67,8,False,72.73,0
TTO-00845,normal,5,8,8,0,0,10,10,33.33,7,True,100.0,0
TTO-00846,normal,5,13,6,7,3,24,10,33.33,6,False,46.15,0
TTO-00847,normal,5,9,8,1,1,14,12,40.0,7,False,88.89,0
TTO-00848,normal,5,12,7,5,2,17,10,33.33,7,False,58.33,0
TTO-00849,normal,5,10,9,1,1,14,13,43.33,8,False,90.0,0
TTO-00850,normal,5,9,8,1,1,12,11,36.67,7,False,88.89,0
TTO-00851,normal,5,8,8,0,0,10,10,33.33,7,True,100.0,0
TTO-00852,normal,5,5,5,0,0,9,9,30.0,3,True,100.0,0
TTO-00853,normal,5,11,7,4,3,19,14,46.67,6,False,63.64,0
TTO-00854,normal,5,11,9,2,1,17,15,50.0,9,False,81.82,0
TTO-00855,normal,5,10,6,4,2,18,10,33.33,4,False,60.0,0
TTO-00856,normal,5,13,7,6,2,16,10,33.33,5,False,53.85,0
TTO-00857,normal,5,8,8,0,0,11,11,36.67,7,True,100.0,0
TTO-00858,normal,5,9,9,0,0,9,9,30.0,8,True,100.0,0
TTO-00859,normal,5,10,7,3,2,14,11,36.67,7,False,70.0,0
TTO-00860,normal,5,10,10,0,0,14,14,46.67,10,True,100.0,0
TTO-00861,normal,5,9,9,0,0,15,15,50.0,9,True,100.0,0
TTO-00862,normal,5,10,9,1,1,14,13,43.33,9,False,90.0,0
TTO-00863,normal,5,11,7,4,2,20,12,40.0,6,False,63.64,0
TTO-00864,normal,5,9,9,0,0,12,12,40.0,9,True,100.0,0
TTO-00865,normal,5,7,7,0,0,10,10,33.33,7,True,100.0,0
TTO-00866,normal,5,11,7,4,2,21,14,46.67,6,False,63.64,0
TTO-00867,normal,5,11,9,2,2,13,9,30.0,8,False,81.82,0
TTO-00868,normal,5,8,8,0,0,12,12,40.0,6,True,100.0,0
TTO-00869,normal,5,7,7,0,0,11,11,36.67,7,True,100.0,0
TTO-00870,normal,5,13,5,8,3,21,10,33.33,5,False,38.46,0
TTO-00871,normal,5,7,7,0,0,9,9,30.0,7,True,100.0,0
TTO-00872,normal,5,13,11,2,1,21,19,63.33,10,False,84.62,0
TTO-00873,normal,5,9,9,0,0,14,14,46.67,8,True,100.0,0
TTO-00874,normal,5,9,8,1,1,11,10,33.33,8,False,88.89,0
TTO-00875,normal,5,9,8,1,1,13,11,36.67,8,False,88.89,0
TTO-00876,normal,5,12,6,6,3,20,10,33.33,6,False,50.0,0
TTO-00877,normal,5,12,7,5,3,15,10,33.33,6,False,58.33,0
TTO-00878,normal,5,8,8,0,0,12,12,40.0,8,True,100.0,0
TTO-00879,normal,5,12,8,4,2,14,10,33.33,8,False,66.67,0
TTO-00880,normal,5,10,10,0,0,11,11,36.67,9,True,100.0,0
TTO-00881,normal,5,9,7,2,1,15,11,36.67,7,False,77.78,0
TTO-00882,normal,5,10,9,1,1,13,12,40.0,7,False,90.0,0
TTO-00883,normal,5,8,8,0,0,10,10,33.33,7,True,100.0,0
TTO-00884,normal,5,8,8,0,0,10,10,33.33,8,True,100.0,0
TTO-00885,normal,5,9,9,0,0,15,15,50.0,8,True,100.0,0
TTO-00886,normal,5,12,11,1,1,15,14,46.67,11,False,91.67,0
TTO-00887,normal,5,9,9,0,0,14,14,46.67,9,True,100.0,0
TTO-00888,normal,5,6,6,0,0,10,10,33.33,6,True,100.0,0
TTO-00889,normal,5,11,7,4,2,20,12,40.0,6,False,63.64,0
TTO-00890,normal,5,8,8,0,0,11,11,36.67,7,True,100.0,0
TTO-00891,normal,5,8,8,0,0,14,14,46.67,7,True,100.0,0
TTO-00892,normal,5,8,8,0,0,10,10,33.33,7,True,100.0,0
TTO-00893,normal,5,7,7,0,0,12,12,40.0,5,True,100.0,0
TTO-00894,normal,5,10,10,0,0,15,15,50.0,7,True,100.0,0
TTO-00895,normal,5,12,7,5,3,18,12,40.0,6,False,58.33,0
TTO-00896,normal,5,9,8,1,1,15,13,43.33,8,False,88.89,0
TTO-00897,normal,5,10,10,0,0,13,13,43.33,10,True,100.0,0
TTO-00898,normal,5,8,8,0,0,12,12,40.0,6,True,100.0,0
TTO-00899,normal,5,11,10,1,1,16,15,50.0,9,False,90.91,0
TTO-00900,normal,5,8,7,1,1,12,10,33.33,6,False,87.5,0
TTO-00901,normal,5,7,7,0,0,10,10,33.33,7,True,100.0,0
TTO-00902,normal,5,9,6,3,1,17,11,36.67,5,False,66.67,0
TTO-00903,normal,5,7,7,0,0,13,13,43.33,6,True,100.0,0
TTO-00904,normal,5,11,7,4,2,18,14,46.67,7,False,63.64,0
TTO-00905,normal,5,9,8,1,1,14,12,40.0,5,False,88.89,0
TTO-00906,normal,5,8,8,0,0,10,10,33.33,7,True,100.0,0
TTO-00907,normal,5,7,7,0,0,9,9,30.0,6,True,100.0,0
TTO-00908,normal,5,9,8,1,1,18,16,53.33,6,False,88.89,0
TTO-00909,normal,5,10,9,1,1,14,12,40.0,8,False,90.0,0
TTO-00910,normal,5,11,10,1,1,18,16,53.33,10,False,90.91,0
TTO-00911,normal,5,12,12,0,0,13,13,43.33,9,True,100.0,0
TTO-00912,normal,5,8,8,0,0,9,9,30.0,7,True,100.0,0
TTO-00913,normal,5,11,10,1,1,17,15,50.0,10,False,90.91,0
TTO-00914,normal,5,6,6,0,0,7,7,23.33,5,True,100.0,0
TTO-00915,normal,5,12,10,2,1,16,12,40.0,9,False,83.33,0
TTO-00916,normal,5,9,8,1,1,11,10,33.33,7,False,88.89,0
TTO-00917,normal,5,10,9,1,1,11,10,33.33,7,False,90.0,0
TTO-00918,normal,5,11,9,2,1,16,12,40.0,8,False,81.82,0
TTO-00919,normal,5,9,7,2,1,13,9,30.0,6,False,77.78,0
TTO-00920,normal,5,12,11,1,1,20,18,60.0,11,False,91.67,0
TTO-00921,normal,5,11,7,4,3,21,14,46.67,7,False,63.64,0
TTO-00922,normal,5,10,8,2,2,18,15,50.0,7,False,80.0,0
TTO-00923,normal,5,11,9,2,2,19,15,50.0,8,False,81.82,0
TTO-00924,normal,5,11,9,2,1,14,10,33.33,8,False,81.82,0
TTO-00925,normal,5,10,6,4,2,14,10,33.33,5,False,60.0,0
TTO-00926,normal,5,8,8,0,0,9,9,30.0,6,True,100.0,0
TTO-00927,normal,5,9,8,1,1,13,11,36.67,7,False,88.89,0
TTO-00928,normal,5,10,9,1,1,14,12,40.0,8,False,90.0,0
TTO-00929,normal,5,9,7,2,1,12,10,33.33,6,False,77.78,0
TTO-00930,normal,5,11,10,1,1,17,16,53.33,10,False,90.91,0
TTO-00931,normal,5,10,6,4,2,14,10,33.33,5,False,60.0,0
TTO-00932,normal,5,11,6,5,2,16,11,36.67,6,False,54.55,0
TTO-00933,normal,5,10,7,3,2,15,11,36.67,6,False,70.0,0
TTO-00934,normal,5,7,6,1,1,12,10,33.33,6,False,85.71,0
TTO-00935,normal,5,10,5,5,3,18,10,33.33,4,False,50.0,0
TTO-00936,normal,5,11,10,1,1,21,20,66.67,7,False,90.91,0
TTO-00937,normal,5,9,7,2,2,14,10,33.33,7,False,77.78,0
TTO-00938,normal,5,12,8,4,2,18,11,36.67,8,False,66.67,0
TTO-00939,normal,5,8,8,0,0,8,8,26.67,7,True,100.0,0
TTO-00940,normal,5,10,8,2,1,16,12,40.0,7,False,80.0,0
TTO-00941,normal,5,10,9,1,1,15,14,46.67,8,False,90.0,0
TTO-00942,normal,5,13,5,8,3,21,10,33.33,5,False,38.46,0
TTO-00943,normal,5,14,7,7,3,25,11,36.67,7,False,50.0,0
TTO-00944,normal,5,8,6,2,1,13,11,36.67,5,False,75.0,0
TTO-00945,normal,5,10,8,2,1,17,15,50.0,8,False,80.0,0
TTO-00946,normal,5,8,8,0,0,10,10,33.33,7,True,100.0,0
TTO-00947,normal,5,6,6,0,0,8,8,26.67,6,True,100.0,0
TTO-00948,normal,5,12,7,5,2,17,10,33.33,7,False,58.33,0
TTO-00949,normal,5,9,7,2,1,12,10,33.33,5,False,77.78,0
TTO-00950,normal,5,11,8,3,1,14,11,36.67,7,False,72.73,0
TTO-00951,normal,5,7,7,0,0,9,9,30.0,7,True,100.0,0
TTO-00952,normal,5,9,8,1,1,16,14,46.67,7,False,88.89,0
TTO-00953,normal,5,11,6,5,3,19,9,30.0,5,False,54.55,0
TTO-00954,normal,5,9,7,2,1,13,11,36.67,7,False,77.78,0
TTO-00955,normal,5,9,6,3,2,14,10,33.33,5,False,66.67,0
TTO-00956,normal,5,10,8,2,1,14,10,33.33,8,False,80.0,0
TTO-00957,normal,5,10,8,2,1,18,14,46.67,7,False,80.0,0
TTO-00958,normal,5,9,8,1,1,14,12,40.0,7,False,88.89,0
TTO-00959,normal,5,12,10,2,1,17,13,43.33,9,False,83.33,0
TTO-00960,normal,5,8,8,0,0,12,12,40.0,7,True,100.0,0
TTO-00961,normal,5,13,6,7,3,20,10,33.33,5,False,46.15,0
TTO-00962,normal,5,12,12,0,0,18,18,60.0,11,True,100.0,0
TTO-00963,normal,5,9,6,3,3,17,12,40.0,5,False,66.67,0
TTO-00964,normal,5,11,11,0,0,13,13,43.33,9,True,100.0,0
TTO-00965,normal,5,8,7,1,1,13,11,36.67,7,False,87.5,0
TTO-00966,normal,5,10,8,2,2,13,11,36.67,7,False,80.0,0
TTO-00967,normal,5,14,11,3,1,25,19,63.33,10,False,78.57,0
TTO-00968,normal,5,12,12,0,0,15,15,50.0,11,True,100.0,0
TTO-00969,normal,5,13,7,6,3,19,10,33.33,7,False,53.85,0
TTO-00970,normal,5,10,6,4,3,18,10,33.33,3,False,60.0,0
TTO-00971,normal,5,10,8,2,1,20,16,53.33,7,False,80.0,0
TTO-00972,normal,5,13,10,3,2,20,16,53.33,8,False,76.92,0
TTO-00973,normal,5,9,9,0,0,15,15,50.0,8,True,100.0,0
TTO-00974,normal,5,10,10,0,0,11,11,36.67,9,True,100.0,0
TTO-00975,normal,5,11,6,5,2,20,10,33.33,6,False,54.55,0
TTO-00976,normal,5,9,7,2,2,14,11,36.67,7,False,77.78,0
TTO-00977,normal,5,11,6,5,3,22,12,40.0,5,False,54.55,0
TTO-00978,normal,5,8,8,0,0,12,12,40.0,5,True,100.0,0
TTO-00979,normal,5,11,8,3,2,18,13,43.33,8,False,72.73,0
TTO-00980,normal,5,12,8,4,3,19,13,43.33,7,False,66.67,0
TTO-00981,normal,5,11,8,3,1,18,12,40.0,8,False,72.73,0
TTO-00982,normal,5,8,8,0,0,10,10,33.33,7,True,100.0,0
TTO-00983,normal,5,11,7,4,3,16,10,33.33,7,False,63.64,0
TTO-00984,normal,5,7,7,0,0,11,11,36.67,6,True,100.0,0
TTO-00985,normal,5,11,7,4,2,15,10,33.33,6,False,63.64,0
TTO-00986,normal,5,9,9,0,0,9,9,30.0,9,True,100.0,0
TTO-00987,normal,5,6,6,0,0,11,11,36.67,6,True,100.0,0
TTO-00988,normal,5,12,5,7,4,21,10,33.33,5,False,41.67,0
TTO-00989,normal,5,11,8,3,1,18,12,40.0,8,False,72.73,0
TTO-00990,normal,5,9,6,3,1,16,10,33.33,6,False,66.67,0
TTO-00991,normal,5,10,10,0,0,12,12,40.0,10,True,100.0,0
TTO-00992,normal,5,7,5,2,2,12,10,33.33,5,False,71.43,0
TTO-00993,normal,5,10,10,0,0,13,13,43.33,10,True,100.0,0
TTO-00994,normal,5,9,9,0,0,10,10,33.33,9,True,100.0,0
TTO-00995,normal,5,8,8,0,0,11,11,36.67,8,True,100.0,0
TTO-00996,normal,5,10,5,5,3,19,10,33.33,5,False,50.0,0
TTO-00997,normal,5,10,5,5,3,16,10,33.33,4,False,50.0,0
TTO-00998,normal,5,8,7,1,1,15,13,43.33,6,False,87.5,0
TTO-00999,normal,5,12,11,1,1,17,16,53.33,10,False,91.67,0
TTO-01000,normal,5,11,7,4,2,17,12,40.0,7,False,63.64,0
TTO-01001,normal,5,14,11,3,2,20,16,53.33,11,False,78.57,0
TTO-01002,normal,5,11,8,3,1,16,13,43.33,7,False,72.73,0
TTO-01003,normal,5,9,9,0,0,13,13,43.33,8,True,100.0,0
TTO-01004,normal,5,12,7,5,3,18,10,33.33,6,False,58.33,0
TTO-01005,normal,5,12,10,2,1,21,17,56.67,9,False,83.33,0
TTO-01006,normal,5,12,7,5,3,24,14,46.67,6,False,58.33,0
TTO-01007,normal,5,10,7,3,3,17,12,40.0,6,False,70.0,0
TTO-01008,normal,5,10,10,0,0,14,14,46.67,10,True,100.0,0
TTO-01009,normal,5,11,7,4,2,19,11,36.67,6,False,63.64,0
TTO-01010,normal,5,10,10,0,0,11,11,36.67,10,True,100.0,0
TTO-01011,normal,5,7,7,0,0,10,10,33.33,7,True,100.0,0
TTO-01012,normal,5,9,9,0,0,10,10,33.33,8,True,100.0,0
TTO-01013,normal,5,11,10,1,1,17,16,53.33,9,False,90.91,0
TTO-01014,normal,5,11,11,0,0,11,11,36.67,11,True,100.0,0
TTO-01015,normal,5,11,7,4,2,14,10,33.33,6,False,63.64,0
TTO-01016,normal,5,8,7,1,1,12,11,36.67,5,False,87.5,0
TTO-01017,normal,5,11,8,3,2,15,12,40.0,6,False,72.73,0
TTO-01018,normal,5,5,5,0,0,8,8,26.67,5,True,100.0,0
TTO-01019,normal,5,9,8,1,1,14,12,40.0,6,False,88.89,0
TTO-01020,normal,5,8,8,0,0,13,13,43.33,7,True,100.0,0
TTO-01021,normal,5,10,7,3,2,17,11,36.67,5,False,70.0,0
TTO-01022,normal,5,11,9,2,2,18,14,46.67,8,False,81.82,0
TTO-01023,normal,5,8,7,1,1,14,12,40.0,5,False,87.5,0
TTO-01024,normal,5,9,7,2,2,14,11,36.67,6,False,77.78,0
TTO-01025,normal,5,13,8,5,3,24,14,46.67,7,False,61.54,0
TTO-01026,normal,5,11,7,4,2,15,10,33.33,7,False,63.64,0
TTO-01027,normal,5,8,8,0,0,8,8,26.67,8,True,100.0,0
TTO-01028,normal,5,8,7,1,1,13,12,40.0,6,False,87.5,0
TTO-01029,normal,5,7,7,0,0,11,11,36.67,6,True,100.0,0
TTO-01030,normal,5,12,11,1,1,21,19,63.33,11,False,91.67,0
TTO-01031,normal,5,8,6,2,1,13,9,30.0,5,False,75.0,0
TTO-01032,normal,5,8,8,0,0,12,12,40.0,8,True,100.0,0
TTO-01033,normal,5,11,9,2,2,17,14,46.67,8,False,81.82,0
TTO-01034,normal,5,9,8,1,1,12,10,33.33,7,False,88.89,0
TTO-01035,normal,5,10,5,5,3,20,10,33.33,5,False,50.0,0
TTO-01036,normal,5,11,9,2,2,17,13,43.33,8,False,81.82,0
TTO-01037,normal,5,12,7,5,2,17,12,40.0,7,False,58.33,0
TTO-01038,normal,5,11,7,4,2,17,12,40.0,6,False,63.64,0
TTO-01039,normal,5,12,11,1,1,15,14,46.67,10,False,91.67,0
TTO-01040,normal,5,10,10,0,0,13,13,43.33,10,True,100.0,0
TTO-01041,normal,5,6,6,0,0,8,8,26.67,6,True,100.0,0
TTO-01042,normal,5,12,11,1,1,18,16,53.33,9,False,91.67,0
TTO-01043,normal,5,9,7,2,1,14,10,33.33,6,False,77.78,0
TTO-01044,normal,5,9,9,0,0,11,11,36.67,7,True,100.0,0
TTO-01045,normal,5,10,9,1,1,13,12,40.0,8,False,90.0,0
TTO-01046,normal,5,11,10,1,1,19,18,60.0,9,False,90.91,0
TTO-01047,normal,5,9,7,2,1,14,12,40.0,6,False,77.78,0
TTO-01048,normal,5,11,8,3,1,19,16,53.33,6,False,72.73,0
TTO-01049,normal,5,8,8,0,0,9,9,30.0,7,True,100.0,0
TTO-01050,normal,5,9,7,2,1,16,12,40.0,6,False,77.78,0
TTO-01051,normal,5,11,8,3,1,19,16,53.33,8,False,72.73,0
TTO-01052,normal,5,8,7,1,1,12,10,33.33,7,False,87.5,0
TTO-01053,normal,5,10,9,1,1,15,13,43.33,9,False,90.0,0
TTO-01054,normal,5,7,6,1,1,12,10,33.33,6,False,85.71,0
TTO-01055,normal,5,8,8,0,0,15,15,50.0,6,True,100.0,0
TTO-01056,normal,5,7,7,0,0,10,10,33.33,7,True,100.0,0
TTO-01057,normal,5,9,9,0,0,13,13,43.33,7,True,100.0,0
TTO-01058,normal,5,12,9,3,2,17,13,43.33,8,False,75.0,0
TTO-01059,normal,5,11,10,1,1,14,13,43.33,10,False,90.91,0
TTO-01060,normal,5,11,8,3,2,18,12,40.0,8,False,72.73,0
TTO-01061,normal,5,9,8,1,1,15,13,43.33,7,False,88.89,0
TTO-01062,normal,5,7,7,0,0,11,11,36.67,7,True,100.0,0
TTO-01063,normal,5,10,9,1,1,17,16,53.33,8,False,90.0,0
TTO-01064,normal,5,6,6,0,0,11,11,36.67,6,True,100.0,0
TTO-01065,normal,5,10,5,5,3,16,10,33.33,5,False,50.0,0
TTO-01066,normal,5,12,9,3,2,19,14,46.67,7,False,75.0,0
TTO-01067,normal,5,10,9,1,1,17,15,50.0,9,False,90.0,0
TTO-01068,normal,5,13,7,6,2,21,12,40.0,7,False,53.85,0
TTO-01069,normal,5,6,6,0,0,9,9,30.0,6,True,100.0,0
TTO-01070,normal,5,9,6,3,1,16,10,33.33,6,False,66.67,0
TTO-01071,normal,5,6,6,0,0,10,10,33.33,5,True,100.0,0
TTO-01072,normal,5,11,8,3,1,13,10,33.33,8,False,72.73,0
TTO-01073,normal,5,12,7,5,3,21,12,40.0,6,False,58.33,0
TTO-01074,normal,5,11,7,4,2,21,13,43.33,6,False,63.64,0
TTO-01075,normal,5,10,8,2,1,18,14,46.67,8,False,80.0,0
TTO-01076,normal,5,13,10,3,2,24,20,66.67,10,False,76.92,0
TTO-01077,normal,5,12,7,5,2,15,10,33.33,6,False,58.33,0
TTO-01078,normal,5,13,8,5,2,22,12,40.0,6,False,61.54,0
TTO-01079,normal,5,13,8,5,3,19,13,43.33,8,False,61.54,0
TTO-01080,normal,5,9,9,0,0,10,10,33.33,8,True,100.0,0
TTO-01081,normal,5,10,9,1,1,17,16,53.33,8,False,90.0,0
TTO-01082,normal,5,12,8,4,2,19,12,40.0,8,False,66.67,0
TTO-01083,normal,5,13,11,2,1,18,14,46.67,11,False,84.62,0
TTO-01084,normal,5,12,9,3,2,16,12,40.0,8,False,75.0,0
TTO-01085,normal,5,11,8,3,2,18,12,40.0,8,False,72.73,0
TTO-01086,normal,5,11,9,2,1,14,10,33.33,8,False,81.82,0
TTO-01087,normal,5,10,6,4,2,18,11,36.67,5,False,60.0,0
TTO-01088,normal,5,13,10,3,2,23,18,60.0,8,False,76.92,0
TTO-01089,normal,5,13,7,6,3,24,14,46.67,5,False,53.85,0
TTO-01090,normal,5,13,7,6,3,16,10,33.33,7,False,53.85,0
TTO-01091,normal,5,11,10,1,1,12,10,33.33,10,False,90.91,0
TTO-01092,normal,5,9,8,1,1,15,13,43.33,8,False,88.89,0
TTO-01093,normal,5,10,9,1,1,17,15,50.0,7,False,90.0,0
TTO-01094,normal,5,12,11,1,1,17,15,50.0,11,False,91.67,0
TTO-01095,normal,5,9,7,2,1,14,12,40.0,7,False,77.78,0
TTO-01096,normal,5,12,12,0,0,13,13,43.33,12,True,100.0,0
TTO-01097,normal,5,14,11,3,1,16,13,43.33,9,False,78.57,0
TTO-01098,normal,5,9,8,1,1,14,12,40.0,6,False,88.89,0
TTO-01099,normal,5,11,9,2,1,13,11,36.67,8,False,81.82,0
TTO-01100,normal,5,10,8,2,1,14,10,33.33,8,False,80.0,0
TTO-01101,normal,5,12,10,2,1,18,14,46.67,10,False,83.33,0
TTO-01102,normal,5,11,8,3,2,20,16,53.33,7,False,72.73,0
TTO-01103,normal,5,11,9,2,2,15,12,40.0,9,False,81.82,0
TTO-01104,normal,5,11,8,3,1,18,12,40.0,7,False,72.73,0
TTO-01105,normal,5,13,9,4,2,19,11,36.67,7,False,69.23,0
TTO-01106,normal,5,6,5,1,1,11,9,30.0,5,False,83.33,0
TTO-01107,normal,5,12,7,5,3,18,12,40.0,6,False,58.33,0
TTO-01108,normal,5,9,7,2,1,16,12,40.0,6,False,77.78,0
TTO-01109,normal,5,9,9,0,0,11,11,36.67,7,True,100.0,0
TTO-01110,normal,5,8,8,0,0,14,14,46.67,7,True,100.0,0
TTO-01111,normal,5,10,8,2,2,16,12,40.0,8,False,80.0,0
TTO-01112,normal,5,13,10,3,2,15,10,33.33,8,False,76.92,0
TTO-01113,normal,5,9,7,2,1,15,13,43.33,7,False,77.78,0
TTO-01114,normal,5,12,11,1,1,17,15,50.0,10,False,91.67,0
TTO-01115,normal,5,13,6,7,3,21,10,33.33,5,False,46.15,0
TTO-01116,normal,5,9,9,0,0,13,13,43.33,8,True,100.0,0
TTO-01117,normal,5,10,9,1,1,12,11,36.67,8,False,90.0,0
TTO-01118,normal,5,10,10,0,0,15,15,50.0,10,True,100.0,0
TTO-01119,normal,5,8,8,0,0,10,10,33.33,7,True,100.0,0
TTO-01120,normal,5,12,5,7,4,23,10,33.33,4,False,41.67,0
TTO-01121,normal,5,13,7,6,2,21,12,40.0,7,False,53.85,0
TTO-01122,normal,5,12,12,0,0,14,14,46.67,11,True,100.0,0
TTO-01123,normal,5,8,6,2,2,13,9,30.0,6,False,75.0,0
TTO-01124,normal,5,10,9,1,1,13,12,40.0,7,False,90.0,0
TTO-01125,normal,5,11,6,5,2,16,11,36.67,5,False,54.55,0
TTO-01126,normal,5,9,7,2,1,17,13,43.33,6,False,77.78,0
TTO-01127,normal,5,10,9,1,1,13,11,36.67,7,False,90.0,0
TTO-01128,normal,5,10,9,1,1,13,12,40.0,7,False,90.0,0
TTO-01129,normal,5,10,10,0,0,13,13,43.33,9,True,100.0,0
TTO-01130,normal,5,8,7,1,1,14,12,40.0,7,False,87.5,0
TTO-01131,normal,5,14,9,5,2,25,15,50.0,7,False,64.29,0
TTO-01132,normal,5,11,10,1,1,17,15,50.0,9,False,90.91,0
TTO-01133,normal,5,12,11,1,1,16,15,50.0,10,False,91.67,0
TTO-01134,normal,5,9,6,3,1,15,9,30.0,6,False,66.67,0
TTO-01135,normal,5,9,8,1,1,13,12,40.0,7,False,88.89,0
TTO-01136,normal,5,8,5,3,3,15,10,33.33,5,False,62.5,0
TTO-01137,normal,5,12,8,4,2,19,11,36.67,7,False,66.67,0
TTO-01138,normal,5,8,6,2,1,14,10,33.33,6,False,75.0,0
TTO-01139,normal,5,10,6,4,2,18,10,33.33,5,False,60.0,0
TTO-01140,normal,5,11,7,4,2,21,13,43.33,7,False,63.64,0
TTO-01141,normal,5,12,7,5,3,17,10,33.33,7,False,58.33,0
TTO-01142,normal,5,11,7,4,2,17,12,40.0,7,False,63.64,0
TTO-01143,normal,5,9,9,0,0,17,17,56.67,9,True,100.0,0
TTO-01144,normal,5,14,12,2,1,19,17,56.67,9,False,85.71,0
TTO-01145,normal,5,12,5,7,3,20,10,33.33,3,False,41.67,0
TTO-01146,normal,5,10,6,4,2,17,9,30.0,5,False,60.0,0
TTO-01147,normal,5,10,7,3,2,17,11,36.67,6,False,70.0,0
TTO-01148,normal,5,10,7,3,2,20,14,46.67,6,False,70.0,0
TTO-01149,normal,5,8,8,0,0,11,11,36.67,7,True,100.0,0
TTO-01150,normal,5,10,10,0,0,14,14,46.67,9,True,100.0,0
TTO-01151,normal,5,9,9,0,0,13,13,43.33,9,True,100.0,0
TTO-01152,normal,5,8,7,1,1,14,12,40.0,6,False,87.5,0
TTO-01153,normal,5,13,9,4,2,24,16,53.33,6,False,69.23,0
TTO-01154,normal,5,11,9,2,1,15,11,36.67,9,False,81.82,0
TTO-01155,normal,5,12,9,3,2,17,13,43.33,9,False,75.0,0
TTO-01156,normal,5,9,9,0,0,13,13,43.33,8,True,100.0,0
TTO-01157,normal,5,14,8,6,2,28,16,53.33,8,False,57.14,0
TTO-01158,normal,5,9,9,0,0,15,15,50.0,8,True,100.0,0
TTO-01159,normal,5,10,8,2,2,14,11,36.67,7,False,80.0,0
TTO-01160,normal,5,9,6,3,1,15,12,40.0,6,False,66.67,0
TTO-01161,normal,5,8,8,0,0,13,13,43.33,8,True,100.0,0
TTO-01162,normal,5,11,7,4,2,20,14,46.67,7,False,63.64,0
TTO-01163,normal,5,9,8,1,1,13,12,40.0,8,False,88.89,0
TTO-01164,normal,5,14,10,4,2,23,15,50.0,10,False,71.43,0
TTO-01165,normal,5,10,8,2,1,15,11,36.67,7,False,80.0,0
TTO-01166,normal,5,8,8,0,0,9,9,30.0,8,True,100.0,0
TTO-01167,normal,5,10,8,2,1,13,11,36.67,8,False,80.0,0
TTO-01168,normal,5,10,7,3,1,13,10,33.33,6,False,70.0,0
TTO-01169,normal,5,9,9,0,0,11,11,36.67,9,True,100.0,0
TTO-01170,normal,5,9,9,0,0,10,10,33.33,7,True,100.0,0
TTO-01171,normal,5,10,7,3,2,13,10,33.33,6,False,70.0,0
TTO-01172,normal,5,12,7,5,3,21,11,36.67,7,False,58.33,0
TTO-01173,normal,5,10,6,4,2,15,10,33.33,6,False,60.0,0
TTO-01174,normal,5,9,9,0,0,12,12,40.0,8,True,100.0,0
TTO-01175,normal,5,7,7,0,0,8,8,26.67,7,True,100.0,0
TTO-01176,normal,5,13,9,4,2,17,12,40.0,8,False,69.23,0
TTO-01177,normal,5,11,9,2,1,17,13,43.33,7,False,81.82,0
TTO-01178,normal,5,12,10,2,2,18,16,53.33,9,False,83.33,0
TTO-01179,normal,5,9,9,0,0,16,16,53.33,9,True,100.0,0
TTO-01180,normal,5,8,8,0,0,8,8,26.67,7,True,100.0,0
TTO-01181,normal,5,10,8,2,1,18,14,46.67,8,False,80.0,0
TTO-01182,normal,5,12,9,3,1,22,16,53.33,7,False,75.0,0
TTO-01183,normal,5,11,11,0,0,13,13,43.33,10,True,100.0,0
TTO-01184,normal,5,9,7,2,2,17,13,43.33,7,False,77.78,0
TTO-01185,normal,5,13,10,3,1,19,13,43.33,10,False,76.92,0
TTO-01186,normal,5,11,10,1,1,17,15,50.0,10,False,90.91,0
TTO-01187,normal,5,9,9,0,0,12,12,40.0,8,True,100.0,0
TTO-01188,normal,5,8,7,1,1,14,12,40.0,7,False,87.5,0
TTO-01189,normal,5,11,11,0,0,13,13,43.33,11,True,100.0,0
TTO-01190,normal,5,11,11,0,0,12,12,40.0,10,True,100.0,0
TTO-01191,normal,5,11,8,3,1,18,12,40.0,8,False,72.73,0
TTO-01192,normal,5,10,9,1,1,17,15,50.0,9,False,90.0,0
TTO-01193,normal,5,8,5,3,2,15,10,33.33,5,False,62.5,0
TTO-01194,normal,5,12,5,7,3,18,10,33.33,5,False,41.67,0
TTO-01195,normal,5,12,8,4,3,20,13,43.33,8,False,66.67,0
TTO-01196,normal,5,8,8,0,0,11,11,36.67,8,True,100.0,0
TTO-01197,normal,5,10,10,0,0,15,15,50.0,10,True,100.0,0
TTO-01198,normal,5,8,6,2,1,15,11,36.67,6,False,75.0,0
TTO-01199,normal,5,10,8,2,2,14,10,33.33,8,False,80.0,0
TTO-01200,normal,5,13,12,1,1,17,16,53.33,11,False,92.31,0
TTO-01201,normal,5,8,7,1,1,13,11,36.67,6,False,87.5,0
TTO-01202,normal,5,11,10,1,1,19,17,56.67,8,False,90.91,0
TTO-01203,normal,5,15,7,8,3,24,10,33.33,7,False,46.67,0
TTO-01204,normal,5,10,10,0,0,15,15,50.0,7,True,100.0,0
TTO-01205,normal,5,12,10,2,1,16,12,40.0,9,False,83.33,0
TTO-01206,normal,5,11,9,2,1,16,12,40.0,8,False,81.82,0
TTO-01207,normal,5,10,8,2,2,15,12,40.0,8,False,80.0,0
TTO-01208,normal,5,10,10,0,0,13,13,43.33,10,True,100.0,0
TTO-01209,normal,5,13,10,3,1,24,18,60.0,9,False,76.92,0
TTO-01210,normal,5,12,9,3,2,19,13,43.33,8,False,75.0,0
TTO-01211,normal,5,11,10,1,1,15,13,43.33,9,False,90.91,0
TTO-01212,normal,5,8,6,2,1,12,10,33.33,6,False,75.0,0
TTO-01213,normal,5,9,9,0,0,12,12,40.0,7,True,100.0,0
TTO-01214,normal,5,9,9,0,0,13,13,43.33,8,True,100.0,0
TTO-01215,normal,5,11,7,4,2,20,12,40.0,6,False,63.64,0
TTO-01216,normal,5,11,9,2,2,17,14,46.67,9,False,81.82,0
TTO-01217,normal,5,13,12,1,1,19,18,60.0,11,False,92.31,0
TTO-01218,normal,5,10,8,2,1,16,12,40.0,8,False,80.0,0
TTO-01219,normal,5,10,7,3,2,16,10,33.33,6,False,70.0,0
TTO-01220,normal,5,9,9,0,0,13,13,43.33,5,True,100.0,0
TTO-01221,normal,5,10,9,1,1,11,10,33.33,7,False,90.0,0
TTO-01222,normal,5,10,6,4,2,18,12,40.0,6,False,60.0,0
TTO-01223,normal,5,8,8,0,0,10,10,33.33,8,True,100.0,0
TTO-01224,normal,5,9,8,1,1,14,12,40.0,7,False,88.89,0
TTO-01225,normal,5,8,8,0,0,9,9,30.0,8,True,100.0,0
TTO-01226,normal,5,10,8,2,2,14,12,40.0,6,False,80.0,0
TTO-01227,normal,5,15,11,4,2,21,17,56.67,9,False,73.33,0
TTO-01228,normal,5,10,9,1,1,15,14,46.67,9,False,90.0,0
TTO-01229,normal,5,11,10,1,1,16,15,50.0,10,False,90.91,0
TTO-01230,normal,5,11,7,4,2,19,11,36.67,7,False,63.64,0
TTO-01231,normal,5,9,8,1,1,14,12,40.0,7,False,88.89,0
TTO-01232,normal,5,8,6,2,1,15,11,36.67,5,False,75.0,0
TTO-01233,normal,5,10,8,2,2,13,11,36.67,8,False,80.0,0
TTO-01234,normal,5,11,6,5,3,18,10,33.33,5,False,54.55,0
TTO-01235,normal,5,11,9,2,1,16,14,46.67,9,False,81.82,0
TTO-01236,normal,5,12,9,3,2,17,11,36.67,8,False,75.0,0
TTO-01237,normal,5,8,8,0,0,11,11,36.67,8,True,100.0,0
TTO-01238,normal,5,12,7,5,2,19,14,46.67,7,False,58.33,0
TTO-01239,normal,5,8,8,0,0,12,12,40.0,8,True,100.0,0
TTO-01240,normal,5,11,9,2,2,15,12,40.0,9,False,81.82,0
TTO-01241,normal,5,14,10,4,2,22,16,53.33,9,False,71.43,0
TTO-01242,normal,5,10,8,2,1,14,10,33.33,6,False,80.0,0
TTO-01243,normal,5,12,12,0,0,12,12,40.0,12,True,100.0,0
TTO-01244,normal,5,9,9,0,0,12,12,40.0,8,True,100.0,0
TTO-01245,normal,5,9,7,2,1,14,10,33.33,7,False,77.78,0
TTO-01246,normal,5,9,7,2,1,16,12,40.0,7,False,77.78,0
TTO-01247,normal,5,10,7,3,3,16,11,36.67,6,False,70.0,0
TTO-01248,normal,5,7,7,0,0,9,9,30.0,5,True,100.0,0
TTO-01249,normal,5,9,8,1,1,15,14,46.67,7,False,88.89,0
TTO-01250,normal,5,11,10,1,1,17,16,53.33,7,False,90.91,0
TTO-01251,normal,5,10,8,2,2,15,12,40.0,7,False,80.0,0
TTO-01252,normal,5,12,8,4,2,19,13,43.33,8,False,66.67,0
TTO-01253,normal,5,13,7,6,3,21,14,46.67,6,False,53.85,0
TTO-01254,normal,5,9,8,1,1,15,13,43.33,7,False,88.89,0
TTO-01255,normal,5,11,10,1,1,16,14,46.67,10,False,90.91,0
TTO-01256,normal,5,10,10,0,0,15,15,50.0,10,True,100.0,0
TTO-01257,normal,5,11,10,1,1,16,14,46.67,10,False,90.91,0
TTO-01258,normal,5,10,9,1,1,13,11,36.67,8,False,90.0,0
TTO-01259,normal,5,9,7,2,1,16,12,40.0,6,False,77.78,0
TTO-01260,normal,5,12,11,1,1,18,16,53.33,11,False,91.67,0
TTO-01261,normal,5,11,10,1,1,18,16,53.33,9,False,90.91,0
TTO-01262,normal,5,8,8,0,0,11,11,36.67,7,True,100.0,0
TTO-01263,normal,5,11,8,3,3,17,13,43.33,6,False,72.73,0
TTO-01264,normal,5,11,7,4,2,17,10,33.33,7,False,63.64,0
TTO-01265,normal,5,7,7,0,0,10,10,33.33,6,True,100.0,0
TTO-01266,normal,5,12,10,2,2,16,12,40.0,10,False,83.33,0
TTO-01267,normal,5,9,9,0,0,13,13,43.33,9,True,100.0,0
TTO-01268,normal,5,7,7,0,0,8,8,26.67,6,True,100.0,0
TTO-01269,normal,5,11,11,0,0,13,13,43.33,10,True,100.0,0
TTO-01270,normal,5,13,7,6,3,17,10,33.33,6,False,53.85,0
TTO-01271,normal,5,9,6,3,2,18,12,40.0,4,False,66.67,0
TTO-01272,normal,5,8,8,0,0,13,13,43.33,8,True,100.0,0
TTO-01273,normal,5,9,8,1,1,18,16,53.33,8,False,88.89,0
TTO-01274,normal,5,8,7,1,1,15,13,43.33,6,False,87.5,0
TTO-01275,normal,5,10,9,1,1,15,13,43.33,8,False,90.0,0
TTO-01276,normal,5,9,8,1,1,15,13,43.33,6,False,88.89,0
TTO-01277,normal,5,12,9,3,1,21,18,60.0,7,False,75.0,0
TTO-01278,normal,5,8,8,0,0,12,12,40.0,8,True,100.0,0
TTO-01279,normal,5,10,10,0,0,13,13,43.33,10,True,100.0,0
TTO-01280,normal,5,15,9,6,2,24,12,40.0,8,False,60.0,0
TTO-01281,normal,5,5,5,0,0,8,8,26.67,4,True,100.0,0
TTO-01282,normal,5,9,8,1,1,16,14,46.67,7,False,88.89,0
TTO-01283,normal,5,10,8,2,1,16,12,40.0,7,False,80.0,0
TTO-01284,normal,5,12,8,4,2,22,16,53.33,6,False,66.67,0
TTO-01285,normal,5,9,9,0,0,15,15,50.0,8,True,100.0,0
TTO-01286,normal,5,8,8,0,0,9,9,30.0,6,True,100.0,0
TTO-01287,normal,5,8,8,0,0,10,10,33.33,8,True,100.0,0
TTO-01288,normal,5,12,8,4,2,22,14,46.67,6,False,66.67,0
TTO-01289,normal,5,9,6,3,2,18,12,40.0,5,False,66.67,0
TTO-01290,normal,5,13,10,3,1,21,18,60.0,9,False,76.92,0
TTO-01291,normal,5,10,8,2,1,14,10,33.33,8,False,80.0,0
TTO-01292,normal,5,11,9,2,2,19,16,53.33,9,False,81.82,0
TTO-01293,normal,5,10,8,2,2,20,16,53.33,8,False,80.0,0
TTO-01294,normal,5,9,9,0,0,14,14,46.67,8,True,100.0,0
TTO-01295,normal,5,9,7,2,1,13,9,30.0,5,False,77.78,0
TTO-01296,normal,5,13,8,5,2,15,10,33.33,7,False,61.54,0
TTO-01297,normal,5,12,10,2,1,22,18,60.0,8,False,83.33,0
TTO-01298,normal,5,10,10,0,0,11,11,36.67,9,True,100.0,0
TTO-01299,normal,5,10,10,0,0,15,15,50.0,7,True,100.0,0
TTO-01300,normal,5,10,8,2,2,19,16,53.33,8,False,80.0,0
TTO-01301,normal,5,9,9,0,0,14,14,46.67,6,True,100.0,0
TTO-01302,normal,5,9,8,1,1,13,12,40.0,7,False,88.89,0
TTO-01303,normal,5,11,11,0,0,14,14,46.67,10,True,100.0,0
TTO-01304,normal,5,12,10,2,2,18,14,46.67,10,False,83.33,0
TTO-01305,normal,5,13,5,8,3,20,10,33.33,4,False,38.46,0
TTO-01306,normal,5,11,10,1,1,17,15,50.0,8,False,90.91,0
TTO-01307,normal,5,10,7,3,2,16,12,40.0,7,False,70.0,0
TTO-01308,normal,5,9,5,4,3,17,10,33.33,5,False,55.56,0
TTO-01309,normal,5,8,8,0,0,13,13,43.33,8,True,100.0,0
TTO-01310,normal,5,6,6,0,0,8,8,26.67,6,True,100.0,0
TTO-01311,normal,5,11,9,2,2,15,12,40.0,9,False,81.82,0
TTO-01312,normal,5,10,7,3,3,19,14,46.67,6,False,70.0,0
TTO-01313,normal,5,11,9,2,2,18,14,46.67,6,False,81.82,0
TTO-01314,normal,5,14,11,3,2,23,18,60.0,8,False,78.57,0
TTO-01315,normal,5,8,8,0,0,10,10,33.33,8,True,100.0,0
TTO-01316,normal,5,7,7,0,0,7,7,23.33,5,True,100.0,0
TTO-01317,normal,5,6,6,0,0,10,10,33.33,6,True,100.0,0
TTO-01318,normal,5,11,8,3,1,13,10,33.33,7,False,72.73,0
TTO-01319,normal,5,11,7,4,2,15,10,33.33,6,False,63.64,0
TTO-01320,normal,5,13,11,2,1,16,12,40.0,10,False,84.62,0
TTO-01321,normal,5,7,7,0,0,8,8,26.67,6,True,100.0,0
TTO-01322,normal,5,12,5,7,3,21,10,33.33,4,False,41.67,0
TTO-01323,normal,5,6,6,0,0,9,9,30.0,6,True,100.0,0
TTO-01324,normal,5,11,10,1,1,14,12,40.0,8,False,90.91,0
TTO-01325,normal,5,10,8,2,1,16,12,40.0,7,False,80.0,0
TTO-01326,normal,5,7,7,0,0,11,11,36.67,6,True,100.0,0
TTO-01327,normal,5,12,12,0,0,14,14,46.67,12,True,100.0,0
TTO-01328,normal,5,12,9,3,2,15,12,40.0,8,False,75.0,0
TTO-01329,normal,5,11,11,0,0,13,13,43.33,7,True,100.0,0
TTO-01330,normal,5,9,9,0,0,14,14,46.67,6,True,100.0,0
TTO-01331,normal,5,11,5,6,3,19,10,33.33,5,False,45.45,0
TTO-01332,normal,5,10,8,2,2,16,14,46.67,7,False,80.0,0
TTO-01333,normal,5,9,9,0,0,14,14,46.67,8,True,100.0,0
TTO-01334,normal,5,10,10,0,0,16,16,53.33,9,True,100.0,0
TTO-01335,normal,5,8,7,1,1,12,10,33.33,7,False,87.5,0
TTO-01336,normal,5,11,7,4,3,15,10,33.33,6,False,63.64,0
TTO-01337,normal,5,12,5,7,4,21,10,33.33,4,False,41.67,0
TTO-01338,normal,5,10,9,1,1,17,15,50.0,9,False,90.0,0
TTO-01339,normal,5,10,10,0,0,11,11,36.67,10,True,100.0,0
TTO-01340,normal,5,11,9,2,1,17,13,43.33,9,False,81.82,0
TTO-01341,normal,5,9,8,1,1,15,13,43.33,8,False,88.89,0
TTO-01342,normal,5,11,9,2,1,17,13,43.33,8,False,81.82,0
TTO-01343,normal,5,10,9,1,1,14,12,40.0,8,False,90.0,0
TTO-01344,normal,5,10,10,0,0,11,11,36.67,10,True,100.0,0
TTO-01345,normal,5,10,8,2,1,15,11,36.67,7,False,80.0,0
TTO-01346,normal,5,10,8,2,1,14,12,40.0,8,False,80.0,0
TTO-01347,normal,5,8,6,2,2,13,10,33.33,6,False,75.0,0
TTO-01348,normal,5,11,7,4,3,17,10,33.33,6,False,63.64,0
TTO-01349,normal,5,11,9,2,2,19,15,50.0,9,False,81.82,0
TTO-01350,normal,5,8,6,2,2,13,9,30.0,4,False,75.0,0
TTO-01351,normal,5,12,11,1,1,16,14,46.67,10,False,91.67,0
TTO-01352,normal,5,12,12,0,0,18,18,60.0,11,True,100.0,0
TTO-01353,normal,5,11,6,5,3,17,10,33.33,5,False,54.55,0
TTO-01354,normal,5,11,9,2,1,16,12,40.0,8,False,81.82,0
TTO-01355,normal,5,9,9,0,0,12,12,40.0,9,True,100.0,0
TTO-01356,normal,5,10,5,5,3,19,10,33.33,5,False,50.0,0
TTO-01357,normal,5,11,5,6,3,18,10,33.33,5,False,45.45,0
TTO-01358,normal,5,12,10,2,1,16,12,40.0,9,False,83.33,0
TTO-01359,normal,5,8,7,1,1,13,11,36.67,7,False,87.5,0
TTO-01360,normal,5,10,6,4,2,17,12,40.0,5,False,60.0,0
TTO-01361,normal,5,12,10,2,1,16,14,46.67,8,False,83.33,0
TTO-01362,normal,5,10,10,0,0,14,14,46.67,9,True,100.0,0
TTO-01363,normal,5,11,7,4,3,21,14,46.67,7,False,63.64,0
TTO-01364,normal,5,8,7,1,1,15,14,46.67,5,False,87.5,0
TTO-01365,normal,5,11,8,3,2,18,14,46.67,8,False,72.73,0
TTO-01366,normal,5,11,9,2,1,22,18,60.0,8,False,81.82,0
TTO-01367,normal,5,8,8,0,0,11,11,36.67,8,True,100.0,0
TTO-01368,normal,5,11,9,2,1,15,13,43.33,8,False,81.82,0
TTO-01369,normal,5,10,10,0,0,13,13,43.33,8,True,100.0,0
TTO-01370,normal,5,9,9,0,0,12,12,40.0,9,True,100.0,0
TTO-01371,normal,5,10,10,0,0,14,14,46.67,10,True,100.0,0
TTO-01372,normal,5,11,10,1,1,16,14,46.67,8,False,90.91,0
TTO-01373,normal,5,8,8,0,0,11,11,36.67,6,True,100.0,0
TTO-01374,normal,5,9,7,2,2,15,12,40.0,7,False,77.78,0
TTO-01375,normal,5,11,10,1,1,19,17,56.67,10,False,90.91,0
TTO-01376,normal,5,13,8,5,3,23,13,43.33,8,False,61.54,0
TTO-01377,normal,5,12,8,4,2,20,12,40.0,7,False,66.67,0
TTO-01378,normal,5,12,9,3,1,20,14,46.67,7,False,75.0,0
TTO-01379,normal,5,10,7,3,1,16,10,33.33,6,False,70.0,0
TTO-01380,normal,5,13,9,4,2,26,18,60.0,7,False,69.23,0
TTO-01381,normal,5,10,10,0,0,13,13,43.33,8,True,100.0,0
TTO-01382,normal,5,13,13,0,0,13,13,43.33,13,True,100.0,0
TTO-01383,normal,5,10,9,1,1,18,16,53.33,8,False,90.0,0
TTO-01384,normal,5,11,10,1,1,18,16,53.33,9,False,90.91,0
TTO-01385,normal,5,11,10,1,1,14,12,40.0,8,False,90.91,0
TTO-01386,normal,5,11,9,2,1,13,11,36.67,7,False,81.82,0
TTO-01387,normal,5,11,11,0,0,14,14,46.67,9,True,100.0,0
TTO-01388,normal,5,11,8,3,2,22,16,53.33,7,False,72.73,0
TTO-01389,normal,5,13,10,3,2,22,16,53.33,9,False,76.92,0
TTO-01390,normal,5,6,6,0,0,9,9,30.0,6,True,100.0,0
TTO-01391,normal,5,10,5,5,3,15,10,33.33,5,False,50.0,0
TTO-01392,normal,5,11,9,2,1,20,16,53.33,8,False,81.82,0
TTO-01393,normal,5,9,9,0,0,11,11,36.67,8,True,100.0,0
TTO-01394,normal,5,14,9,5,2,26,16,53.33,8,False,64.29,0
TTO-01395,normal,5,10,10,0,0,13,13,43.33,8,True,100.0,0
TTO-01396,normal,5,8,8,0,0,12,12,40.0,8,True,100.0,0
TTO-01397,normal,5,9,7,2,1,17,13,43.33,7,False,77.78,0
TTO-01398,normal,5,11,7,4,3,22,14,46.67,6,False,63.64,0
TTO-01399,normal,5,11,9,2,1,19,17,56.67,9,False,81.82,0
TTO-01400,normal,5,13,8,5,2,21,16,53.33,8,False,61.54,0
TTO-01401,normal,5,10,9,1,1,17,15,50.0,9,False,90.0,0
TTO-01402,normal,5,11,8,3,1,20,14,46.67,7,False,72.73,0
TTO-01403,normal,5,12,12,0,0,19,19,63.33,11,True,100.0,0
TTO-01404,normal,5,11,11,0,0,15,15,50.0,10,True,100.0,0
TTO-01405,normal,5,11,11,0,0,16,16,53.33,9,True,100.0,0
TTO-01406,normal,5,9,9,0,0,12,12,40.0,7,True,100.0,0
TTO-01407,normal,5,8,8,0,0,14,14,46.67,7,True,100.0,0
TTO-01408,normal,5,9,9,0,0,14,14,46.67,8,True,100.0,0
TTO-01409,normal,5,10,8,2,1,13,9,30.0,7,False,80.0,0
TTO-01410,normal,5,8,8,0,0,13,13,43.33,7,True,100.0,0
TTO-01411,normal,5,10,8,2,1,15,11,36.67,8,False,80.0,0
TTO-01412,normal,5,9,8,1,1,16,15,50.0,6,False,88.89,0
TTO-01413,normal,5,11,8,3,2,19,15,50.0,7,False,72.73,0
TTO-01414,normal,5,10,9,1,1,15,14,46.67,8,False,90.0,0
TTO-01415,normal,5,10,10,0,0,16,16,53.33,9,True,100.0,0
TTO-01416,normal,5,12,9,3,1,18,12,40.0,9,False,75.0,0
TTO-01417,normal,5,12,9,3,1,14,11,36.67,9,False,75.0,0
TTO-01418,normal,5,7,7,0,0,10,10,33.33,4,True,100.0,0
TTO-01419,normal,5,11,11,0,0,18,18,60.0,10,True,100.0,0
TTO-01420,normal,5,14,6,8,3,26,10,33.33,5,False,42.86,0
TTO-01421,normal,5,11,10,1,1,18,16,53.33,10,False,90.91,0
TTO-01422,normal,5,10,7,3,2,17,12,40.0,7,False,70.0,0
TTO-01423,normal,5,11,8,3,2,15,12,40.0,8,False,72.73,0
TTO-01424,normal,5,13,9,4,2,23,15,50.0,8,False,69.23,0
TTO-01425,normal,5,10,8,2,1,15,11,36.67,8,False,80.0,0
TTO-01426,normal,5,9,9,0,0,12,12,40.0,9,True,100.0,0
TTO-01427,normal,5,11,9,2,2,18,14,46.67,8,False,81.82,0
TTO-01428,normal,5,11,7,4,2,17,10,33.33,6,False,63.64,0
TTO-01429,normal,5,10,10,0,0,12,12,40.0,9,True,100.0,0
TTO-01430,normal,5,10,8,2,1,15,11,36.67,7,False,80.0,0
TTO-01431,normal,5,7,7,0,0,8,8,26.67,7,True,100.0,0
TTO-01432,normal,5,12,7,5,2,20,10,33.33,6,False,58.33,0
TTO-01433,normal,5,8,8,0,0,9,9,30.0,7,True,100.0,0
TTO-01434,normal,5,8,7,1,1,13,11,36.67,6,False,87.5,0
TTO-01435,normal,5,9,6,3,2,16,10,33.33,5,False,66.67,0
TTO-01436,normal,5,8,8,0,0,12,12,40.0,7,True,100.0,0
TTO-01437,normal,5,7,6,1,1,12,10,33.33,6,False,85.71,0
TTO-01438,normal,5,9,7,2,2,16,12,40.0,7,False,77.78,0
TTO-01439,normal,5,12,10,2,2,16,14,46.67,10,False,83.33,0
TTO-01440,normal,5,10,10,0,0,16,16,53.33,10,True,100.0,0
TTO-01441,normal,5,10,8,2,1,15,11,36.67,7,False,80.0,0
TTO-01442,normal,5,11,9,2,1,14,10,33.33,8,False,81.82,0
TTO-01443,normal,5,8,8,0,0,10,10,33.33,8,True,100.0,0
TTO-01444,normal,5,7,7,0,0,12,12,40.0,7,True,100.0,0
TTO-01445,normal,5,12,10,2,1,14,12,40.0,9,False,83.33,0
TTO-01446,normal,5,9,9,0,0,10,10,33.33,9,True,100.0,0
TTO-01447,normal,5,11,9,2,1,20,16,53.33,9,False,81.82,0
TTO-01448,normal,5,10,8,2,1,14,12,40.0,7,False,80.0,0
TTO-01449,normal,5,11,10,1,1,19,17,56.67,10,False,90.91,0
TTO-01450,normal,5,9,9,0,0,12,12,40.0,7,True,100.0,0
TTO-01451,normal,5,12,7,5,2,17,10,33.33,6,False,58.33,0
TTO-01452,normal,5,15,12,3,1,21,18,60.0,12,False,80.0,0
TTO-01453,normal,5,7,7,0,0,12,12,40.0,6,True,100.0,0
TTO-01454,normal,5,11,8,3,2,16,13,43.33,7,False,72.73,0
TTO-01455,normal,5,10,8,2,1,17,13,43.33,8,False,80.0,0
TTO-01456,normal,5,11,7,4,2,16,10,33.33,6,False,63.64,0
TTO-01457,normal,5,9,9,0,0,12,12,40.0,8,True,100.0,0
TTO-01458,normal,5,11,11,0,0,14,14,46.67,9,True,100.0,0
TTO-01459,normal,5,9,7,2,1,14,10,33.33,5,False,77.78,0
TTO-01460,normal,5,11,8,3,1,21,15,50.0,8,False,72.73,0
TTO-01461,normal,5,11,11,0,0,12,12,40.0,10,True,100.0,0
TTO-01462,normal,5,11,10,1,1,14,13,43.33,10,False,90.91,0
TTO-01463,normal,5,9,9,0,0,11,11,36.67,8,True,100.0,0
TTO-01464,normal,5,13,12,1,1,19,18,60.0,11,False,92.31,0
TTO-01465,normal,5,9,9,0,0,10,10,33.33,8,True,100.0,0
TTO-01466,normal,5,9,9,0,0,11,11,36.67,9,True,100.0,0
TTO-01467,normal,5,10,10,0,0,12,12,40.0,8,True,100.0,0
TTO-01468,normal,5,8,5,3,3,14,10,33.33,4,False,62.5,0
TTO-01469,normal,5,9,9,0,0,12,12,40.0,8,True,100.0,0
TTO-01470,normal,5,9,9,0,0,12,12,40.0,9,True,100.0,0
TTO-01471,normal,5,11,9,2,2,13,10,33.33,7,False,81.82,0
TTO-01472,normal,5,9,8,1,1,14,12,40.0,7,False,88.89,0
TTO-01473,normal,5,10,8,2,1,16,14,46.67,5,False,80.0,0
TTO-01474,normal,5,9,6,3,2,17,11,36.67,5,False,66.67,0
TTO-01475,normal,5,8,8,0,0,8,8,26.67,7,True,100.0,0
TTO-01476,normal,5,10,8,2,1,12,10,33.33,7,False,80.0,0
TTO-01477,normal,5,12,7,5,2,22,12,40.0,7,False,58.33,0
TTO-01478,normal,5,10,6,4,2,14,10,33.33,5,False,60.0,0
TTO-01479,normal,5,13,7,6,3,23,12,40.0,7,False,53.85,0
TTO-01480,normal,5,10,10,0,0,15,15,50.0,8,True,100.0,0
TTO-01481,normal,5,13,9,4,2,17,12,40.0,8,False,69.23,0
TTO-01482,normal,5,9,8,1,1,12,11,36.67,7,False,88.89,0
TTO-01483,normal,5,6,6,0,0,8,8,26.67,5,True,100.0,0
TTO-01484,normal,5,10,8,2,1,20,16,53.33,7,False,80.0,0
TTO-01485,normal,5,11,10,1,1,16,14,46.67,10,False,90.91,0
TTO-01486,normal,5,11,9,2,1,14,10,33.33,9,False,81.82,0
TTO-01487,normal,5,9,9,0,0,13,13,43.33,8,True,100.0,0
TTO-01488,normal,5,11,11,0,0,13,13,43.33,10,True,100.0,0
TTO-01489,normal,5,9,9,0,0,11,11,36.67,8,True,100.0,0
TTO-01490,normal,5,10,8,2,1,16,12,40.0,7,False,80.0,0
TTO-01491,normal,5,10,8,2,1,16,14,46.67,7,False,80.0,0
TTO-01492,normal,5,12,12,0,0,13,13,43.33,11,True,100.0,0
TTO-01493,normal,5,13,9,4,2,17,13,43.33,8,False,69.23,0
TTO-01494,normal,5,10,7,3,2,17,14,46.67,6,False,70.0,0
TTO-01495,normal,5,9,9,0,0,12,12,40.0,7,True,100.0,0
TTO-01496,normal,5,10,7,3,2,18,12,40.0,5,False,70.0,0
TTO-01497,normal,5,8,7,1,1,12,10,33.33,6,False,87.5,0
TTO-01498,normal,5,9,9,0,0,13,13,43.33,8,True,100.0,0
TTO-01499,normal,5,11,9,2,1,19,15,50.0,8,False,81.82,0
TTO-01500,normal,5,12,7,5,2,22,14,46.67,7,False,58.33,0
TTO-01501,normal,5,9,7,2,1,18,14,46.67,7,False,77.78,0
TTO-01502,normal,5,9,6,3,2,15,11,36.67,6,False,66.67,0
TTO-01503,normal,5,9,7,2,1,14,12,40.0,7,False,77.78,0
TTO-01504,normal,5,11,9,2,1,22,18,60.0,7,False,81.82,0
TTO-01505,normal,5,12,9,3,1,22,16,53.33,8,False,75.0,0
TTO-01506,normal,5,9,9,0,0,16,16,53.33,7,True,100.0,0
TTO-01507,normal,5,7,6,1,1,11,10,33.33,6,False,85.71,0
TTO-01508,normal,5,12,6,6,3,18,11,36.67,6,False,50.0,0
TTO-01509,normal,5,11,9,2,1,17,13,43.33,7,False,81.82,0
TTO-01510,normal,5,9,9,0,0,15,15,50.0,9,True,100.0,0
TTO-01511,normal,5,11,8,3,2,16,10,33.33,8,False,72.73,0
TTO-01512,normal,5,12,11,1,1,17,15,50.0,10,False,91.67,0
TTO-01513,normal,5,7,7,0,0,8,8,26.67,7,True,100.0,0
TTO-01514,normal,5,9,7,2,1,17,13,43.33,6,False,77.78,0
TTO-01515,normal,5,9,9,0,0,12,12,40.0,7,True,100.0,0
TTO-01516,normal,5,11,11,0,0,14,14,46.67,10,True,100.0,0
TTO-01517,normal,5,10,7,3,3,15,10,33.33,5,False,70.0,0
TTO-01518,normal,5,8,8,0,0,11,11,36.67,7,True,100.0,0
TTO-01519,normal,5,10,9,1,1,13,11,36.67,7,False,90.0,0
TTO-01520,normal,5,10,10,0,0,11,11,36.67,9,True,100.0,0
TTO-01521,normal,5,8,8,0,0,9,9,30.0,6,True,100.0,0
TTO-01522,normal,5,13,13,0,0,15,15,50.0,11,True,100.0,0
TTO-01523,normal,5,10,7,3,1,16,10,33.33,7,False,70.0,0
TTO-01524,normal,5,12,8,4,2,17,9,30.0,5,False,66.67,0
TTO-01525,normal,5,10,8,2,1,17,13,43.33,7,False,80.0,0
TTO-01526,normal,5,13,9,4,3,18,12,40.0,9,False,69.23,0
TTO-01527,normal,5,8,8,0,0,14,14,46.67,7,True,100.0,0
TTO-01528,normal,5,8,8,0,0,14,14,46.67,8,True,100.0,0
TTO-01529,normal,5,9,9,0,0,11,11,36.67,6,True,100.0,0
TTO-01530,normal,5,14,11,3,2,17,12,40.0,10,False,78.57,0
TTO-01531,normal,5,10,10,0,0,12,12,40.0,9,True,100.0,0
TTO-01532,normal,5,11,8,3,2,18,12,40.0,8,False,72.73,0
TTO-01533,normal,5,7,7,0,0,10,10,33.33,6,True,100.0,0
TTO-01534,normal,5,9,9,0,0,15,15,50.0,8,True,100.0,0
TTO-01535,normal,5,8,6,2,1,15,11,36.67,6,False,75.0,0
TTO-01536,normal,5,12,11,1,1,19,17,56.67,10,False,91.67,0
TTO-01537,normal,5,12,9,3,1,18,12,40.0,9,False,75.0,0
TTO-01538,normal,5,11,8,3,2,16,11,36.67,5,False,72.73,0
TTO-01539,normal,5,13,8,5,3,22,16,53.33,6,False,61.54,0
TTO-01540,normal,5,13,8,5,2,21,13,43.33,7,False,61.54,0
TTO-01541,normal,5,13,9,4,2,26,18,60.0,8,False,69.23,0
TTO-01542,normal,5,7,6,1,1,12,10,33.33,6,False,85.71,0
TTO-01543,normal,5,12,12,0,0,17,17,56.67,12,True,100.0,0
TTO-01544,normal,5,9,9,0,0,14,14,46.67,8,True,100.0,0
TTO-01545,normal,5,9,9,0,0,14,14,46.67,7,True,100.0,0
TTO-01546,normal,5,8,8,0,0,13,13,43.33,7,True,100.0,0
TTO-01547,normal,5,9,9,0,0,14,14,46.67,8,True,100.0,0
TTO-01548,normal,5,12,8,4,2,17,13,43.33,8,False,66.67,0
TTO-01549,normal,5,9,6,3,2,13,10,33.33,6,False,66.67,0
TTO-01550,normal,5,11,8,3,2,17,12,40.0,6,False,72.73,0
TTO-01551,normal,5,10,10,0,0,13,13,43.33,9,True,100.0,0
TTO-01552,normal,5,14,11,3,2,20,16,53.33,11,False,78.57,0
TTO-01553,normal,5,12,9,3,2,18,12,40.0,8,False,75.0,0
TTO-01554,normal,5,11,8,3,1,17,11,36.67,8,False,72.73,0
TTO-01555,normal,5,10,10,0,0,14,14,46.67,9,True,100.0,0
TTO-01556,normal,5,11,7,4,2,20,14,46.67,6,False,63.64,0
TTO-01557,normal,5,10,10,0,0,14,14,46.67,9,True,100.0,0
TTO-01558,normal,5,9,9,0,0,13,13,43.33,9,True,100.0,0
TTO-01559,normal,5,9,9,0,0,16,16,53.33,9,True,100.0,0
TTO-01560,normal,5,9,8,1,1,14,12,40.0,7,False,88.89,0
TTO-01561,normal,5,10,8,2,2,19,16,53.33,6,False,80.0,0
TTO-01562,normal,5,9,9,0,0,12,12,40.0,9,True,100.0,0
TTO-01563,normal,5,9,9,0,0,10,10,33.33,7,True,100.0,0
TTO-01564,normal,5,11,8,3,1,19,13,43.33,8,False,72.73,0
TTO-01565,normal,5,13,9,4,2,20,12,40.0,7,False,69.23,0
TTO-01566,normal,5,10,7,3,2,19,14,46.67,7,False,70.0,0
TTO-01567,normal,5,8,8,0,0,9,9,30.0,7,True,100.0,0
TTO-01568,normal,5,12,10,2,1,16,14,46.67,8,False,83.33,0
TTO-01569,normal,5,10,7,3,2,18,12,40.0,6,False,70.0,0
TTO-01570,normal,5,12,10,2,1,21,17,56.67,9,False,83.33,0
TTO-01571,normal,5,10,8,2,1,16,12,40.0,8,False,80.0,0
TTO-01572,normal,5,12,6,6,3,19,10,33.33,5,False,50.0,0
TTO-01573,normal,5,11,10,1,1,14,13,43.33,10,False,90.91,0
TTO-01574,normal,5,9,9,0,0,12,12,40.0,8,True,100.0,0
TTO-01575,normal,5,10,8,2,1,14,12,40.0,6,False,80.0,0
TTO-01576,normal,5,9,6,3,2,17,11,36.67,5,False,66.67,0
TTO-01577,normal,5,10,10,0,0,14,14,46.67,10,True,100.0,0
TTO-01578,normal,5,10,10,0,0,15,15,50.0,9,True,100.0,0
TTO-01579,normal,5,13,10,3,1,24,18,60.0,9,False,76.92,0
TTO-01580,normal,5,11,11,0,0,11,11,36.67,9,True,100.0,0
TTO-01581,normal,5,10,10,0,0,13,13,43.33,9,True,100.0,0
TTO-01582,normal,5,8,8,0,0,11,11,36.67,7,True,100.0,0
TTO-01583,normal,5,8,8,0,0,9,9,30.0,7,True,100.0,0
TTO-01584,normal,5,11,11,0,0,12,12,40.0,10,True,100.0,0
TTO-01585,normal,5,12,7,5,2,19,14,46.67,7,False,58.33,0
TTO-01586,normal,5,9,9,0,0,12,12,40.0,7,True,100.0,0
TTO-01587,normal,5,8,8,0,0,8,8,26.67,8,True,100.0,0
TTO-01588,normal,5,11,7,4,4,22,14,46.67,6,False,63.64,0
TTO-01589,normal,5,9,9,0,0,14,14,46.67,8,True,100.0,0
TTO-01590,normal,5,8,6,2,1,14,10,33.33,5,False,75.0,0
TTO-01591,normal,5,8,8,0,0,11,11,36.67,8,True,100.0,0
TTO-01592,normal,5,8,8,0,0,11,11,36.67,8,True,100.0,0
TTO-01593,normal,5,12,11,1,1,16,14,46.67,11,False,91.67,0
TTO-01594,normal,5,10,7,3,2,17,11,36.67,7,False,70.0,0
TTO-01595,normal,5,7,7,0,0,10,10,33.33,6,True,100.0,0
TTO-01596,normal,5,5,5,0,0,6,6,20.0,4,True,100.0,0
TTO-01597,normal,5,12,9,3,1,19,16,53.33,7,False,75.0,0
TTO-01598,normal,5,13,8,5,3,19,10,33.33,7,False,61.54,0
TTO-01599,normal,5,10,10,0,0,12,12,40.0,10,True,100.0,0
TTO-01600,normal,5,13,12,1,1,17,16,53.33,11,False,92.31,0
TTO-01601,normal,5,10,8,2,1,16,12,40.0,6,False,80.0,0
TTO-01602,normal,5,10,7,3,1,13,10,33.33,6,False,70.0,0
TTO-01603,normal,5,10,10,0,0,16,16,53.33,9,True,100.0,0
TTO-01604,normal,5,12,12,0,0,12,12,40.0,10,True,100.0,0
TTO-01605,normal,5,11,8,3,1,17,14,46.67,7,False,72.73,0
TTO-01606,normal,5,11,9,2,1,18,14,46.67,8,False,81.82,0
TTO-01607,normal,5,10,10,0,0,16,16,53.33,9,True,100.0,0
TTO-01608,normal,5,6,6,0,0,7,7,23.33,6,True,100.0,0
TTO-01609,normal,5,11,6,5,2,22,12,40.0,4,False,54.55,0
TTO-01610,normal,5,11,7,4,3,16,10,33.33,7,False,63.64,0
TTO-01611,normal,5,9,8,1,1,12,11,36.67,8,False,88.89,0
TTO-01612,normal,5,8,8,0,0,12,12,40.0,8,True,100.0,0
TTO-01613,normal,5,12,7,5,2,21,11,36.67,5,False,58.33,0
TTO-01614,normal,5,9,8,1,1,17,15,50.0,8,False,88.89,0
TTO-01615,normal,5,9,8,1,1,16,14,46.67,7,False,88.89,0
TTO-01616,normal,5,9,9,0,0,13,13,43.33,9,True,100.0,0
TTO-01617,normal,5,13,8,5,2,23,13,43.33,7,False,61.54,0
TTO-01618,normal,5,11,9,2,1,16,12,40.0,7,False,81.82,0
TTO-01619,normal,5,10,10,0,0,13,13,43.33,10,True,100.0,0
TTO-01620,normal,5,8,8,0,0,12,12,40.0,7,True,100.0,0
TTO-01621,normal,5,10,8,2,2,19,16,53.33,6,False,80.0,0
TTO-01622,normal,5,7,7,0,0,14,14,46.67,5,True,100.0,0
TTO-01623,normal,5,10,10,0,0,13,13,43.33,8,True,100.0,0
TTO-01624,normal,5,11,8,3,1,17,11,36.67,7,False,72.73,0
TTO-01625,normal,5,8,5,3,3,15,9,30.0,5,False,62.5,0
TTO-01626,normal,5,12,9,3,1,16,10,33.33,8,False,75.0,0
TTO-01627,normal,5,10,8,2,1,13,11,36.67,7,False,80.0,0
TTO-01628,normal,5,11,9,2,1,19,15,50.0,8,False,81.82,0
TTO-01629,normal,5,10,8,2,1,17,13,43.33,6,False,80.0,0
TTO-01630,normal,5,13,9,4,2,21,13,43.33,9,False,69.23,0
TTO-01631,normal,5,12,11,1,1,19,18,60.0,10,False,91.67,0
TTO-01632,normal,5,12,7,5,3,22,12,40.0,7,False,58.33,0
TTO-01633,normal,5,10,9,1,1,13,11,36.67,6,False,90.0,0
TTO-01634,normal,5,15,10,5,3,30,20,66.67,9,False,66.67,0
TTO-01635,normal,5,12,9,3,2,20,16,53.33,8,False,75.0,0
TTO-01636,normal,5,10,9,1,1,16,14,46.67,9,False,90.0,0
TTO-01637,normal,5,8,8,0,0,11,11,36.67,6,True,100.0,0
TTO-01638,normal,5,11,11,0,0,12,12,40.0,11,True,100.0,0
TTO-01639,normal,5,15,12,3,1,21,15,50.0,11,False,80.0,0
TTO-01640,normal,5,8,8,0,0,9,9,30.0,7,True,100.0,0
TTO-01641,normal,5,9,6,3,1,17,11,36.67,5,False,66.67,0
TTO-01642,normal,5,10,10,0,0,12,12,40.0,10,True,100.0,0
TTO-01643,normal,5,8,8,0,0,11,11,36.67,8,True,100.0,0
TTO-01644,normal,5,10,10,0,0,12,12,40.0,7,True,100.0,0
TTO-01645,normal,5,8,6,2,1,15,11,36.67,5,False,75.0,0
TTO-01646,normal,5,12,5,7,3,22,10,33.33,5,False,41.67,0
TTO-01647,normal,5,12,11,1,1,15,13,43.33,10,False,91.67,0
TTO-01648,normal,5,14,5,9,4,20,10,33.33,5,False,35.71,0
TTO-01649,normal,5,7,7,0,0,11,11,36.67,6,True,100.0,0
TTO-01650,normal,5,10,10,0,0,14,14,46.67,9,True,100.0,0
TTO-01651,normal,5,8,7,1,1,15,13,43.33,7,False,87.5,0
TTO-01652,normal,5,9,9,0,0,11,11,36.67,8,True,100.0,0
TTO-01653,normal,5,8,7,1,1,13,12,40.0,7,False,87.5,0
TTO-01654,normal,5,8,8,0,0,11,11,36.67,7,True,100.0,0
TTO-01655,normal,5,11,10,1,1,19,17,56.67,10,False,90.91,0
TTO-01656,normal,5,9,9,0,0,10,10,33.33,8,True,100.0,0
TTO-01657,normal,5,10,10,0,0,12,12,40.0,9,True,100.0,0
TTO-01658,normal,5,7,7,0,0,10,10,33.33,7,True,100.0,0
TTO-01659,normal,5,15,12,3,1,21,15,50.0,11,False,80.0,0
TTO-01660,normal,5,12,11,1,1,15,14,46.67,9,False,91.67,0
TTO-01661,normal,5,11,10,1,1,16,15,50.0,9,False,90.91,0
TTO-01662,normal,5,10,6,4,3,15,10,33.33,5,False,60.0,0
TTO-01663,normal,5,10,10,0,0,12,12,40.0,9,True,100.0,0
TTO-01664,normal,5,14,7,7,3,22,10,33.33,7,False,50.0,0
TTO-01665,normal,5,15,10,5,2,21,13,43.33,9,False,66.67,0
TTO-01666,normal,5,10,6,4,2,18,10,33.33,4,False,60.0,0
TTO-01667,normal,5,9,6,3,2,15,11,36.67,5,False,66.67,0
TTO-01668,normal,5,11,10,1,1,19,17,56.67,10,False,90.91,0
TTO-01669,normal,5,7,6,1,1,13,11,36.67,5,False,85.71,0
TTO-01670,normal,5,11,5,6,3,20,10,33.33,4,False,45.45,0
TTO-01671,normal,5,12,7,5,2,20,10,33.33,7,False,58.33,0
TTO-01672,normal,5,9,9,0,0,11,11,36.67,8,True,100.0,0
TTO-01673,normal,5,12,10,2,1,17,15,50.0,9,False,83.33,0
TTO-01674,normal,5,8,8,0,0,10,10,33.33,8,True,100.0,0
TTO-01675,normal,5,12,8,4,2,14,10,33.33,8,False,66.67,0
TTO-01676,normal,5,12,9,3,2,15,12,40.0,7,False,75.0,0
TTO-01677,normal,5,11,9,2,2,17,14,46.67,9,False,81.82,0
TTO-01678,normal,5,12,11,1,1,17,16,53.33,10,False,91.67,0
TTO-01679,normal,5,8,8,0,0,11,11,36.67,7,True,100.0,0
TTO-01680,normal,5,6,6,0,0,8,8,26.67,4,True,100.0,0
TTO-01681,normal,5,10,8,2,1,15,13,43.33,8,False,80.0,0
TTO-01682,normal,5,8,8,0,0,12,12,40.0,7,True,100.0,0
TTO-01683,normal,5,7,7,0,0,9,9,30.0,7,True,100.0,0
TTO-01684,normal,5,11,9,2,1,16,12,40.0,8,False,81.82,0
TTO-01685,normal,5,12,9,3,2,15,11,36.67,8,False,75.0,0
TTO-01686,normal,5,12,10,2,1,22,18,60.0,9,False,83.33,0
TTO-01687,normal,5,10,7,3,2,16,10,33.33,6,False,70.0,0
TTO-01688,normal,5,13,9,4,2,21,15,50.0,7,False,69.23,0
TTO-01689,normal,5,12,8,4,2,18,12,40.0,8,False,66.67,0
TTO-01690,normal,5,9,8,1,1,16,14,46.67,7,False,88.89,0
TTO-01691,normal,5,11,7,4,2,17,9,30.0,7,False,63.64,0
TTO-01692,normal,5,8,8,0,0,11,11,36.67,5,True,100.0,0
TTO-01693,normal,5,9,9,0,0,14,14,46.67,7,True,100.0,0
TTO-01694,normal,5,7,7,0,0,9,9,30.0,6,True,100.0,0
TTO-01695,normal,5,12,7,5,3,15,10,33.33,6,False,58.33,0
TTO-01696,normal,5,11,11,0,0,12,12,40.0,11,True,100.0,0
TTO-01697,normal,5,10,9,1,1,11,10,33.33,8,False,90.0,0
TTO-01698,normal,5,10,7,3,2,18,12,40.0,6,False,70.0,0
TTO-01699,normal,5,14,11,3,2,17,12,40.0,10,False,78.57,0
TTO-01700,normal,5,7,7,0,0,8,8,26.67,7,True,100.0,0
TTO-01701,normal,5,12,11,1,1,17,16,53.33,10,False,91.67,0
TTO-01702,normal,5,13,13,0,0,18,18,60.0,13,True,100.0,0
TTO-01703,normal,5,12,11,1,1,18,16,53.33,10,False,91.67,0
TTO-01704,normal,5,10,9,1,1,13,11,36.67,8,False,90.0,0
TTO-01705,normal,5,7,7,0,0,10,10,33.33,7,True,100.0,0
TTO-01706,normal,5,14,7,7,3,20,10,33.33,7,False,50.0,0
TTO-01707,normal,5,12,11,1,1,20,18,60.0,11,False,91.67,0
TTO-01708,normal,5,10,10,0,0,15,15,50.0,10,True,100.0,0
TTO-01709,normal,5,10,10,0,0,11,11,36.67,9,True,100.0,0
TTO-01710,normal,5,7,7,0,0,10,10,33.33,5,True,100.0,0
TTO-01711,normal,5,8,6,2,2,16,12,40.0,6,False,75.0,0
TTO-01712,normal,5,9,8,1,1,13,11,36.67,8,False,88.89,0
TTO-01713,normal,5,10,7,3,2,19,13,43.33,6,False,70.0,0
TTO-01714,normal,5,9,5,4,3,17,10,33.33,5,False,55.56,0
TTO-01715,normal,5,9,9,0,0,9,9,30.0,8,True,100.0,0
TTO-01716,normal,5,11,7,4,2,18,10,33.33,4,False,63.64,0
TTO-01717,normal,5,9,8,1,1,14,12,40.0,8,False,88.89,0
TTO-01718,normal,5,8,6,2,1,14,10,33.33,5,False,75.0,0
TTO-01719,normal,5,12,10,2,2,16,13,43.33,9,False,83.33,0
TTO-01720,normal,5,12,12,0,0,12,12,40.0,10,True,100.0,0
TTO-01721,normal,5,12,12,0,0,15,15,50.0,11,True,100.0,0
TTO-01722,normal,5,14,8,6,2,22,13,43.33,7,False,57.14,0
TTO-01723,normal,5,10,9,1,1,13,12,40.0,9,False,90.0,0
TTO-01724,normal,5,9,9,0,0,10,10,33.33,9,True,100.0,0
TTO-01725,normal,5,9,9,0,0,17,17,56.67,9,True,100.0,0
TTO-01726,normal,5,10,8,2,1,16,12,40.0,7,False,80.0,0
TTO-01727,normal,5,10,9,1,1,16,14,46.67,9,False,90.0,0
TTO-01728,normal,5,7,7,0,0,10,10,33.33,6,True,100.0,0
TTO-01729,normal,5,11,8,3,2,19,14,46.67,5,False,72.73,0
TTO-01730,normal,5,9,9,0,0,12,12,40.0,8,True,100.0,0
TTO-01731,normal,5,9,5,4,3,17,10,33.33,4,False,55.56,0
TTO-01732,normal,5,9,9,0,0,11,11,36.67,8,True,100.0,0
TTO-01733,normal,5,14,7,7,3,23,12,40.0,6,False,50.0,0
TTO-01734,normal,5,10,8,2,1,15,11,36.67,8,False,80.0,0
TTO-01735,normal,5,11,10,1,1,15,13,43.33,10,False,90.91,0
TTO-01736,normal,5,12,11,1,1,14,12,40.0,9,False,91.67,0
TTO-01737,normal,5,10,7,3,2,17,12,40.0,7,False,70.0,0
TTO-01738,normal,5,6,6,0,0,8,8,26.67,4,True,100.0,0
TTO-01739,normal,5,12,8,4,2,19,11,36.67,6,False,66.67,0
TTO-01740,normal,5,13,12,1,1,18,17,56.67,12,False,92.31,0
TTO-01741,normal,5,8,7,1,1,16,14,46.67,6,False,87.5,0
TTO-01742,normal,5,10,9,1,1,13,11,36.67,8,False,90.0,0
TTO-01743,normal,5,8,8,0,0,9,9,30.0,7,True,100.0,0
TTO-01744,normal,5,12,11,1,1,18,16,53.33,11,False,91.67,0
TTO-01745,normal,5,10,9,1,1,16,14,46.67,9,False,90.0,0
TTO-01746,normal,5,11,6,5,2,15,10,33.33,5,False,54.55,0
TTO-01747,normal,5,10,8,2,1,16,12,40.0,8,False,80.0,0
TTO-01748,normal,5,8,6,2,1,13,9,30.0,6,False,75.0,0
TTO-01749,normal,5,8,8,0,0,15,15,50.0,7,True,100.0,0
TTO-01750,normal,5,12,8,4,2,21,13,43.33,8,False,66.67,0
TTO-01751,normal,5,10,10,0,0,10,10,33.33,10,True,100.0,0
TTO-01752,normal,5,10,10,0,0,14,14,46.67,9,True,100.0,0
TTO-01753,normal,5,8,8,0,0,13,13,43.33,8,True,100.0,0
TTO-01754,normal,5,12,10,2,1,16,12,40.0,8,False,83.33,0
TTO-01755,normal,5,11,11,0,0,16,16,53.33,11,True,100.0,0
TTO-01756,normal,5,9,9,0,0,13,13,43.33,8,True,100.0,0
TTO-01757,normal,5,11,6,5,2,18,11,36.67,5,False,54.55,0
TTO-01758,normal,5,9,9,0,0,13,13,43.33,8,True,100.0,0
TTO-01759,normal,5,10,10,0,0,13,13,43.33,7,True,100.0,0
TTO-01760,normal,5,7,7,0,0,7,7,23.33,7,True,100.0,0
TTO-01761,normal,5,5,5,0,0,7,7,23.33,5,True,100.0,0
TTO-01762,normal,5,13,7,6,3,21,10,33.33,5,False,53.85,0
TTO-01763,normal,5,12,11,1,1,16,15,50.0,10,False,91.67,0
TTO-01764,normal,5,8,8,0,0,9,9,30.0,6,True,100.0,0
TTO-01765,normal,5,8,8,0,0,10,10,33.33,7,True,100.0,0
TTO-01766,normal,5,9,9,0,0,14,14,46.67,7,True,100.0,0
TTO-01767,normal,5,8,8,0,0,14,14,46.67,7,True,100.0,0
TTO-01768,normal,5,10,10,0,0,14,14,46.67,8,True,100.0,0
TTO-01769,normal,5,9,7,2,1,14,10,33.33,6,False,77.78,0
TTO-01770,normal,5,11,9,2,1,15,11,36.67,9,False,81.82,0
TTO-01771,normal,5,11,10,1,1,15,13,43.33,10,False,90.91,0
TTO-01772,normal,5,8,8,0,0,11,11,36.67,7,True,100.0,0
TTO-01773,normal,5,14,9,5,2,22,14,46.67,8,False,64.29,0
TTO-01774,normal,5,9,6,3,2,13,10,33.33,6,False,66.67,0
TTO-01775,normal,5,9,6,3,1,17,11,36.67,5,False,66.67,0
TTO-01776,normal,5,10,8,2,1,16,12,40.0,7,False,80.0,0
TTO-01777,normal,5,12,12,0,0,17,17,56.67,10,True,100.0,0
TTO-01778,normal,5,8,8,0,0,12,12,40.0,8,True,100.0,0
TTO-01779,normal,5,11,5,6,3,22,10,33.33,5,False,45.45,0
TTO-01780,normal,5,11,11,0,0,14,14,46.67,11,True,100.0,0
TTO-01781,normal,5,11,7,4,2,18,10,33.33,7,False,63.64,0
TTO-01782,normal,5,10,10,0,0,15,15,50.0,10,True,100.0,0
TTO-01783,normal,5,11,6,5,3,18,10,33.33,4,False,54.55,0
TTO-01784,normal,5,10,6,4,2,16,12,40.0,6,False,60.0,0
TTO-01785,normal,5,12,8,4,2,16,12,40.0,8,False,66.67,0
TTO-01786,normal,5,12,8,4,2,17,10,33.33,7,False,66.67,0
TTO-01787,normal,5,11,8,3,2,19,13,43.33,7,False,72.73,0
TTO-01788,normal,5,7,7,0,0,11,11,36.67,7,True,100.0,0
TTO-01789,normal,5,12,12,0,0,15,15,50.0,11,True,100.0,0
TTO-01790,normal,5,11,8,3,2,22,16,53.33,8,False,72.73,0
TTO-01791,normal,5,7,7,0,0,10,10,33.33,6,True,100.0,0
TTO-01792,normal,5,12,11,1,1,14,12,40.0,10,False,91.67,0
TTO-01793,normal,5,10,9,1,1,18,16,53.33,8,False,90.0,0
TTO-01794,normal,5,12,5,7,3,22,10,33.33,5,False,41.67,0
TTO-01795,normal,5,12,12,0,0,19,19,63.33,12,True,100.0,0
TTO-01796,normal,5,11,9,2,1,16,14,46.67,8,False,81.82,0
TTO-01797,normal,5,14,10,4,2,28,20,66.67,10,False,71.43,0
TTO-01798,normal,5,11,10,1,1,18,16,53.33,8,False,90.91,0
TTO-01799,normal,5,13,12,1,1,19,17,56.67,12,False,92.31,0
TTO-01800,normal,5,10,8,2,1,12,10,33.33,7,False,80.0,0
TTO-01801,normal,5,7,6,1,1,11,10,33.33,5,False,85.71,0
TTO-01802,normal,5,8,8,0,0,11,11,36.67,7,True,100.0,0
TTO-01803,normal,5,12,7,5,3,19,12,40.0,7,False,58.33,0
TTO-01804,normal,5,13,7,6,2,19,10,33.33,7,False,53.85,0
TTO-01805,normal,5,11,11,0,0,12,12,40.0,11,True,100.0,0
TTO-01806,normal,5,9,9,0,0,14,14,46.67,8,True,100.0,0
TTO-01807,normal,5,7,7,0,0,10,10,33.33,6,True,100.0,0
TTO-01808,normal,5,8,7,1,1,14,12,40.0,7,False,87.5,0
TTO-01809,normal,5,9,8,1,1,14,12,40.0,7,False,88.89,0
TTO-01810,normal,5,13,7,6,3,23,12,40.0,6,False,53.85,0
TTO-01811,normal,5,7,7,0,0,11,11,36.67,7,True,100.0,0
TTO-01812,normal,5,9,8,1,1,14,12,40.0,7,False,88.89,0
TTO-01813,normal,5,7,7,0,0,11,11,36.67,6,True,100.0,0
TTO-01814,normal,5,10,10,0,0,14,14,46.67,9,True,100.0,0
TTO-01815,normal,5,12,10,2,1,15,11,36.67,8,False,83.33,0
TTO-01816,normal,5,11,11,0,0,14,14,46.67,10,True,100.0,0
TTO-01817,normal,5,8,7,1,1,12,10,33.33,6,False,87.5,0
TTO-01818,normal,5,11,11,0,0,13,13,43.33,10,True,100.0,0
TTO-01819,normal,5,8,8,0,0,9,9,30.0,7,True,100.0,0
TTO-01820,normal,5,8,7,1,1,13,11,36.67,6,False,87.5,0
TTO-01821,normal,5,8,6,2,1,13,9,30.0,4,False,75.0,0
TTO-01822,normal,5,9,5,4,2,17,9,30.0,4,False,55.56,0
TTO-01823,normal,5,10,10,0,0,17,17,56.67,9,True,100.0,0
TTO-01824,normal,5,14,8,6,3,20,10,33.33,7,False,57.14,0
TTO-01825,normal,5,11,7,4,2,18,10,33.33,7,False,63.64,0
TTO-01826,normal,5,12,8,4,2,18,10,33.33,8,False,66.67,0
TTO-01827,normal,5,9,9,0,0,16,16,53.33,6,True,100.0,0
TTO-01828,normal,5,10,9,1,1,16,14,46.67,8,False,90.0,0
TTO-01829,normal,5,9,9,0,0,9,9,30.0,8,True,100.0,0
TTO-01830,normal,5,8,8,0,0,11,11,36.67,7,True,100.0,0
TTO-01831,normal,5,12,9,3,1,20,14,46.67,9,False,75.0,0
TTO-01832,normal,5,9,9,0,0,15,15,50.0,9,True,100.0,0
TTO-01833,normal,5,10,10,0,0,13,13,43.33,10,True,100.0,0
TTO-01834,normal,5,9,9,0,0,14,14,46.67,9,True,100.0,0
TTO-01835,normal,5,11,6,5,2,19,9,30.0,4,False,54.55,0
TTO-01836,normal,5,8,7,1,1,13,11,36.67,7,False,87.5,0
TTO-01837,normal,5,11,9,2,1,16,14,46.67,8,False,81.82,0
TTO-01838,normal,5,12,8,4,2,20,12,40.0,7,False,66.67,0
TTO-01839,normal,5,9,9,0,0,15,15,50.0,8,True,100.0,0
TTO-01840,normal,5,9,8,1,1,14,12,40.0,7,False,88.89,0
TTO-01841,normal,5,11,10,1,1,18,16,53.33,9,False,90.91,0
TTO-01842,normal,5,12,9,3,1,18,12,40.0,8,False,75.0,0
TTO-01843,normal,5,12,8,4,3,21,16,53.33,7,False,66.67,0
TTO-01844,normal,5,10,6,4,2,14,10,33.33,6,False,60.0,0
TTO-01845,normal,5,12,11,1,1,16,14,46.67,11,False,91.67,0
TTO-01846,normal,5,9,9,0,0,14,14,46.67,8,True,100.0,0
TTO-01847,normal,5,9,8,1,1,14,13,43.33,8,False,88.89,0
TTO-01848,normal,5,12,11,1,1,17,15,50.0,10,False,91.67,0
TTO-01849,normal,5,9,8,1,1,12,10,33.33,7,False,88.89,0
TTO-01850,normal,5,11,6,5,2,20,10,33.33,4,False,54.55,0
TTO-01851,normal,5,8,7,1,1,13,11,36.67,7,False,87.5,0
TTO-01852,normal,5,12,8,4,2,24,16,53.33,7,False,66.67,0
TTO-01853,normal,5,12,10,2,1,18,14,46.67,8,False,83.33,0
TTO-01854,normal,5,9,8,1,1,14,12,40.0,7,False,88.89,0
TTO-01855,normal,5,10,10,0,0,13,13,43.33,8,True,100.0,0
TTO-01856,normal,5,10,8,2,1,14,12,40.0,6,False,80.0,0
TTO-01857,normal,5,9,7,2,1,14,10,33.33,5,False,77.78,0
TTO-01858,normal,5,12,9,3,1,20,14,46.67,8,False,75.0,0
TTO-01859,normal,5,10,5,5,3,18,10,33.33,5,False,50.0,0
TTO-01860,normal,5,12,10,2,1,17,15,50.0,10,False,83.33,0
TTO-01861,normal,5,13,12,1,1,20,18,60.0,12,False,92.31,0
TTO-01862,normal,5,11,8,3,3,21,16,53.33,7,False,72.73,0
TTO-01863,normal,5,9,9,0,0,15,15,50.0,8,True,100.0,0
TTO-01864,normal,5,10,7,3,2,16,12,40.0,7,False,70.0,0
TTO-01865,normal,5,7,7,0,0,11,11,36.67,7,True,100.0,0
TTO-01866,normal,5,7,7,0,0,11,11,36.67,5,True,100.0,0
TTO-01867,normal,5,9,6,3,1,16,10,33.33,5,False,66.67,0
TTO-01868,normal,5,8,6,2,1,14,12,40.0,5,False,75.0,0
TTO-01869,normal,5,10,7,3,1,18,12,40.0,7,False,70.0,0
TTO-01870,normal,5,12,10,2,2,23,20,66.67,6,False,83.33,0
TTO-01871,normal,5,10,6,4,2,16,11,36.67,5,False,60.0,0
TTO-01872,normal,5,9,7,2,2,17,13,43.33,6,False,77.78,0
TTO-01873,normal,5,9,9,0,0,12,12,40.0,9,True,100.0,0
TTO-01874,normal,5,12,12,0,0,13,13,43.33,10,True,100.0,0
TTO-01875,normal,5,12,11,1,1,18,16,53.33,10,False,91.67,0
TTO-01876,normal,5,11,9,2,1,18,16,53.33,9,False,81.82,0
TTO-01877,normal,5,8,7,1,1,13,11,36.67,6,False,87.5,0
TTO-01878,normal,5,14,10,4,2,26,18,60.0,8,False,71.43,0
TTO-01879,normal,5,9,9,0,0,14,14,46.67,9,True,100.0,0
TTO-01880,normal,5,9,8,1,1,16,14,46.67,7,False,88.89,0
TTO-01881,normal,5,8,8,0,0,11,11,36.67,8,True,100.0,0
TTO-01882,normal,5,11,6,5,2,21,11,36.67,6,False,54.55,0
TTO-01883,normal,5,8,8,0,0,10,10,33.33,6,True,100.0,0
TTO-01884,normal,5,12,9,3,1,20,17,56.67,8,False,75.0,0
TTO-01885,normal,5,12,10,2,2,21,17,56.67,10,False,83.33,0
TTO-01886,normal,5,9,7,2,1,14,12,40.0,6,False,77.78,0
TTO-01887,normal,5,9,9,0,0,13,13,43.33,9,True,100.0,0
TTO-01888,normal,5,8,7,1,1,13,11,36.67,7,False,87.5,0
TTO-01889,normal,5,10,10,0,0,11,11,36.67,8,True,100.0,0
TTO-01890,normal,5,12,12,0,0,20,20,66.67,9,True,100.0,0
TTO-01891,normal,5,12,10,2,1,15,13,43.33,9,False,83.33,0
TTO-01892,normal,5,8,5,3,2,15,9,30.0,5,False,62.5,0
TTO-01893,normal,5,10,10,0,0,12,12,40.0,10,True,100.0,0
TTO-01894,normal,5,9,9,0,0,12,12,40.0,8,True,100.0,0
TTO-01895,normal,5,14,6,8,3,25,9,30.0,6,False,42.86,0
TTO-01896,normal,5,11,10,1,1,17,16,53.33,10,False,90.91,0
TTO-01897,normal,5,10,9,1,1,19,17,56.67,8,False,90.0,0
TTO-01898,normal,5,12,12,0,0,16,16,53.33,10,True,100.0,0
TTO-01899,normal,5,9,7,2,1,14,12,40.0,6,False,77.78,0
TTO-01900,normal,5,9,8,1,1,13,11,36.67,8,False,88.89,0
TTO-01901,normal,5,9,9,0,0,11,11,36.67,8,True,100.0,0
TTO-01902,normal,5,9,9,0,0,10,10,33.33,9,True,100.0,0
TTO-01903,normal,5,8,6,2,1,15,11,36.67,6,False,75.0,0
TTO-01904,normal,5,7,7,0,0,9,9,30.0,7,True,100.0,0
TTO-01905,normal,5,10,10,0,0,14,14,46.67,10,True,100.0,0
TTO-01906,normal,5,7,7,0,0,13,13,43.33,7,True,100.0,0
TTO-01907,normal,5,9,9,0,0,11,11,36.67,9,True,100.0,0
TTO-01908,normal,5,11,10,1,1,15,14,46.67,9,False,90.91,0
TTO-01909,normal,5,10,8,2,1,16,12,40.0,8,False,80.0,0
TTO-01910,normal,5,12,11,1,1,16,14,46.67,10,False,91.67,0
TTO-01911,normal,5,9,9,0,0,11,11,36.67,8,True,100.0,0
TTO-01912,normal,5,13,7,6,3,19,10,33.33,5,False,53.85,0
TTO-01913,normal,5,8,7,1,1,14,12,40.0,7,False,87.5,0
TTO-01914,normal,5,10,9,1,1,16,15,50.0,9,False,90.0,0
TTO-01915,normal,5,11,11,0,0,16,16,53.33,11,True,100.0,0
TTO-01916,normal,5,10,10,0,0,14,14,46.67,9,True,100.0,0
TTO-01917,normal,5,9,8,1,1,16,14,46.67,7,False,88.89,0
TTO-01918,normal,5,9,9,0,0,13,13,43.33,8,True,100.0,0
TTO-01919,normal,5,11,9,2,2,15,12,40.0,9,False,81.82,0
TTO-01920,normal,5,8,7,1,1,12,10,33.33,6,False,87.5,0
TTO-01921,normal,5,10,6,4,3,16,10,33.33,6,False,60.0,0
TTO-01922,normal,5,8,5,3,2,16,10,33.33,5,False,62.5,0
TTO-01923,normal,5,8,6,2,2,15,12,40.0,6,False,75.0,0
TTO-01924,normal,5,10,8,2,1,16,12,40.0,7,False,80.0,0
TTO-01925,normal,5,7,6,1,1,13,11,36.67,5,False,85.71,0
TTO-01926,normal,5,13,9,4,3,20,12,40.0,9,False,69.23,0
TTO-01927,normal,5,10,10,0,0,12,12,40.0,8,True,100.0,0
TTO-01928,normal,5,9,7,2,1,12,10,33.33,6,False,77.78,0
TTO-01929,normal,5,12,9,3,2,22,16,53.33,8,False,75.0,0
TTO-01930,normal,5,6,6,0,0,10,10,33.33,5,True,100.0,0
TTO-01931,normal,5,13,11,2,2,16,13,43.33,10,False,84.62,0
TTO-01932,normal,5,10,9,1,1,14,13,43.33,8,False,90.0,0
TTO-01933,normal,5,9,6,3,2,17,11,36.67,5,False,66.67,0
TTO-01934,normal,5,10,8,2,2,16,13,43.33,6,False,80.0,0
TTO-01935,normal,5,5,5,0,0,6,6,20.0,5,True,100.0,0
TTO-01936,normal,5,9,9,0,0,14,14,46.67,9,True,100.0,0
TTO-01937,normal,5,12,5,7,3,17,10,33.33,5,False,41.67,0
TTO-01938,normal,5,11,9,2,2,17,14,46.67,9,False,81.82,0
TTO-01939,normal,5,12,9,3,1,17,11,36.67,8,False,75.0,0
TTO-01940,normal,5,12,8,4,2,19,14,46.67,6,False,66.67,0
TTO-01941,normal,5,10,7,3,1,16,13,43.33,7,False,70.0,0
TTO-01942,normal,5,9,5,4,3,17,10,33.33,4,False,55.56,0
TTO-01943,normal,5,11,7,4,3,17,10,33.33,7,False,63.64,0
TTO-01944,normal,5,13,9,4,2,16,12,40.0,7,False,69.23,0
TTO-01945,normal,5,12,10,2,1,19,15,50.0,10,False,83.33,0
TTO-01946,normal,5,13,11,2,1,16,12,40.0,9,False,84.62,0
TTO-01947,normal,5,8,7,1,1,11,9,30.0,6,False,87.5,0
TTO-01948,normal,5,9,8,1,1,12,11,36.67,8,False,88.89,0
TTO-01949,normal,5,12,9,3,2,16,12,40.0,9,False,75.0,0
TTO-01950,normal,5,12,12,0,0,14,14,46.67,10,True,100.0,0
TTO-01951,normal,5,14,10,4,2,25,20,66.67,10,False,71.43,0
TTO-01952,normal,5,9,7,2,2,15,12,40.0,5,False,77.78,0
TTO-01953,normal,5,8,8,0,0,10,10,33.33,7,True,100.0,0
TTO-01954,normal,5,11,7,4,2,22,14,46.67,3,False,63.64,0
TTO-01955,normal,5,8,8,0,0,10,10,33.33,6,True,100.0,0
TTO-01956,normal,5,13,7,6,3,24,14,46.67,7,False,53.85,0
TTO-01957,normal,5,9,9,0,0,12,12,40.0,9,True,100.0,0
TTO-01958,normal,5,13,7,6,3,22,12,40.0,7,False,53.85,0
TTO-01959,normal,5,8,8,0,0,8,8,26.67,8,True,100.0,0
TTO-01960,normal,5,12,10,2,1,18,16,53.33,9,False,83.33,0
TTO-01961,normal,5,10,7,3,2,18,12,40.0,6,False,70.0,0
TTO-01962,normal,5,12,9,3,2,17,12,40.0,9,False,75.0,0
TTO-01963,normal,5,10,10,0,0,13,13,43.33,9,True,100.0,0
TTO-01964,normal,5,11,8,3,2,19,13,43.33,6,False,72.73,0
TTO-01965,normal,5,10,6,4,2,17,11,36.67,6,False,60.0,0
TTO-01966,normal,5,8,8,0,0,12,12,40.0,7,True,100.0,0
TTO-01967,normal,5,11,9,2,1,16,14,46.67,8,False,81.82,0
TTO-01968,normal,5,12,7,5,3,18,12,40.0,7,False,58.33,0
TTO-01969,normal,5,12,9,3,1,18,12,40.0,7,False,75.0,0
TTO-01970,normal,5,7,7,0,0,10,10,33.33,6,True,100.0,0
TTO-01971,normal,5,11,8,3,2,19,13,43.33,6,False,72.73,0
TTO-01972,normal,5,9,5,4,2,18,10,33.33,5,False,55.56,0
TTO-01973,normal,5,12,8,4,2,21,13,43.33,8,False,66.67,0
TTO-01974,normal,5,10,10,0,0,12,12,40.0,10,True,100.0,0
TTO-01975,normal,5,10,9,1,1,15,13,43.33,9,False,90.0,0
TTO-01976,normal,5,8,8,0,0,10,10,33.33,8,True,100.0,0
TTO-01977,normal,5,15,8,7,3,24,13,43.33,7,False,53.33,0
TTO-01978,normal,5,9,8,1,1,13,12,40.0,8,False,88.89,0
TTO-01979,normal,5,12,10,2,2,16,13,43.33,10,False,83.33,0
TTO-01980,normal,5,11,8,3,1,21,15,50.0,8,False,72.73,0
TTO-01981,normal,5,12,10,2,1,17,13,43.33,10,False,83.33,0
TTO-01982,normal,5,10,8,2,2,15,11,36.67,6,False,80.0,0
TTO-01983,normal,5,9,9,0,0,11,11,36.67,8,True,100.0,0
TTO-01984,normal,5,8,8,0,0,11,11,36.67,7,True,100.0,0
TTO-01985,normal,5,13,10,3,1,17,14,46.67,9,False,76.92,0
TTO-01986,normal,5,10,7,3,1,16,10,33.33,6,False,70.0,0
TTO-01987,normal,5,11,5,6,4,20,10,33.33,5,False,45.45,0
TTO-01988,normal,5,11,8,3,2,18,12,40.0,7,False,72.73,0
TTO-01989,normal,5,14,11,3,1,16,13,43.33,9,False,78.57,0
TTO-01990,normal,5,13,8,5,3,19,10,33.33,6,False,61.54,0
TTO-01991,normal,5,12,7,5,2,20,10,33.33,6,False,58.33,0
TTO-01992,normal,5,10,8,2,1,13,9,30.0,7,False,80.0,0
TTO-01993,normal,5,9,7,2,1,15,11,36.67,6,False,77.78,0
TTO-01994,normal,5,10,9,1,1,15,14,46.67,9,False,90.0,0
TTO-01995,normal,5,13,10,3,1,15,12,40.0,8,False,76.92,0
TTO-01996,normal,5,9,9,0,0,15,15,50.0,7,True,100.0,0
TTO-01997,normal,5,8,8,0,0,8,8,26.67,7,True,100.0,0
TTO-01998,normal,5,9,9,0,0,13,13,43.33,9,True,100.0,0
TTO-01999,normal,5,11,8,3,2,17,12,40.0,7,False,72.73,0
TTO-02000,normal,5,8,8,0,0,12,12,40.0,8,True,100.0,0
TTO-02001,normal,5,11,10,1,1,17,15,50.0,10,False,90.91,0
TTO-02002,normal,5,10,8,2,1,12,10,33.33,8,False,80.0,0
TTO-02003,normal,5,10,9,1,1,18,16,53.33,7,False,90.0,0
TTO-02004,normal,5,11,9,2,1,16,12,40.0,8,False,81.82,0
TTO-02005,normal,5,9,8,1,1,15,14,46.67,7,False,88.89,0
TTO-02006,normal,5,9,7,2,1,13,11,36.67,6,False,77.78,0
TTO-02007,normal,5,9,5,4,3,15,10,33.33,5,False,55.56,0
TTO-02008,normal,5,11,8,3,2,19,16,53.33,7,False,72.73,0
TTO-02009,normal,5,10,6,4,2,19,12,40.0,6,False,60.0,0
TTO-02010,normal,5,9,9,0,0,9,9,30.0,8,True,100.0,0
TTO-02011,normal,5,10,10,0,0,15,15,50.0,10,True,100.0,0
TTO-02012,normal,5,13,7,6,2,20,14,46.67,6,False,53.85,0
TTO-02013,normal,5,11,10,1,1,15,14,46.67,9,False,90.91,0
TTO-02014,normal,5,10,10,0,0,10,10,33.33,9,True,100.0,0
TTO-02015,normal,5,12,5,7,4,21,10,33.33,5,False,41.67,0
TTO-02016,normal,5,14,5,9,3,19,10,33.33,4,False,35.71,0
TTO-02017,normal,5,8,5,3,3,15,10,33.33,4,False,62.5,0
TTO-02018,normal,5,14,10,4,2,28,20,66.67,10,False,71.43,0
TTO-02019,normal,5,7,7,0,0,14,14,46.67,7,True,100.0,0
TTO-02020,normal,5,11,11,0,0,12,12,40.0,11,True,100.0,0
TTO-02021,normal,5,8,8,0,0,10,10,33.33,6,True,100.0,0
TTO-02022,normal,5,10,8,2,1,13,9,30.0,6,False,80.0,0
TTO-02023,normal,5,9,9,0,0,12,12,40.0,8,True,100.0,0
TTO-02024,normal,5,10,10,0,0,14,14,46.67,10,True,100.0,0
TTO-02025,normal,5,9,9,0,0,13,13,43.33,7,True,100.0,0
TTO-02026,normal,5,9,9,0,0,11,11,36.67,8,True,100.0,0
TTO-02027,normal,5,7,7,0,0,11,11,36.67,6,True,100.0,0
TTO-02028,normal,5,12,12,0,0,17,17,56.67,11,True,100.0,0
TTO-02029,normal,5,13,7,6,2,18,12,40.0,6,False,53.85,0
TTO-02030,normal,5,10,7,3,2,17,11,36.67,6,False,70.0,0
TTO-02031,normal,5,9,5,4,2,17,9,30.0,5,False,55.56,0
TTO-02032,normal,5,11,11,0,0,11,11,36.67,10,True,100.0,0
TTO-02033,normal,5,7,7,0,0,10,10,33.33,7,True,100.0,0
TTO-02034,normal,5,9,9,0,0,14,14,46.67,8,True,100.0,0
TTO-02035,normal,5,12,12,0,0,14,14,46.67,10,True,100.0,0
TTO-02036,normal,5,14,12,2,1,20,18,60.0,10,False,85.71,0
TTO-02037,normal,5,8,8,0,0,16,16,53.33,8,True,100.0,0
TTO-02038,normal,5,9,7,2,1,13,11,36.67,7,False,77.78,0
TTO-02039,normal,5,12,9,3,1,24,18,60.0,9,False,75.0,0
TTO-02040,normal,5,7,7,0,0,10,10,33.33,7,True,100.0,0
TTO-02041,normal,5,9,7,2,1,14,12,40.0,6,False,77.78,0
TTO-02042,normal,5,11,7,4,2,19,12,40.0,6,False,63.64,0
TTO-02043,normal,5,12,9,3,2,15,9,30.0,8,False,75.0,0
TTO-02044,normal,5,12,8,4,2,19,13,43.33,7,False,66.67,0
TTO-02045,normal,5,8,8,0,0,9,9,30.0,6,True,100.0,0
TTO-02046,normal,5,13,11,2,1,17,15,50.0,10,False,84.62,0
TTO-02047,normal,5,14,7,7,4,23,14,46.67,6,False,50.0,0
TTO-02048,normal,5,12,10,2,1,18,16,53.33,9,False,83.33,0
TTO-02049,normal,5,11,9,2,1,13,9,30.0,8,False,81.82,0
TTO-02050,normal,5,11,11,0,0,14,14,46.67,10,True,100.0,0
TTO-02051,normal,5,10,10,0,0,10,10,33.33,9,True,100.0,0
TTO-02052,normal,5,12,9,3,2,16,12,40.0,8,False,75.0,0
TTO-02053,normal,5,10,6,4,2,20,12,40.0,4,False,60.0,0
TTO-02054,normal,5,10,9,1,1,15,13,43.33,8,False,90.0,0
TTO-02055,normal,5,9,6,3,2,17,11,36.67,6,False,66.67,0
TTO-02056,normal,5,12,6,6,3,19,12,40.0,5,False,50.0,0
TTO-02057,normal,5,13,7,6,2,23,14,46.67,7,False,53.85,0
TTO-02058,normal,5,7,7,0,0,9,9,30.0,6,True,100.0,0
TTO-02059,normal,5,13,9,4,2,19,14,46.67,8,False,69.23,0
TTO-02060,normal,5,8,6,2,2,14,11,36.67,6,False,75.0,0
TTO-02061,normal,5,12,8,4,2,19,12,40.0,7,False,66.67,0
TTO-02062,normal,5,9,6,3,2,17,11,36.67,5,False,66.67,0
TTO-02063,normal,5,7,6,1,1,14,12,40.0,6,False,85.71,0
TTO-02064,normal,5,10,10,0,0,13,13,43.33,10,True,100.0,0
TTO-02065,normal,5,11,7,4,3,21,13,43.33,7,False,63.64,0
TTO-02066,normal,5,12,8,4,2,18,12,40.0,6,False,66.67,0
TTO-02067,normal,5,8,7,1,1,12,10,33.33,6,False,87.5,0
TTO-02068,normal,5,7,7,0,0,10,10,33.33,7,True,100.0,0
TTO-02069,normal,5,11,9,2,1,18,14,46.67,8,False,81.82,0
TTO-02070,normal,5,12,7,5,3,20,14,46.67,7,False,58.33,0
TTO-02071,normal,5,10,7,3,2,14,10,33.33,6,False,70.0,0
TTO-02072,normal,5,11,7,4,2,14,10,33.33,7,False,63.64,0
TTO-02073,normal,5,13,11,2,1,16,12,40.0,10,False,84.62,0
TTO-02074,normal,5,11,9,2,1,14,10,33.33,8,False,81.82,0
TTO-02075,normal,5,11,10,1,1,15,13,43.33,10,False,90.91,0
TTO-02076,normal,5,9,9,0,0,15,15,50.0,8,True,100.0,0
TTO-02077,normal,5,13,5,8,3,26,10,33.33,5,False,38.46,0
TTO-02078,normal,5,10,6,4,2,14,10,33.33,6,False,60.0,0
TTO-02079,normal,5,9,9,0,0,10,10,33.33,9,True,100.0,0
TTO-02080,normal,5,8,8,0,0,14,14,46.67,8,True,100.0,0
TTO-02081,normal,5,8,8,0,0,13,13,43.33,7,True,100.0,0
TTO-02082,normal,5,7,7,0,0,10,10,33.33,7,True,100.0,0
TTO-02083,normal,5,10,10,0,0,11,11,36.67,10,True,100.0,0
TTO-02084,normal,5,6,6,0,0,8,8,26.67,6,True,100.0,0
TTO-02085,normal,5,11,10,1,1,14,12,40.0,9,False,90.91,0
TTO-02086,normal,5,9,8,1,1,13,11,36.67,8,False,88.89,0
TTO-02087,normal,5,9,8,1,1,17,16,53.33,7,False,88.89,0
TTO-02088,normal,5,13,13,0,0,18,18,60.0,12,True,100.0,0
TTO-02089,normal,5,9,6,3,1,17,11,36.67,5,False,66.67,0
TTO-02090,normal,5,8,8,0,0,10,10,33.33,7,True,100.0,0
TTO-02091,normal,5,9,8,1,1,12,10,33.33,6,False,88.89,0
TTO-02092,normal,5,10,7,3,2,18,14,46.67,7,False,70.0,0
TTO-02093,normal,5,10,10,0,0,11,11,36.67,10,True,100.0,0
TTO-02094,normal,5,10,6,4,2,17,9,30.0,6,False,60.0,0
TTO-02095,normal,5,11,9,2,1,17,13,43.33,8,False,81.82,0
TTO-02096,normal,5,10,7,3,2,15,12,40.0,6,False,70.0,0
TTO-02097,normal,5,7,7,0,0,11,11,36.67,7,True,100.0,0
TTO-02098,normal,5,12,11,1,1,14,13,43.33,11,False,91.67,0
TTO-02099,normal,5,12,6,6,3,24,12,40.0,6,False,50.0,0
TTO-02100,normal,5,10,10,0,0,13,13,43.33,9,True,100.0,0
TTO-02101,normal,5,10,10,0,0,18,18,60.0,9,True,100.0,0
TTO-02102,normal,5,14,11,3,2,17,13,43.33,10,False,78.57,0
TTO-02103,normal,5,10,10,0,0,12,12,40.0,8,True,100.0,0
TTO-02104,normal,5,11,9,2,1,17,13,43.33,7,False,81.82,0
TTO-02105,normal,5,6,6,0,0,7,7,23.33,4,True,100.0,0
TTO-02106,normal,5,13,7,6,3,21,9,30.0,7,False,53.85,0
TTO-02107,normal,5,11,9,2,1,13,11,36.67,9,False,81.82,0
TTO-02108,normal,5,10,7,3,2,16,12,40.0,5,False,70.0,0
TTO-02109,normal,5,9,9,0,0,10,10,33.33,9,True,100.0,0
TTO-02110,normal,5,11,10,1,1,16,15,50.0,9,False,90.91,0
TTO-02111,normal,5,14,11,3,2,17,13,43.33,10,False,78.57,0
TTO-02112,normal,5,7,6,1,1,11,10,33.33,4,False,85.71,0
TTO-02113,normal,5,8,8,0,0,13,13,43.33,8,True,100.0,0
TTO-02114,normal,5,7,7,0,0,8,8,26.67,7,True,100.0,0
TTO-02115,normal,5,12,10,2,1,20,16,53.33,9,False,83.33,0
TTO-02116,normal,5,9,9,0,0,13,13,43.33,9,True,100.0,0
TTO-02117,normal,5,10,8,2,2,16,12,40.0,8,False,80.0,0
TTO-02118,normal,5,11,8,3,1,20,14,46.67,7,False,72.73,0
TTO-02119,normal,5,7,7,0,0,13,13,43.33,7,True,100.0,0
TTO-02120,normal,5,8,8,0,0,11,11,36.67,8,True,100.0,0
TTO-02121,normal,5,9,9,0,0,10,10,33.33,9,True,100.0,0
TTO-02122,normal,5,8,8,0,0,8,8,26.67,5,True,100.0,0
TTO-02123,normal,5,9,9,0,0,12,12,40.0,9,True,100.0,0
TTO-02124,normal,5,11,8,3,1,14,11,36.67,8,False,72.73,0
TTO-02125,normal,5,7,6,1,1,12,10,33.33,6,False,85.71,0
TTO-02126,normal,5,10,9,1,1,11,10,33.33,7,False,90.0,0
TTO-02127,normal,5,11,6,5,2,18,10,33.33,5,False,54.55,0
TTO-02128,normal,5,10,10,0,0,11,11,36.67,8,True,100.0,0
TTO-02129,normal,5,6,6,0,0,11,11,36.67,6,True,100.0,0
TTO-02130,normal,5,13,9,4,2,16,12,40.0,8,False,69.23,0
TTO-02131,normal,5,9,9,0,0,12,12,40.0,8,True,100.0,0
TTO-02132,normal,5,11,9,2,1,20,16,53.33,8,False,81.82,0
TTO-02133,normal,5,14,12,2,1,20,18,60.0,11,False,85.71,0
TTO-02134,normal,5,11,11,0,0,11,11,36.67,11,True,100.0,0
TTO-02135,normal,5,12,7,5,2,18,10,33.33,5,False,58.33,0
TTO-02136,normal,5,8,8,0,0,10,10,33.33,7,True,100.0,0
TTO-02137,normal,5,10,5,5,4,17,10,33.33,4,False,50.0,0
TTO-02138,normal,5,12,9,3,2,15,10,33.33,9,False,75.0,0
TTO-02139,normal,5,10,6,4,2,16,11,36.67,6,False,60.0,0
TTO-02140,normal,5,11,8,3,1,15,12,40.0,7,False,72.73,0
TTO-02141,normal,5,8,8,0,0,11,11,36.67,7,True,100.0,0
TTO-02142,normal,5,7,7,0,0,11,11,36.67,6,True,100.0,0
TTO-02143,normal,5,12,9,3,2,16,12,40.0,8,False,75.0,0
TTO-02144,normal,5,11,8,3,2,13,10,33.33,8,False,72.73,0
TTO-02145,normal,5,12,8,4,2,15,10,33.33,7,False,66.67,0
TTO-02146,normal,5,6,6,0,0,8,8,26.67,6,True,100.0,0
TTO-02147,normal,5,8,8,0,0,11,11,36.67,7,True,100.0,0
TTO-02148,normal,5,9,9,0,0,9,9,30.0,8,True,100.0,0
TTO-02149,normal,5,10,7,3,2,20,14,46.67,6,False,70.0,0
TTO-02150,normal,5,11,10,1,1,17,15,50.0,8,False,90.91,0
TTO-02151,normal,5,11,6,5,2,19,9,30.0,5,False,54.55,0
TTO-02152,normal,5,11,10,1,1,17,16,53.33,10,False,90.91,0
TTO-02153,normal,5,10,10,0,0,16,16,53.33,10,True,100.0,0
TTO-02154,normal,5,7,7,0,0,10,10,33.33,7,True,100.0,0
TTO-02155,normal,5,12,9,3,2,19,14,46.67,9,False,75.0,0
TTO-02156,normal,5,12,6,6,3,21,10,33.33,6,False,50.0,0
TTO-02157,normal,5,9,9,0,0,16,16,53.33,8,True,100.0,0
TTO-02158,normal,5,8,7,1,1,13,11,36.67,6,False,87.5,0
TTO-02159,normal,5,9,9,0,0,16,16,53.33,8,True,100.0,0
TTO-02160,normal,5,14,8,6,3,17,10,33.33,5,False,57.14,0
TTO-02161,normal,5,11,10,1,1,16,14,46.67,9,False,90.91,0
TTO-02162,normal,5,11,11,0,0,15,15,50.0,11,True,100.0,0
TTO-02163,normal,5,10,8,2,1,16,12,40.0,8,False,80.0,0
TTO-02164,normal,5,8,8,0,0,12,12,40.0,5,True,100.0,0
TTO-02165,normal,5,8,8,0,0,11,11,36.67,8,True,100.0,0
TTO-02166,normal,5,11,8,3,2,14,10,33.33,6,False,72.73,0
TTO-02167,normal,5,12,12,0,0,16,16,53.33,12,True,100.0,0
TTO-02168,normal,5,9,7,2,1,14,10,33.33,7,False,77.78,0
TTO-02169,normal,5,12,11,1,1,20,18,60.0,9,False,91.67,0
TTO-02170,normal,5,9,9,0,0,12,12,40.0,8,True,100.0,0
TTO-02171,normal,5,10,10,0,0,12,12,40.0,9,True,100.0,0
TTO-02172,normal,5,8,8,0,0,12,12,40.0,7,True,100.0,0
TTO-02173,normal,5,12,8,4,2,21,13,43.33,7,False,66.67,0
TTO-02174,normal,5,10,10,0,0,13,13,43.33,8,True,100.0,0
TTO-02175,normal,5,8,8,0,0,11,11,36.67,6,True,100.0,0
TTO-02176,normal,5,10,10,0,0,11,11,36.67,7,True,100.0,0
TTO-02177,normal,5,6,6,0,0,11,11,36.67,6,True,100.0,0
TTO-02178,normal,5,12,8,4,2,18,12,40.0,7,False,66.67,0
TTO-02179,normal,5,10,9,1,1,18,16,53.33,7,False,90.0,0
TTO-02180,normal,5,8,8,0,0,11,11,36.67,7,True,100.0,0
TTO-02181,normal,5,10,9,1,1,13,11,36.67,9,False,90.0,0
TTO-02182,normal,5,9,8,1,1,16,14,46.67,7,False,88.89,0
TTO-02183,normal,5,11,9,2,1,14,12,40.0,9,False,81.82,0
TTO-02184,normal,5,10,10,0,0,12,12,40.0,9,True,100.0,0
TTO-02185,normal,5,10,9,1,1,13,12,40.0,7,False,90.0,0
TTO-02186,normal,5,9,9,0,0,11,11,36.67,7,True,100.0,0
TTO-02187,normal,5,8,7,1,1,13,11,36.67,7,False,87.5,0
TTO-02188,normal,5,11,11,0,0,15,15,50.0,9,True,100.0,0
TTO-02189,normal,5,9,8,1,1,18,16,53.33,7,False,88.89,0
TTO-02190,normal,5,10,10,0,0,16,16,53.33,10,True,100.0,0
TTO-02191,normal,5,11,9,2,1,14,12,40.0,9,False,81.82,0
TTO-02192,normal,5,6,6,0,0,9,9,30.0,6,True,100.0,0
TTO-02193,normal,5,11,11,0,0,15,15,50.0,8,True,100.0,0
TTO-02194,normal,5,7,7,0,0,12,12,40.0,6,True,100.0,0
TTO-02195,normal,5,11,8,3,2,17,13,43.33,7,False,72.73,0
TTO-02196,normal,5,11,6,5,3,20,12,40.0,6,False,54.55,0
TTO-02197,normal,5,13,13,0,0,16,16,53.33,13,True,100.0,0
TTO-02198,normal,5,14,7,7,3,20,10,33.33,6,False,50.0,0
TTO-02199,normal,5,7,7,0,0,8,8,26.67,7,True,100.0,0
TTO-02200,normal,5,9,9,0,0,10,10,33.33,9,True,100.0,0
TTO-02201,normal,5,8,8,0,0,14,14,46.67,7,True,100.0,0
TTO-02202,normal,5,14,10,4,2,19,13,43.33,9,False,71.43,0
TTO-02203,normal,5,11,11,0,0,13,13,43.33,11,True,100.0,0
TTO-02204,normal,5,7,5,2,2,13,9,30.0,5,False,71.43,0
TTO-02205,normal,5,9,7,2,2,15,11,36.67,6,False,77.78,0
TTO-02206,normal,5,10,10,0,0,10,10,33.33,10,True,100.0,0
TTO-02207,normal,5,10,7,3,1,17,11,36.67,6,False,70.0,0
TTO-02208,normal,5,11,6,5,3,20,10,33.33,6,False,54.55,0
TTO-02209,normal,5,10,8,2,1,16,12,40.0,5,False,80.0,0
TTO-02210,normal,5,8,8,0,0,16,16,53.33,8,True,100.0,0
TTO-02211,normal,5,13,10,3,1,17,14,46.67,9,False,76.92,0
TTO-02212,normal,5,10,9,1,1,18,16,53.33,8,False,90.0,0
TTO-02213,normal,5,10,10,0,0,17,17,56.67,9,True,100.0,0
TTO-02214,normal,5,11,9,2,2,17,14,46.67,8,False,81.82,0
TTO-02215,normal,5,12,9,3,1,18,15,50.0,8,False,75.0,0
TTO-02216,normal,5,9,8,1,1,12,10,33.33,7,False,88.89,0
TTO-02217,normal,5,8,7,1,1,13,11,36.67,6,False,87.5,0
TTO-02218,normal,5,11,11,0,0,11,11,36.67,9,True,100.0,0
TTO-02219,normal,5,11,8,3,1,16,13,43.33,7,False,72.73,0
TTO-02220,normal,5,10,10,0,0,14,14,46.67,9,True,100.0,0
TTO-02221,normal,5,10,7,3,1,16,10,33.33,6,False,70.0,0
TTO-02222,normal,5,10,6,4,3,17,10,33.33,5,False,60.0,0
TTO-02223,normal,5,13,6,7,3,23,9,30.0,5,False,46.15,0
TTO-02224,normal,5,7,7,0,0,10,10,33.33,6,True,100.0,0
TTO-02225,normal,5,8,8,0,0,12,12,40.0,8,True,100.0,0
TTO-02226,normal,5,12,7,5,3,19,10,33.33,5,False,58.33,0
TTO-02227,normal,5,14,8,6,3,22,13,43.33,7,False,57.14,0
TTO-02228,normal,5,8,8,0,0,13,13,43.33,7,True,100.0,0
TTO-02229,normal,5,11,10,1,1,17,16,53.33,9,False,90.91,0
TTO-02230,normal,5,11,8,3,2,18,14,46.67,8,False,72.73,0
TTO-02231,normal,5,10,8,2,2,13,11,36.67,8,False,80.0,0
TTO-02232,normal,5,11,10,1,1,18,16,53.33,10,False,90.91,0
TTO-02233,normal,5,9,9,0,0,11,11,36.67,8,True,100.0,0
TTO-02234,normal,5,9,9,0,0,10,10,33.33,8,True,100.0,0
TTO-02235,normal,5,9,6,3,2,14,10,33.33,5,False,66.67,0
TTO-02236,normal,5,11,11,0,0,13,13,43.33,11,True,100.0,0
TTO-02237,normal,5,10,9,1,1,15,13,43.33,9,False,90.0,0
TTO-02238,normal,5,10,9,1,1,14,12,40.0,7,False,90.0,0
TTO-02239,normal,5,10,9,1,1,16,14,46.67,8,False,90.0,0
TTO-02240,normal,5,9,7,2,1,14,10,33.33,6,False,77.78,0
TTO-02241,normal,5,9,9,0,0,12,12,40.0,8,True,100.0,0
TTO-02242,normal,5,9,8,1,1,15,14,46.67,7,False,88.89,0
TTO-02243,normal,5,8,8,0,0,16,16,53.33,6,True,100.0,0
TTO-02244,normal,5,10,7,3,2,15,12,40.0,7,False,70.0,0
TTO-02245,normal,5,11,7,4,2,19,11,36.67,7,False,63.64,0
TTO-02246,normal,5,11,8,3,2,15,9,30.0,7,False,72.73,0
TTO-02247,normal,5,12,9,3,1,21,15,50.0,9,False,75.0,0
TTO-02248,normal,5,9,6,3,1,18,12,40.0,6,False,66.67,0
TTO-02249,normal,5,13,5,8,3,24,10,33.33,4,False,38.46,0
TTO-02250,normal,5,11,9,2,1,19,17,56.67,9,False,81.82,0
TTO-02251,normal,5,9,9,0,0,17,17,56.67,9,True,100.0,0
TTO-02252,normal,5,9,9,0,0,13,13,43.33,9,True,100.0,0
TTO-02253,normal,5,8,8,0,0,10,10,33.33,8,True,100.0,0
TTO-02254,normal,5,10,9,1,1,16,14,46.67,7,False,90.0,0
TTO-02255,normal,5,9,5,4,2,17,9,30.0,5,False,55.56,0
TTO-02256,normal,5,9,9,0,0,13,13,43.33,9,True,100.0,0
TTO-02257,normal,5,11,8,3,1,18,12,40.0,7,False,72.73,0
TTO-02258,normal,5,9,6,3,2,13,10,33.33,4,False,66.67,0
TTO-02259,normal,5,8,6,2,1,16,12,40.0,5,False,75.0,0
TTO-02260,normal,5,8,8,0,0,9,9,30.0,8,True,100.0,0
TTO-02261,normal,5,9,7,2,1,15,11,36.67,5,False,77.78,0
TTO-02262,normal,5,10,5,5,3,16,10,33.33,5,False,50.0,0
TTO-02263,normal,5,11,7,4,2,15,11,36.67,7,False,63.64,0
TTO-02264,normal,5,8,8,0,0,10,10,33.33,6,True,100.0,0
TTO-02265,normal,5,8,8,0,0,14,14,46.67,8,True,100.0,0
TTO-02266,normal,5,12,12,0,0,15,15,50.0,11,True,100.0,0
TTO-02267,normal,5,10,8,2,2,14,11,36.67,8,False,80.0,0
TTO-02268,normal,5,12,8,4,2,18,12,40.0,6,False,66.67,0
TTO-02269,normal,5,6,6,0,0,10,10,33.33,6,True,100.0,0
TTO-02270,normal,5,7,7,0,0,11,11,36.67,7,True,100.0,0
TTO-02271,normal,5,9,7,2,1,17,13,43.33,6,False,77.78,0
TTO-02272,normal,5,10,10,0,0,17,17,56.67,10,True,100.0,0
TTO-02273,normal,5,11,9,2,2,19,15,50.0,9,False,81.82,0
TTO-02274,normal,5,13,13,0,0,13,13,43.33,12,True,100.0,0
TTO-02275,normal,5,11,6,5,3,16,10,33.33,6,False,54.55,0
TTO-02276,normal,5,13,10,3,2,21,17,56.67,10,False,76.92,0
TTO-02277,normal,5,11,7,4,2,17,10,33.33,7,False,63.64,0
TTO-02278,normal,5,10,10,0,0,11,11,36.67,10,True,100.0,0
TTO-02279,normal,5,12,11,1,1,18,16,53.33,10,False,91.67,0
TTO-02280,normal,5,13,11,2,1,21,17,56.67,10,False,84.62,0
TTO-02281,normal,5,7,7,0,0,11,11,36.67,6,True,100.0,0
TTO-02282,normal,5,11,7,4,2,19,12,40.0,5,False,63.64,0
TTO-02283,normal,5,11,7,4,3,15,10,33.33,6,False,63.64,0
TTO-02284,normal,5,9,9,0,0,14,14,46.67,8,True,100.0,0
TTO-02285,normal,5,9,7,2,1,14,10,33.33,6,False,77.78,0
TTO-02286,normal,5,9,9,0,0,18,18,60.0,7,True,100.0,0
TTO-02287,normal,5,12,10,2,1,12,10,33.33,9,False,83.33,0
TTO-02288,normal,5,10,10,0,0,11,11,36.67,9,True,100.0,0
TTO-02289,normal,5,15,8,7,3,27,13,43.33,7,False,53.33,0
TTO-02290,normal,5,12,12,0,0,12,12,40.0,12,True,100.0,0
TTO-02291,normal,5,7,6,1,1,11,9,30.0,5,False,85.71,0
TTO-02292,normal,5,9,7,2,1,15,11,36.67,7,False,77.78,0
TTO-02293,normal,5,10,10,0,0,11,11,36.67,8,True,100.0,0
TTO-02294,normal,5,12,10,2,2,18,16,53.33,9,False,83.33,0
TTO-02295,normal,5,10,7,3,2,18,12,40.0,7,False,70.0,0
TTO-02296,normal,5,11,9,2,1,14,10,33.33,9,False,81.82,0
TTO-02297,normal,5,9,7,2,2,15,11,36.67,6,False,77.78,0
TTO-02298,normal,5,7,7,0,0,9,9,30.0,7,True,100.0,0
TTO-02299,normal,5,9,9,0,0,12,12,40.0,8,True,100.0,0
TTO-02300,normal,5,9,9,0,0,16,16,53.33,8,True,100.0,0
TTO-02301,normal,5,8,8,0,0,10,10,33.33,7,True,100.0,0
TTO-02302,normal,5,6,6,0,0,9,9,30.0,5,True,100.0,0
TTO-02303,normal,5,7,7,0,0,10,10,33.33,6,True,100.0,0
TTO-02304,normal,5,12,9,3,1,13,10,33.33,7,False,75.0,0
TTO-02305,normal,5,8,6,2,1,12,10,33.33,5,False,75.0,0
TTO-02306,normal,5,8,7,1,1,13,11,36.67,6,False,87.5,0
TTO-02307,normal,5,7,7,0,0,7,7,23.33,7,True,100.0,0
TTO-02308,normal,5,11,10,1,1,11,10,33.33,8,False,90.91,0
TTO-02309,normal,5,11,8,3,1,18,12,40.0,6,False,72.73,0
TTO-02310,normal,5,9,8,1,1,13,11,36.67,8,False,88.89,0
TTO-02311,normal,5,14,10,4,2,19,13,43.33,9,False,71.43,0
TTO-02312,normal,5,11,10,1,1,19,17,56.67,6,False,90.91,0
TTO-02313,normal,5,7,6,1,1,13,11,36.67,6,False,85.71,0
TTO-02314,normal,5,12,9,3,1,21,18,60.0,9,False,75.0,0
TTO-02315,normal,5,14,9,5,2,19,9,30.0,8,False,64.29,0
TTO-02316,normal,5,10,7,3,2,15,11,36.67,6,False,70.0,0
TTO-02317,normal,5,11,11,0,0,13,13,43.33,10,True,100.0,0
TTO-02318,normal,5,9,9,0,0,15,15,50.0,8,True,100.0,0
TTO-02319,normal,5,10,7,3,2,15,10,33.33,6,False,70.0,0
TTO-02320,normal,5,10,10,0,0,14,14,46.67,9,True,100.0,0
TTO-02321,normal,5,9,7,2,2,15,12,40.0,6,False,77.78,0
TTO-02322,normal,5,13,10,3,1,18,12,40.0,9,False,76.92,0
TTO-02323,normal,5,10,9,1,1,13,11,36.67,8,False,90.0,0
TTO-02324,normal,5,11,8,3,2,19,15,50.0,8,False,72.73,0
TTO-02325,normal,5,12,9,3,1,24,18,60.0,9,False,75.0,0
TTO-02326,normal,5,7,7,0,0,8,8,26.67,7,True,100.0,0
TTO-02327,normal,5,14,8,6,2,19,13,43.33,7,False,57.14,0
TTO-02328,normal,5,8,8,0,0,9,9,30.0,8,True,100.0,0
TTO-02329,normal,5,5,5,0,0,7,7,23.33,5,True,100.0,0
TTO-02330,normal,5,13,5,8,3,18,10,33.33,4,False,38.46,0
TTO-02331,normal,5,11,11,0,0,15,15,50.0,10,True,100.0,0
TTO-02332,normal,5,8,8,0,0,11,11,36.67,8,True,100.0,0
TTO-02333,normal,5,13,11,2,2,21,18,60.0,10,False,84.62,0
TTO-02334,normal,5,10,8,2,1,14,12,40.0,8,False,80.0,0
TTO-02335,normal,5,9,9,0,0,9,9,30.0,8,True,100.0,0
TTO-02336,normal,5,10,10,0,0,16,16,53.33,9,True,100.0,0
TTO-02337,normal,5,13,9,4,2,21,13,43.33,7,False,69.23,0
TTO-02338,normal,5,12,10,2,1,15,13,43.33,9,False,83.33,0
TTO-02339,normal,5,8,8,0,0,10,10,33.33,7,True,100.0,0
TTO-02340,normal,5,10,10,0,0,13,13,43.33,10,True,100.0,0
TTO-02341,normal,5,10,9,1,1,16,14,46.67,9,False,90.0,0
TTO-02342,normal,5,8,7,1,1,12,10,33.33,7,False,87.5,0
TTO-02343,normal,5,12,7,5,2,15,10,33.33,6,False,58.33,0
TTO-02344,normal,5,8,6,2,1,12,10,33.33,5,False,75.0,0
TTO-02345,normal,5,11,9,2,1,17,13,43.33,9,False,81.82,0
TTO-02346,normal,5,10,8,2,2,15,11,36.67,8,False,80.0,0
TTO-02347,normal,5,11,11,0,0,16,16,53.33,9,True,100.0,0
TTO-02348,normal,5,8,7,1,1,15,13,43.33,7,False,87.5,0
TTO-02349,normal,5,9,7,2,1,16,12,40.0,5,False,77.78,0
TTO-02350,normal,5,12,12,0,0,14,14,46.67,11,True,100.0,0
TTO-02351,normal,5,9,7,2,2,13,10,33.33,7,False,77.78,0
TTO-02352,normal,5,10,8,2,1,15,11,36.67,7,False,80.0,0
TTO-02353,normal,5,11,8,3,1,20,14,46.67,7,False,72.73,0
TTO-02354,normal,5,13,9,4,2,23,15,50.0,7,False,69.23,0
TTO-02355,normal,5,9,9,0,0,12,12,40.0,6,True,100.0,0
TTO-02356,normal,5,13,10,3,3,23,17,56.67,8,False,76.92,0
TTO-02357,normal,5,8,8,0,0,10,10,33.33,8,True,100.0,0
TTO-02358,normal,5,13,7,6,3,26,14,46.67,5,False,53.85,0
TTO-02359,normal,5,10,6,4,2,17,12,40.0,6,False,60.0,0
TTO-02360,normal,5,11,9,2,2,14,12,40.0,9,False,81.82,0
TTO-02361,normal,5,11,10,1,1,16,14,46.67,10,False,90.91,0
TTO-02362,normal,5,12,9,3,2,22,16,53.33,7,False,75.0,0
TTO-02363,normal,5,12,9,3,2,16,12,40.0,8,False,75.0,0
TTO-02364,normal,5,8,8,0,0,9,9,30.0,7,True,100.0,0
TTO-02365,normal,5,8,8,0,0,14,14,46.67,8,True,100.0,0
TTO-02366,normal,5,12,8,4,2,17,11,36.67,7,False,66.67,0
TTO-02367,normal,5,12,9,3,2,19,14,46.67,7,False,75.0,0
TTO-02368,normal,5,12,7,5,3,21,14,46.67,6,False,58.33,0
TTO-02369,normal,5,8,8,0,0,13,13,43.33,6,True,100.0,0
TTO-02370,normal,5,8,6,2,1,12,10,33.33,5,False,75.0,0
TTO-02371,normal,5,9,8,1,1,15,13,43.33,8,False,88.89,0
TTO-02372,normal,5,11,9,2,1,19,15,50.0,9,False,81.82,0
TTO-02373,normal,5,8,8,0,0,13,13,43.33,8,True,100.0,0
TTO-02374,normal,5,7,7,0,0,8,8,26.67,7,True,100.0,0
TTO-02375,normal,5,10,10,0,0,11,11,36.67,9,True,100.0,0
TTO-02376,normal,5,13,6,7,3,23,10,33.33,5,False,46.15,0
TTO-02377,normal,5,12,10,2,1,18,14,46.67,9,False,83.33,0
TTO-02378,normal,5,10,9,1,1,18,16,53.33,9,False,90.0,0
TTO-02379,normal,5,12,6,6,3,21,10,33.33,5,False,50.0,0
TTO-02380,normal,5,12,9,3,1,15,12,40.0,8,False,75.0,0
TTO-02381,normal,5,10,8,2,1,14,12,40.0,7,False,80.0,0
TTO-02382,normal,5,10,9,1,1,17,15,50.0,9,False,90.0,0
TTO-02383,normal,5,11,9,2,1,14,12,40.0,9,False,81.82,0
TTO-02384,normal,5,12,8,4,2,21,13,43.33,7,False,66.67,0
TTO-02385,normal,5,9,6,3,2,15,9,30.0,4,False,66.67,0
TTO-02386,normal,5,8,8,0,0,9,9,30.0,8,True,100.0,0
TTO-02387,normal,5,11,11,0,0,11,11,36.67,7,True,100.0,0
TTO-02388,normal,5,9,7,2,1,14,12,40.0,6,False,77.78,0
TTO-02389,normal,5,10,9,1,1,13,12,40.0,9,False,90.0,0
TTO-02390,normal,5,10,9,1,1,13,11,36.67,9,False,90.0,0
TTO-02391,normal,5,13,7,6,3,24,14,46.67,7,False,53.85,0
TTO-02392,normal,5,8,8,0,0,11,11,36.67,8,True,100.0,0
TTO-02393,normal,5,10,10,0,0,15,15,50.0,9,True,100.0,0
TTO-02394,normal,5,10,10,0,0,12,12,40.0,10,True,100.0,0
TTO-02395,normal,5,10,7,3,1,19,13,43.33,7,False,70.0,0
TTO-02396,normal,5,8,8,0,0,9,9,30.0,8,True,100.0,0
TTO-02397,normal,5,8,8,0,0,10,10,33.33,7,True,100.0,0
TTO-02398,normal,5,9,9,0,0,12,12,40.0,9,True,100.0,0
TTO-02399,normal,5,12,8,4,2,22,16,53.33,8,False,66.67,0
TTO-02400,normal,5,10,10,0,0,11,11,36.67,7,True,100.0,0
TTO-02401,normal,5,8,8,0,0,10,10,33.33,8,True,100.0,0
TTO-02402,normal,5,10,10,0,0,11,11,36.67,10,True,100.0,0
TTO-02403,normal,5,8,8,0,0,12,12,40.0,7,True,100.0,0
TTO-02404,normal,5,6,6,0,0,10,10,33.33,5,True,100.0,0
TTO-02405,normal,5,9,7,2,1,14,10,33.33,7,False,77.78,0
TTO-02406,normal,5,11,11,0,0,13,13,43.33,10,True,100.0,0
TTO-02407,normal,5,13,10,3,2,18,13,43.33,10,False,76.92,0
TTO-02408,normal,5,10,6,4,2,15,10,33.33,5,False,60.0,0
TTO-02409,normal,5,9,8,1,1,12,11,36.67,7,False,88.89,0
TTO-02410,normal,5,10,9,1,1,17,16,53.33,8,False,90.0,0
TTO-02411,normal,5,10,10,0,0,14,14,46.67,9,True,100.0,0
TTO-02412,normal,5,8,5,3,2,14,10,33.33,5,False,62.5,0
TTO-02413,normal,5,9,7,2,2,13,10,33.33,7,False,77.78,0
TTO-02414,normal,5,11,9,2,1,16,14,46.67,7,False,81.82,0
TTO-02415,normal,5,11,10,1,1,13,12,40.0,10,False,90.91,0
TTO-02416,normal,5,9,9,0,0,11,11,36.67,6,True,100.0,0
TTO-02417,normal,5,14,5,9,3,22,10,33.33,4,False,35.71,0
TTO-02418,normal,5,9,6,3,2,16,10,33.33,6,False,66.67,0
TTO-02419,normal,5,9,9,0,0,11,11,36.67,7,True,100.0,0
TTO-02420,normal,5,11,8,3,1,21,15,50.0,7,False,72.73,0
TTO-02421,normal,5,9,8,1,1,14,13,43.33,8,False,88.89,0
TTO-02422,normal,5,7,7,0,0,11,11,36.67,6,True,100.0,0
TTO-02423,normal,5,7,7,0,0,10,10,33.33,6,True,100.0,0
TTO-02424,normal,5,7,7,0,0,8,8,26.67,4,True,100.0,0
TTO-02425,normal,5,10,9,1,1,20,18,60.0,8,False,90.0,0
TTO-02426,normal,5,8,8,0,0,11,11,36.67,7,True,100.0,0
TTO-02427,normal,5,11,9,2,1,18,14,46.67,8,False,81.82,0
TTO-02428,normal,5,13,12,1,1,17,15,50.0,9,False,92.31,0
TTO-02429,normal,5,9,7,2,2,18,14,46.67,7,False,77.78,0
TTO-02430,normal,5,11,9,2,2,16,12,40.0,8,False,81.82,0
TTO-02431,normal,5,14,7,7,3,22,10,33.33,7,False,50.0,0
TTO-02432,normal,5,12,12,0,0,14,14,46.67,11,True,100.0,0
TTO-02433,normal,5,9,9,0,0,11,11,36.67,9,True,100.0,0
TTO-02434,normal,5,11,9,2,2,16,12,40.0,7,False,81.82,0
TTO-02435,normal,5,11,11,0,0,12,12,40.0,10,True,100.0,0
TTO-02436,normal,5,9,9,0,0,9,9,30.0,9,True,100.0,0
TTO-02437,normal,5,8,8,0,0,10,10,33.33,6,True,100.0,0
TTO-02438,normal,5,10,10,0,0,13,13,43.33,10,True,100.0,0
TTO-02439,normal,5,8,8,0,0,10,10,33.33,8,True,100.0,0
TTO-02440,normal,5,12,8,4,3,21,13,43.33,7,False,66.67,0
TTO-02441,normal,5,10,9,1,1,17,15,50.0,9,False,90.0,0
TTO-02442,normal,5,8,7,1,1,12,10,33.33,7,False,87.5,0
TTO-02443,normal,5,9,9,0,0,14,14,46.67,8,True,100.0,0
TTO-02444,normal,5,11,11,0,0,15,15,50.0,10,True,100.0,0
TTO-02445,normal,5,13,8,5,2,16,11,36.67,7,False,61.54,0
TTO-02446,normal,5,10,9,1,1,16,14,46.67,9,False,90.0,0
TTO-02447,normal,5,11,11,0,0,13,13,43.33,11,True,100.0,0
TTO-02448,normal,5,9,9,0,0,9,9,30.0,8,True,100.0,0
TTO-02449,normal,5,8,7,1,1,11,10,33.33,6,False,87.5,0
TTO-02450,normal,5,11,8,3,2,17,12,40.0,8,False,72.73,0
TTO-02451,normal,5,10,10,0,0,12,12,40.0,10,True,100.0,0
TTO-02452,normal,5,11,7,4,2,14,10,33.33,7,False,63.64,0
TTO-02453,normal,5,11,11,0,0,11,11,36.67,9,True,100.0,0
TTO-02454,normal,5,10,5,5,3,19,10,33.33,5,False,50.0,0
TTO-02455,normal,5,9,8,1,1,16,14,46.67,5,False,88.89,0
TTO-02456,normal,5,10,9,1,1,14,12,40.0,9,False,90.0,0
TTO-02457,normal,5,11,11,0,0,17,17,56.67,10,True,100.0,0
TTO-02458,normal,5,5,5,0,0,7,7,23.33,5,True,100.0,0
TTO-02459,normal,5,14,13,1,1,17,16,53.33,11,False,92.86,0
TTO-02460,normal,5,12,7,5,2,22,12,40.0,7,False,58.33,0
TTO-02461,normal,5,12,11,1,1,16,14,46.67,9,False,91.67,0
TTO-02462,normal,5,11,11,0,0,15,15,50.0,10,True,100.0,0
TTO-02463,normal,5,8,8,0,0,8,8,26.67,8,True,100.0,0
TTO-02464,normal,5,7,7,0,0,11,11,36.67,6,True,100.0,0
TTO-02465,normal,5,11,9,2,1,16,12,40.0,8,False,81.82,0
TTO-02466,normal,5,11,10,1,1,15,14,46.67,9,False,90.91,0
TTO-02467,normal,5,8,8,0,0,12,12,40.0,8,True,100.0,0
TTO-02468,normal,5,9,9,0,0,12,12,40.0,7,True,100.0,0
TTO-02469,normal,5,13,7,6,3,24,14,46.67,6,False,53.85,0
TTO-02470,normal,5,11,5,6,3,20,10,33.33,4,False,45.45,0
TTO-02471,normal,5,10,9,1,1,15,14,46.67,8,False,90.0,0
TTO-02472,normal,5,8,7,1,1,13,11,36.67,7,False,87.5,0
TTO-02473,normal,5,9,8,1,1,14,12,40.0,6,False,88.89,0
TTO-02474,normal,5,12,9,3,2,16,12,40.0,8,False,75.0,0
TTO-02475,normal,5,6,6,0,0,9,9,30.0,6,True,100.0,0
TTO-02476,normal,5,10,10,0,0,10,10,33.33,9,True,100.0,0
TTO-02477,normal,5,8,5,3,3,13,10,33.33,3,False,62.5,0
TTO-02478,normal,5,12,9,3,2,15,12,40.0,8,False,75.0,0
TTO-02479,normal,5,9,5,4,2,17,9,30.0,5,False,55.56,0
TTO-02480,normal,5,12,10,2,1,21,17,56.67,9,False,83.33,0
TTO-02481,normal,5,11,6,5,3,22,12,40.0,5,False,54.55,0
TTO-02482,normal,5,9,8,1,1,11,9,30.0,8,False,88.89,0
TTO-02483,normal,5,7,6,1,1,12,10,33.33,6,False,85.71,0
TTO-02484,normal,5,10,9,1,1,13,11,36.67,9,False,90.0,0
TTO-02485,normal,5,12,7,5,2,15,10,33.33,6,False,58.33,0
TTO-02486,normal,5,12,10,2,1,18,16,53.33,9,False,83.33,0
TTO-02487,normal,5,7,6,1,1,13,11,36.67,5,False,85.71,0
TTO-02488,normal,5,8,8,0,0,14,14,46.67,7,True,100.0,0
TTO-02489,normal,5,9,8,1,1,15,14,46.67,7,False,88.89,0
TTO-02490,normal,5,10,7,3,2,15,11,36.67,7,False,70.0,0
TTO-02491,normal,5,6,6,0,0,8,8,26.67,5,True,100.0,0
TTO-02492,normal,5,8,8,0,0,16,16,53.33,8,True,100.0,0
TTO-02493,normal,5,11,11,0,0,19,19,63.33,11,True,100.0,0
TTO-02494,normal,5,11,10,1,1,18,16,53.33,9,False,90.91,0
TTO-02495,normal,5,12,9,3,1,20,14,46.67,9,False,75.0,0
TTO-02496,normal,5,13,12,1,1,21,19,63.33,11,False,92.31,0
TTO-02497,normal,5,9,9,0,0,11,11,36.67,8,True,100.0,0
TTO-02498,normal,5,12,11,1,1,18,16,53.33,10,False,91.67,0
TTO-02499,normal,5,11,9,2,2,16,12,40.0,7,False,81.82,0
TTO-02500,normal,5,10,7,3,1,17,11,36.67,7,False,70.0,0
TTO-02501,normal,5,7,7,0,0,11,11,36.67,6,True,100.0,0
TTO-02502,normal,5,12,11,1,1,16,15,50.0,11,False,91.67,0
TTO-02503,normal,5,9,9,0,0,14,14,46.67,7,True,100.0,0
TTO-02504,normal,5,12,11,1,1,13,12,40.0,10,False,91.67,0
TTO-02505,normal,5,12,10,2,1,18,14,46.67,10,False,83.33,0
TTO-02506,normal,5,10,7,3,2,14,11,36.67,7,False,70.0,0
TTO-02507,normal,5,8,6,2,2,14,11,36.67,5,False,75.0,0
TTO-02508,normal,5,8,7,1,1,11,9,30.0,6,False,87.5,0
TTO-02509,normal,5,8,7,1,1,12,10,33.33,5,False,87.5,0
TTO-02510,normal,5,9,9,0,0,9,9,30.0,8,True,100.0,0
TTO-02511,normal,5,8,8,0,0,10,10,33.33,7,True,100.0,0
TTO-02512,normal,5,11,11,0,0,11,11,36.67,10,True,100.0,0
TTO-02513,normal,5,13,9,4,2,20,12,40.0,8,False,69.23,0
TTO-02514,normal,5,11,6,5,2,16,11,36.67,6,False,54.55,0
TTO-02515,normal,5,11,8,3,2,17,12,40.0,7,False,72.73,0
TTO-02516,normal,5,11,6,5,3,19,10,33.33,5,False,54.55,0
TTO-02517,normal,5,8,8,0,0,9,9,30.0,8,True,100.0,0
TTO-02518,normal,5,11,8,3,1,18,12,40.0,8,False,72.73,0
TTO-02519,normal,5,12,9,3,3,24,18,60.0,8,False,75.0,0
TTO-02520,normal,5,10,9,1,1,15,14,46.67,8,False,90.0,0
TTO-02521,normal,5,8,8,0,0,10,10,33.33,8,True,100.0,0
TTO-02522,normal,5,10,8,2,2,15,11,36.67,7,False,80.0,0
TTO-02523,normal,5,13,13,0,0,17,17,56.67,11,True,100.0,0
TTO-02524,normal,5,9,8,1,1,16,14,46.67,8,False,88.89,0
TTO-02525,normal,5,10,10,0,0,12,12,40.0,8,True,100.0,0
TTO-02526,normal,5,14,10,4,2,25,17,56.67,10,False,71.43,0
TTO-02527,normal,5,11,11,0,0,15,15,50.0,10,True,100.0,0
TTO-02528,normal,5,10,6,4,2,16,10,33.33,6,False,60.0,0
TTO-02529,normal,5,12,11,1,1,18,16,53.33,10,False,91.67,0
TTO-02530,normal,5,10,7,3,2,16,12,40.0,6,False,70.0,0
TTO-02531,normal,5,9,9,0,0,11,11,36.67,7,True,100.0,0
TTO-02532,normal,5,10,10,0,0,10,10,33.33,9,True,100.0,0
TTO-02533,normal,5,12,9,3,2,17,14,46.67,7,False,75.0,0
TTO-02534,normal,5,8,8,0,0,12,12,40.0,8,True,100.0,0
TTO-02535,normal,5,9,9,0,0,10,10,33.33,7,True,100.0,0
TTO-02536,normal,5,11,9,2,1,17,13,43.33,8,False,81.82,0
TTO-02537,normal,5,11,8,3,3,19,13,43.33,8,False,72.73,0
TTO-02538,normal,5,11,11,0,0,14,14,46.67,10,True,100.0,0
TTO-02539,normal,5,8,8,0,0,12,12,40.0,7,True,100.0,0
TTO-02540,normal,5,7,7,0,0,9,9,30.0,6,True,100.0,0
TTO-02541,normal,5,11,9,2,2,19,15,50.0,8,False,81.82,0
TTO-02542,normal,5,10,10,0,0,13,13,43.33,10,True,100.0,0
TTO-02543,normal,5,10,10,0,0,17,17,56.67,10,True,100.0,0
TTO-02544,normal,5,9,7,2,2,14,10,33.33,6,False,77.78,0
TTO-02545,normal,5,10,10,0,0,13,13,43.33,10,True,100.0,0
TTO-02546,normal,5,11,11,0,0,14,14,46.67,11,True,100.0,0
TTO-02547,normal,5,8,8,0,0,12,12,40.0,7,True,100.0,0
TTO-02548,normal,5,10,10,0,0,12,12,40.0,10,True,100.0,0
TTO-02549,normal,5,6,6,0,0,11,11,36.67,6,True,100.0,0
TTO-02550,normal,5,11,9,2,2,17,14,46.67,8,False,81.82,0
TTO-02551,normal,5,7,6,1,1,11,9,30.0,6,False,85.71,0
TTO-02552,normal,5,12,8,4,2,20,14,46.67,6,False,66.67,0
TTO-02553,normal,5,10,10,0,0,13,13,43.33,9,True,100.0,0
TTO-02554,normal,5,6,6,0,0,9,9,30.0,6,True,100.0,0
TTO-02555,normal,5,10,8,2,2,20,16,53.33,7,False,80.0,0
TTO-02556,normal,5,7,7,0,0,7,7,23.33,7,True,100.0,0
TTO-02557,normal,5,9,7,2,1,16,12,40.0,7,False,77.78,0
TTO-02558,normal,5,9,9,0,0,13,13,43.33,7,True,100.0,0
TTO-02559,normal,5,13,8,5,2,23,13,43.33,7,False,61.54,0
TTO-02560,normal,5,10,10,0,0,14,14,46.67,10,True,100.0,0
TTO-02561,normal,5,13,5,8,3,25,9,30.0,5,False,38.46,0
TTO-02562,normal,5,8,8,0,0,11,11,36.67,8,True,100.0,0
TTO-02563,normal,5,8,8,0,0,10,10,33.33,8,True,100.0,0
TTO-02564,normal,5,10,10,0,0,13,13,43.33,9,True,100.0,0
TTO-02565,normal,5,9,9,0,0,12,12,40.0,9,True,100.0,0
TTO-02566,normal,5,10,6,4,2,14,10,33.33,6,False,60.0,0
TTO-02567,normal,5,11,11,0,0,15,15,50.0,9,True,100.0,0
TTO-02568,normal,5,8,8,0,0,12,12,40.0,8,True,100.0,0
TTO-02569,normal,5,11,5,6,3,18,10,33.33,5,False,45.45,0
TTO-02570,normal,5,12,12,0,0,12,12,40.0,12,True,100.0,0
TTO-02571,normal,5,12,11,1,1,19,17,56.67,11,False,91.67,0
TTO-02572,normal,5,11,9,2,1,14,12,40.0,8,False,81.82,0
TTO-02573,normal,5,10,7,3,1,15,12,40.0,4,False,70.0,0
TTO-02574,normal,5,10,8,2,1,16,12,40.0,8,False,80.0,0
TTO-02575,normal,5,10,9,1,1,13,12,40.0,9,False,90.0,0
TTO-02576,normal,5,9,8,1,1,13,11,36.67,7,False,88.89,0
TTO-02577,normal,5,8,8,0,0,12,12,40.0,7,True,100.0,0
TTO-02578,normal,5,14,9,5,2,17,12,40.0,9,False,64.29,0
TTO-02579,normal,5,8,6,2,2,15,12,40.0,5,False,75.0,0
TTO-02580,normal,5,12,9,3,1,17,14,46.67,9,False,75.0,0
TTO-02581,normal,5,12,8,4,2,17,10,33.33,8,False,66.67,0
TTO-02582,normal,5,11,9,2,2,20,16,53.33,9,False,81.82,0
TTO-02583,normal,5,13,7,6,3,19,12,40.0,7,False,53.85,0
TTO-02584,normal,5,9,9,0,0,16,16,53.33,8,True,100.0,0
TTO-02585,normal,5,9,9,0,0,13,13,43.33,8,True,100.0,0
TTO-02586,normal,5,9,9,0,0,11,11,36.67,9,True,100.0,0
TTO-02587,normal,5,13,7,6,3,17,10,33.33,7,False,53.85,0
TTO-02588,normal,5,7,7,0,0,12,12,40.0,7,True,100.0,0
TTO-02589,normal,5,11,9,2,1,14,12,40.0,8,False,81.82,0
TTO-02590,normal,5,12,9,3,2,16,12,40.0,6,False,75.0,0
TTO-02591,normal,5,9,9,0,0,14,14,46.67,9,True,100.0,0
TTO-02592,normal,5,12,12,0,0,16,16,53.33,11,True,100.0,0
TTO-02593,normal,5,8,8,0,0,9,9,30.0,8,True,100.0,0
TTO-02594,normal,5,8,8,0,0,11,11,36.67,7,True,100.0,0
TTO-02595,normal,5,12,8,4,2,18,12,40.0,7,False,66.67,0
TTO-02596,normal,5,9,8,1,1,13,12,40.0,8,False,88.89,0
TTO-02597,normal,5,11,5,6,3,17,10,33.33,5,False,45.45,0
TTO-02598,normal,5,7,7,0,0,11,11,36.67,6,True,100.0,0
TTO-02599,normal,5,11,10,1,1,16,14,46.67,10,False,90.91,0
TTO-02600,normal,5,9,7,2,1,17,13,43.33,7,False,77.78,0
TTO-02601,normal,5,11,11,0,0,12,12,40.0,11,True,100.0,0
TTO-02602,normal,5,9,9,0,0,14,14,46.67,9,True,100.0,0
TTO-02603,normal,5,6,6,0,0,7,7,23.33,5,True,100.0,0
TTO-02604,normal,5,9,6,3,2,15,10,33.33,6,False,66.67,0
TTO-02605,normal,5,7,6,1,1,13,11,36.67,6,False,85.71,0
TTO-02606,normal,5,10,7,3,2,17,11,36.67,5,False,70.0,0
TTO-02607,normal,5,11,10,1,1,16,14,46.67,9,False,90.91,0
TTO-02608,normal,5,7,7,0,0,11,11,36.67,7,True,100.0,0
TTO-02609,normal,5,12,7,5,3,19,10,33.33,6,False,58.33,0
TTO-02610,normal,5,11,9,2,2,18,16,53.33,8,False,81.82,0
TTO-02611,normal,5,9,8,1,1,12,11,36.67,7,False,88.89,0
TTO-02612,normal,5,10,8,2,1,13,11,36.67,7,False,80.0,0
TTO-02613,normal,5,10,10,0,0,14,14,46.67,10,True,100.0,0
TTO-02614,normal,5,10,7,3,2,18,12,40.0,6,False,70.0,0
TTO-02615,normal,5,10,9,1,1,13,12,40.0,8,False,90.0,0
TTO-02616,normal,5,7,7,0,0,9,9,30.0,7,True,100.0,0
TTO-02617,normal,5,10,10,0,0,12,12,40.0,9,True,100.0,0
TTO-02618,normal,5,10,9,1,1,15,14,46.67,7,False,90.0,0
TTO-02619,normal,5,8,6,2,1,15,11,36.67,6,False,75.0,0
TTO-02620,normal,5,14,9,5,2,20,12,40.0,9,False,64.29,0
TTO-02621,normal,5,9,8,1,1,17,15,50.0,6,False,88.89,0
TTO-02622,normal,5,10,9,1,1,15,13,43.33,9,False,90.0,0
TTO-02623,normal,5,12,8,4,2,17,10,33.33,7,False,66.67,0
TTO-02624,normal,5,9,6,3,2,17,11,36.67,6,False,66.67,0
TTO-02625,normal,5,11,6,5,2,21,11,36.67,5,False,54.55,0
TTO-02626,normal,5,12,10,2,1,19,15,50.0,10,False,83.33,0
TTO-02627,normal,5,11,6,5,3,22,12,40.0,5,False,54.55,0
TTO-02628,normal,5,15,13,2,1,21,19,63.33,13,False,86.67,0
TTO-02629,normal,5,15,15,0,0,15,15,50.0,12,True,100.0,0
TTO-02630,normal,5,12,12,0,0,15,15,50.0,10,True,100.0,0
TTO-02631,normal,5,11,9,2,1,16,14,46.67,8,False,81.82,0
TTO-02632,normal,5,11,8,3,1,21,15,50.0,8,False,72.73,0
TTO-02633,normal,5,10,7,3,2,15,9,30.0,7,False,70.0,0
TTO-02634,normal,5,6,6,0,0,8,8,26.67,6,True,100.0,0
TTO-02635,normal,5,11,8,3,2,17,13,43.33,8,False,72.73,0
TTO-02636,normal,5,12,12,0,0,12,12,40.0,12,True,100.0,0
TTO-02637,normal,5,9,8,1,1,13,11,36.67,8,False,88.89,0
TTO-02638,normal,5,7,7,0,0,12,12,40.0,5,True,100.0,0
TTO-02639,normal,5,10,8,2,1,14,12,40.0,6,False,80.0,0
TTO-02640,normal,5,11,11,0,0,13,13,43.33,11,True,100.0,0
TTO-02641,normal,5,8,8,0,0,11,11,36.67,7,True,100.0,0
TTO-02642,normal,5,13,8,5,3,16,11,36.67,7,False,61.54,0
TTO-02643,normal,5,11,10,1,1,17,15,50.0,10,False,90.91,0
TTO-02644,normal,5,14,14,0,0,19,19,63.33,12,True,100.0,0
TTO-02645,normal,5,10,10,0,0,12,12,40.0,9,True,100.0,0
TTO-02646,normal,5,8,8,0,0,11,11,36.67,7,True,100.0,0
TTO-02647,normal,5,10,7,3,2,16,12,40.0,7,False,70.0,0
TTO-02648,normal,5,11,11,0,0,13,13,43.33,11,True,100.0,0
TTO-02649,normal,5,10,7,3,3,17,12,40.0,7,False,70.0,0
TTO-02650,normal,5,6,6,0,0,10,10,33.33,5,True,100.0,0
TTO-02651,normal,5,11,11,0,0,14,14,46.67,11,True,100.0,0
TTO-02652,normal,5,10,8,2,1,15,11,36.67,8,False,80.0,0
TTO-02653,normal,5,11,11,0,0,14,14,46.67,9,True,100.0,0
TTO-02654,normal,5,9,6,3,3,18,12,40.0,5,False,66.67,0
TTO-02655,normal,5,10,9,1,1,18,16,53.33,7,False,90.0,0
TTO-02656,normal,5,6,6,0,0,10,10,33.33,5,True,100.0,0
TTO-02657,normal,5,9,6,3,1,16,10,33.33,6,False,66.67,0
TTO-02658,normal,5,9,6,3,2,14,10,33.33,5,False,66.67,0
TTO-02659,normal,5,11,9,2,2,16,12,40.0,7,False,81.82,0
TTO-02660,normal,5,8,6,2,1,15,11,36.67,5,False,75.0,0
TTO-02661,normal,5,10,10,0,0,11,11,36.67,8,True,100.0,0
TTO-02662,normal,5,12,9,3,1,19,13,43.33,7,False,75.0,0
TTO-02663,normal,5,8,8,0,0,9,9,30.0,8,True,100.0,0
TTO-02664,normal,5,8,8,0,0,11,11,36.67,7,True,100.0,0
TTO-02665,normal,5,9,8,1,1,13,11,36.67,8,False,88.89,0
TTO-02666,normal,5,9,8,1,1,15,13,43.33,7,False,88.89,0
TTO-02667,normal,5,9,8,1,1,15,13,43.33,8,False,88.89,0
TTO-02668,normal,5,10,9,1,1,14,12,40.0,8,False,90.0,0
TTO-02669,normal,5,9,8,1,1,15,13,43.33,8,False,88.89,0
TTO-02670,normal,5,13,6,7,3,22,10,33.33,6,False,46.15,0
TTO-02671,normal,5,8,6,2,2,15,11,36.67,5,False,75.0,0
TTO-02672,normal,5,7,7,0,0,12,12,40.0,7,True,100.0,0
TTO-02673,normal,5,10,9,1,1,16,14,46.67,8,False,90.0,0
TTO-02674,normal,5,9,7,2,1,13,9,30.0,7,False,77.78,0
TTO-02675,normal,5,11,10,1,1,14,12,40.0,10,False,90.91,0
TTO-02676,normal,5,7,7,0,0,12,12,40.0,6,True,100.0,0
TTO-02677,normal,5,12,8,4,2,21,16,53.33,7,False,66.67,0
TTO-02678,normal,5,12,12,0,0,17,17,56.67,12,True,100.0,0
TTO-02679,normal,5,13,7,6,3,18,10,33.33,6,False,53.85,0
TTO-02680,normal,5,11,6,5,2,22,12,40.0,5,False,54.55,0
TTO-02681,normal,5,10,8,2,1,15,11,36.67,8,False,80.0,0
TTO-02682,normal,5,8,7,1,1,14,12,40.0,7,False,87.5,0
TTO-02683,normal,5,10,9,1,1,14,12,40.0,8,False,90.0,0
TTO-02684,normal,5,7,7,0,0,9,9,30.0,7,True,100.0,0
TTO-02685,normal,5,12,5,7,3,21,10,33.33,4,False,41.67,0
TTO-02686,normal,5,8,8,0,0,12,12,40.0,8,True,100.0,0
TTO-02687,normal,5,8,7,1,1,14,12,40.0,6,False,87.5,0
TTO-02688,normal,5,9,9,0,0,11,11,36.67,8,True,100.0,0
TTO-02689,normal,5,9,7,2,2,17,14,46.67,6,False,77.78,0
TTO-02690,normal,5,7,7,0,0,8,8,26.67,6,True,100.0,0
TTO-02691,normal,5,8,7,1,1,12,10,33.33,6,False,87.5,0
TTO-02692,normal,5,10,10,0,0,13,13,43.33,10,True,100.0,0
TTO-02693,normal,5,8,8,0,0,13,13,43.33,8,True,100.0,0
TTO-02694,normal,5,10,7,3,1,17,11,36.67,7,False,70.0,0
TTO-02695,normal,5,8,8,0,0,8,8,26.67,7,True,100.0,0
TTO-02696,normal,5,9,9,0,0,15,15,50.0,6,True,100.0,0
TTO-02697,normal,5,10,8,2,2,13,9,30.0,8,False,80.0,0
TTO-02698,normal,5,7,7,0,0,9,9,30.0,7,True,100.0,0
TTO-02699,normal,5,9,7,2,1,12,10,33.33,7,False,77.78,0
TTO-02700,normal,5,9,7,2,1,15,11,36.67,6,False,77.78,0
TTO-02701,normal,5,11,10,1,1,13,11,36.67,9,False,90.91,0
TTO-02702,normal,5,9,8,1,1,12,11,36.67,6,False,88.89,0
TTO-02703,normal,5,8,8,0,0,11,11,36.67,8,True,100.0,0
TTO-02704,normal,5,11,9,2,1,14,12,40.0,7,False,81.82,0
TTO-02705,normal,5,9,9,0,0,10,10,33.33,9,True,100.0,0
TTO-02706,normal,5,8,8,0,0,10,10,33.33,7,True,100.0,0
TTO-02707,normal,5,9,9,0,0,11,11,36.67,8,True,100.0,0
TTO-02708,normal,5,12,8,4,2,20,16,53.33,7,False,66.67,0
TTO-02709,normal,5,9,7,2,2,15,12,40.0,6,False,77.78,0
TTO-02710,normal,5,11,5,6,4,20,10,33.33,5,False,45.45,0
TTO-02711,normal,5,9,9,0,0,18,18,60.0,8,True,100.0,0
TTO-02712,normal,5,8,8,0,0,13,13,43.33,6,True,100.0,0
TTO-02713,normal,5,10,9,1,1,19,17,56.67,7,False,90.0,0
TTO-02714,normal,5,10,9,1,1,14,12,40.0,8,False,90.0,0
TTO-02715,normal,5,13,10,3,1,18,12,40.0,10,False,76.92,0
TTO-02716,normal,5,11,9,2,1,18,14,46.67,7,False,81.82,0
TTO-02717,normal,5,8,8,0,0,11,11,36.67,7,True,100.0,0
TTO-02718,normal,5,7,7,0,0,8,8,26.67,5,True,100.0,0
TTO-02719,normal,5,11,8,3,2,17,13,43.33,6,False,72.73,0
TTO-02720,normal,5,9,8,1,1,13,12,40.0,6,False,88.89,0
TTO-02721,normal,5,7,7,0,0,7,7,23.33,6,True,100.0,0
TTO-02722,normal,5,14,5,9,4,25,10,33.33,5,False,35.71,0
TTO-02723,normal,5,11,11,0,0,14,14,46.67,9,True,100.0,0
TTO-02724,normal,5,13,9,4,2,20,12,40.0,8,False,69.23,0
TTO-02725,normal,5,11,5,6,2,21,9,30.0,4,False,45.45,0
TTO-02726,normal,5,8,8,0,0,11,11,36.67,7,True,100.0,0
TTO-02727,normal,5,10,8,2,1,13,9,30.0,8,False,80.0,0
TTO-02728,normal,5,10,8,2,1,16,12,40.0,8,False,80.0,0
TTO-02729,normal,5,7,7,0,0,10,10,33.33,7,True,100.0,0
TTO-02730,normal,5,9,9,0,0,10,10,33.33,8,True,100.0,0
TTO-02731,normal,5,10,6,4,2,17,11,36.67,5,False,60.0,0
TTO-02732,normal,5,10,10,0,0,15,15,50.0,9,True,100.0,0
TTO-02733,normal,5,9,6,3,2,15,9,30.0,5,False,66.67,0
TTO-02734,normal,5,12,9,3,2,18,12,40.0,8,False,75.0,0
TTO-02735,normal,5,11,6,5,3,17,10,33.33,5,False,54.55,0
TTO-02736,normal,5,10,9,1,1,20,18,60.0,7,False,90.0,0
TTO-02737,normal,5,8,8,0,0,12,12,40.0,6,True,100.0,0
TTO-02738,normal,5,10,8,2,1,14,10,33.33,6,False,80.0,0
TTO-02739,normal,5,9,6,3,2,13,10,33.33,6,False,66.67,0
TTO-02740,normal,5,9,9,0,0,9,9,30.0,9,True,100.0,0
TTO-02741,normal,5,10,8,2,2,19,16,53.33,8,False,80.0,0
TTO-02742,normal,5,11,10,1,1,15,13,43.33,10,False,90.91,0
TTO-02743,normal,5,7,7,0,0,11,11,36.67,7,True,100.0,0
TTO-02744,normal,5,10,7,3,1,19,13,43.33,7,False,70.0,0
TTO-02745,normal,5,9,7,2,1,12,10,33.33,7,False,77.78,0
TTO-02746,normal,5,11,10,1,1,17,16,53.33,9,False,90.91,0
TTO-02747,normal,5,10,7,3,1,14,11,36.67,6,False,70.0,0
TTO-02748,normal,5,12,11,1,1,19,17,56.67,11,False,91.67,0
TTO-02749,normal,5,9,9,0,0,11,11,36.67,8,True,100.0,0
TTO-02750,normal,5,8,8,0,0,12,12,40.0,7,True,100.0,0
TTO-02751,normal,5,10,10,0,0,10,10,33.33,8,True,100.0,0
TTO-02752,normal,5,9,9,0,0,10,10,33.33,8,True,100.0,0
TTO-02753,normal,5,9,9,0,0,9,9,30.0,8,True,100.0,0
TTO-02754,normal,5,13,9,4,3,20,13,43.33,9,False,69.23,0
TTO-02755,normal,5,12,10,2,1,19,15,50.0,7,False,83.33,0
TTO-02756,normal,5,8,8,0,0,14,14,46.67,7,True,100.0,0
TTO-02757,normal,5,9,8,1,1,13,11,36.67,7,False,88.89,0
TTO-02758,normal,5,12,10,2,1,15,13,43.33,8,False,83.33,0
TTO-02759,normal,5,9,9,0,0,13,13,43.33,9,True,100.0,0
TTO-02760,normal,5,11,9,2,2,20,16,53.33,8,False,81.82,0
TTO-02761,normal,5,12,10,2,1,18,14,46.67,10,False,83.33,0
TTO-02762,normal,5,12,11,1,1,18,16,53.33,11,False,91.67,0
TTO-02763,normal,5,11,7,4,2,17,9,30.0,6,False,63.64,0
TTO-02764,normal,5,12,7,5,2,20,12,40.0,6,False,58.33,0
TTO-02765,normal,5,11,6,5,2,19,9,30.0,6,False,54.55,0
TTO-02766,normal,5,7,6,1,1,11,9,30.0,6,False,85.71,0
TTO-02767,normal,5,14,12,2,1,19,17,56.67,11,False,85.71,0
TTO-02768,normal,5,12,9,3,1,21,15,50.0,9,False,75.0,0
TTO-02769,normal,5,9,9,0,0,14,14,46.67,8,True,100.0,0
TTO-02770,normal,5,12,10,2,2,24,20,66.67,9,False,83.33,0
TTO-02771,normal,5,7,6,1,1,12,10,33.33,5,False,85.71,0
TTO-02772,normal,5,9,8,1,1,13,11,36.67,7,False,88.89,0
TTO-02773,normal,5,9,8,1,1,17,16,53.33,7,False,88.89,0
TTO-02774,normal,5,12,9,3,2,18,12,40.0,8,False,75.0,0
TTO-02775,normal,5,13,10,3,2,18,14,46.67,8,False,76.92,0
TTO-02776,normal,5,11,9,2,1,16,12,40.0,8,False,81.82,0
TTO-02777,normal,5,9,7,2,1,18,14,46.67,5,False,77.78,0
TTO-02778,normal,5,10,8,2,1,15,11,36.67,7,False,80.0,0
TTO-02779,normal,5,6,6,0,0,12,12,40.0,5,True,100.0,0
TTO-02780,normal,5,12,11,1,1,13,11,36.67,9,False,91.67,0
TTO-02781,normal,5,11,10,1,1,15,14,46.67,10,False,90.91,0
TTO-02782,normal,5,10,8,2,2,13,10,33.33,5,False,80.0,0
TTO-02783,normal,5,9,8,1,1,17,16,53.33,8,False,88.89,0
TTO-02784,normal,5,9,9,0,0,12,12,40.0,9,True,100.0,0
TTO-02785,normal,5,11,8,3,2,19,14,46.67,8,False,72.73,0
TTO-02786,normal,5,9,9,0,0,11,11,36.67,9,True,100.0,0
TTO-02787,normal,5,10,5,5,3,19,9,30.0,3,False,50.0,0
TTO-02788,normal,5,11,9,2,1,16,12,40.0,8,False,81.82,0
TTO-02789,normal,5,10,6,4,2,16,10,33.33,6,False,60.0,0
TTO-02790,normal,5,9,7,2,1,17,13,43.33,5,False,77.78,0
TTO-02791,normal,5,10,7,3,2,14,11,36.67,6,False,70.0,0
TTO-02792,normal,5,10,10,0,0,13,13,43.33,10,True,100.0,0
TTO-02793,normal,5,9,7,2,1,14,12,40.0,6,False,77.78,0
TTO-02794,normal,5,8,8,0,0,13,13,43.33,7,True,100.0,0
TTO-02795,normal,5,11,9,2,1,16,12,40.0,8,False,81.82,0
TTO-02796,normal,5,13,11,2,2,21,17,56.67,10,False,84.62,0
TTO-02797,normal,5,7,7,0,0,11,11,36.67,6,True,100.0,0
TTO-02798,normal,5,14,11,3,1,19,13,43.33,11,False,78.57,0
TTO-02799,normal,5,11,9,2,1,16,12,40.0,8,False,81.82,0
TTO-02800,normal,5,14,12,2,1,20,16,53.33,10,False,85.71,0
TTO-02801,normal,5,10,10,0,0,12,12,40.0,9,True,100.0,0
TTO-02802,normal,5,12,12,0,0,12,12,40.0,10,True,100.0,0
TTO-02803,normal,5,11,8,3,1,19,13,43.33,7,False,72.73,0
TTO-02804,normal,5,12,10,2,1,14,10,33.33,10,False,83.33,0
TTO-02805,normal,5,9,6,3,2,16,10,33.33,6,False,66.67,0
TTO-02806,normal,5,12,7,5,2,19,12,40.0,7,False,58.33,0
TTO-02807,normal,5,8,8,0,0,10,10,33.33,8,True,100.0,0
TTO-02808,normal,5,9,9,0,0,12,12,40.0,8,True,100.0,0
TTO-02809,normal,5,10,7,3,2,18,12,40.0,7,False,70.0,0
TTO-02810,normal,5,9,9,0,0,18,18,60.0,9,True,100.0,0
TTO-02811,normal,5,10,7,3,1,17,14,46.67,7,False,70.0,0
TTO-02812,normal,5,7,7,0,0,9,9,30.0,6,True,100.0,0
TTO-02813,normal,5,11,7,4,2,16,10,33.33,6,False,63.64,0
TTO-02814,normal,5,11,11,0,0,11,11,36.67,10,True,100.0,0
TTO-02815,normal,5,6,6,0,0,7,7,23.33,5,True,100.0,0
TTO-02816,normal,5,8,8,0,0,12,12,40.0,8,True,100.0,0
TTO-02817,normal,5,13,10,3,2,18,14,46.67,8,False,76.92,0
TTO-02818,normal,5,12,8,4,2,18,11,36.67,8,False,66.67,0
TTO-02819,normal,5,10,10,0,0,18,18,60.0,10,True,100.0,0
TTO-02820,normal,5,11,11,0,0,19,19,63.33,10,True,100.0,0
TTO-02821,normal,5,11,11,0,0,11,11,36.67,11,True,100.0,0
TTO-02822,normal,5,7,7,0,0,9,9,30.0,5,True,100.0,0
TTO-02823,normal,5,11,9,2,1,18,14,46.67,9,False,81.82,0
TTO-02824,normal,5,7,7,0,0,10,10,33.33,6,True,100.0,0
TTO-02825,normal,5,10,10,0,0,11,11,36.67,9,True,100.0,0
TTO-02826,normal,5,13,11,2,2,16,13,43.33,8,False,84.62,0
TTO-02827,normal,5,13,10,3,2,22,16,53.33,10,False,76.92,0
TTO-02828,normal,5,8,6,2,2,13,9,30.0,6,False,75.0,0
TTO-02829,normal,5,9,5,4,3,18,10,33.33,5,False,55.56,0
TTO-02830,normal,5,10,9,1,1,15,13,43.33,9,False,90.0,0
TTO-02831,normal,5,12,8,4,3,21,15,50.0,6,False,66.67,0
TTO-02832,normal,5,7,7,0,0,12,12,40.0,7,True,100.0,0
TTO-02833,normal,5,12,8,4,2,18,10,33.33,8,False,66.67,0
TTO-02834,normal,5,6,6,0,0,8,8,26.67,6,True,100.0,0
TTO-02835,normal,5,12,10,2,1,14,12,40.0,10,False,83.33,0
TTO-02836,normal,5,9,9,0,0,9,9,30.0,8,True,100.0,0
TTO-02837,normal,5,7,7,0,0,11,11,36.67,4,True,100.0,0
TTO-02838,normal,5,12,10,2,1,19,15,50.0,9,False,83.33,0
TTO-02839,normal,5,7,7,0,0,9,9,30.0,6,True,100.0,0
TTO-02840,normal,5,9,7,2,1,18,14,46.67,7,False,77.78,0
TTO-02841,normal,5,10,7,3,1,17,11,36.67,7,False,70.0,0
TTO-02842,normal,5,9,8,1,1,15,14,46.67,7,False,88.89,0
TTO-02843,normal,5,11,11,0,0,13,13,43.33,11,True,100.0,0
TTO-02844,normal,5,8,7,1,1,11,10,33.33,7,False,87.5,0
TTO-02845,normal,5,10,7,3,2,15,12,40.0,7,False,70.0,0
TTO-02846,normal,5,15,10,5,2,24,16,53.33,10,False,66.67,0
TTO-02847,normal,5,12,10,2,2,15,12,40.0,8,False,83.33,0
TTO-02848,normal,5,11,11,0,0,17,17,56.67,11,True,100.0,0
TTO-02849,normal,5,10,6,4,2,18,10,33.33,6,False,60.0,0
TTO-02850,normal,5,11,9,2,1,15,11,36.67,8,False,81.82,0
TTO-02851,normal,5,9,9,0,0,12,12,40.0,7,True,100.0,0
TTO-02852,normal,5,13,9,4,2,20,12,40.0,9,False,69.23,0
TTO-02853,normal,5,10,7,3,2,14,10,33.33,6,False,70.0,0
TTO-02854,normal,5,11,7,4,2,16,12,40.0,7,False,63.64,0
TTO-02855,normal,5,10,10,0,0,15,15,50.0,7,True,100.0,0
TTO-02856,normal,5,10,8,2,1,13,11,36.67,7,False,80.0,0
TTO-02857,normal,5,9,9,0,0,14,14,46.67,9,True,100.0,0
TTO-02858,normal,5,8,8,0,0,8,8,26.67,7,True,100.0,0
TTO-02859,normal,5,5,5,0,0,8,8,26.67,4,True,100.0,0
TTO-02860,normal,5,7,7,0,0,10,10,33.33,7,True,100.0,0
TTO-02861,normal,5,9,8,1,1,13,12,40.0,7,False,88.89,0
TTO-02862,normal,5,10,9,1,1,13,12,40.0,9,False,90.0,0
TTO-02863,normal,5,12,10,2,1,17,13,43.33,8,False,83.33,0
TTO-02864,normal,5,13,9,4,2,22,17,56.67,7,False,69.23,0
TTO-02865,normal,5,9,9,0,0,10,10,33.33,8,True,100.0,0
TTO-02866,normal,5,10,9,1,1,14,12,40.0,7,False,90.0,0
TTO-02867,normal,5,12,10,2,1,16,12,40.0,10,False,83.33,0
TTO-02868,normal,5,9,9,0,0,13,13,43.33,9,True,100.0,0
TTO-02869,normal,5,8,6,2,1,14,10,33.33,5,False,75.0,0
TTO-02870,normal,5,10,5,5,3,17,10,33.33,5,False,50.0,0
TTO-02871,normal,5,8,8,0,0,9,9,30.0,8,True,100.0,0
TTO-02872,normal,5,12,7,5,2,20,13,43.33,7,False,58.33,0
TTO-02873,normal,5,7,7,0,0,12,12,40.0,6,True,100.0,0
TTO-02874,normal,5,9,8,1,1,17,15,50.0,7,False,88.89,0
TTO-02875,normal,5,9,9,0,0,12,12,40.0,9,True,100.0,0
TTO-02876,normal,5,11,10,1,1,12,10,33.33,9,False,90.91,0
TTO-02877,normal,5,9,9,0,0,14,14,46.67,8,True,100.0,0
TTO-02878,normal,5,9,7,2,1,16,12,40.0,5,False,77.78,0
TTO-02879,normal,5,12,9,3,1,19,13,43.33,9,False,75.0,0
TTO-02880,normal,5,8,7,1,1,14,12,40.0,5,False,87.5,0
TTO-02881,normal,5,11,11,0,0,14,14,46.67,10,True,100.0,0
TTO-02882,normal,5,10,7,3,2,19,13,43.33,7,False,70.0,0
TTO-02883,normal,5,11,6,5,2,18,10,33.33,6,False,54.55,0
TTO-02884,normal,5,10,10,0,0,15,15,50.0,10,True,100.0,0
TTO-02885,normal,5,7,7,0,0,10,10,33.33,5,True,100.0,0
TTO-02886,normal,5,9,9,0,0,13,13,43.33,9,True,100.0,0
TTO-02887,normal,5,9,7,2,1,13,9,30.0,6,False,77.78,0
TTO-02888,normal,5,9,7,2,2,15,12,40.0,7,False,77.78,0
TTO-02889,normal,5,8,8,0,0,11,11,36.67,7,True,100.0,0
TTO-02890,normal,5,8,8,0,0,13,13,43.33,8,True,100.0,0
TTO-02891,normal,5,7,7,0,0,7,7,23.33,7,True,100.0,0
TTO-02892,normal,5,12,11,1,1,18,16,53.33,8,False,91.67,0
TTO-02893,normal,5,8,8,0,0,10,10,33.33,7,True,100.0,0
TTO-02894,normal,5,8,6,2,1,13,11,36.67,6,False,75.0,0
TTO-02895,normal,5,11,10,1,1,16,14,46.67,9,False,90.91,0
TTO-02896,normal,5,8,8,0,0,11,11,36.67,7,True,100.0,0
TTO-02897,normal,5,7,7,0,0,10,10,33.33,6,True,100.0,0
TTO-02898,normal,5,9,9,0,0,12,12,40.0,8,True,100.0,0
TTO-02899,normal,5,9,6,3,2,16,10,33.33,4,False,66.67,0
TTO-02900,normal,5,10,8,2,1,13,9,30.0,8,False,80.0,0
TTO-02901,normal,5,14,10,4,2,20,13,43.33,7,False,71.43,0
TTO-02902,normal,5,12,11,1,1,19,17,56.67,11,False,91.67,0
TTO-02903,normal,5,13,7,6,3,23,14,46.67,6,False,53.85,0
TTO-02904,normal,5,9,9,0,0,15,15,50.0,9,True,100.0,0
TTO-02905,normal,5,9,9,0,0,13,13,43.33,8,True,100.0,0
TTO-02906,normal,5,13,9,4,2,21,13,43.33,8,False,69.23,0
TTO-02907,normal,5,9,9,0,0,9,9,30.0,8,True,100.0,0
TTO-02908,normal,5,10,9,1,1,13,12,40.0,8,False,90.0,0
TTO-02909,normal,5,9,9,0,0,16,16,53.33,7,True,100.0,0
TTO-02910,normal,5,10,8,2,2,17,14,46.67,6,False,80.0,0
TTO-02911,normal,5,11,8,3,2,16,10,33.33,8,False,72.73,0
TTO-02912,normal,5,15,12,3,1,21,15,50.0,12,False,80.0,0
TTO-02913,normal,5,8,8,0,0,16,16,53.33,8,True,100.0,0
TTO-02914,normal,5,7,6,1,1,12,10,33.33,6,False,85.71,0
TTO-02915,normal,5,10,8,2,2,18,16,53.33,8,False,80.0,0
TTO-02916,normal,5,8,8,0,0,11,11,36.67,8,True,100.0,0
TTO-02917,normal,5,10,7,3,1,16,10,33.33,5,False,70.0,0
TTO-02918,normal,5,11,7,4,3,17,10,33.33,7,False,63.64,0
TTO-02919,normal,5,7,7,0,0,10,10,33.33,6,True,100.0,0
TTO-02920,normal,5,11,8,3,3,16,12,40.0,8,False,72.73,0
TTO-02921,normal,5,9,8,1,1,14,13,43.33,8,False,88.89,0
TTO-02922,normal,5,10,9,1,1,13,12,40.0,7,False,90.0,0
TTO-02923,normal,5,10,8,2,1,13,9,30.0,7,False,80.0,0
TTO-02924,normal,5,9,9,0,0,12,12,40.0,9,True,100.0,0
TTO-02925,normal,5,10,10,0,0,12,12,40.0,8,True,100.0,0
TTO-02926,normal,5,9,8,1,1,15,13,43.33,6,False,88.89,0
TTO-02927,normal,5,11,9,2,2,17,14,46.67,9,False,81.82,0
TTO-02928,normal,5,7,7,0,0,9,9,30.0,6,True,100.0,0
TTO-02929,normal,5,9,9,0,0,11,11,36.67,8,True,100.0,0
TTO-02930,normal,5,12,6,6,2,22,10,33.33,6,False,50.0,0
TTO-02931,normal,5,10,8,2,1,14,12,40.0,6,False,80.0,0
TTO-02932,normal,5,9,9,0,0,12,12,40.0,8,True,100.0,0
TTO-02933,normal,5,12,5,7,3,24,10,33.33,5,False,41.67,0
TTO-02934,normal,5,11,9,2,1,20,16,53.33,8,False,81.82,0
TTO-02935,normal,5,13,8,5,2,20,13,43.33,7,False,61.54,0
TTO-02936,normal,5,10,8,2,2,17,13,43.33,8,False,80.0,0
TTO-02937,normal,5,10,5,5,2,19,9,30.0,3,False,50.0,0
TTO-02938,normal,5,10,8,2,2,16,13,43.33,8,False,80.0,0
TTO-02939,normal,5,10,10,0,0,11,11,36.67,8,True,100.0,0
TTO-02940,normal,5,11,9,2,1,20,16,53.33,6,False,81.82,0
TTO-02941,normal,5,11,11,0,0,18,18,60.0,10,True,100.0,0
TTO-02942,normal,5,11,9,2,1,15,11,36.67,9,False,81.82,0
TTO-02943,normal,5,11,7,4,2,19,11,36.67,6,False,63.64,0
TTO-02944,normal,5,11,8,3,1,20,14,46.67,7,False,72.73,0
TTO-02945,normal,5,8,6,2,2,13,9,30.0,6,False,75.0,0
TTO-02946,normal,5,10,8,2,1,15,11,36.67,6,False,80.0,0
TTO-02947,normal,5,12,9,3,2,18,12,40.0,9,False,75.0,0
TTO-02948,normal,5,12,9,3,1,21,15,50.0,8,False,75.0,0
TTO-02949,normal,5,12,10,2,1,18,16,53.33,9,False,83.33,0
TTO-02950,normal,5,8,8,0,0,10,10,33.33,7,True,100.0,0
TTO-02951,normal,5,9,8,1,1,17,15,50.0,8,False,88.89,0
TTO-02952,normal,5,10,9,1,1,15,13,43.33,9,False,90.0,0
TTO-02953,normal,5,13,13,0,0,13,13,43.33,12,True,100.0,0
TTO-02954,normal,5,10,8,2,1,17,13,43.33,8,False,80.0,0
TTO-02955,normal,5,8,7,1,1,11,10,33.33,7,False,87.5,0
TTO-02956,normal,5,10,10,0,0,12,12,40.0,10,True,100.0,0
TTO-02957,normal,5,15,8,7,3,27,16,53.33,8,False,53.33,0
TTO-02958,normal,5,8,7,1,1,16,14,46.67,6,False,87.5,0
TTO-02959,normal,5,7,7,0,0,10,10,33.33,6,True,100.0,0
TTO-02960,normal,5,11,10,1,1,16,14,46.67,9,False,90.91,0
TTO-02961,normal,5,12,7,5,3,15,10,33.33,7,False,58.33,0
TTO-02962,normal,5,8,8,0,0,15,15,50.0,8,True,100.0,0
TTO-02963,normal,5,10,9,1,1,18,16,53.33,8,False,90.0,0
TTO-02964,normal,5,11,6,5,3,21,11,36.67,5,False,54.55,0
TTO-02965,normal,5,9,8,1,1,13,11,36.67,7,False,88.89,0
TTO-02966,normal,5,10,7,3,2,19,13,43.33,7,False,70.0,0
TTO-02967,normal,5,12,10,2,2,16,13,43.33,10,False,83.33,0
TTO-02968,normal,5,11,8,3,1,20,14,46.67,6,False,72.73,0
TTO-02969,normal,5,11,9,2,1,12,10,33.33,8,False,81.82,0
TTO-02970,normal,5,11,9,2,1,16,14,46.67,7,False,81.82,0
TTO-02971,normal,5,9,9,0,0,13,13,43.33,9,True,100.0,0
TTO-02972,normal,5,9,9,0,0,12,12,40.0,8,True,100.0,0
TTO-02973,normal,5,11,11,0,0,15,15,50.0,10,True,100.0,0
TTO-02974,normal,5,11,11,0,0,12,12,40.0,10,True,100.0,0
TTO-02975,normal,5,8,8,0,0,10,10,33.33,8,True,100.0,0
TTO-02976,normal,5,9,7,2,1,14,12,40.0,7,False,77.78,0
TTO-02977,normal,5,9,7,2,1,13,9,30.0,5,False,77.78,0
TTO-02978,normal,5,10,9,1,1,15,14,46.67,9,False,90.0,0
TTO-02979,normal,5,12,12,0,0,16,16,53.33,8,True,100.0,0
TTO-02980,normal,5,11,10,1,1,12,10,33.33,9,False,90.91,0
TTO-02981,normal,5,11,6,5,3,16,10,33.33,6,False,54.55,0
TTO-02982,normal,5,9,6,3,1,13,10,33.33,5,False,66.67,0
TTO-02983,normal,5,12,12,0,0,15,15,50.0,12,True,100.0,0
TTO-02984,normal,5,10,8,2,1,14,12,40.0,7,False,80.0,0
TTO-02985,normal,5,9,8,1,1,13,12,40.0,6,False,88.89,0
TTO-02986,normal,5,9,9,0,0,11,11,36.67,6,True,100.0,0
TTO-02987,normal,5,13,12,1,1,17,16,53.33,11,False,92.31,0
TTO-02988,normal,5,11,10,1,1,18,16,53.33,10,False,90.91,0
TTO-02989,normal,5,11,9,2,1,14,10,33.33,9,False,81.82,0
TTO-02990,normal,5,6,6,0,0,9,9,30.0,6,True,100.0,0
TTO-02991,normal,5,10,10,0,0,13,13,43.33,8,True,100.0,0
TTO-02992,normal,5,9,9,0,0,11,11,36.67,9,True,100.0,0
TTO-02993,normal,5,11,7,4,2,21,13,43.33,6,False,63.64,0
TTO-02994,normal,5,10,8,2,2,19,16,53.33,6,False,80.0,0
TTO-02995,normal,5,8,8,0,0,14,14,46.67,7,True,100.0,0
TTO-02996,normal,5,14,7,7,3,17,10,33.33,6,False,50.0,0
TTO-02997,normal,5,10,10,0,0,14,14,46.67,10,True,100.0,0
TTO-02998,normal,5,7,7,0,0,11,11,36.67,5,True,100.0,0
TTO-02999,normal,5,10,7,3,1,20,14,46.67,7,False,70.0,0
TTO-03000,normal,5,11,5,6,3,19,10,33.33,4,False,45.45,0
TTO-03001,normal,5,10,10,0,0,14,14,46.67,10,True,100.0,0
TTO-03002,normal,5,7,7,0,0,9,9,30.0,5,True,100.0,0
TTO-03003,normal,5,9,8,1,1,14,12,40.0,7,False,88.89,0
TTO-03004,normal,5,12,12,0,0,12,12,40.0,10,True,100.0,0
TTO-03005,normal,5,10,9,1,1,15,14,46.67,9,False,90.0,0
TTO-03006,normal,5,11,10,1,1,16,14,46.67,9,False,90.91,0
TTO-03007,normal,5,10,8,2,1,15,13,43.33,7,False,80.0,0
TTO-03008,normal,5,12,7,5,2,15,10,33.33,7,False,58.33,0
TTO-03009,normal,5,11,11,0,0,16,16,53.33,10,True,100.0,0
TTO-03010,normal,5,10,8,2,1,16,12,40.0,7,False,80.0,0
TTO-03011,normal,5,11,9,2,1,18,14,46.67,9,False,81.82,0
TTO-03012,normal,5,12,9,3,1,17,14,46.67,8,False,75.0,0
TTO-03013,normal,5,11,8,3,1,20,14,46.67,7,False,72.73,0
TTO-03014,normal,5,11,8,3,2,15,12,40.0,7,False,72.73,0
TTO-03015,normal,5,8,8,0,0,12,12,40.0,8,True,100.0,0
TTO-03016,normal,5,10,7,3,2,20,14,46.67,7,False,70.0,0
TTO-03017,normal,5,6,6,0,0,10,10,33.33,5,True,100.0,0
TTO-03018,normal,5,10,7,3,2,18,12,40.0,7,False,70.0,0
TTO-03019,normal,5,7,7,0,0,9,9,30.0,6,True,100.0,0
TTO-03020,normal,5,11,7,4,2,22,14,46.67,6,False,63.64,0
TTO-03021,normal,5,10,9,1,1,17,15,50.0,8,False,90.0,0
TTO-03022,normal,5,8,8,0,0,12,12,40.0,7,True,100.0,0
TTO-03023,normal,5,12,10,2,1,16,14,46.67,10,False,83.33,0
TTO-03024,normal,5,9,9,0,0,12,12,40.0,8,True,100.0,0
TTO-03025,normal,5,9,9,0,0,11,11,36.67,9,True,100.0,0
TTO-03026,normal,5,10,9,1,1,15,14,46.67,8,False,90.0,0
TTO-03027,normal,5,11,11,0,0,14,14,46.67,11,True,100.0,0
TTO-03028,normal,5,8,7,1,1,11,10,33.33,6,False,87.5,0
TTO-03029,normal,5,12,11,1,1,16,15,50.0,10,False,91.67,0
TTO-03030,normal,5,12,10,2,1,19,15,50.0,10,False,83.33,0
TTO-03031,normal,5,11,8,3,2,18,12,40.0,8,False,72.73,0
TTO-03032,normal,5,9,7,2,2,16,14,46.67,6,False,77.78,0
TTO-03033,normal,5,7,6,1,1,13,11,36.67,5,False,85.71,0
TTO-03034,normal,5,11,9,2,1,18,16,53.33,8,False,81.82,0
TTO-03035,normal,5,9,7,2,2,14,11,36.67,6,False,77.78,0
TTO-03036,normal,5,13,10,3,1,16,10,33.33,9,False,76.92,0
TTO-03037,normal,5,8,8,0,0,13,13,43.33,8,True,100.0,0
TTO-03038,normal,5,7,7,0,0,10,10,33.33,6,True,100.0,0
TTO-03039,normal,5,12,11,1,1,14,13,43.33,10,False,91.67,0
TTO-03040,normal,5,12,7,5,2,24,14,46.67,6,False,58.33,0
TTO-03041,normal,5,11,10,1,1,18,16,53.33,10,False,90.91,0
TTO-03042,normal,5,10,10,0,0,16,16,53.33,9,True,100.0,0
TTO-03043,normal,5,10,7,3,1,13,10,33.33,7,False,70.0,0
TTO-03044,normal,5,12,8,4,3,22,14,46.67,6,False,66.67,0
TTO-03045,normal,5,9,7,2,1,12,10,33.33,7,False,77.78,0
TTO-03046,normal,5,10,10,0,0,14,14,46.67,9,True,100.0,0
TTO-03047,normal,5,8,8,0,0,11,11,36.67,6,True,100.0,0
TTO-03048,normal,5,12,9,3,2,18,12,40.0,6,False,75.0,0
TTO-03049,normal,5,13,10,3,2,20,14,46.67,8,False,76.92,0
TTO-03050,normal,5,9,9,0,0,13,13,43.33,8,True,100.0,0
TTO-03051,normal,5,12,10,2,1,15,11,36.67,8,False,83.33,0
TTO-03052,normal,5,11,10,1,1,21,20,66.67,10,False,90.91,0
TTO-03053,normal,5,11,10,1,1,16,14,46.67,10,False,90.91,0
TTO-03054,normal,5,14,11,3,2,22,16,53.33,10,False,78.57,0
TTO-03055,normal,5,8,6,2,1,12,10,33.33,5,False,75.0,0
TTO-03056,normal,5,12,10,2,1,20,16,53.33,9,False,83.33,0
TTO-03057,normal,5,8,8,0,0,8,8,26.67,7,True,100.0,0
TTO-03058,normal,5,10,9,1,1,13,11,36.67,7,False,90.0,0
TTO-03059,normal,5,12,12,0,0,15,15,50.0,12,True,100.0,0
TTO-03060,normal,5,13,9,4,3,21,14,46.67,8,False,69.23,0
TTO-03061,normal,5,8,7,1,1,14,12,40.0,7,False,87.5,0
TTO-03062,normal,5,9,9,0,0,17,17,56.67,8,True,100.0,0
TTO-03063,normal,5,9,7,2,1,14,10,33.33,6,False,77.78,0
TTO-03064,normal,5,8,8,0,0,10,10,33.33,8,True,100.0,0
TTO-03065,normal,5,8,6,2,1,13,9,30.0,5,False,75.0,0
TTO-03066,normal,5,11,8,3,2,17,13,43.33,8,False,72.73,0
TTO-03067,normal,5,10,10,0,0,12,12,40.0,10,True,100.0,0
TTO-03068,normal,5,6,6,0,0,10,10,33.33,6,True,100.0,0
TTO-03069,normal,5,11,8,3,1,22,16,53.33,7,False,72.73,0
TTO-03070,normal,5,8,8,0,0,14,14,46.67,6,True,100.0,0
TTO-03071,normal,5,8,8,0,0,11,11,36.67,7,True,100.0,0
TTO-03072,normal,5,11,8,3,2,15,10,33.33,7,False,72.73,0
TTO-03073,normal,5,9,9,0,0,15,15,50.0,9,True,100.0,0
TTO-03074,normal,5,11,9,2,1,14,12,40.0,8,False,81.82,0
TTO-03075,normal,5,12,8,4,2,23,16,53.33,7,False,66.67,0
TTO-03076,normal,5,6,6,0,0,10,10,33.33,5,True,100.0,0
TTO-03077,normal,5,7,7,0,0,13,13,43.33,7,True,100.0,0
TTO-03078,normal,5,11,11,0,0,16,16,53.33,10,True,100.0,0
TTO-03079,normal,5,13,12,1,1,18,17,56.67,10,False,92.31,0
TTO-03080,normal,5,10,10,0,0,12,12,40.0,9,True,100.0,0
TTO-03081,normal,5,9,6,3,3,15,9,30.0,6,False,66.67,0
TTO-03082,normal,5,9,9,0,0,10,10,33.33,8,True,100.0,0
TTO-03083,normal,5,13,11,2,1,19,15,50.0,11,False,84.62,0
TTO-03084,normal,5,10,6,4,2,18,10,33.33,6,False,60.0,0
TTO-03085,normal,5,8,8,0,0,9,9,30.0,6,True,100.0,0
TTO-03086,normal,5,7,7,0,0,12,12,40.0,7,True,100.0,0
TTO-03087,normal,5,9,8,1,1,12,11,36.67,7,False,88.89,0
TTO-03088,normal,5,6,6,0,0,10,10,33.33,5,True,100.0,0
TTO-03089,normal,5,9,9,0,0,12,12,40.0,8,True,100.0,0
TTO-03090,normal,5,12,8,4,2,21,13,43.33,7,False,66.67,0
TTO-03091,normal,5,10,9,1,1,14,13,43.33,9,False,90.0,0
TTO-03092,normal,5,13,10,3,2,21,15,50.0,9,False,76.92,0
TTO-03093,normal,5,8,7,1,1,13,11,36.67,6,False,87.5,0
TTO-03094,normal,5,7,7,0,0,11,11,36.67,7,True,100.0,0
TTO-03095,normal,5,10,8,2,1,14,10,33.33,8,False,80.0,0
TTO-03096,normal,5,7,6,1,1,12,10,33.33,6,False,85.71,0
TTO-03097,normal,5,9,9,0,0,16,16,53.33,7,True,100.0,0
TTO-03098,normal,5,10,9,1,1,13,12,40.0,9,False,90.0,0
TTO-03099,normal,5,8,8,0,0,15,15,50.0,7,True,100.0,0
TTO-03100,normal,5,9,9,0,0,13,13,43.33,8,True,100.0,0
TTO-03101,normal,5,11,11,0,0,11,11,36.67,10,True,100.0,0
TTO-03102,normal,5,8,6,2,1,14,10,33.33,5,False,75.0,0
TTO-03103,normal,5,11,9,2,1,17,15,50.0,8,False,81.82,0
TTO-03104,normal,5,11,8,3,2,15,11,36.67,8,False,72.73,0
TTO-03105,normal,5,10,10,0,0,13,13,43.33,9,True,100.0,0
TTO-03106,normal,5,11,6,5,2,15,10,33.33,5,False,54.55,0
TTO-03107,normal,5,14,12,2,1,20,18,60.0,10,False,85.71,0
TTO-03108,normal,5,8,8,0,0,11,11,36.67,7,True,100.0,0
TTO-03109,normal,5,9,7,2,1,16,14,46.67,6,False,77.78,0
TTO-03110,normal,5,10,7,3,2,16,12,40.0,6,False,70.0,0
TTO-03111,normal,5,13,10,3,2,20,14,46.67,10,False,76.92,0
TTO-03112,normal,5,9,8,1,1,14,12,40.0,7,False,88.89,0
TTO-03113,normal,5,9,8,1,1,14,12,40.0,7,False,88.89,0
TTO-03114,normal,5,9,9,0,0,11,11,36.67,6,True,100.0,0
TTO-03115,normal,5,11,11,0,0,11,11,36.67,11,True,100.0,0
TTO-03116,normal,5,9,8,1,1,11,10,33.33,8,False,88.89,0
TTO-03117,normal,5,10,10,0,0,13,13,43.33,9,True,100.0,0
TTO-03118,normal,5,13,11,2,1,21,17,56.67,10,False,84.62,0
TTO-03119,normal,5,9,9,0,0,12,12,40.0,7,True,100.0,0
TTO-03120,normal,5,12,7,5,3,18,10,33.33,6,False,58.33,0
TTO-03121,normal,5,9,9,0,0,11,11,36.67,9,True,100.0,0
TTO-03122,normal,5,11,11,0,0,15,15,50.0,10,True,100.0,0
TTO-03123,normal,5,8,8,0,0,11,11,36.67,8,True,100.0,0
TTO-03124,normal,5,13,11,2,1,18,14,46.67,10,False,84.62,0
TTO-03125,normal,5,11,10,1,1,19,17,56.67,9,False,90.91,0
TTO-03126,normal,5,11,9,2,1,17,13,43.33,8,False,81.82,0
TTO-03127,normal,5,8,7,1,1,15,13,43.33,5,False,87.5,0
TTO-03128,normal,5,9,7,2,1,15,11,36.67,6,False,77.78,0
TTO-03129,normal,5,10,6,4,2,15,10,33.33,6,False,60.0,0
TTO-03130,normal,5,10,10,0,0,15,15,50.0,10,True,100.0,0
TTO-03131,normal,5,9,8,1,1,15,13,43.33,8,False,88.89,0
TTO-03132,normal,5,10,7,3,2,14,11,36.67,7,False,70.0,0
TTO-03133,normal,5,11,8,3,1,20,14,46.67,6,False,72.73,0
TTO-03134,normal,5,9,8,1,1,14,12,40.0,8,False,88.89,0
TTO-03135,normal,5,10,9,1,1,16,14,46.67,8,False,90.0,0
TTO-03136,normal,5,12,10,2,2,16,13,43.33,10,False,83.33,0
TTO-03137,normal,5,11,6,5,3,19,10,33.33,6,False,54.55,0
TTO-03138,normal,5,11,9,2,2,18,15,50.0,8,False,81.82,0
TTO-03139,normal,5,8,8,0,0,11,11,36.67,7,True,100.0,0
TTO-03140,normal,5,6,6,0,0,8,8,26.67,5,True,100.0,0
TTO-03141,normal,5,11,10,1,1,15,13,43.33,8,False,90.91,0
TTO-03142,normal,5,11,6,5,2,17,10,33.33,5,False,54.55,0
TTO-03143,normal,5,8,8,0,0,11,11,36.67,4,True,100.0,0
TTO-03144,normal,5,9,8,1,1,11,10,33.33,7,False,88.89,0
TTO-03145,normal,5,9,9,0,0,11,11,36.67,9,True,100.0,0
TTO-03146,normal,5,12,10,2,1,18,16,53.33,9,False,83.33,0
TTO-03147,normal,5,11,5,6,3,22,10,33.33,5,False,45.45,0
TTO-03148,normal,5,9,7,2,1,17,13,43.33,7,False,77.78,0
TTO-03149,normal,5,9,9,0,0,13,13,43.33,9,True,100.0,0
TTO-03150,normal,5,10,9,1,1,13,11,36.67,8,False,90.0,0
TTO-03151,normal,5,11,9,2,1,18,16,53.33,9,False,81.82,0
TTO-03152,normal,5,13,10,3,1,18,12,40.0,10,False,76.92,0
TTO-03153,normal,5,8,7,1,1,14,12,40.0,6,False,87.5,0
TTO-03154,normal,5,11,10,1,1,18,16,53.33,9,False,90.91,0
TTO-03155,normal,5,12,8,4,2,22,14,46.67,8,False,66.67,0
TTO-03156,normal,5,7,7,0,0,9,9,30.0,6,True,100.0,0
TTO-03157,normal,5,10,5,5,3,20,10,33.33,3,False,50.0,0
TTO-03158,normal,5,9,6,3,1,15,9,30.0,6,False,66.67,0
TTO-03159,normal,5,11,9,2,1,14,12,40.0,8,False,81.82,0
TTO-03160,normal,5,11,6,5,3,16,10,33.33,5,False,54.55,0
TTO-03161,normal,5,14,7,7,3,22,10,33.33,6,False,50.0,0
TTO-03162,normal,5,11,11,0,0,18,18,60.0,10,True,100.0,0
TTO-03163,normal,5,9,7,2,1,14,12,40.0,7,False,77.78,0
TTO-03164,normal,5,11,11,0,0,13,13,43.33,9,True,100.0,0
TTO-03165,normal,5,11,6,5,2,21,11,36.67,6,False,54.55,0
TTO-03166,normal,5,8,8,0,0,11,11,36.67,7,True,100.0,0
TTO-03167,normal,5,13,12,1,1,15,14,46.67,10,False,92.31,0
TTO-03168,normal,5,9,6,3,1,14,11,36.67,6,False,66.67,0
TTO-03169,normal,5,10,10,0,0,13,13,43.33,9,True,100.0,0
TTO-03170,normal,5,10,7,3,1,14,11,36.67,7,False,70.0,0
TTO-03171,normal,5,8,7,1,1,13,11,36.67,6,False,87.5,0
TTO-03172,normal,5,10,10,0,0,16,16,53.33,9,True,100.0,0
TTO-03173,normal,5,8,8,0,0,14,14,46.67,6,True,100.0,0
TTO-03174,normal,5,10,7,3,2,15,9,30.0,5,False,70.0,0
TTO-03175,normal,5,9,7,2,2,13,10,33.33,6,False,77.78,0
TTO-03176,normal,5,11,9,2,1,16,12,40.0,9,False,81.82,0
TTO-03177,normal,5,12,6,6,2,23,11,36.67,5,False,50.0,0
TTO-03178,normal,5,8,7,1,1,13,11,36.67,7,False,87.5,0
TTO-03179,normal,5,8,8,0,0,14,14,46.67,7,True,100.0,0
TTO-03180,normal,5,13,10,3,1,15,12,40.0,8,False,76.92,0
TTO-03181,normal,5,11,5,6,3,17,10,33.33,5,False,45.45,0
TTO-03182,normal,5,11,9,2,2,15,11,36.67,8,False,81.82,0
TTO-03183,normal,5,12,7,5,3,21,12,40.0,6,False,58.33,0
TTO-03184,normal,5,7,7,0,0,11,11,36.67,7,True,100.0,0
TTO-03185,normal,5,12,7,5,3,21,14,46.67,6,False,58.33,0
TTO-03186,normal,5,11,11,0,0,16,16,53.33,10,True,100.0,0
TTO-03187,normal,5,11,7,4,2,15,10,33.33,7,False,63.64,0
TTO-03188,normal,5,11,9,2,1,16,14,46.67,8,False,81.82,0
TTO-03189,normal,5,11,8,3,2,19,13,43.33,8,False,72.73,0
TTO-03190,normal,5,10,8,2,1,17,13,43.33,8,False,80.0,0
TTO-03191,normal,5,10,10,0,0,14,14,46.67,8,True,100.0,0
TTO-03192,normal,5,7,6,1,1,12,11,36.67,6,False,85.71,0
TTO-03193,normal,5,10,10,0,0,14,14,46.67,10,True,100.0,0
TTO-03194,normal,5,8,6,2,1,15,11,36.67,4,False,75.0,0
TTO-03195,normal,5,8,6,2,2,14,11,36.67,6,False,75.0,0
TTO-03196,normal,5,13,11,2,2,16,13,43.33,11,False,84.62,0
TTO-03197,normal,5,10,9,1,1,15,13,43.33,6,False,90.0,0
TTO-03198,normal,5,11,9,2,1,16,12,40.0,8,False,81.82,0
TTO-03199,normal,5,9,9,0,0,12,12,40.0,8,True,100.0,0
TTO-03200,normal,5,11,5,6,3,16,10,33.33,4,False,45.45,0
TTO-03201,normal,5,11,7,4,2,18,10,33.33,7,False,63.64,0
TTO-03202,normal,5,8,8,0,0,9,9,30.0,6,True,100.0,0
TTO-03203,normal,5,14,13,1,1,17,16,53.33,11,False,92.86,0
TTO-03204,normal,5,12,10,2,2,21,18,60.0,9,False,83.33,0
TTO-03205,normal,5,15,13,2,1,18,16,53.33,12,False,86.67,0
TTO-03206,normal,5,8,7,1,1,16,14,46.67,7,False,87.5,0
TTO-03207,normal,5,11,10,1,1,16,14,46.67,10,False,90.91,0
TTO-03208,normal,5,10,9,1,1,17,16,53.33,9,False,90.0,0
TTO-03209,normal,5,11,9,2,2,19,16,53.33,7,False,81.82,0
TTO-03210,normal,5,13,11,2,1,21,17,56.67,10,False,84.62,0
TTO-03211,normal,5,12,11,1,1,18,16,53.33,9,False,91.67,0
TTO-03212,normal,5,9,8,1,1,15,13,43.33,7,False,88.89,0
TTO-03213,normal,5,14,13,1,1,14,13,43.33,12,False,92.86,0
TTO-03214,normal,5,11,11,0,0,18,18,60.0,9,True,100.0,0
TTO-03215,normal,5,10,10,0,0,12,12,40.0,8,True,100.0,0
TTO-03216,normal,5,9,6,3,1,13,10,33.33,6,False,66.67,0
TTO-03217,normal,5,12,6,6,2,21,9,30.0,6,False,50.0,0
TTO-03218,normal,5,7,6,1,1,12,10,33.33,5,False,85.71,0
TTO-03219,normal,5,14,13,1,1,17,16,53.33,12,False,92.86,0
TTO-03220,normal,5,13,8,5,2,19,9,30.0,7,False,61.54,0
TTO-03221,normal,5,10,10,0,0,12,12,40.0,9,True,100.0,0
TTO-03222,normal,5,12,8,4,3,23,16,53.33,5,False,66.67,0
TTO-03223,normal,5,11,9,2,2,16,12,40.0,8,False,81.82,0
TTO-03224,normal,5,10,7,3,1,16,10,33.33,7,False,70.0,0
TTO-03225,normal,5,12,8,4,2,18,11,36.67,8,False,66.67,0
TTO-03226,normal,5,12,7,5,2,20,10,33.33,7,False,58.33,0
TTO-03227,normal,5,10,10,0,0,11,11,36.67,9,True,100.0,0
TTO-03228,normal,5,9,9,0,0,13,13,43.33,9,True,100.0,0
TTO-03229,normal,5,13,11,2,1,15,13,43.33,9,False,84.62,0
TTO-03230,normal,5,9,9,0,0,11,11,36.67,7,True,100.0,0
TTO-03231,normal,5,11,11,0,0,18,18,60.0,8,True,100.0,0
TTO-03232,normal,5,10,8,2,2,16,12,40.0,7,False,80.0,0
TTO-03233,normal,5,12,7,5,3,19,10,33.33,5,False,58.33,0
TTO-03234,normal,5,10,6,4,2,19,11,36.67,6,False,60.0,0
TTO-03235,normal,5,12,6,6,2,20,11,36.67,6,False,50.0,0
TTO-03236,normal,5,11,11,0,0,14,14,46.67,10,True,100.0,0
TTO-03237,normal,5,11,11,0,0,14,14,46.67,11,True,100.0,0
TTO-03238,normal,5,11,8,3,1,18,12,40.0,8,False,72.73,0
TTO-03239,normal,5,10,10,0,0,11,11,36.67,9,True,100.0,0
TTO-03240,normal,5,12,12,0,0,12,12,40.0,10,True,100.0,0
TTO-03241,normal,5,9,9,0,0,13,13,43.33,8,True,100.0,0
TTO-03242,normal,5,9,7,2,1,18,14,46.67,7,False,77.78,0
TTO-03243,normal,5,9,6,3,2,17,11,36.67,6,False,66.67,0
TTO-03244,normal,5,10,10,0,0,13,13,43.33,8,True,100.0,0
TTO-03245,normal,5,9,5,4,3,15,10,33.33,4,False,55.56,0
TTO-03246,normal,5,7,6,1,1,14,12,40.0,6,False,85.71,0
TTO-03247,normal,5,13,7,6,3,23,12,40.0,6,False,53.85,0
TTO-03248,normal,5,10,9,1,1,13,11,36.67,9,False,90.0,0
TTO-03249,normal,5,8,8,0,0,9,9,30.0,7,True,100.0,0
TTO-03250,normal,5,9,7,2,1,16,12,40.0,7,False,77.78,0
TTO-03251,normal,5,13,6,7,3,19,10,33.33,6,False,46.15,0
TTO-03252,normal,5,7,7,0,0,8,8,26.67,5,True,100.0,0
TTO-03253,normal,5,11,8,3,2,15,10,33.33,8,False,72.73,0
TTO-03254,normal,5,14,11,3,2,23,17,56.67,9,False,78.57,0
TTO-03255,normal,5,9,7,2,1,15,11,36.67,7,False,77.78,0
TTO-03256,normal,5,9,7,2,1,14,12,40.0,5,False,77.78,0
TTO-03257,normal,5,13,11,2,1,15,13,43.33,10,False,84.62,0
TTO-03258,normal,5,13,5,8,3,20,10,33.33,3,False,38.46,0
TTO-03259,normal,5,11,9,2,1,18,16,53.33,8,False,81.82,0
TTO-03260,normal,5,12,7,5,3,23,14,46.67,7,False,58.33,0
TTO-03261,normal,5,9,8,1,1,15,13,43.33,7,False,88.89,0
TTO-03262,normal,5,8,8,0,0,10,10,33.33,7,True,100.0,0
TTO-03263,normal,5,11,9,2,1,18,14,46.67,9,False,81.82,0
TTO-03264,normal,5,7,7,0,0,8,8,26.67,6,True,100.0,0
TTO-03265,normal,5,8,8,0,0,10,10,33.33,4,True,100.0,0
TTO-03266,normal,5,9,9,0,0,10,10,33.33,6,True,100.0,0
TTO-03267,normal,5,13,10,3,1,22,16,53.33,9,False,76.92,0
TTO-03268,normal,5,11,8,3,2,16,10,33.33,7,False,72.73,0
TTO-03269,normal,5,11,8,3,2,19,13,43.33,8,False,72.73,0
TTO-03270,normal,5,11,11,0,0,14,14,46.67,9,True,100.0,0
TTO-03271,normal,5,8,7,1,1,13,11,36.67,5,False,87.5,0
TTO-03272,normal,5,9,9,0,0,12,12,40.0,7,True,100.0,0
TTO-03273,normal,5,10,9,1,1,14,12,40.0,7,False,90.0,0
TTO-03274,normal,5,9,8,1,1,13,12,40.0,7,False,88.89,0
TTO-03275,normal,5,11,8,3,1,17,11,36.67,8,False,72.73,0
TTO-03276,normal,5,11,9,2,1,22,18,60.0,8,False,81.82,0
TTO-03277,normal,5,11,9,2,2,15,12,40.0,9,False,81.82,0
TTO-03278,normal,5,9,6,3,2,18,12,40.0,6,False,66.67,0
TTO-03279,normal,5,11,9,2,1,14,12,40.0,9,False,81.82,0
TTO-03280,normal,5,8,8,0,0,12,12,40.0,8,True,100.0,0
TTO-03281,normal,5,9,9,0,0,11,11,36.67,9,True,100.0,0
TTO-03282,normal,5,11,6,5,2,20,10,33.33,6,False,54.55,0
TTO-03283,normal,5,10,9,1,1,14,13,43.33,9,False,90.0,0
TTO-03284,normal,5,6,6,0,0,8,8,26.67,5,True,100.0,0
TTO-03285,normal,5,7,6,1,1,11,10,33.33,5,False,85.71,0
TTO-03286,normal,5,11,11,0,0,17,17,56.67,11,True,100.0,0
TTO-03287,normal,5,8,7,1,1,13,11,36.67,7,False,87.5,0
TTO-03288,normal,5,10,10,0,0,15,15,50.0,9,True,100.0,0
TTO-03289,normal,5,11,8,3,1,16,10,33.33,8,False,72.73,0
TTO-03290,normal,5,12,11,1,1,21,19,63.33,11,False,91.67,0
TTO-03291,normal,5,11,11,0,0,11,11,36.67,10,True,100.0,0
TTO-03292,normal,5,11,11,0,0,16,16,53.33,11,True,100.0,0
TTO-03293,normal,5,11,6,5,2,21,11,36.67,6,False,54.55,0
TTO-03294,normal,5,9,6,3,1,14,11,36.67,5,False,66.67,0
TTO-03295,normal,5,14,10,4,2,26,18,60.0,9,False,71.43,0
TTO-03296,normal,5,10,8,2,2,17,14,46.67,8,False,80.0,0
TTO-03297,normal,5,11,7,4,3,16,10,33.33,6,False,63.64,0
TTO-03298,normal,5,10,9,1,1,13,11,36.67,8,False,90.0,0
TTO-03299,normal,5,10,8,2,1,16,12,40.0,8,False,80.0,0
TTO-03300,normal,5,12,5,7,3,19,10,33.33,3,False,41.67,0
TTO-03301,normal,5,9,9,0,0,11,11,36.67,8,True,100.0,0
TTO-03302,normal,5,11,9,2,1,20,16,53.33,9,False,81.82,0
TTO-03303,normal,5,10,10,0,0,15,15,50.0,9,True,100.0,0
TTO-03304,normal,5,11,10,1,1,14,13,43.33,10,False,90.91,0
TTO-03305,normal,5,11,9,2,1,16,12,40.0,8,False,81.82,0
TTO-03306,normal,5,10,10,0,0,14,14,46.67,9,True,100.0,0
TTO-03307,normal,5,12,8,4,2,21,16,53.33,6,False,66.67,0
TTO-03308,normal,5,10,9,1,1,14,12,40.0,9,False,90.0,0
TTO-03309,normal,5,6,6,0,0,12,12,40.0,5,True,100.0,0
TTO-03310,normal,5,11,8,3,2,15,12,40.0,7,False,72.73,0
TTO-03311,normal,5,12,11,1,1,19,17,56.67,10,False,91.67,0
TTO-03312,normal,5,12,12,0,0,17,17,56.67,10,True,100.0,0
TTO-03313,normal,5,11,8,3,2,19,13,43.33,7,False,72.73,0
TTO-03314,normal,5,8,6,2,2,14,10,33.33,5,False,75.0,0
TTO-03315,normal,5,11,9,2,1,19,15,50.0,9,False,81.82,0
TTO-03316,normal,5,6,6,0,0,8,8,26.67,4,True,100.0,0
TTO-03317,normal,5,11,11,0,0,16,16,53.33,10,True,100.0,0
TTO-03318,normal,5,10,10,0,0,14,14,46.67,9,True,100.0,0
TTO-03319,normal,5,12,9,3,2,24,18,60.0,7,False,75.0,0
TTO-03320,normal,5,10,6,4,3,18,10,33.33,6,False,60.0,0
TTO-03321,normal,5,7,7,0,0,12,12,40.0,6,True,100.0,0
TTO-03322,normal,5,9,6,3,2,15,9,30.0,6,False,66.67,0
TTO-03323,normal,5,9,7,2,2,14,11,36.67,6,False,77.78,0
TTO-03324,normal,5,10,10,0,0,16,16,53.33,8,True,100.0,0
TTO-03325,normal,5,12,7,5,3,23,14,46.67,6,False,58.33,0
TTO-03326,normal,5,10,7,3,2,13,10,33.33,6,False,70.0,0
TTO-03327,normal,5,10,10,0,0,12,12,40.0,9,True,100.0,0
TTO-03328,normal,5,9,9,0,0,16,16,53.33,8,True,100.0,0
TTO-03329,normal,5,10,8,2,2,13,10,33.33,8,False,80.0,0
TTO-03330,normal,5,12,8,4,2,23,15,50.0,6,False,66.67,0
TTO-03331,normal,5,10,8,2,1,17,13,43.33,7,False,80.0,0
TTO-03332,normal,5,9,9,0,0,11,11,36.67,8,True,100.0,0
TTO-03333,normal,5,12,8,4,2,21,14,46.67,6,False,66.67,0
TTO-03334,normal,5,9,9,0,0,13,13,43.33,7,True,100.0,0
TTO-03335,normal,5,11,10,1,1,14,13,43.33,9,False,90.91,0
TTO-03336,normal,5,11,9,2,1,21,17,56.67,9,False,81.82,0
TTO-03337,normal,5,7,7,0,0,12,12,40.0,7,True,100.0,0
TTO-03338,normal,5,10,10,0,0,15,15,50.0,9,True,100.0,0
TTO-03339,normal,5,12,9,3,1,19,13,43.33,8,False,75.0,0
TTO-03340,normal,5,8,6,2,2,13,10,33.33,6,False,75.0,0
TTO-03341,normal,5,11,7,4,2,21,14,46.67,7,False,63.64,0
TTO-03342,normal,5,8,8,0,0,10,10,33.33,8,True,100.0,0
TTO-03343,normal,5,11,6,5,2,20,10,33.33,6,False,54.55,0
TTO-03344,normal,5,11,10,1,1,16,14,46.67,8,False,90.91,0
TTO-03345,normal,5,10,8,2,1,16,12,40.0,6,False,80.0,0
TTO-03346,normal,5,10,9,1,1,12,11,36.67,6,False,90.0,0
TTO-03347,normal,5,13,12,1,1,16,15,50.0,10,False,92.31,0
TTO-03348,normal,5,9,9,0,0,11,11,36.67,8,True,100.0,0
TTO-03349,normal,5,10,7,3,2,15,10,33.33,6,False,70.0,0
TTO-03350,normal,5,11,11,0,0,13,13,43.33,11,True,100.0,0
TTO-03351,normal,5,11,9,2,2,20,16,53.33,9,False,81.82,0
TTO-03352,normal,5,10,7,3,1,17,11,36.67,6,False,70.0,0
TTO-03353,normal,5,8,8,0,0,11,11,36.67,8,True,100.0,0
TTO-03354,normal,5,5,5,0,0,8,8,26.67,5,True,100.0,0
TTO-03355,normal,5,8,6,2,1,15,11,36.67,5,False,75.0,0
TTO-03356,normal,5,11,9,2,1,16,12,40.0,8,False,81.82,0
TTO-03357,normal,5,11,11,0,0,17,17,56.67,9,True,100.0,0
TTO-03358,normal,5,9,9,0,0,11,11,36.67,7,True,100.0,0
TTO-03359,normal,5,9,9,0,0,15,15,50.0,9,True,100.0,0
TTO-03360,normal,5,11,9,2,1,15,11,36.67,7,False,81.82,0
TTO-03361,normal,5,10,10,0,0,11,11,36.67,10,True,100.0,0
TTO-03362,normal,5,9,6,3,2,15,10,33.33,5,False,66.67,0
TTO-03363,normal,5,7,6,1,1,12,11,36.67,4,False,85.71,0
TTO-03364,normal,5,9,7,2,2,12,10,33.33,7,False,77.78,0
TTO-03365,normal,5,9,9,0,0,9,9,30.0,6,True,100.0,0
TTO-03366,normal,5,13,10,3,1,18,12,40.0,8,False,76.92,0
TTO-03367,normal,5,7,7,0,0,10,10,33.33,7,True,100.0,0
TTO-03368,normal,5,13,12,1,1,19,18,60.0,11,False,92.31,0
TTO-03369,normal,5,9,9,0,0,14,14,46.67,9,True,100.0,0
TTO-03370,normal,5,8,8,0,0,9,9,30.0,6,True,100.0,0
TTO-03371,normal,5,6,6,0,0,9,9,30.0,5,True,100.0,0
TTO-03372,normal,5,10,9,1,1,14,13,43.33,6,False,90.0,0
TTO-03373,normal,5,13,10,3,1,22,16,53.33,8,False,76.92,0
TTO-03374,normal,5,10,10,0,0,12,12,40.0,10,True,100.0,0
TTO-03375,normal,5,8,8,0,0,9,9,30.0,7,True,100.0,0
TTO-03376,normal,5,10,9,1,1,18,16,53.33,9,False,90.0,0
TTO-03377,normal,5,9,9,0,0,12,12,40.0,9,True,100.0,0
TTO-03378,normal,5,8,6,2,1,16,12,40.0,5,False,75.0,0
TTO-03379,normal,5,6,6,0,0,10,10,33.33,5,True,100.0,0
TTO-03380,normal,5,10,7,3,2,17,11,36.67,6,False,70.0,0
TTO-03381,normal,5,11,10,1,1,18,16,53.33,9,False,90.91,0
TTO-03382,normal,5,8,8,0,0,10,10,33.33,8,True,100.0,0
TTO-03383,normal,5,13,10,3,1,23,17,56.67,8,False,76.92,0
TTO-03384,normal,5,10,7,3,3,20,14,46.67,7,False,70.0,0
TTO-03385,normal,5,12,6,6,2,19,10,33.33,6,False,50.0,0
TTO-03386,normal,5,11,7,4,2,21,14,46.67,5,False,63.64,0
TTO-03387,normal,5,10,9,1,1,15,13,43.33,7,False,90.0,0
TTO-03388,normal,5,8,7,1,1,13,12,40.0,5,False,87.5,0
TTO-03389,normal,5,13,12,1,1,20,18,60.0,10,False,92.31,0
TTO-03390,normal,5,8,7,1,1,13,12,40.0,7,False,87.5,0
TTO-03391,normal,5,10,9,1,1,19,17,56.67,8,False,90.0,0
TTO-03392,normal,5,11,7,4,2,18,10,33.33,7,False,63.64,0
TTO-03393,normal,5,9,9,0,0,16,16,53.33,7,True,100.0,0
TTO-03394,normal,5,8,8,0,0,13,13,43.33,6,True,100.0,0
TTO-03395,normal,5,10,9,1,1,15,13,43.33,7,False,90.0,0
TTO-03396,normal,5,10,10,0,0,10,10,33.33,9,True,100.0,0
TTO-03397,normal,5,10,10,0,0,14,14,46.67,9,True,100.0,0
TTO-03398,normal,5,10,10,0,0,15,15,50.0,9,True,100.0,0
TTO-03399,normal,5,9,8,1,1,17,15,50.0,8,False,88.89,0
TTO-03400,normal,5,12,11,1,1,16,14,46.67,10,False,91.67,0
TTO-03401,normal,5,12,10,2,2,16,14,46.67,9,False,83.33,0
TTO-03402,normal,5,9,9,0,0,10,10,33.33,8,True,100.0,0
TTO-03403,normal,5,9,7,2,1,16,12,40.0,7,False,77.78,0
TTO-03404,normal,5,8,8,0,0,11,11,36.67,6,True,100.0,0
TTO-03405,normal,5,10,7,3,1,19,13,43.33,6,False,70.0,0
TTO-03406,normal,5,10,10,0,0,15,15,50.0,10,True,100.0,0
TTO-03407,normal,5,13,8,5,2,20,13,43.33,7,False,61.54,0
TTO-03408,normal,5,8,8,0,0,10,10,33.33,8,True,100.0,0
TTO-03409,normal,5,9,9,0,0,14,14,46.67,8,True,100.0,0
TTO-03410,normal,5,13,8,5,2,21,13,43.33,7,False,61.54,0
TTO-03411,normal,5,10,10,0,0,16,16,53.33,10,True,100.0,0
TTO-03412,normal,5,12,5,7,4,24,10,33.33,4,False,41.67,0
TTO-03413,normal,5,7,7,0,0,9,9,30.0,6,True,100.0,0
TTO-03414,normal,5,13,11,2,2,19,16,53.33,10,False,84.62,0
TTO-03415,normal,5,11,11,0,0,15,15,50.0,10,True,100.0,0
TTO-03416,normal,5,9,6,3,2,17,11,36.67,5,False,66.67,0
TTO-03417,normal,5,9,7,2,2,16,12,40.0,6,False,77.78,0
TTO-03418,normal,5,11,11,0,0,13,13,43.33,10,True,100.0,0
TTO-03419,normal,5,8,8,0,0,10,10,33.33,8,True,100.0,0
TTO-03420,normal,5,8,8,0,0,11,11,36.67,7,True,100.0,0
TTO-03421,normal,5,8,8,0,0,9,9,30.0,8,True,100.0,0
TTO-03422,normal,5,12,9,3,2,18,14,46.67,8,False,75.0,0
TTO-03423,normal,5,9,8,1,1,14,12,40.0,7,False,88.89,0
TTO-03424,normal,5,9,9,0,0,13,13,43.33,9,True,100.0,0
TTO-03425,normal,5,8,8,0,0,12,12,40.0,7,True,100.0,0
TTO-03426,normal,5,13,9,4,2,20,13,43.33,9,False,69.23,0
TTO-03427,normal,5,13,7,6,2,18,12,40.0,6,False,53.85,0
TTO-03428,normal,5,10,10,0,0,10,10,33.33,9,True,100.0,0
TTO-03429,normal,5,10,10,0,0,13,13,43.33,9,True,100.0,0
TTO-03430,normal,5,12,7,5,3,23,13,43.33,6,False,58.33,0
TTO-03431,normal,5,14,10,4,2,14,10,33.33,9,False,71.43,0
TTO-03432,normal,5,10,6,4,2,16,10,33.33,6,False,60.0,0
TTO-03433,normal,5,9,7,2,1,13,11,36.67,7,False,77.78,0
TTO-03434,normal,5,10,6,4,2,17,10,33.33,5,False,60.0,0
TTO-03435,normal,5,12,6,6,2,17,11,36.67,6,False,50.0,0
TTO-03436,normal,5,9,9,0,0,14,14,46.67,8,True,100.0,0
TTO-03437,normal,5,13,11,2,1,15,11,36.67,11,False,84.62,0
TTO-03438,normal,5,10,10,0,0,13,13,43.33,9,True,100.0,0
TTO-03439,normal,5,10,9,1,1,19,17,56.67,9,False,90.0,0
TTO-03440,normal,5,7,7,0,0,13,13,43.33,6,True,100.0,0
TTO-03441,normal,5,8,8,0,0,9,9,30.0,6,True,100.0,0
TTO-03442,normal,5,10,8,2,1,13,11,36.67,7,False,80.0,0
TTO-03443,normal,5,11,9,2,1,13,11,36.67,8,False,81.82,0
TTO-03444,normal,5,8,7,1,1,13,11,36.67,7,False,87.5,0
TTO-03445,normal,5,9,9,0,0,13,13,43.33,9,True,100.0,0
TTO-03446,normal,5,12,10,2,1,17,13,43.33,9,False,83.33,0
TTO-03447,normal,5,9,7,2,2,13,10,33.33,6,False,77.78,0
TTO-03448,normal,5,11,11,0,0,14,14,46.67,10,True,100.0,0
TTO-03449,normal,5,10,9,1,1,16,14,46.67,8,False,90.0,0
TTO-03450,normal,5,12,9,3,2,22,16,53.33,9,False,75.0,0
TTO-03451,normal,5,8,8,0,0,14,14,46.67,8,True,100.0,0
TTO-03452,normal,5,8,8,0,0,11,11,36.67,7,True,100.0,0
TTO-03453,normal,5,6,6,0,0,7,7,23.33,4,True,100.0,0
TTO-03454,normal,5,12,7,5,2,22,12,40.0,7,False,58.33,0
TTO-03455,normal,5,9,9,0,0,11,11,36.67,7,True,100.0,0
TTO-03456,normal,5,9,9,0,0,12,12,40.0,8,True,100.0,0
TTO-03457,normal,5,11,9,2,1,15,11,36.67,7,False,81.82,0
TTO-03458,normal,5,10,6,4,2,16,10,33.33,5,False,60.0,0
TTO-03459,normal,5,8,8,0,0,12,12,40.0,7,True,100.0,0
TTO-03460,normal,5,11,11,0,0,13,13,43.33,11,True,100.0,0
TTO-03461,normal,5,9,9,0,0,11,11,36.67,7,True,100.0,0
TTO-03462,normal,5,12,9,3,1,20,14,46.67,9,False,75.0,0
TTO-03463,normal,5,14,10,4,2,22,16,53.33,10,False,71.43,0
TTO-03464,normal,5,14,7,7,3,25,14,46.67,6,False,50.0,0
TTO-03465,normal,5,10,7,3,1,17,11,36.67,7,False,70.0,0
TTO-03466,normal,5,8,8,0,0,11,11,36.67,8,True,100.0,0
TTO-03467,normal,5,9,7,2,1,15,11,36.67,7,False,77.78,0
TTO-03468,normal,5,11,9,2,1,14,12,40.0,9,False,81.82,0
TTO-03469,normal,5,10,10,0,0,14,14,46.67,9,True,100.0,0
TTO-03470,normal,5,12,9,3,2,16,12,40.0,8,False,75.0,0
TTO-03471,normal,5,8,8,0,0,10,10,33.33,8,True,100.0,0
TTO-03472,normal,5,13,11,2,1,21,19,63.33,11,False,84.62,0
TTO-03473,normal,5,13,11,2,1,17,15,50.0,9,False,84.62,0
TTO-03474,normal,5,10,6,4,3,16,10,33.33,6,False,60.0,0
TTO-03475,normal,5,8,7,1,1,12,10,33.33,7,False,87.5,0
TTO-03476,normal,5,10,8,2,1,15,11,36.67,8,False,80.0,0
TTO-03477,normal,5,12,12,0,0,12,12,40.0,11,True,100.0,0
TTO-03478,normal,5,11,9,2,2,17,14,46.67,8,False,81.82,0
TTO-03479,normal,5,7,7,0,0,12,12,40.0,6,True,100.0,0
TTO-03480,normal,5,8,8,0,0,11,11,36.67,8,True,100.0,0
TTO-03481,normal,5,11,7,4,3,19,11,36.67,6,False,63.64,0
TTO-03482,normal,5,8,8,0,0,9,9,30.0,8,True,100.0,0
TTO-03483,normal,5,7,7,0,0,9,9,30.0,6,True,100.0,0
TTO-03484,normal,5,7,7,0,0,11,11,36.67,7,True,100.0,0
TTO-03485,normal,5,10,10,0,0,10,10,33.33,10,True,100.0,0
TTO-03486,normal,5,9,7,2,1,17,13,43.33,7,False,77.78,0
TTO-03487,normal,5,11,11,0,0,14,14,46.67,10,True,100.0,0
TTO-03488,normal,5,10,8,2,2,17,14,46.67,8,False,80.0,0
TTO-03489,normal,5,10,10,0,0,11,11,36.67,9,True,100.0,0
TTO-03490,normal,5,7,7,0,0,9,9,30.0,7,True,100.0,0
TTO-03491,normal,5,9,7,2,2,15,12,40.0,6,False,77.78,0
TTO-03492,normal,5,10,8,2,2,20,16,53.33,7,False,80.0,0
TTO-03493,normal,5,8,8,0,0,11,11,36.67,8,True,100.0,0
TTO-03494,normal,5,10,9,1,1,16,14,46.67,9,False,90.0,0
TTO-03495,normal,5,11,9,2,1,17,13,43.33,9,False,81.82,0
TTO-03496,normal,5,12,12,0,0,12,12,40.0,11,True,100.0,0
TTO-03497,normal,5,5,5,0,0,5,5,16.67,4,True,100.0,0
TTO-03498,normal,5,8,8,0,0,12,12,40.0,8,True,100.0,0
TTO-03499,normal,5,9,6,3,2,16,10,33.33,5,False,66.67,0
TTO-03500,normal,5,12,7,5,3,20,12,40.0,5,False,58.33,0
TTO-03501,normal,5,11,7,4,2,19,11,36.67,6,False,63.64,0
TTO-03502,normal,5,10,9,1,1,12,11,36.67,9,False,90.0,0
TTO-03503,normal,5,11,9,2,1,16,12,40.0,9,False,81.82,0
TTO-03504,normal,5,13,11,2,2,22,18,60.0,10,False,84.62,0
TTO-03505,normal,5,13,11,2,1,19,15,50.0,8,False,84.62,0
TTO-03506,normal,5,11,8,3,2,15,12,40.0,8,False,72.73,0
TTO-03507,normal,5,9,9,0,0,12,12,40.0,9,True,100.0,0
TTO-03508,normal,5,10,10,0,0,16,16,53.33,10,True,100.0,0
TTO-03509,normal,5,9,7,2,1,15,11,36.67,6,False,77.78,0
TTO-03510,normal,5,9,9,0,0,17,17,56.67,8,True,100.0,0
TTO-03511,normal,5,11,8,3,1,15,12,40.0,7,False,72.73,0
TTO-03512,normal,5,11,9,2,1,18,14,46.67,7,False,81.82,0
TTO-03513,normal,5,9,9,0,0,14,14,46.67,9,True,100.0,0
TTO-03514,normal,5,9,9,0,0,10,10,33.33,9,True,100.0,0
TTO-03515,normal,5,8,7,1,1,12,10,33.33,6,False,87.5,0
TTO-03516,normal,5,13,10,3,1,21,15,50.0,8,False,76.92,0
TTO-03517,normal,5,11,11,0,0,12,12,40.0,10,True,100.0,0
TTO-03518,normal,5,11,11,0,0,16,16,53.33,11,True,100.0,0
TTO-03519,normal,5,8,7,1,1,15,13,43.33,5,False,87.5,0
TTO-03520,normal,5,5,5,0,0,6,6,20.0,5,True,100.0,0
TTO-03521,normal,5,9,9,0,0,10,10,33.33,8,True,100.0,0
TTO-03522,normal,5,10,9,1,1,18,16,53.33,8,False,90.0,0
TTO-03523,normal,5,12,9,3,1,20,14,46.67,7,False,75.0,0
TTO-03524,normal,5,10,9,1,1,15,13,43.33,9,False,90.0,0
TTO-03525,normal,5,11,9,2,1,18,14,46.67,8,False,81.82,0
TTO-03526,normal,5,10,9,1,1,17,16,53.33,9,False,90.0,0
TTO-03527,normal,5,12,10,2,1,16,14,46.67,9,False,83.33,0
TTO-03528,normal,5,10,8,2,1,19,15,50.0,7,False,80.0,0
TTO-03529,normal,5,11,10,1,1,19,17,56.67,9,False,90.91,0
TTO-03530,normal,5,11,10,1,1,18,16,53.33,10,False,90.91,0
TTO-03531,normal,5,11,10,1,1,18,16,53.33,9,False,90.91,0
TTO-03532,normal,5,12,10,2,1,18,14,46.67,10,False,83.33,0
TTO-03533,normal,5,8,8,0,0,11,11,36.67,6,True,100.0,0
TTO-03534,normal,5,10,9,1,1,16,15,50.0,8,False,90.0,0
TTO-03535,normal,5,11,9,2,2,18,15,50.0,7,False,81.82,0
TTO-03536,normal,5,11,11,0,0,15,15,50.0,10,True,100.0,0
TTO-03537,normal,5,7,7,0,0,10,10,33.33,7,True,100.0,0
TTO-03538,normal,5,15,13,2,1,21,19,63.33,11,False,86.67,0
TTO-03539,normal,5,12,10,2,2,21,18,60.0,8,False,83.33,0
TTO-03540,normal,5,9,9,0,0,14,14,46.67,8,True,100.0,0
TTO-03541,normal,5,12,8,4,2,19,11,36.67,8,False,66.67,0
TTO-03542,normal,5,9,7,2,1,17,13,43.33,5,False,77.78,0
TTO-03543,normal,5,11,11,0,0,13,13,43.33,11,True,100.0,0
TTO-03544,normal,5,12,11,1,1,17,16,53.33,8,False,91.67,0
TTO-03545,normal,5,10,10,0,0,13,13,43.33,8,True,100.0,0
TTO-03546,normal,5,8,7,1,1,13,11,36.67,7,False,87.5,0
TTO-03547,normal,5,10,6,4,2,18,12,40.0,6,False,60.0,0
TTO-03548,normal,5,12,8,4,2,21,13,43.33,8,False,66.67,0
TTO-03549,normal,5,10,9,1,1,17,15,50.0,9,False,90.0,0
TTO-03550,normal,5,9,9,0,0,13,13,43.33,8,True,100.0,0
TTO-03551,normal,5,8,8,0,0,11,11,36.67,8,True,100.0,0
TTO-03552,normal,5,12,8,4,2,19,12,40.0,7,False,66.67,0
TTO-03553,normal,5,12,8,4,3,19,12,40.0,7,False,66.67,0
TTO-03554,normal,5,10,7,3,3,18,14,46.67,7,False,70.0,0
TTO-03555,normal,5,9,9,0,0,13,13,43.33,8,True,100.0,0
TTO-03556,normal,5,10,8,2,1,14,10,33.33,5,False,80.0,0
TTO-03557,normal,5,9,8,1,1,17,15,50.0,7,False,88.89,0
TTO-03558,normal,5,9,8,1,1,14,12,40.0,8,False,88.89,0
TTO-03559,normal,5,7,7,0,0,8,8,26.67,7,True,100.0,0
TTO-03560,normal,5,8,8,0,0,10,10,33.33,7,True,100.0,0
TTO-03561,normal,5,7,7,0,0,10,10,33.33,6,True,100.0,0
TTO-03562,normal,5,8,8,0,0,10,10,33.33,8,True,100.0,0
TTO-03563,normal,5,14,6,8,3,25,9,30.0,6,False,42.86,0
TTO-03564,normal,5,11,6,5,3,16,10,33.33,5,False,54.55,0
TTO-03565,normal,5,11,9,2,1,18,14,46.67,8,False,81.82,0
TTO-03566,normal,5,8,8,0,0,14,14,46.67,8,True,100.0,0
TTO-03567,normal,5,13,10,3,1,21,15,50.0,8,False,76.92,0
TTO-03568,normal,5,8,8,0,0,11,11,36.67,5,True,100.0,0
TTO-03569,normal,5,11,7,4,2,20,12,40.0,7,False,63.64,0
TTO-03570,normal,5,9,8,1,1,15,13,43.33,6,False,88.89,0
TTO-03571,normal,5,9,9,0,0,10,10,33.33,8,True,100.0,0
TTO-03572,normal,5,14,8,6,3,23,16,53.33,7,False,57.14,0
TTO-03573,normal,5,9,7,2,2,16,13,43.33,7,False,77.78,0
TTO-03574,normal,5,11,8,3,1,20,14,46.67,7,False,72.73,0
TTO-03575,normal,5,11,9,2,1,16,12,40.0,8,False,81.82,0
TTO-03576,normal,5,13,8,5,2,18,13,43.33,8,False,61.54,0
TTO-03577,normal,5,9,8,1,1,14,12,40.0,8,False,88.89,0
TTO-03578,normal,5,10,7,3,1,19,13,43.33,7,False,70.0,0
TTO-03579,normal,5,11,6,5,2,18,10,33.33,6,False,54.55,0
TTO-03580,normal,5,10,9,1,1,15,14,46.67,8,False,90.0,0
TTO-03581,normal,5,11,10,1,1,20,18,60.0,8,False,90.91,0
TTO-03582,normal,5,13,12,1,1,19,18,60.0,12,False,92.31,0
TTO-03583,normal,5,12,10,2,1,16,12,40.0,8,False,83.33,0
TTO-03584,normal,5,11,11,0,0,12,12,40.0,9,True,100.0,0
TTO-03585,normal,5,9,9,0,0,12,12,40.0,8,True,100.0,0
TTO-03586,normal,5,11,9,2,1,15,11,36.67,9,False,81.82,0
TTO-03587,normal,5,12,10,2,1,12,10,33.33,10,False,83.33,0
TTO-03588,normal,5,9,5,4,2,18,10,33.33,5,False,55.56,0
TTO-03589,normal,5,12,9,3,2,18,12,40.0,9,False,75.0,0
TTO-03590,normal,5,8,8,0,0,14,14,46.67,7,True,100.0,0
TTO-03591,normal,5,7,6,1,1,13,11,36.67,6,False,85.71,0
TTO-03592,normal,5,10,8,2,1,18,14,46.67,7,False,80.0,0
TTO-03593,normal,5,7,7,0,0,9,9,30.0,6,True,100.0,0
TTO-03594,normal,5,9,7,2,1,14,12,40.0,6,False,77.78,0
TTO-03595,normal,5,14,8,6,3,22,13,43.33,6,False,57.14,0
TTO-03596,normal,5,8,8,0,0,9,9,30.0,5,True,100.0,0
TTO-03597,normal,5,10,7,3,2,15,10,33.33,7,False,70.0,0
TTO-03598,normal,5,10,8,2,1,16,14,46.67,8,False,80.0,0
TTO-03599,normal,5,12,10,2,2,18,14,46.67,10,False,83.33,0
TTO-03600,normal,5,12,8,4,2,18,12,40.0,7,False,66.67,0
TTO-03601,normal,5,11,8,3,2,16,11,36.67,7,False,72.73,0
TTO-03602,normal,5,7,7,0,0,9,9,30.0,6,True,100.0,0
TTO-03603,normal,5,8,6,2,1,14,10,33.33,6,False,75.0,0
TTO-03604,normal,5,7,7,0,0,10,10,33.33,6,True,100.0,0
TTO-03605,normal,5,10,9,1,1,15,13,43.33,7,False,90.0,0
TTO-03606,normal,5,9,9,0,0,15,15,50.0,6,True,100.0,0
TTO-03607,normal,5,11,11,0,0,13,13,43.33,10,True,100.0,0
TTO-03608,normal,5,10,10,0,0,11,11,36.67,9,True,100.0,0
TTO-03609,normal,5,10,9,1,1,15,13,43.33,9,False,90.0,0
TTO-03610,normal,5,9,9,0,0,11,11,36.67,8,True,100.0,0
TTO-03611,normal,5,11,11,0,0,11,11,36.67,9,True,100.0,0
TTO-03612,normal,5,11,11,0,0,15,15,50.0,10,True,100.0,0
TTO-03613,normal,5,10,6,4,2,15,10,33.33,5,False,60.0,0
TTO-03614,normal,5,12,8,4,2,20,12,40.0,8,False,66.67,0
TTO-03615,normal,5,10,10,0,0,13,13,43.33,10,True,100.0,0
TTO-03616,normal,5,8,8,0,0,9,9,30.0,8,True,100.0,0
TTO-03617,normal,5,12,9,3,1,19,13,43.33,9,False,75.0,0
TTO-03618,normal,5,12,10,2,1,15,13,43.33,10,False,83.33,0
TTO-03619,normal,5,9,9,0,0,11,11,36.67,8,True,100.0,0
TTO-03620,normal,5,12,12,0,0,18,18,60.0,9,True,100.0,0
TTO-03621,normal,5,10,9,1,1,16,14,46.67,8,False,90.0,0
TTO-03622,normal,5,10,10,0,0,16,16,53.33,9,True,100.0,0
TTO-03623,normal,5,9,9,0,0,11,11,36.67,8,True,100.0,0
TTO-03624,normal,5,12,9,3,2,16,13,43.33,8,False,75.0,0
TTO-03625,normal,5,14,10,4,2,17,10,33.33,10,False,71.43,0
TTO-03626,normal,5,9,8,1,1,12,10,33.33,6,False,88.89,0
TTO-03627,normal,5,9,8,1,1,16,14,46.67,8,False,88.89,0
TTO-03628,normal,5,8,7,1,1,14,12,40.0,6,False,87.5,0
TTO-03629,normal,5,10,10,0,0,16,16,53.33,10,True,100.0,0
TTO-03630,normal,5,10,9,1,1,14,13,43.33,8,False,90.0,0
TTO-03631,normal,5,10,7,3,1,20,14,46.67,7,False,70.0,0
TTO-03632,normal,5,10,10,0,0,17,17,56.67,10,True,100.0,0
TTO-03633,normal,5,12,11,1,1,15,14,46.67,10,False,91.67,0
TTO-03634,normal,5,10,8,2,1,13,9,30.0,7,False,80.0,0
TTO-03635,normal,5,10,10,0,0,16,16,53.33,10,True,100.0,0
TTO-03636,normal,5,13,9,4,2,17,13,43.33,8,False,69.23,0
TTO-03637,normal,5,9,7,2,2,17,14,46.67,7,False,77.78,0
TTO-03638,normal,5,8,8,0,0,14,14,46.67,7,True,100.0,0
TTO-03639,normal,5,11,7,4,2,18,10,33.33,7,False,63.64,0
TTO-03640,normal,5,12,9,3,2,18,12,40.0,8,False,75.0,0
TTO-03641,normal,5,10,9,1,1,13,11,36.67,8,False,90.0,0
TTO-03642,normal,5,8,8,0,0,11,11,36.67,6,True,100.0,0
TTO-03643,normal,5,13,8,5,3,20,12,40.0,6,False,61.54,0
TTO-03644,normal,5,7,7,0,0,9,9,30.0,5,True,100.0,0
TTO-03645,normal,5,10,7,3,1,20,14,46.67,6,False,70.0,0
TTO-03646,normal,5,9,8,1,1,15,13,43.33,8,False,88.89,0
TTO-03647,normal,5,8,6,2,1,14,10,33.33,6,False,75.0,0
TTO-03648,normal,5,9,9,0,0,12,12,40.0,9,True,100.0,0
TTO-03649,normal,5,11,6,5,2,18,10,33.33,6,False,54.55,0
TTO-03650,normal,5,6,6,0,0,10,10,33.33,4,True,100.0,0
TTO-03651,normal,5,11,10,1,1,17,16,53.33,10,False,90.91,0
TTO-03652,normal,5,11,7,4,2,18,10,33.33,5,False,63.64,0
TTO-03653,normal,5,6,6,0,0,8,8,26.67,4,True,100.0,0
TTO-03654,normal,5,13,12,1,1,18,17,56.67,11,False,92.31,0
TTO-03655,normal,5,8,8,0,0,11,11,36.67,7,True,100.0,0
TTO-03656,normal,5,13,7,6,3,20,10,33.33,6,False,53.85,0
TTO-03657,normal,5,11,8,3,2,20,14,46.67,5,False,72.73,0
TTO-03658,normal,5,9,7,2,2,13,10,33.33,7,False,77.78,0
TTO-03659,normal,5,11,9,2,1,15,11,36.67,9,False,81.82,0
TTO-03660,normal,5,10,9,1,1,12,11,36.67,6,False,90.0,0
TTO-03661,normal,5,10,7,3,2,17,12,40.0,7,False,70.0,0
TTO-03662,normal,5,12,11,1,1,14,13,43.33,10,False,91.67,0
TTO-03663,normal,5,12,10,2,1,19,15,50.0,10,False,83.33,0
TTO-03664,normal,5,10,9,1,1,14,13,43.33,8,False,90.0,0
TTO-03665,normal,5,13,9,4,2,18,12,40.0,7,False,69.23,0
TTO-03666,normal,5,12,7,5,2,20,10,33.33,7,False,58.33,0
TTO-03667,normal,5,8,8,0,0,9,9,30.0,8,True,100.0,0
TTO-03668,normal,5,5,5,0,0,7,7,23.33,4,True,100.0,0
TTO-03669,normal,5,12,11,1,1,20,18,60.0,10,False,91.67,0
TTO-03670,normal,5,8,6,2,1,14,10,33.33,5,False,75.0,0
TTO-03671,normal,5,9,9,0,0,14,14,46.67,6,True,100.0,0
TTO-03672,normal,5,13,9,4,2,21,15,50.0,9,False,69.23,0
TTO-03673,normal,5,9,7,2,1,14,12,40.0,6,False,77.78,0
TTO-03674,normal,5,9,7,2,2,18,14,46.67,6,False,77.78,0
TTO-03675,normal,5,11,7,4,2,18,14,46.67,6,False,63.64,0
TTO-03676,normal,5,11,7,4,2,19,11,36.67,7,False,63.64,0
TTO-03677,normal,5,8,8,0,0,14,14,46.67,8,True,100.0,0
TTO-03678,normal,5,9,9,0,0,12,12,40.0,7,True,100.0,0
TTO-03679,normal,5,11,10,1,1,13,11,36.67,8,False,90.91,0
TTO-03680,normal,5,7,7,0,0,9,9,30.0,4,True,100.0,0
TTO-03681,normal,5,7,7,0,0,12,12,40.0,7,True,100.0,0
TTO-03682,normal,5,9,6,3,2,15,9,30.0,5,False,66.67,0
TTO-03683,normal,5,11,9,2,1,16,14,46.67,8,False,81.82,0
TTO-03684,normal,5,12,10,2,1,16,14,46.67,10,False,83.33,0
TTO-03685,normal,5,9,7,2,1,13,11,36.67,6,False,77.78,0
TTO-03686,normal,5,14,9,5,3,28,18,60.0,7,False,64.29,0
TTO-03687,normal,5,8,8,0,0,10,10,33.33,8,True,100.0,0
TTO-03688,normal,5,9,8,1,1,11,9,30.0,8,False,88.89,0
TTO-03689,normal,5,7,6,1,1,12,10,33.33,5,False,85.71,0
TTO-03690,normal,5,9,9,0,0,12,12,40.0,8,True,100.0,0
TTO-03691,normal,5,10,10,0,0,12,12,40.0,9,True,100.0,0
TTO-03692,normal,5,13,10,3,2,19,13,43.33,9,False,76.92,0
TTO-03693,normal,5,12,7,5,2,23,13,43.33,6,False,58.33,0
TTO-03694,normal,5,11,8,3,2,16,10,33.33,8,False,72.73,0
TTO-03695,normal,5,9,6,3,2,15,12,40.0,6,False,66.67,0
TTO-03696,normal,5,9,9,0,0,9,9,30.0,8,True,100.0,0
TTO-03697,normal,5,8,7,1,1,12,10,33.33,6,False,87.5,0
TTO-03698,normal,5,9,8,1,1,14,12,40.0,7,False,88.89,0
TTO-03699,normal,5,13,7,6,3,19,12,40.0,7,False,53.85,0
TTO-03700,normal,5,11,10,1,1,16,15,50.0,10,False,90.91,0
TTO-03701,normal,5,6,5,1,1,11,9,30.0,5,False,83.33,0
TTO-03702,normal,5,11,7,4,2,19,11,36.67,7,False,63.64,0
TTO-03703,normal,5,9,9,0,0,12,12,40.0,9,True,100.0,0
TTO-03704,normal,5,12,12,0,0,12,12,40.0,12,True,100.0,0
TTO-03705,normal,5,14,10,4,2,20,14,46.67,9,False,71.43,0
TTO-03706,normal,5,12,11,1,1,13,12,40.0,9,False,91.67,0
TTO-03707,normal,5,10,9,1,1,20,18,60.0,7,False,90.0,0
TTO-03708,normal,5,12,8,4,2,16,10,33.33,7,False,66.67,0
TTO-03709,normal,5,11,10,1,1,20,18,60.0,9,False,90.91,0
TTO-03710,normal,5,7,6,1,1,14,12,40.0,6,False,85.71,0
TTO-03711,normal,5,13,10,3,3,23,17,56.67,10,False,76.92,0
TTO-03712,normal,5,6,6,0,0,9,9,30.0,6,True,100.0,0
TTO-03713,normal,5,10,8,2,2,19,16,53.33,8,False,80.0,0
TTO-03714,normal,5,12,9,3,1,18,15,50.0,9,False,75.0,0
TTO-03715,normal,5,9,9,0,0,10,10,33.33,9,True,100.0,0
TTO-03716,normal,5,8,8,0,0,13,13,43.33,8,True,100.0,0
TTO-03717,normal,5,11,11,0,0,16,16,53.33,10,True,100.0,0
TTO-03718,normal,5,9,9,0,0,11,11,36.67,7,True,100.0,0
TTO-03719,normal,5,9,7,2,1,14,10,33.33,6,False,77.78,0
TTO-03720,normal,5,10,8,2,1,18,14,46.67,8,False,80.0,0
TTO-03721,normal,5,8,7,1,1,13,11,36.67,7,False,87.5,0
TTO-03722,normal,5,9,9,0,0,11,11,36.67,8,True,100.0,0
TTO-03723,normal,5,8,8,0,0,9,9,30.0,8,True,100.0,0
TTO-03724,normal,5,6,6,0,0,12,12,40.0,6,True,100.0,0
TTO-03725,normal,5,11,8,3,1,22,16,53.33,4,False,72.73,0
TTO-03726,normal,5,9,9,0,0,13,13,43.33,9,True,100.0,0
TTO-03727,normal,5,14,10,4,2,22,14,46.67,10,False,71.43,0
TTO-03728,normal,5,12,8,4,2,19,11,36.67,6,False,66.67,0
TTO-03729,normal,5,12,5,7,3,18,10,33.33,4,False,41.67,0
TTO-03730,normal,5,12,8,4,2,18,10,33.33,7,False,66.67,0
TTO-03731,normal,5,11,9,2,1,20,16,53.33,8,False,81.82,0
TTO-03732,normal,5,12,11,1,1,22,20,66.67,9,False,91.67,0
TTO-03733,normal,5,8,8,0,0,10,10,33.33,6,True,100.0,0
TTO-03734,normal,5,12,8,4,2,19,13,43.33,7,False,66.67,0
TTO-03735,normal,5,9,9,0,0,13,13,43.33,7,True,100.0,0
TTO-03736,normal,5,10,7,3,1,15,12,40.0,7,False,70.0,0
TTO-03737,normal,5,11,5,6,3,21,10,33.33,3,False,45.45,0
TTO-03738,normal,5,8,8,0,0,10,10,33.33,8,True,100.0,0
TTO-03739,normal,5,9,9,0,0,14,14,46.67,7,True,100.0,0
TTO-03740,normal,5,9,9,0,0,13,13,43.33,9,True,100.0,0
TTO-03741,normal,5,10,9,1,1,13,11,36.67,8,False,90.0,0
TTO-03742,normal,5,11,9,2,1,17,13,43.33,9,False,81.82,0
TTO-03743,normal,5,11,11,0,0,19,19,63.33,11,True,100.0,0
TTO-03744,normal,5,9,5,4,3,16,10,33.33,4,False,55.56,0
TTO-03745,normal,5,9,9,0,0,10,10,33.33,9,True,100.0,0
TTO-03746,normal,5,9,8,1,1,13,12,40.0,8,False,88.89,0
TTO-03747,normal,5,7,7,0,0,9,9,30.0,7,True,100.0,0
TTO-03748,normal,5,8,8,0,0,11,11,36.67,6,True,100.0,0
TTO-03749,normal,5,11,8,3,2,17,13,43.33,8,False,72.73,0
TTO-03750,normal,5,11,6,5,2,15,10,33.33,4,False,54.55,0
TTO-03751,normal,5,9,8,1,1,15,13,43.33,8,False,88.89,0
TTO-03752,normal,5,10,10,0,0,12,12,40.0,9,True,100.0,0
TTO-03753,normal,5,9,9,0,0,11,11,36.67,8,True,100.0,0
TTO-03754,normal,5,8,8,0,0,8,8,26.67,6,True,100.0,0
TTO-03755,normal,5,10,7,3,2,18,12,40.0,5,False,70.0,0
TTO-03756,normal,5,11,10,1,1,15,13,43.33,9,False,90.91,0
TTO-03757,normal,5,10,7,3,2,13,10,33.33,7,False,70.0,0
TTO-03758,normal,5,8,8,0,0,9,9,30.0,8,True,100.0,0
TTO-03759,normal,5,12,12,0,0,14,14,46.67,10,True,100.0,0
TTO-03760,normal,5,12,9,3,1,20,17,56.67,9,False,75.0,0
TTO-03761,normal,5,11,10,1,1,14,12,40.0,8,False,90.91,0
TTO-03762,normal,5,11,11,0,0,11,11,36.67,9,True,100.0,0
TTO-03763,normal,5,9,9,0,0,10,10,33.33,9,True,100.0,0
TTO-03764,normal,5,8,7,1,1,13,11,36.67,5,False,87.5,0
TTO-03765,normal,5,11,11,0,0,14,14,46.67,11,True,100.0,0
TTO-03766,normal,5,11,9,2,2,15,12,40.0,9,False,81.82,0
TTO-03767,normal,5,11,9,2,1,17,13,43.33,7,False,81.82,0
TTO-03768,normal,5,13,7,6,2,23,14,46.67,7,False,53.85,0
TTO-03769,normal,5,10,7,3,2,15,10,33.33,7,False,70.0,0
TTO-03770,normal,5,8,7,1,1,16,14,46.67,6,False,87.5,0
TTO-03771,normal,5,10,8,2,1,17,13,43.33,6,False,80.0,0
TTO-03772,normal,5,13,13,0,0,15,15,50.0,12,True,100.0,0
TTO-03773,normal,5,12,12,0,0,14,14,46.67,11,True,100.0,0
TTO-03774,normal,5,11,8,3,1,17,11,36.67,7,False,72.73,0
TTO-03775,normal,5,10,10,0,0,14,14,46.67,10,True,100.0,0
TTO-03776,normal,5,9,9,0,0,13,13,43.33,8,True,100.0,0
TTO-03777,normal,5,9,7,2,1,14,12,40.0,7,False,77.78,0
TTO-03778,normal,5,10,10,0,0,16,16,53.33,9,True,100.0,0
TTO-03779,normal,5,12,10,2,1,17,13,43.33,9,False,83.33,0
TTO-03780,normal,5,9,9,0,0,15,15,50.0,7,True,100.0,0
TTO-03781,normal,5,11,9,2,1,14,10,33.33,9,False,81.82,0
TTO-03782,normal,5,12,8,4,2,18,12,40.0,7,False,66.67,0
TTO-03783,normal,5,9,9,0,0,11,11,36.67,8,True,100.0,0
TTO-03784,normal,5,9,8,1,1,15,13,43.33,6,False,88.89,0
TTO-03785,normal,5,6,6,0,0,10,10,33.33,6,True,100.0,0
TTO-03786,normal,5,10,9,1,1,18,16,53.33,9,False,90.0,0
TTO-03787,normal,5,11,11,0,0,13,13,43.33,8,True,100.0,0
TTO-03788,normal,5,8,8,0,0,10,10,33.33,7,True,100.0,0
TTO-03789,normal,5,13,7,6,3,20,10,33.33,7,False,53.85,0
TTO-03790,normal,5,9,9,0,0,11,11,36.67,9,True,100.0,0
TTO-03791,normal,5,7,7,0,0,7,7,23.33,7,True,100.0,0
TTO-03792,normal,5,11,9,2,1,17,13,43.33,8,False,81.82,0
TTO-03793,normal,5,12,7,5,2,20,10,33.33,7,False,58.33,0
TTO-03794,normal,5,7,6,1,1,11,10,33.33,5,False,85.71,0
TTO-03795,normal,5,14,9,5,2,22,12,40.0,9,False,64.29,0
TTO-03796,normal,5,10,10,0,0,16,16,53.33,9,True,100.0,0
TTO-03797,normal,5,9,8,1,1,16,14,46.67,8,False,88.89,0
TTO-03798,normal,5,11,10,1,1,16,14,46.67,10,False,90.91,0
TTO-03799,normal,5,11,9,2,1,19,15,50.0,9,False,81.82,0
TTO-03800,normal,5,9,9,0,0,11,11,36.67,9,True,100.0,0
TTO-03801,normal,5,11,7,4,2,17,10,33.33,7,False,63.64,0
TTO-03802,normal,5,8,8,0,0,9,9,30.0,8,True,100.0,0
TTO-03803,normal,5,12,9,3,3,19,13,43.33,8,False,75.0,0
TTO-03804,normal,5,6,6,0,0,11,11,36.67,5,True,100.0,0
TTO-03805,normal,5,7,7,0,0,7,7,23.33,7,True,100.0,0
TTO-03806,normal,5,9,9,0,0,13,13,43.33,8,True,100.0,0
TTO-03807,normal,5,9,7,2,2,14,10,33.33,5,False,77.78,0
TTO-03808,normal,5,11,6,5,3,19,9,30.0,5,False,54.55,0
TTO-03809,normal,5,9,9,0,0,10,10,33.33,7,True,100.0,0
TTO-03810,normal,5,11,10,1,1,14,12,40.0,9,False,90.91,0
TTO-03811,normal,5,10,8,2,2,18,14,46.67,7,False,80.0,0
TTO-03812,normal,5,7,7,0,0,10,10,33.33,6,True,100.0,0
TTO-03813,normal,5,10,6,4,2,20,12,40.0,5,False,60.0,0
TTO-03814,normal,5,9,9,0,0,11,11,36.67,7,True,100.0,0
TTO-03815,normal,5,7,7,0,0,10,10,33.33,5,True,100.0,0
TTO-03816,normal,5,11,10,1,1,19,17,56.67,9,False,90.91,0
TTO-03817,normal,5,11,8,3,2,18,12,40.0,7,False,72.73,0
TTO-03818,normal,5,10,6,4,3,15,10,33.33,5,False,60.0,0
TTO-03819,normal,5,9,8,1,1,16,14,46.67,7,False,88.89,0
TTO-03820,normal,5,11,9,2,1,17,13,43.33,9,False,81.82,0
TTO-03821,normal,5,9,7,2,2,14,11,36.67,7,False,77.78,0
TTO-03822,normal,5,13,7,6,2,22,10,33.33,5,False,53.85,0
TTO-03823,normal,5,12,12,0,0,12,12,40.0,12,True,100.0,0
TTO-03824,normal,5,9,9,0,0,14,14,46.67,8,True,100.0,0
TTO-03825,normal,5,11,11,0,0,14,14,46.67,10,True,100.0,0
TTO-03826,normal,5,10,7,3,1,19,13,43.33,6,False,70.0,0
TTO-03827,normal,5,9,9,0,0,13,13,43.33,9,True,100.0,0
TTO-03828,normal,5,13,10,3,2,21,16,53.33,10,False,76.92,0
TTO-03829,normal,5,10,10,0,0,11,11,36.67,10,True,100.0,0
TTO-03830,normal,5,8,8,0,0,12,12,40.0,6,True,100.0,0
TTO-03831,normal,5,9,5,4,3,18,10,33.33,4,False,55.56,0
TTO-03832,normal,5,10,8,2,1,18,14,46.67,7,False,80.0,0
TTO-03833,normal,5,8,7,1,1,11,10,33.33,6,False,87.5,0
TTO-03834,normal,5,7,7,0,0,10,10,33.33,5,True,100.0,0
TTO-03835,normal,5,8,7,1,1,13,11,36.67,7,False,87.5,0
TTO-03836,normal,5,11,11,0,0,15,15,50.0,11,True,100.0,0
TTO-03837,normal,5,10,10,0,0,11,11,36.67,9,True,100.0,0
TTO-03838,normal,5,7,7,0,0,11,11,36.67,6,True,100.0,0
TTO-03839,normal,5,10,10,0,0,14,14,46.67,9,True,100.0,0
TTO-03840,normal,5,11,9,2,2,16,14,46.67,8,False,81.82,0
TTO-03841,normal,5,9,8,1,1,14,12,40.0,6,False,88.89,0
TTO-03842,normal,5,10,9,1,1,14,12,40.0,8,False,90.0,0
TTO-03843,normal,5,7,7,0,0,14,14,46.67,6,True,100.0,0
TTO-03844,normal,5,8,6,2,1,12,10,33.33,4,False,75.0,0
TTO-03845,normal,5,7,7,0,0,11,11,36.67,7,True,100.0,0
TTO-03846,normal,5,9,8,1,1,13,11,36.67,8,False,88.89,0
TTO-03847,normal,5,12,10,2,1,22,20,66.67,9,False,83.33,0
TTO-03848,normal,5,11,6,5,3,18,12,40.0,6,False,54.55,0
TTO-03849,normal,5,7,7,0,0,8,8,26.67,7,True,100.0,0
TTO-03850,normal,5,8,6,2,1,13,9,30.0,5,False,75.0,0
TTO-03851,normal,5,9,6,3,2,18,12,40.0,6,False,66.67,0
TTO-03852,normal,5,9,8,1,1,11,10,33.33,6,False,88.89,0
TTO-03853,normal,5,6,6,0,0,8,8,26.67,6,True,100.0,0
TTO-03854,normal,5,10,9,1,1,13,12,40.0,9,False,90.0,0
TTO-03855,normal,5,9,9,0,0,12,12,40.0,9,True,100.0,0
TTO-03856,normal,5,8,8,0,0,11,11,36.67,7,True,100.0,0
TTO-03857,normal,5,11,10,1,1,18,16,53.33,9,False,90.91,0
TTO-03858,normal,5,13,10,3,2,20,14,46.67,9,False,76.92,0
TTO-03859,normal,5,11,10,1,1,16,14,46.67,10,False,90.91,0
TTO-03860,normal,5,13,10,3,2,20,14,46.67,9,False,76.92,0
TTO-03861,normal,5,8,8,0,0,10,10,33.33,8,True,100.0,0
TTO-03862,normal,5,9,9,0,0,12,12,40.0,8,True,100.0,0
TTO-03863,normal,5,10,8,2,1,16,12,40.0,8,False,80.0,0
TTO-03864,normal,5,11,9,2,1,18,14,46.67,8,False,81.82,0
TTO-03865,normal,5,9,5,4,3,14,10,33.33,4,False,55.56,0
TTO-03866,normal,5,9,9,0,0,9,9,30.0,7,True,100.0,0
TTO-03867,normal,5,11,9,2,1,16,12,40.0,9,False,81.82,0
TTO-03868,normal,5,7,7,0,0,10,10,33.33,6,True,100.0,0
TTO-03869,normal,5,9,8,1,1,16,14,46.67,7,False,88.89,0
TTO-03870,normal,5,8,8,0,0,13,13,43.33,7,True,100.0,0
TTO-03871,normal,5,10,8,2,1,15,11,36.67,6,False,80.0,0
TTO-03872,normal,5,9,7,2,2,15,12,40.0,7,False,77.78,0
TTO-03873,normal,5,8,8,0,0,12,12,40.0,7,True,100.0,0
TTO-03874,normal,5,11,10,1,1,15,14,46.67,10,False,90.91,0
TTO-03875,normal,5,10,8,2,1,15,11,36.67,8,False,80.0,0
TTO-03876,normal,5,9,7,2,1,15,11,36.67,7,False,77.78,0
TTO-03877,normal,5,9,9,0,0,10,10,33.33,8,True,100.0,0
TTO-03878,normal,5,11,11,0,0,16,16,53.33,10,True,100.0,0
TTO-03879,normal,5,10,8,2,1,16,12,40.0,8,False,80.0,0
TTO-03880,normal,5,9,9,0,0,14,14,46.67,8,True,100.0,0
TTO-03881,normal,5,12,10,2,2,12,10,33.33,10,False,83.33,0
TTO-03882,normal,5,12,9,3,3,23,17,56.67,8,False,75.0,0
TTO-03883,normal,5,12,9,3,2,16,12,40.0,8,False,75.0,0
TTO-03884,normal,5,9,8,1,1,14,13,43.33,6,False,88.89,0
TTO-03885,normal,5,12,8,4,2,18,10,33.33,8,False,66.67,0
TTO-03886,normal,5,9,8,1,1,13,11,36.67,8,False,88.89,0
TTO-03887,normal,5,12,6,6,2,21,9,30.0,4,False,50.0,0
TTO-03888,normal,5,12,8,4,2,16,10,33.33,8,False,66.67,0
TTO-03889,normal,5,11,11,0,0,14,14,46.67,11,True,100.0,0
TTO-03890,normal,5,6,6,0,0,9,9,30.0,4,True,100.0,0
TTO-03891,normal,5,12,7,5,2,17,10,33.33,7,False,58.33,0
TTO-03892,normal,5,6,6,0,0,7,7,23.33,5,True,100.0,0
TTO-03893,normal,5,9,8,1,1,12,11,36.67,7,False,88.89,0
TTO-03894,normal,5,11,5,6,4,19,10,33.33,4,False,45.45,0
TTO-03895,normal,5,9,8,1,1,12,10,33.33,6,False,88.89,0
TTO-03896,normal,5,13,11,2,1,16,14,46.67,9,False,84.62,0
TTO-03897,normal,5,10,7,3,1,15,9,30.0,6,False,70.0,0
TTO-03898,normal,5,11,11,0,0,12,12,40.0,10,True,100.0,0
TTO-03899,normal,5,8,8,0,0,12,12,40.0,8,True,100.0,0
TTO-03900,normal,5,8,8,0,0,9,9,30.0,7,True,100.0,0
TTO-03901,normal,5,12,7,5,2,21,14,46.67,6,False,58.33,0
TTO-03902,normal,5,10,7,3,2,20,14,46.67,6,False,70.0,0
TTO-03903,normal,5,14,14,0,0,14,14,46.67,12,True,100.0,0
TTO-03904,normal,5,8,8,0,0,10,10,33.33,6,True,100.0,0
TTO-03905,normal,5,12,10,2,1,21,17,56.67,10,False,83.33,0
TTO-03906,normal,5,7,7,0,0,10,10,33.33,7,True,100.0,0
TTO-03907,normal,5,12,10,2,1,22,18,60.0,9,False,83.33,0
TTO-03908,normal,5,7,6,1,1,14,12,40.0,5,False,85.71,0
TTO-03909,normal,5,11,11,0,0,12,12,40.0,9,True,100.0,0
TTO-03910,normal,5,10,10,0,0,13,13,43.33,8,True,100.0,0
TTO-03911,normal,5,9,9,0,0,12,12,40.0,8,True,100.0,0
TTO-03912,normal,5,11,7,4,2,18,10,33.33,6,False,63.64,0
TTO-03913,normal,5,8,8,0,0,12,12,40.0,7,True,100.0,0
TTO-03914,normal,5,8,8,0,0,11,11,36.67,8,True,100.0,0
TTO-03915,normal,5,11,10,1,1,17,16,53.33,9,False,90.91,0
TTO-03916,normal,5,7,7,0,0,9,9,30.0,6,True,100.0,0
TTO-03917,normal,5,7,6,1,1,13,11,36.67,6,False,85.71,0
TTO-03918,normal,5,12,11,1,1,15,14,46.67,9,False,91.67,0
TTO-03919,normal,5,9,9,0,0,15,15,50.0,9,True,100.0,0
TTO-03920,normal,5,8,8,0,0,11,11,36.67,7,True,100.0,0
TTO-03921,normal,5,9,8,1,1,16,14,46.67,6,False,88.89,0
TTO-03922,normal,5,10,8,2,1,14,10,33.33,8,False,80.0,0
TTO-03923,normal,5,10,9,1,1,16,14,46.67,9,False,90.0,0
TTO-03924,normal,5,9,7,2,1,15,11,36.67,6,False,77.78,0
TTO-03925,normal,5,9,8,1,1,12,10,33.33,7,False,88.89,0
TTO-03926,normal,5,12,9,3,1,20,14,46.67,9,False,75.0,0
TTO-03927,normal,5,12,8,4,3,24,16,53.33,7,False,66.67,0
TTO-03928,normal,5,10,6,4,2,16,10,33.33,6,False,60.0,0
TTO-03929,normal,5,10,10,0,0,14,14,46.67,10,True,100.0,0
TTO-03930,normal,5,8,7,1,1,14,12,40.0,7,False,87.5,0
TTO-03931,normal,5,8,8,0,0,13,13,43.33,7,True,100.0,0
TTO-03932,normal,5,10,10,0,0,14,14,46.67,7,True,100.0,0
TTO-03933,normal,5,10,6,4,2,16,10,33.33,6,False,60.0,0
TTO-03934,normal,5,12,9,3,1,19,13,43.33,7,False,75.0,0
TTO-03935,normal,5,8,8,0,0,12,12,40.0,8,True,100.0,0
TTO-03936,normal,5,10,10,0,0,12,12,40.0,9,True,100.0,0
TTO-03937,normal,5,5,5,0,0,8,8,26.67,4,True,100.0,0
TTO-03938,normal,5,9,9,0,0,12,12,40.0,8,True,100.0,0
TTO-03939,normal,5,7,7,0,0,9,9,30.0,7,True,100.0,0
TTO-03940,normal,5,11,10,1,1,17,16,53.33,9,False,90.91,0
TTO-03941,normal,5,8,8,0,0,11,11,36.67,8,True,100.0,0
TTO-03942,normal,5,11,8,3,2,13,10,33.33,8,False,72.73,0
TTO-03943,normal,5,10,7,3,2,19,13,43.33,7,False,70.0,0
TTO-03944,normal,5,11,8,3,2,16,13,43.33,8,False,72.73,0
TTO-03945,normal,5,9,5,4,3,16,10,33.33,4,False,55.56,0
TTO-03946,normal,5,13,11,2,1,20,16,53.33,10,False,84.62,0
TTO-03947,normal,5,13,10,3,2,22,16,53.33,7,False,76.92,0
TTO-03948,normal,5,11,11,0,0,13,13,43.33,10,True,100.0,0
TTO-03949,normal,5,9,7,2,2,14,11,36.67,7,False,77.78,0
TTO-03950,normal,5,10,10,0,0,12,12,40.0,10,True,100.0,0
TTO-03951,normal,5,10,8,2,2,18,14,46.67,7,False,80.0,0
TTO-03952,normal,5,11,8,3,2,17,12,40.0,6,False,72.73,0
TTO-03953,normal,5,11,7,4,2,20,12,40.0,6,False,63.64,0
TTO-03954,normal,5,10,7,3,2,15,12,40.0,7,False,70.0,0
TTO-03955,normal,5,8,8,0,0,9,9,30.0,8,True,100.0,0
TTO-03956,normal,5,11,9,2,1,14,10,33.33,9,False,81.82,0
TTO-03957,normal,5,6,6,0,0,11,11,36.67,6,True,100.0,0
TTO-03958,normal,5,10,9,1,1,15,14,46.67,8,False,90.0,0
TTO-03959,normal,5,10,10,0,0,14,14,46.67,10,True,100.0,0
TTO-03960,normal,5,10,6,4,2,17,9,30.0,6,False,60.0,0
TTO-03961,normal,5,12,10,2,1,16,12,40.0,9,False,83.33,0
TTO-03962,normal,5,8,8,0,0,10,10,33.33,8,True,100.0,0
TTO-03963,normal,5,12,7,5,2,17,10,33.33,6,False,58.33,0
TTO-03964,normal,5,12,7,5,3,24,14,46.67,7,False,58.33,0
TTO-03965,normal,5,11,11,0,0,12,12,40.0,10,True,100.0,0
TTO-03966,normal,5,10,10,0,0,16,16,53.33,9,True,100.0,0
TTO-03967,normal,5,9,7,2,1,13,11,36.67,5,False,77.78,0
TTO-03968,normal,5,12,10,2,1,19,15,50.0,9,False,83.33,0
TTO-03969,normal,5,9,9,0,0,14,14,46.67,9,True,100.0,0
TTO-03970,normal,5,5,5,0,0,7,7,23.33,5,True,100.0,0
TTO-03971,normal,5,9,8,1,1,18,16,53.33,8,False,88.89,0
TTO-03972,normal,5,9,9,0,0,12,12,40.0,8,True,100.0,0
TTO-03973,normal,5,10,5,5,3,18,10,33.33,4,False,50.0,0
TTO-03974,normal,5,9,9,0,0,12,12,40.0,9,True,100.0,0
TTO-03975,normal,5,6,6,0,0,9,9,30.0,5,True,100.0,0
TTO-03976,normal,5,10,7,3,1,13,10,33.33,7,False,70.0,0
TTO-03977,normal,5,11,9,2,1,15,11,36.67,8,False,81.82,0
TTO-03978,normal,5,7,7,0,0,11,11,36.67,6,True,100.0,0
TTO-03979,normal,5,10,10,0,0,13,13,43.33,9,True,100.0,0
TTO-03980,normal,5,8,8,0,0,11,11,36.67,8,True,100.0,0
TTO-03981,normal,5,9,6,3,1,15,12,40.0,5,False,66.67,0
TTO-03982,normal,5,11,10,1,1,17,15,50.0,9,False,90.91,0
TTO-03983,normal,5,15,8,7,3,27,16,53.33,8,False,53.33,0
TTO-03984,normal,5,12,10,2,1,12,10,33.33,8,False,83.33,0
TTO-03985,normal,5,11,8,3,2,19,13,43.33,6,False,72.73,0
TTO-03986,normal,5,11,8,3,1,15,12,40.0,7,False,72.73,0
TTO-03987,normal,5,10,9,1,1,18,16,53.33,8,False,90.0,0
TTO-03988,normal,5,8,7,1,1,14,12,40.0,7,False,87.5,0
TTO-03989,normal,5,12,9,3,1,15,12,40.0,9,False,75.0,0
TTO-03990,normal,5,11,8,3,2,14,10,33.33,8,False,72.73,0
TTO-03991,normal,5,13,9,4,2,23,15,50.0,8,False,69.23,0
TTO-03992,normal,5,9,9,0,0,11,11,36.67,8,True,100.0,0
TTO-03993,normal,5,12,10,2,2,23,20,66.67,7,False,83.33,0
TTO-03994,normal,5,7,7,0,0,10,10,33.33,7,True,100.0,0
TTO-03995,normal,5,10,10,0,0,16,16,53.33,8,True,100.0,0
TTO-03996,normal,5,10,7,3,2,18,14,46.67,7,False,70.0,0
TTO-03997,normal,5,10,8,2,1,15,11,36.67,7,False,80.0,0
TTO-03998,normal,5,10,9,1,1,17,15,50.0,7,False,90.0,0
TTO-03999,normal,5,12,10,2,2,23,20,66.67,7,False,83.33,0
TTO-04000,normal,5,11,11,0,0,14,14,46.67,11,True,100.0,0
TTO-04001,normal,5,8,7,1,1,13,11,36.67,7,False,87.5,0
TTO-04002,normal,5,8,8,0,0,12,12,40.0,7,True,100.0,0
TTO-04003,normal,5,8,8,0,0,12,12,40.0,8,True,100.0,0
TTO-04004,normal,5,7,7,0,0,11,11,36.67,5,True,100.0,0
TTO-04005,normal,5,12,10,2,2,16,12,40.0,10,False,83.33,0
TTO-04006,normal,5,12,9,3,2,16,13,43.33,7,False,75.0,0
TTO-04007,normal,5,11,8,3,1,17,11,36.67,7,False,72.73,0
TTO-04008,normal,5,7,7,0,0,12,12,40.0,7,True,100.0,0
TTO-04009,normal,5,8,6,2,1,12,10,33.33,6,False,75.0,0
TTO-04010,normal,5,10,9,1,1,15,13,43.33,9,False,90.0,0
TTO-04011,normal,5,13,11,2,2,16,13,43.33,9,False,84.62,0
TTO-04012,normal,5,11,10,1,1,14,13,43.33,10,False,90.91,0
TTO-04013,normal,5,11,10,1,1,15,14,46.67,10,False,90.91,0
TTO-04014,normal,5,8,8,0,0,10,10,33.33,8,True,100.0,0
TTO-04015,normal,5,11,7,4,2,21,13,43.33,7,False,63.64,0
TTO-04016,normal,5,11,9,2,1,17,13,43.33,9,False,81.82,0
TTO-04017,normal,5,14,9,5,2,23,13,43.33,8,False,64.29,0
TTO-04018,normal,5,9,9,0,0,14,14,46.67,9,True,100.0,0
TTO-04019,normal,5,11,8,3,1,18,12,40.0,8,False,72.73,0
TTO-04020,normal,5,10,8,2,2,15,12,40.0,8,False,80.0,0
TTO-04021,normal,5,11,7,4,2,17,9,30.0,6,False,63.64,0
TTO-04022,normal,5,8,7,1,1,13,12,40.0,7,False,87.5,0
TTO-04023,normal,5,9,8,1,1,12,10,33.33,8,False,88.89,0
TTO-04024,normal,5,11,10,1,1,15,13,43.33,9,False,90.91,0
TTO-04025,normal,5,8,8,0,0,10,10,33.33,8,True,100.0,0
TTO-04026,normal,5,11,7,4,2,20,12,40.0,6,False,63.64,0
TTO-04027,normal,5,9,6,3,3,18,12,40.0,5,False,66.67,0
TTO-04028,normal,5,12,11,1,1,16,14,46.67,10,False,91.67,0
TTO-04029,normal,5,7,5,2,2,13,9,30.0,5,False,71.43,0
TTO-04030,normal,5,9,9,0,0,9,9,30.0,9,True,100.0,0
TTO-04031,normal,5,11,8,3,1,15,12,40.0,7,False,72.73,0
TTO-04032,normal,5,11,7,4,2,20,12,40.0,6,False,63.64,0
TTO-04033,normal,5,11,11,0,0,16,16,53.33,10,True,100.0,0
TTO-04034,normal,5,13,9,4,2,23,18,60.0,9,False,69.23,0
TTO-04035,normal,5,10,9,1,1,13,11,36.67,8,False,90.0,0
TTO-04036,normal,5,11,7,4,2,20,12,40.0,6,False,63.64,0
TTO-04037,normal,5,11,10,1,1,18,16,53.33,9,False,90.91,0
TTO-04038,normal,5,11,7,4,2,14,10,33.33,6,False,63.64,0
TTO-04039,normal,5,7,7,0,0,10,10,33.33,7,True,100.0,0
TTO-04040,normal,5,11,8,3,1,18,12,40.0,6,False,72.73,0
TTO-04041,normal,5,9,6,3,1,17,11,36.67,5,False,66.67,0
TTO-04042,normal,5,10,8,2,1,14,12,40.0,8,False,80.0,0
TTO-04043,normal,5,9,8,1,1,13,11,36.67,7,False,88.89,0
TTO-04044,normal,5,11,10,1,1,14,12,40.0,8,False,90.91,0
TTO-04045,normal,5,9,9,0,0,12,12,40.0,7,True,100.0,0
TTO-04046,normal,5,11,9,2,1,16,12,40.0,9,False,81.82,0
TTO-04047,normal,5,10,7,3,1,15,9,30.0,6,False,70.0,0
TTO-04048,normal,5,9,7,2,2,13,10,33.33,7,False,77.78,0
TTO-04049,normal,5,8,8,0,0,12,12,40.0,6,True,100.0,0
TTO-04050,normal,5,10,8,2,1,16,12,40.0,8,False,80.0,0
TTO-04051,normal,5,10,10,0,0,18,18,60.0,8,True,100.0,0
TTO-04052,normal,5,11,7,4,2,18,13,43.33,6,False,63.64,0
TTO-04053,normal,5,8,8,0,0,13,13,43.33,7,True,100.0,0
TTO-04054,normal,5,7,7,0,0,10,10,33.33,5,True,100.0,0
TTO-04055,normal,5,13,13,0,0,13,13,43.33,12,True,100.0,0
TTO-04056,normal,5,12,9,3,3,19,13,43.33,7,False,75.0,0
TTO-04057,normal,5,8,7,1,1,12,10,33.33,5,False,87.5,0
TTO-04058,normal,5,10,7,3,1,17,11,36.67,7,False,70.0,0
TTO-04059,normal,5,8,8,0,0,10,10,33.33,8,True,100.0,0
TTO-04060,normal,5,11,9,2,1,14,10,33.33,9,False,81.82,0
TTO-04061,normal,5,10,10,0,0,13,13,43.33,9,True,100.0,0
TTO-04062,normal,5,5,5,0,0,8,8,26.67,4,True,100.0,0
TTO-04063,normal,5,12,11,1,1,15,14,46.67,9,False,91.67,0
TTO-04064,normal,5,11,11,0,0,15,15,50.0,9,True,100.0,0
TTO-04065,normal,5,11,9,2,2,21,17,56.67,8,False,81.82,0
TTO-04066,normal,5,9,9,0,0,12,12,40.0,9,True,100.0,0
TTO-04067,normal,5,11,9,2,1,15,13,43.33,8,False,81.82,0
TTO-04068,normal,5,7,7,0,0,11,11,36.67,7,True,100.0,0
TTO-04069,normal,5,7,6,1,1,11,10,33.33,5,False,85.71,0
TTO-04070,normal,5,11,9,2,2,13,10,33.33,8,False,81.82,0
TTO-04071,normal,5,9,7,2,2,14,10,33.33,5,False,77.78,0
TTO-04072,normal,5,8,7,1,1,14,12,40.0,5,False,87.5,0
TTO-04073,normal,5,10,9,1,1,15,13,43.33,7,False,90.0,0
TTO-04074,normal,5,8,8,0,0,11,11,36.67,6,True,100.0,0
TTO-04075,normal,5,10,10,0,0,13,13,43.33,10,True,100.0,0
TTO-04076,normal,5,10,7,3,3,15,10,33.33,6,False,70.0,0
TTO-04077,normal,5,11,6,5,3,17,11,36.67,5,False,54.55,0
TTO-04078,normal,5,11,11,0,0,15,15,50.0,8,True,100.0,0
TTO-04079,normal,5,15,7,8,3,21,10,33.33,7,False,46.67,0
TTO-04080,normal,5,13,10,3,1,19,13,43.33,8,False,76.92,0
TTO-04081,normal,5,11,10,1,1,13,11,36.67,8,False,90.91,0
TTO-04082,normal,5,11,9,2,2,17,14,46.67,9,False,81.82,0
TTO-04083,normal,5,8,8,0,0,11,11,36.67,7,True,100.0,0
TTO-04084,normal,5,7,7,0,0,14,14,46.67,5,True,100.0,0
TTO-04085,normal,5,9,9,0,0,12,12,40.0,8,True,100.0,0
TTO-04086,normal,5,12,10,2,1,14,10,33.33,8,False,83.33,0
TTO-04087,normal,5,11,11,0,0,13,13,43.33,11,True,100.0,0
TTO-04088,normal,5,12,11,1,1,17,15,50.0,10,False,91.67,0
TTO-04089,normal,5,10,10,0,0,14,14,46.67,10,True,100.0,0
TTO-04090,normal,5,10,7,3,1,17,11,36.67,7,False,70.0,0
TTO-04091,normal,5,9,8,1,1,16,14,46.67,7,False,88.89,0
TTO-04092,normal,5,13,10,3,2,17,13,43.33,9,False,76.92,0
TTO-04093,normal,5,7,7,0,0,9,9,30.0,7,True,100.0,0
TTO-04094,normal,5,11,7,4,2,16,11,36.67,5,False,63.64,0
TTO-04095,normal,5,10,10,0,0,10,10,33.33,10,True,100.0,0
TTO-04096,normal,5,8,7,1,1,15,13,43.33,6,False,87.5,0
TTO-04097,normal,5,11,10,1,1,20,18,60.0,8,False,90.91,0
TTO-04098,normal,5,10,10,0,0,13,13,43.33,10,True,100.0,0
TTO-04099,normal,5,10,10,0,0,15,15,50.0,10,True,100.0,0
TTO-04100,normal,5,10,6,4,3,18,11,36.67,5,False,60.0,0
TTO-04101,normal,5,8,7,1,1,13,12,40.0,7,False,87.5,0
TTO-04102,normal,5,10,8,2,2,15,12,40.0,7,False,80.0,0
TTO-04103,normal,5,13,10,3,2,18,12,40.0,10,False,76.92,0
TTO-04104,normal,5,11,5,6,4,18,10,33.33,5,False,45.45,0
TTO-04105,normal,5,9,7,2,1,17,13,43.33,7,False,77.78,0
TTO-04106,normal,5,9,7,2,1,13,9,30.0,7,False,77.78,0
TTO-04107,normal,5,9,5,4,3,16,10,33.33,5,False,55.56,0
TTO-04108,normal,5,9,7,2,2,14,11,36.67,6,False,77.78,0
TTO-04109,normal,5,8,8,0,0,9,9,30.0,7,True,100.0,0
TTO-04110,normal,5,10,8,2,1,18,14,46.67,7,False,80.0,0
TTO-04111,normal,5,11,8,3,1,13,10,33.33,6,False,72.73,0
TTO-04112,normal,5,11,9,2,1,18,14,46.67,8,False,81.82,0
TTO-04113,normal,5,10,10,0,0,16,16,53.33,9,True,100.0,0
TTO-04114,normal,5,13,9,4,2,20,12,40.0,9,False,69.23,0
TTO-04115,normal,5,10,6,4,2,18,10,33.33,6,False,60.0,0
TTO-04116,normal,5,8,5,3,2,15,9,30.0,5,False,62.5,0
TTO-04117,normal,5,8,8,0,0,13,13,43.33,8,True,100.0,0
TTO-04118,normal,5,9,9,0,0,16,16,53.33,8,True,100.0,0
TTO-04119,normal,5,9,9,0,0,12,12,40.0,8,True,100.0,0
TTO-04120,normal,5,10,6,4,3,19,11,36.67,6,False,60.0,0
TTO-04121,normal,5,12,10,2,2,21,17,56.67,7,False,83.33,0
TTO-04122,normal,5,10,10,0,0,15,15,50.0,9,True,100.0,0
TTO-04123,normal,5,7,7,0,0,8,8,26.67,7,True,100.0,0
TTO-04124,normal,5,7,7,0,0,10,10,33.33,6,True,100.0,0
TTO-04125,normal,5,10,8,2,1,18,14,46.67,8,False,80.0,0
TTO-04126,normal,5,10,8,2,1,14,10,33.33,6,False,80.0,0
TTO-04127,normal,5,10,10,0,0,11,11,36.67,9,True,100.0,0
TTO-04128,normal,5,10,9,1,1,13,12,40.0,7,False,90.0,0
TTO-04129,normal,5,11,8,3,1,19,13,43.33,7,False,72.73,0
TTO-04130,normal,5,8,7,1,1,13,11,36.67,6,False,87.5,0
TTO-04131,normal,5,8,8,0,0,10,10,33.33,7,True,100.0,0
TTO-04132,normal,5,9,9,0,0,16,16,53.33,8,True,100.0,0
TTO-04133,normal,5,8,8,0,0,14,14,46.67,8,True,100.0,0
TTO-04134,normal,5,8,8,0,0,14,14,46.67,8,True,100.0,0
TTO-04135,normal,5,9,9,0,0,14,14,46.67,7,True,100.0,0
TTO-04136,normal,5,12,9,3,2,17,11,36.67,9,False,75.0,0
TTO-04137,normal,5,8,8,0,0,14,14,46.67,6,True,100.0,0
TTO-04138,normal,5,8,8,0,0,12,12,40.0,8,True,100.0,0
TTO-04139,normal,5,8,8,0,0,10,10,33.33,7,True,100.0,0
TTO-04140,normal,5,10,7,3,1,17,11,36.67,6,False,70.0,0
TTO-04141,normal,5,14,11,3,1,19,13,43.33,9,False,78.57,0
TTO-04142,normal,5,11,8,3,2,16,12,40.0,7,False,72.73,0
TTO-04143,normal,5,12,10,2,2,17,14,46.67,9,False,83.33,0
TTO-04144,normal,5,9,8,1,1,15,13,43.33,8,False,88.89,0
TTO-04145,normal,5,5,5,0,0,8,8,26.67,4,True,100.0,0
TTO-04146,normal,5,8,7,1,1,11,10,33.33,7,False,87.5,0
TTO-04147,normal,5,9,8,1,1,13,11,36.67,7,False,88.89,0
TTO-04148,normal,5,9,9,0,0,13,13,43.33,8,True,100.0,0
TTO-04149,normal,5,10,10,0,0,15,15,50.0,7,True,100.0,0
TTO-04150,normal,5,12,9,3,2,18,12,40.0,8,False,75.0,0
TTO-04151,normal,5,8,7,1,1,14,13,43.33,6,False,87.5,0
TTO-04152,normal,5,11,11,0,0,12,12,40.0,10,True,100.0,0
TTO-04153,normal,5,9,9,0,0,12,12,40.0,7,True,100.0,0
TTO-04154,normal,5,10,10,0,0,10,10,33.33,9,True,100.0,0
TTO-04155,normal,5,9,9,0,0,12,12,40.0,9,True,100.0,0
TTO-04156,normal,5,10,10,0,0,13,13,43.33,9,True,100.0,0
TTO-04157,normal,5,11,10,1,1,19,17,56.67,7,False,90.91,0
TTO-04158,normal,5,10,10,0,0,10,10,33.33,9,True,100.0,0
TTO-04159,normal,5,10,5,5,3,20,10,33.33,4,False,50.0,0
TTO-04160,normal,5,12,10,2,1,18,14,46.67,8,False,83.33,0
TTO-04161,normal,5,10,10,0,0,15,15,50.0,7,True,100.0,0
TTO-04162,normal,5,10,9,1,1,14,12,40.0,9,False,90.0,0
TTO-04163,normal,5,9,8,1,1,14,13,43.33,8,False,88.89,0
TTO-04164,normal,5,11,7,4,2,18,12,40.0,6,False,63.64,0
TTO-04165,normal,5,8,8,0,0,10,10,33.33,6,True,100.0,0
TTO-04166,normal,5,9,6,3,2,15,9,30.0,6,False,66.67,0
TTO-04167,normal,5,7,7,0,0,10,10,33.33,4,True,100.0,0
TTO-04168,normal,5,8,8,0,0,8,8,26.67,7,True,100.0,0
TTO-04169,normal,5,9,9,0,0,9,9,30.0,8,True,100.0,0
TTO-04170,normal,5,10,9,1,1,15,13,43.33,7,False,90.0,0
TTO-04171,normal,5,9,9,0,0,11,11,36.67,9,True,100.0,0
TTO-04172,normal,5,8,8,0,0,14,14,46.67,8,True,100.0,0
TTO-04173,normal,5,11,11,0,0,12,12,40.0,10,True,100.0,0
TTO-04174,normal,5,8,8,0,0,11,11,36.67,7,True,100.0,0
TTO-04175,normal,5,8,8,0,0,8,8,26.67,7,True,100.0,0
TTO-04176,normal,5,11,5,6,3,16,10,33.33,5,False,45.45,0
TTO-04177,normal,5,9,9,0,0,11,11,36.67,8,True,100.0,0
TTO-04178,normal,5,10,9,1,1,14,12,40.0,9,False,90.0,0
TTO-04179,normal,5,12,10,2,1,15,13,43.33,9,False,83.33,0
TTO-04180,normal,5,6,6,0,0,7,7,23.33,6,True,100.0,0
TTO-04181,normal,5,8,8,0,0,9,9,30.0,7,True,100.0,0
TTO-04182,normal,5,10,9,1,1,14,12,40.0,9,False,90.0,0
TTO-04183,normal,5,10,8,2,1,16,12,40.0,8,False,80.0,0
TTO-04184,normal,5,9,9,0,0,14,14,46.67,8,True,100.0,0
TTO-04185,normal,5,10,6,4,2,16,10,33.33,6,False,60.0,0
TTO-04186,normal,5,10,9,1,1,14,12,40.0,8,False,90.0,0
TTO-04187,normal,5,9,9,0,0,10,10,33.33,9,True,100.0,0
TTO-04188,normal,5,10,9,1,1,14,13,43.33,8,False,90.0,0
TTO-04189,normal,5,10,6,4,3,19,12,40.0,5,False,60.0,0
TTO-04190,normal,5,10,9,1,1,14,12,40.0,8,False,90.0,0
TTO-04191,normal,5,12,11,1,1,16,14,46.67,10,False,91.67,0
TTO-04192,normal,5,6,6,0,0,8,8,26.67,5,True,100.0,0
TTO-04193,normal,5,6,6,0,0,11,11,36.67,6,True,100.0,0
TTO-04194,normal,5,9,8,1,1,12,10,33.33,5,False,88.89,0
TTO-04195,normal,5,10,8,2,2,18,14,46.67,7,False,80.0,0
TTO-04196,normal,5,11,8,3,1,18,12,40.0,8,False,72.73,0
TTO-04197,normal,5,10,7,3,2,17,11,36.67,6,False,70.0,0
TTO-04198,normal,5,11,11,0,0,13,13,43.33,9,True,100.0,0
TTO-04199,normal,5,14,10,4,2,25,17,56.67,9,False,71.43,0
TTO-04200,normal,5,11,6,5,2,20,10,33.33,6,False,54.55,0
TTO-04201,normal,5,10,7,3,2,17,11,36.67,7,False,70.0,0
TTO-04202,normal,5,7,6,1,1,12,10,33.33,5,False,85.71,0
TTO-04203,normal,5,10,10,0,0,14,14,46.67,9,True,100.0,0
TTO-04204,normal,5,10,10,0,0,11,11,36.67,10,True,100.0,0
TTO-04205,normal,5,9,8,1,1,13,11,36.67,8,False,88.89,0
TTO-04206,normal,5,8,7,1,1,16,14,46.67,6,False,87.5,0
TTO-04207,normal,5,9,8,1,1,14,13,43.33,7,False,88.89,0
TTO-04208,normal,5,11,9,2,1,15,13,43.33,8,False,81.82,0
TTO-04209,normal,5,10,10,0,0,14,14,46.67,9,True,100.0,0
TTO-04210,normal,5,9,8,1,1,16,14,46.67,7,False,88.89,0
TTO-04211,normal,5,9,8,1,1,11,9,30.0,8,False,88.89,0
TTO-04212,normal,5,10,7,3,2,16,10,33.33,7,False,70.0,0
TTO-04213,normal,5,10,8,2,1,16,12,40.0,8,False,80.0,0
TTO-04214,normal,5,10,10,0,0,12,12,40.0,9,True,100.0,0
TTO-04215,normal,5,10,7,3,1,17,11,36.67,6,False,70.0,0
TTO-04216,normal,5,13,5,8,3,23,10,33.33,5,False,38.46,0
TTO-04217,normal,5,8,6,2,2,13,9,30.0,6,False,75.0,0
TTO-04218,normal,5,8,8,0,0,11,11,36.67,8,True,100.0,0
TTO-04219,normal,5,11,10,1,1,16,14,46.67,8,False,90.91,0
TTO-04220,normal,5,9,6,3,1,15,12,40.0,5,False,66.67,0
TTO-04221,normal,5,9,9,0,0,14,14,46.67,6,True,100.0,0
TTO-04222,normal,5,9,8,1,1,13,11,36.67,8,False,88.89,0
TTO-04223,normal,5,12,8,4,2,19,11,36.67,7,False,66.67,0
TTO-04224,normal,5,12,11,1,1,18,16,53.33,10,False,91.67,0
TTO-04225,normal,5,12,9,3,2,17,13,43.33,8,False,75.0,0
TTO-04226,normal,5,9,6,3,2,14,10,33.33,6,False,66.67,0
TTO-04227,normal,5,10,10,0,0,13,13,43.33,10,True,100.0,0
TTO-04228,normal,5,12,12,0,0,15,15,50.0,10,True,100.0,0
TTO-04229,normal,5,8,8,0,0,10,10,33.33,6,True,100.0,0
TTO-04230,normal,5,11,9,2,2,15,12,40.0,9,False,81.82,0
TTO-04231,normal,5,9,6,3,2,18,12,40.0,6,False,66.67,0
TTO-04232,normal,5,12,8,4,2,19,13,43.33,6,False,66.67,0
TTO-04233,normal,5,9,9,0,0,9,9,30.0,8,True,100.0,0
TTO-04234,normal,5,13,10,3,1,19,13,43.33,9,False,76.92,0
TTO-04235,normal,5,7,7,0,0,12,12,40.0,6,True,100.0,0
TTO-04236,normal,5,8,5,3,2,13,10,33.33,4,False,62.5,0
TTO-04237,normal,5,12,9,3,1,18,12,40.0,9,False,75.0,0
TTO-04238,normal,5,10,6,4,3,17,10,33.33,6,False,60.0,0
TTO-04239,normal,5,11,11,0,0,15,15,50.0,9,True,100.0,0
TTO-04240,normal,5,11,9,2,2,16,13,43.33,9,False,81.82,0
TTO-04241,normal,5,9,7,2,1,17,13,43.33,6,False,77.78,0
TTO-04242,normal,5,8,8,0,0,12,12,40.0,7,True,100.0,0
TTO-04243,normal,5,10,8,2,1,16,12,40.0,7,False,80.0,0
TTO-04244,normal,5,12,8,4,2,19,11,36.67,7,False,66.67,0
TTO-04245,normal,5,12,11,1,1,12,11,36.67,10,False,91.67,0
TTO-04246,normal,5,9,8,1,1,13,11,36.67,8,False,88.89,0
TTO-04247,normal,5,9,9,0,0,14,14,46.67,9,True,100.0,0
TTO-04248,normal,5,15,10,5,3,27,17,56.67,10,False,66.67,0
TTO-04249,normal,5,11,6,5,3,19,9,30.0,5,False,54.55,0
TTO-04250,normal,5,10,10,0,0,13,13,43.33,9,True,100.0,0
TTO-04251,normal,5,8,7,1,1,13,12,40.0,6,False,87.5,0
TTO-04252,normal,5,10,7,3,1,16,10,33.33,5,False,70.0,0
TTO-04253,normal,5,10,10,0,0,13,13,43.33,9,True,100.0,0
TTO-04254,normal,5,12,7,5,2,21,11,36.67,5,False,58.33,0
TTO-04255,normal,5,12,11,1,1,19,17,56.67,10,False,91.67,0
TTO-04256,normal,5,9,7,2,1,15,11,36.67,5,False,77.78,0
TTO-04257,normal,5,12,7,5,2,17,12,40.0,6,False,58.33,0
TTO-04258,normal,5,13,10,3,1,18,12,40.0,10,False,76.92,0
TTO-04259,normal,5,11,11,0,0,20,20,66.67,9,True,100.0,0
TTO-04260,normal,5,12,10,2,1,18,16,53.33,8,False,83.33,0
TTO-04261,normal,5,8,8,0,0,10,10,33.33,8,True,100.0,0
TTO-04262,normal,5,7,7,0,0,11,11,36.67,7,True,100.0,0
TTO-04263,normal,5,6,6,0,0,9,9,30.0,6,True,100.0,0
TTO-04264,normal,5,11,5,6,3,19,10,33.33,3,False,45.45,0
TTO-04265,normal,5,10,10,0,0,17,17,56.67,8,True,100.0,0
TTO-04266,normal,5,8,8,0,0,9,9,30.0,7,True,100.0,0
TTO-04267,normal,5,12,11,1,1,14,13,43.33,10,False,91.67,0
TTO-04268,normal,5,12,9,3,1,24,18,60.0,8,False,75.0,0
TTO-04269,normal,5,9,9,0,0,14,14,46.67,9,True,100.0,0
TTO-04270,normal,5,12,9,3,1,17,14,46.67,9,False,75.0,0
TTO-04271,normal,5,10,8,2,1,20,16,53.33,6,False,80.0,0
TTO-04272,normal,5,9,9,0,0,14,14,46.67,8,True,100.0,0
TTO-04273,normal,5,12,12,0,0,12,12,40.0,11,True,100.0,0
TTO-04274,normal,5,9,9,0,0,10,10,33.33,9,True,100.0,0
TTO-04275,normal,5,11,9,2,1,18,14,46.67,9,False,81.82,0
TTO-04276,normal,5,11,10,1,1,14,13,43.33,9,False,90.91,0
TTO-04277,normal,5,11,9,2,2,20,16,53.33,9,False,81.82,0
TTO-04278,normal,5,9,9,0,0,13,13,43.33,9,True,100.0,0
TTO-04279,normal,5,13,13,0,0,16,16,53.33,11,True,100.0,0
TTO-04280,normal,5,10,7,3,1,16,10,33.33,7,False,70.0,0
TTO-04281,normal,5,10,10,0,0,13,13,43.33,10,True,100.0,0
TTO-04282,normal,5,9,9,0,0,12,12,40.0,6,True,100.0,0
TTO-04283,normal,5,10,9,1,1,16,14,46.67,9,False,90.0,0
TTO-04284,normal,5,9,9,0,0,10,10,33.33,9,True,100.0,0
TTO-04285,normal,5,10,8,2,2,19,16,53.33,8,False,80.0,0
TTO-04286,normal,5,10,7,3,2,13,10,33.33,7,False,70.0,0
TTO-04287,normal,5,12,7,5,2,21,14,46.67,7,False,58.33,0
TTO-04288,normal,5,12,7,5,3,21,12,40.0,5,False,58.33,0
TTO-04289,normal,5,11,7,4,2,17,10,33.33,5,False,63.64,0
TTO-04290,normal,5,10,8,2,2,14,11,36.67,7,False,80.0,0
TTO-04291,normal,5,12,9,3,2,18,12,40.0,8,False,75.0,0
TTO-04292,normal,5,6,5,1,1,11,9,30.0,5,False,83.33,0
TTO-04293,normal,5,8,8,0,0,14,14,46.67,7,True,100.0,0
TTO-04294,normal,5,10,9,1,1,17,15,50.0,8,False,90.0,0
TTO-04295,normal,5,11,10,1,1,17,16,53.33,8,False,90.91,0
TTO-04296,normal,5,12,11,1,1,19,17,56.67,9,False,91.67,0
TTO-04297,normal,5,9,7,2,2,15,11,36.67,7,False,77.78,0
TTO-04298,normal,5,11,8,3,2,16,12,40.0,5,False,72.73,0
TTO-04299,normal,5,10,7,3,1,18,12,40.0,6,False,70.0,0
TTO-04300,normal,5,12,10,2,1,15,11,36.67,8,False,83.33,0
TTO-04301,normal,5,11,10,1,1,15,14,46.67,8,False,90.91,0
TTO-04302,normal,5,7,7,0,0,12,12,40.0,6,True,100.0,0
TTO-04303,normal,5,13,10,3,2,17,13,43.33,9,False,76.92,0
TTO-04304,normal,5,9,7,2,1,15,11,36.67,7,False,77.78,0
TTO-04305,normal,5,14,12,2,1,23,19,63.33,11,False,85.71,0
TTO-04306,normal,5,10,9,1,1,17,15,50.0,8,False,90.0,0
TTO-04307,normal,5,13,10,3,1,16,13,43.33,8,False,76.92,0
TTO-04308,normal,5,9,7,2,2,17,14,46.67,7,False,77.78,0
TTO-04309,normal,5,12,8,4,2,16,12,40.0,8,False,66.67,0
TTO-04310,normal,5,11,9,2,1,19,15,50.0,9,False,81.82,0
TTO-04311,normal,5,12,6,6,3,18,10,33.33,5,False,50.0,0
TTO-04312,normal,5,9,9,0,0,14,14,46.67,7,True,100.0,0
TTO-04313,normal,5,13,8,5,3,22,16,53.33,7,False,61.54,0
TTO-04314,normal,5,6,6,0,0,10,10,33.33,4,True,100.0,0
TTO-04315,normal,5,13,9,4,3,24,16,53.33,9,False,69.23,0
TTO-04316,normal,5,10,6,4,3,20,12,40.0,6,False,60.0,0
TTO-04317,normal,5,8,8,0,0,11,11,36.67,8,True,100.0,0
TTO-04318,normal,5,13,8,5,3,20,12,40.0,8,False,61.54,0
TTO-04319,normal,5,10,10,0,0,14,14,46.67,9,True,100.0,0
TTO-04320,normal,5,10,6,4,2,17,9,30.0,6,False,60.0,0
TTO-04321,normal,5,11,11,0,0,16,16,53.33,8,True,100.0,0
TTO-04322,normal,5,12,9,3,2,19,13,43.33,8,False,75.0,0
TTO-04323,normal,5,12,11,1,1,16,14,46.67,10,False,91.67,0
TTO-04324,normal,5,10,7,3,1,19,13,43.33,6,False,70.0,0
TTO-04325,normal,5,11,8,3,1,18,12,40.0,7,False,72.73,0
TTO-04326,normal,5,10,8,2,1,15,11,36.67,7,False,80.0,0
TTO-04327,normal,5,11,8,3,2,15,12,40.0,7,False,72.73,0
TTO-04328,normal,5,11,8,3,2,20,16,53.33,6,False,72.73,0
TTO-04329,normal,5,9,7,2,1,15,11,36.67,6,False,77.78,0
TTO-04330,normal,5,11,10,1,1,13,12,40.0,7,False,90.91,0
TTO-04331,normal,5,6,6,0,0,10,10,33.33,5,True,100.0,0
TTO-04332,normal,5,12,5,7,3,21,10,33.33,4,False,41.67,0
TTO-04333,normal,5,9,8,1,1,18,16,53.33,7,False,88.89,0
TTO-04334,normal,5,6,6,0,0,9,9,30.0,6,True,100.0,0
TTO-04335,normal,5,11,8,3,2,21,15,50.0,8,False,72.73,0
TTO-04336,normal,5,10,5,5,3,20,10,33.33,4,False,50.0,0
TTO-04337,normal,5,12,10,2,1,17,13,43.33,10,False,83.33,0
TTO-04338,normal,5,10,10,0,0,17,17,56.67,7,True,100.0,0
TTO-04339,normal,5,9,9,0,0,12,12,40.0,8,True,100.0,0
TTO-04340,normal,5,6,6,0,0,8,8,26.67,6,True,100.0,0
TTO-04341,normal,5,11,6,5,2,22,12,40.0,5,False,54.55,0
TTO-04342,normal,5,10,10,0,0,14,14,46.67,9,True,100.0,0
TTO-04343,normal,5,12,12,0,0,12,12,40.0,10,True,100.0,0
TTO-04344,normal,5,10,6,4,2,15,11,36.67,5,False,60.0,0
TTO-04345,normal,5,13,9,4,2,19,11,36.67,8,False,69.23,0
TTO-04346,normal,5,11,11,0,0,11,11,36.67,10,True,100.0,0
TTO-04347,normal,5,8,7,1,1,14,12,40.0,7,False,87.5,0
TTO-04348,normal,5,10,9,1,1,13,11,36.67,8,False,90.0,0
TTO-04349,normal,5,9,9,0,0,16,16,53.33,9,True,100.0,0
TTO-04350,normal,5,8,8,0,0,12,12,40.0,7,True,100.0,0
TTO-04351,normal,5,12,7,5,2,22,14,46.67,6,False,58.33,0
TTO-04352,normal,5,9,9,0,0,12,12,40.0,9,True,100.0,0
TTO-04353,normal,5,12,12,0,0,13,13,43.33,12,True,100.0,0
TTO-04354,normal,5,11,9,2,1,14,10,33.33,9,False,81.82,0
TTO-04355,normal,5,8,8,0,0,10,10,33.33,7,True,100.0,0
TTO-04356,normal,5,10,10,0,0,13,13,43.33,9,True,100.0,0
TTO-04357,normal,5,6,6,0,0,12,12,40.0,5,True,100.0,0
TTO-04358,normal,5,7,7,0,0,8,8,26.67,6,True,100.0,0
TTO-04359,normal,5,9,9,0,0,13,13,43.33,8,True,100.0,0
TTO-04360,normal,5,11,9,2,1,18,14,46.67,9,False,81.82,0
TTO-04361,normal,5,12,5,7,3,19,10,33.33,5,False,41.67,0
TTO-04362,normal,5,8,7,1,1,12,11,36.67,6,False,87.5,0
TTO-04363,normal,5,8,7,1,1,14,12,40.0,6,False,87.5,0
TTO-04364,normal,5,11,11,0,0,14,14,46.67,10,True,100.0,0
TTO-04365,normal,5,11,8,3,1,16,10,33.33,8,False,72.73,0
TTO-04366,normal,5,8,7,1,1,12,10,33.33,6,False,87.5,0
TTO-04367,normal,5,8,7,1,1,12,10,33.33,7,False,87.5,0
TTO-04368,normal,5,11,10,1,1,18,16,53.33,9,False,90.91,0
TTO-04369,normal,5,9,9,0,0,13,13,43.33,8,True,100.0,0
TTO-04370,normal,5,11,9,2,1,21,17,56.67,8,False,81.82,0
TTO-04371,normal,5,11,9,2,2,16,14,46.67,8,False,81.82,0
TTO-04372,normal,5,8,7,1,1,15,14,46.67,7,False,87.5,0
TTO-04373,normal,5,11,10,1,1,15,14,46.67,9,False,90.91,0
TTO-04374,normal,5,8,8,0,0,11,11,36.67,8,True,100.0,0
TTO-04375,normal,5,10,5,5,3,19,9,30.0,5,False,50.0,0
TTO-04376,normal,5,10,9,1,1,14,12,40.0,9,False,90.0,0
TTO-04377,normal,5,11,10,1,1,15,13,43.33,9,False,90.91,0
TTO-04378,normal,5,9,8,1,1,14,12,40.0,7,False,88.89,0
TTO-04379,normal,5,8,8,0,0,16,16,53.33,8,True,100.0,0
TTO-04380,normal,5,11,6,5,3,18,10,33.33,6,False,54.55,0
TTO-04381,normal,5,10,9,1,1,18,16,53.33,8,False,90.0,0
TTO-04382,normal,5,12,7,5,3,22,14,46.67,7,False,58.33,0
TTO-04383,normal,5,10,9,1,1,13,12,40.0,7,False,90.0,0
TTO-04384,normal,5,11,9,2,2,15,12,40.0,9,False,81.82,0
TTO-04385,normal,5,11,7,4,2,19,11,36.67,7,False,63.64,0
TTO-04386,normal,5,7,7,0,0,10,10,33.33,6,True,100.0,0
TTO-04387,normal,5,9,7,2,1,15,11,36.67,4,False,77.78,0
TTO-04388,normal,5,10,7,3,1,14,11,36.67,7,False,70.0,0
TTO-04389,normal,5,9,8,1,1,13,12,40.0,7,False,88.89,0
TTO-04390,normal,5,10,5,5,3,17,10,33.33,4,False,50.0,0
TTO-04391,normal,5,12,8,4,2,20,12,40.0,8,False,66.67,0
TTO-04392,normal,5,11,10,1,1,15,14,46.67,9,False,90.91,0
TTO-04393,normal,5,12,8,4,2,19,11,36.67,7,False,66.67,0
TTO-04394,normal,5,8,8,0,0,12,12,40.0,5,True,100.0,0
TTO-04395,normal,5,11,9,2,1,15,11,36.67,9,False,81.82,0
TTO-04396,normal,5,11,8,3,2,15,12,40.0,7,False,72.73,0
TTO-04397,normal,5,10,8,2,2,16,13,43.33,7,False,80.0,0
TTO-04398,normal,5,11,6,5,3,18,12,40.0,6,False,54.55,0
TTO-04399,normal,5,12,11,1,1,14,12,40.0,9,False,91.67,0
TTO-04400,normal,5,10,10,0,0,16,16,53.33,10,True,100.0,0
TTO-04401,normal,5,7,7,0,0,10,10,33.33,6,True,100.0,0
TTO-04402,normal,5,11,11,0,0,13,13,43.33,10,True,100.0,0
TTO-04403,normal,5,8,8,0,0,13,13,43.33,6,True,100.0,0
TTO-04404,normal,5,11,7,4,2,15,10,33.33,7,False,63.64,0
TTO-04405,normal,5,8,8,0,0,11,11,36.67,7,True,100.0,0
TTO-04406,normal,5,10,5,5,2,15,10,33.33,4,False,50.0,0
TTO-04407,normal,5,9,9,0,0,13,13,43.33,9,True,100.0,0
TTO-04408,normal,5,9,8,1,1,12,11,36.67,7,False,88.89,0
TTO-04409,normal,5,11,11,0,0,14,14,46.67,10,True,100.0,0
TTO-04410,normal,5,10,10,0,0,12,12,40.0,9,True,100.0,0
TTO-04411,normal,5,13,8,5,2,16,11,36.67,7,False,61.54,0
TTO-04412,normal,5,8,7,1,1,12,11,36.67,6,False,87.5,0
TTO-04413,normal,5,10,10,0,0,16,16,53.33,7,True,100.0,0
TTO-04414,normal,5,10,10,0,0,13,13,43.33,10,True,100.0,0
TTO-04415,normal,5,7,7,0,0,8,8,26.67,6,True,100.0,0
TTO-04416,normal,5,10,7,3,2,15,11,36.67,7,False,70.0,0
TTO-04417,normal,5,10,9,1,1,17,16,53.33,9,False,90.0,0
TTO-04418,normal,5,10,9,1,1,13,12,40.0,8,False,90.0,0
TTO-04419,normal,5,12,10,2,2,19,16,53.33,9,False,83.33,0
TTO-04420,normal,5,9,9,0,0,11,11,36.67,9,True,100.0,0
TTO-04421,normal,5,11,8,3,2,18,13,43.33,6,False,72.73,0
TTO-04422,normal,5,10,10,0,0,13,13,43.33,9,True,100.0,0
TTO-04423,normal,5,10,8,2,1,18,14,46.67,7,False,80.0,0
TTO-04424,normal,5,13,11,2,1,23,19,63.33,9,False,84.62,0
TTO-04425,normal,5,11,11,0,0,17,17,56.67,11,True,100.0,0
TTO-04426,normal,5,12,11,1,1,15,13,43.33,7,False,91.67,0
TTO-04427,normal,5,11,5,6,3,22,10,33.33,4,False,45.45,0
TTO-04428,normal,5,10,7,3,1,13,10,33.33,7,False,70.0,0
TTO-04429,normal,5,10,10,0,0,11,11,36.67,8,True,100.0,0
TTO-04430,normal,5,8,8,0,0,8,8,26.67,6,True,100.0,0
TTO-04431,normal,5,11,11,0,0,11,11,36.67,11,True,100.0,0
TTO-04432,normal,5,8,8,0,0,9,9,30.0,7,True,100.0,0
TTO-04433,normal,5,9,6,3,1,14,11,36.67,6,False,66.67,0
TTO-04434,normal,5,12,8,4,2,18,13,43.33,8,False,66.67,0
TTO-04435,normal,5,11,8,3,1,19,13,43.33,5,False,72.73,0
TTO-04436,normal,5,9,6,3,2,15,9,30.0,6,False,66.67,0
TTO-04437,normal,5,13,10,3,1,20,14,46.67,8,False,76.92,0
TTO-04438,normal,5,10,8,2,2,16,13,43.33,6,False,80.0,0
TTO-04439,normal,5,9,6,3,2,15,11,36.67,5,False,66.67,0
TTO-04440,normal,5,9,6,3,1,18,12,40.0,5,False,66.67,0
TTO-04441,normal,5,12,11,1,1,18,16,53.33,9,False,91.67,0
TTO-04442,normal,5,7,7,0,0,10,10,33.33,5,True,100.0,0
TTO-04443,normal,5,9,8,1,1,15,13,43.33,5,False,88.89,0
TTO-04444,normal,5,10,10,0,0,12,12,40.0,9,True,100.0,0
TTO-04445,normal,5,7,7,0,0,10,10,33.33,5,True,100.0,0
TTO-04446,normal,5,11,10,1,1,14,13,43.33,9,False,90.91,0
TTO-04447,normal,5,13,7,6,3,21,14,46.67,7,False,53.85,0
TTO-04448,normal,5,10,8,2,1,13,11,36.67,8,False,80.0,0
TTO-04449,normal,5,9,9,0,0,10,10,33.33,9,True,100.0,0
TTO-04450,normal,5,7,7,0,0,13,13,43.33,6,True,100.0,0
TTO-04451,normal,5,10,7,3,2,19,14,46.67,5,False,70.0,0
TTO-04452,normal,5,9,8,1,1,16,14,46.67,7,False,88.89,0
TTO-04453,normal,5,10,9,1,1,14,12,40.0,8,False,90.0,0
TTO-04454,normal,5,9,7,2,1,15,11,36.67,6,False,77.78,0
TTO-04455,normal,5,9,9,0,0,14,14,46.67,9,True,100.0,0
TTO-04456,normal,5,8,8,0,0,9,9,30.0,8,True,100.0,0
TTO-04457,normal,5,12,12,0,0,14,14,46.67,12,True,100.0,0
TTO-04458,normal,5,11,7,4,2,18,10,33.33,5,False,63.64,0
TTO-04459,normal,5,10,10,0,0,16,16,53.33,10,True,100.0,0
TTO-04460,normal,5,11,11,0,0,12,12,40.0,8,True,100.0,0
TTO-04461,normal,5,10,10,0,0,17,17,56.67,9,True,100.0,0
TTO-04462,normal,5,10,10,0,0,11,11,36.67,7,True,100.0,0
TTO-04463,normal,5,10,8,2,1,16,12,40.0,6,False,80.0,0
TTO-04464,normal,5,11,8,3,2,17,11,36.67,7,False,72.73,0
TTO-04465,normal,5,13,5,8,3,23,10,33.33,4,False,38.46,0
TTO-04466,normal,5,11,11,0,0,11,11,36.67,11,True,100.0,0
TTO-04467,normal,5,10,6,4,2,15,11,36.67,6,False,60.0,0
TTO-04468,normal,5,8,7,1,1,15,13,43.33,6,False,87.5,0
TTO-04469,normal,5,10,9,1,1,15,13,43.33,8,False,90.0,0
TTO-04470,normal,5,11,10,1,1,22,20,66.67,10,False,90.91,0
TTO-04471,normal,5,8,8,0,0,10,10,33.33,6,True,100.0,0
TTO-04472,normal,5,10,8,2,1,16,12,40.0,7,False,80.0,0
TTO-04473,normal,5,11,10,1,1,15,13,43.33,9,False,90.91,0
TTO-04474,normal,5,10,8,2,2,15,12,40.0,6,False,80.0,0
TTO-04475,normal,5,10,6,4,2,17,12,40.0,6,False,60.0,0
TTO-04476,normal,5,11,9,2,1,19,15,50.0,8,False,81.82,0
TTO-04477,normal,5,9,9,0,0,13,13,43.33,7,True,100.0,0
TTO-04478,normal,5,12,6,6,2,21,12,40.0,4,False,50.0,0
TTO-04479,normal,5,13,12,1,1,15,14,46.67,11,False,92.31,0
TTO-04480,normal,5,10,5,5,3,16,10,33.33,5,False,50.0,0
TTO-04481,normal,5,7,7,0,0,10,10,33.33,6,True,100.0,0
TTO-04482,normal,5,13,12,1,1,20,18,60.0,11,False,92.31,0
TTO-04483,normal,5,11,9,2,1,18,14,46.67,8,False,81.82,0
TTO-04484,normal,5,9,8,1,1,13,11,36.67,8,False,88.89,0
TTO-04485,normal,5,11,10,1,1,15,14,46.67,9,False,90.91,0
TTO-04486,normal,5,8,7,1,1,14,12,40.0,6,False,87.5,0
TTO-04487,normal,5,9,9,0,0,10,10,33.33,8,True,100.0,0
TTO-04488,normal,5,10,10,0,0,15,15,50.0,9,True,100.0,0
TTO-04489,normal,5,10,9,1,1,18,16,53.33,8,False,90.0,0
TTO-04490,normal,5,12,10,2,1,20,16,53.33,10,False,83.33,0
TTO-04491,normal,5,12,9,3,2,17,11,36.67,8,False,75.0,0
TTO-04492,normal,5,11,8,3,2,18,12,40.0,7,False,72.73,0
TTO-04493,normal,5,12,7,5,3,19,12,40.0,7,False,58.33,0
TTO-04494,normal,5,8,8,0,0,10,10,33.33,8,True,100.0,0
TTO-04495,normal,5,10,7,3,2,13,10,33.33,5,False,70.0,0
TTO-04496,normal,5,10,6,4,2,17,9,30.0,5,False,60.0,0
TTO-04497,normal,5,12,11,1,1,18,16,53.33,10,False,91.67,0
TTO-04498,normal,5,9,8,1,1,13,12,40.0,7,False,88.89,0
TTO-04499,normal,5,12,7,5,3,19,10,33.33,6,False,58.33,0
TTO-04500,normal,5,14,12,2,1,20,16,53.33,12,False,85.71,0
TTO-04501,normal,5,13,5,8,3,21,10,33.33,5,False,38.46,0
TTO-04502,normal,5,11,9,2,1,17,13,43.33,8,False,81.82,0
TTO-04503,normal,5,6,6,0,0,9,9,30.0,6,True,100.0,0
TTO-04504,normal,5,10,10,0,0,13,13,43.33,9,True,100.0,0
TTO-04505,normal,5,13,8,5,2,19,12,40.0,7,False,61.54,0
TTO-04506,normal,5,11,10,1,1,19,17,56.67,8,False,90.91,0
TTO-04507,normal,5,7,7,0,0,10,10,33.33,6,True,100.0,0
TTO-04508,normal,5,8,8,0,0,12,12,40.0,7,True,100.0,0
TTO-04509,normal,5,12,11,1,1,14,12,40.0,10,False,91.67,0
TTO-04510,normal,5,8,7,1,1,14,12,40.0,6,False,87.5,0
TTO-04511,normal,5,9,5,4,2,17,9,30.0,5,False,55.56,0
TTO-04512,normal,5,10,10,0,0,14,14,46.67,8,True,100.0,0
TTO-04513,normal,5,8,7,1,1,12,10,33.33,6,False,87.5,0
TTO-04514,normal,5,13,11,2,1,17,13,43.33,10,False,84.62,0
TTO-04515,normal,5,12,5,7,3,17,10,33.33,4,False,41.67,0
TTO-04516,normal,5,11,8,3,2,15,12,40.0,7,False,72.73,0
TTO-04517,normal,5,9,8,1,1,15,14,46.67,7,False,88.89,0
TTO-04518,normal,5,10,10,0,0,11,11,36.67,10,True,100.0,0
TTO-04519,normal,5,12,5,7,3,21,10,33.33,5,False,41.67,0
TTO-04520,normal,5,9,9,0,0,11,11,36.67,8,True,100.0,0
TTO-04521,normal,5,11,7,4,2,17,12,40.0,6,False,63.64,0
TTO-04522,normal,5,11,8,3,1,17,11,36.67,7,False,72.73,0
TTO-04523,normal,5,8,6,2,2,13,10,33.33,5,False,75.0,0
TTO-04524,normal,5,10,9,1,1,17,15,50.0,7,False,90.0,0
TTO-04525,normal,5,7,7,0,0,9,9,30.0,7,True,100.0,0
TTO-04526,normal,5,10,5,5,3,17,10,33.33,5,False,50.0,0
TTO-04527,normal,5,11,11,0,0,15,15,50.0,11,True,100.0,0
TTO-04528,normal,5,11,9,2,1,20,18,60.0,7,False,81.82,0
TTO-04529,normal,5,8,8,0,0,10,10,33.33,7,True,100.0,0
TTO-04530,normal,5,6,6,0,0,10,10,33.33,6,True,100.0,0
TTO-04531,normal,5,12,8,4,3,22,16,53.33,8,False,66.67,0
TTO-04532,normal,5,11,7,4,2,20,12,40.0,7,False,63.64,0
TTO-04533,normal,5,7,7,0,0,9,9,30.0,6,True,100.0,0
TTO-04534,normal,5,9,9,0,0,10,10,33.33,8,True,100.0,0
TTO-04535,normal,5,9,9,0,0,11,11,36.67,8,True,100.0,0
TTO-04536,normal,5,10,10,0,0,17,17,56.67,10,True,100.0,0
TTO-04537,normal,5,12,9,3,1,16,10,33.33,9,False,75.0,0
TTO-04538,normal,5,11,6,5,3,16,10,33.33,5,False,54.55,0
TTO-04539,normal,5,11,8,3,2,21,15,50.0,8,False,72.73,0
TTO-04540,normal,5,8,8,0,0,11,11,36.67,6,True,100.0,0
TTO-04541,normal,5,10,7,3,2,16,12,40.0,6,False,70.0,0
TTO-04542,normal,5,9,8,1,1,11,9,30.0,7,False,88.89,0
TTO-04543,normal,5,10,7,3,2,13,10,33.33,6,False,70.0,0
TTO-04544,normal,5,11,7,4,2,18,10,33.33,6,False,63.64,0
TTO-04545,normal,5,12,9,3,1,17,14,46.67,8,False,75.0,0
TTO-04546,normal,5,14,8,6,2,19,13,43.33,8,False,57.14,0
TTO-04547,normal,5,10,9,1,1,16,14,46.67,9,False,90.0,0
TTO-04548,normal,5,12,9,3,2,22,16,53.33,9,False,75.0,0
TTO-04549,normal,5,7,7,0,0,8,8,26.67,6,True,100.0,0
TTO-04550,normal,5,9,8,1,1,17,16,53.33,8,False,88.89,0
TTO-04551,normal,5,11,7,4,2,19,11,36.67,6,False,63.64,0
TTO-04552,normal,5,6,6,0,0,11,11,36.67,6,True,100.0,0
TTO-04553,normal,5,7,7,0,0,10,10,33.33,7,True,100.0,0
TTO-04554,normal,5,12,10,2,1,21,17,56.67,10,False,83.33,0
TTO-04555,normal,5,9,8,1,1,14,12,40.0,7,False,88.89,0
TTO-04556,normal,5,11,11,0,0,16,16,53.33,10,True,100.0,0
TTO-04557,normal,5,11,6,5,3,18,10,33.33,5,False,54.55,0
TTO-04558,normal,5,10,7,3,1,18,12,40.0,7,False,70.0,0
TTO-04559,normal,5,10,8,2,1,16,12,40.0,8,False,80.0,0
TTO-04560,normal,5,11,6,5,3,20,10,33.33,5,False,54.55,0
TTO-04561,normal,5,11,10,1,1,17,15,50.0,10,False,90.91,0
TTO-04562,normal,5,10,7,3,2,16,10,33.33,7,False,70.0,0
TTO-04563,normal,5,10,10,0,0,15,15,50.0,8,True,100.0,0
TTO-04564,normal,5,12,9,3,2,19,15,50.0,9,False,75.0,0
TTO-04565,normal,5,9,9,0,0,10,10,33.33,9,True,100.0,0
TTO-04566,normal,5,7,7,0,0,9,9,30.0,5,True,100.0,0
TTO-04567,normal,5,8,8,0,0,11,11,36.67,7,True,100.0,0
TTO-04568,normal,5,12,12,0,0,14,14,46.67,12,True,100.0,0
TTO-04569,normal,5,11,8,3,2,16,12,40.0,7,False,72.73,0
TTO-04570,normal,5,8,8,0,0,10,10,33.33,8,True,100.0,0
TTO-04571,normal,5,7,7,0,0,9,9,30.0,6,True,100.0,0
TTO-04572,normal,5,5,5,0,0,9,9,30.0,4,True,100.0,0
TTO-04573,normal,5,9,7,2,1,15,11,36.67,7,False,77.78,0
TTO-04574,normal,5,8,8,0,0,9,9,30.0,5,True,100.0,0
TTO-04575,normal,5,13,7,6,2,21,9,30.0,7,False,53.85,0
TTO-04576,normal,5,12,9,3,1,20,14,46.67,8,False,75.0,0
TTO-04577,normal,5,10,10,0,0,16,16,53.33,9,True,100.0,0
TTO-04578,normal,5,6,6,0,0,11,11,36.67,6,True,100.0,0
TTO-04579,normal,5,12,12,0,0,14,14,46.67,11,True,100.0,0
TTO-04580,normal,5,10,8,2,1,15,13,43.33,7,False,80.0,0
TTO-04581,normal,5,5,5,0,0,7,7,23.33,3,True,100.0,0
TTO-04582,normal,5,13,10,3,1,22,16,53.33,9,False,76.92,0
TTO-04583,normal,5,13,12,1,1,16,15,50.0,11,False,92.31,0
TTO-04584,normal,5,10,10,0,0,12,12,40.0,10,True,100.0,0
TTO-04585,normal,5,11,10,1,1,17,16,53.33,8,False,90.91,0
TTO-04586,normal,5,12,12,0,0,14,14,46.67,12,True,100.0,0
TTO-04587,normal,5,13,9,4,2,20,12,40.0,7,False,69.23,0
TTO-04588,normal,5,12,9,3,1,14,11,36.67,9,False,75.0,0
TTO-04589,normal,5,8,8,0,0,9,9,30.0,7,True,100.0,0
TTO-04590,normal,5,10,9,1,1,16,14,46.67,7,False,90.0,0
TTO-04591,normal,5,9,7,2,2,13,10,33.33,7,False,77.78,0
TTO-04592,normal,5,10,6,4,2,18,10,33.33,6,False,60.0,0
TTO-04593,normal,5,9,9,0,0,12,12,40.0,9,True,100.0,0
TTO-04594,normal,5,12,10,2,1,16,12,40.0,9,False,83.33,0
TTO-04595,normal,5,12,11,1,1,16,15,50.0,9,False,91.67,0
TTO-04596,normal,5,10,6,4,3,19,12,40.0,6,False,60.0,0
TTO-04597,normal,5,12,8,4,2,17,10,33.33,6,False,66.67,0
TTO-04598,normal,5,9,7,2,2,15,11,36.67,6,False,77.78,0
TTO-04599,normal,5,8,7,1,1,12,11,36.67,6,False,87.5,0
TTO-04600,normal,5,12,10,2,1,22,18,60.0,8,False,83.33,0
TTO-04601,normal,5,7,7,0,0,13,13,43.33,6,True,100.0,0
TTO-04602,normal,5,9,6,3,1,15,9,30.0,6,False,66.67,0
TTO-04603,normal,5,9,7,2,1,12,10,33.33,5,False,77.78,0
TTO-04604,normal,5,9,8,1,1,17,15,50.0,5,False,88.89,0
TTO-04605,normal,5,9,8,1,1,13,12,40.0,8,False,88.89,0
TTO-04606,normal,5,7,7,0,0,10,10,33.33,6,True,100.0,0
TTO-04607,normal,5,10,5,5,3,18,10,33.33,5,False,50.0,0
TTO-04608,normal,5,7,7,0,0,10,10,33.33,7,True,100.0,0
TTO-04609,normal,5,11,6,5,2,17,10,33.33,4,False,54.55,0
TTO-04610,normal,5,8,8,0,0,10,10,33.33,8,True,100.0,0
TTO-04611,normal,5,13,13,0,0,19,19,63.33,13,True,100.0,0
TTO-04612,normal,5,8,8,0,0,12,12,40.0,6,True,100.0,0
TTO-04613,normal,5,12,9,3,2,19,13,43.33,9,False,75.0,0
TTO-04614,normal,5,7,7,0,0,10,10,33.33,6,True,100.0,0
TTO-04615,normal,5,10,9,1,1,13,12,40.0,9,False,90.0,0
TTO-04616,normal,5,9,8,1,1,14,12,40.0,6,False,88.89,0
TTO-04617,normal,5,10,7,3,2,18,14,46.67,7,False,70.0,0
TTO-04618,normal,5,11,8,3,1,17,14,46.67,6,False,72.73,0
TTO-04619,normal,5,9,9,0,0,13,13,43.33,9,True,100.0,0
TTO-04620,normal,5,11,9,2,1,19,15,50.0,9,False,81.82,0
TTO-04621,normal,5,7,7,0,0,9,9,30.0,5,True,100.0,0
TTO-04622,normal,5,8,7,1,1,11,9,30.0,7,False,87.5,0
TTO-04623,normal,5,8,8,0,0,14,14,46.67,8,True,100.0,0
TTO-04624,normal,5,12,11,1,1,15,14,46.67,10,False,91.67,0
TTO-04625,normal,5,8,8,0,0,12,12,40.0,8,True,100.0,0
TTO-04626,normal,5,10,7,3,2,15,10,33.33,7,False,70.0,0
TTO-04627,normal,5,11,10,1,1,15,14,46.67,10,False,90.91,0
TTO-04628,normal,5,12,7,5,2,18,10,33.33,6,False,58.33,0
TTO-04629,normal,5,11,8,3,1,15,9,30.0,6,False,72.73,0
TTO-04630,normal,5,8,8,0,0,9,9,30.0,7,True,100.0,0
TTO-04631,normal,5,11,9,2,1,16,12,40.0,9,False,81.82,0
TTO-04632,normal,5,9,9,0,0,12,12,40.0,8,True,100.0,0
TTO-04633,normal,5,7,7,0,0,13,13,43.33,7,True,100.0,0
TTO-04634,normal,5,11,11,0,0,15,15,50.0,9,True,100.0,0
TTO-04635,normal,5,9,9,0,0,10,10,33.33,8,True,100.0,0
TTO-04636,normal,5,9,8,1,1,15,13,43.33,7,False,88.89,0
TTO-04637,normal,5,11,10,1,1,16,14,46.67,9,False,90.91,0
TTO-04638,normal,5,8,8,0,0,9,9,30.0,8,True,100.0,0
TTO-04639,normal,5,10,8,2,1,13,11,36.67,7,False,80.0,0
TTO-04640,normal,5,12,12,0,0,14,14,46.67,9,True,100.0,0
TTO-04641,normal,5,12,11,1,1,18,16,53.33,10,False,91.67,0
TTO-04642,normal,5,9,9,0,0,10,10,33.33,8,True,100.0,0
TTO-04643,normal,5,9,9,0,0,12,12,40.0,7,True,100.0,0
TTO-04644,normal,5,11,11,0,0,14,14,46.67,10,True,100.0,0
TTO-04645,normal,5,8,8,0,0,12,12,40.0,8,True,100.0,0
TTO-04646,normal,5,12,9,3,1,19,13,43.33,7,False,75.0,0
TTO-04647,normal,5,8,8,0,0,12,12,40.0,6,True,100.0,0
TTO-04648,normal,5,11,9,2,2,16,14,46.67,8,False,81.82,0
TTO-04649,normal,5,10,10,0,0,11,11,36.67,10,True,100.0,0
TTO-04650,normal,5,10,6,4,2,19,11,36.67,5,False,60.0,0
TTO-04651,normal,5,10,6,4,2,18,11,36.67,6,False,60.0,0
TTO-04652,normal,5,9,9,0,0,12,12,40.0,8,True,100.0,0
TTO-04653,normal,5,7,7,0,0,13,13,43.33,6,True,100.0,0
TTO-04654,normal,5,8,8,0,0,12,12,40.0,7,True,100.0,0
TTO-04655,normal,5,10,8,2,1,15,11,36.67,7,False,80.0,0
TTO-04656,normal,5,10,9,1,1,13,12,40.0,7,False,90.0,0
TTO-04657,normal,5,10,8,2,2,20,16,53.33,7,False,80.0,0
TTO-04658,normal,5,10,10,0,0,13,13,43.33,10,True,100.0,0
TTO-04659,normal,5,12,9,3,1,18,15,50.0,8,False,75.0,0
TTO-04660,normal,5,12,11,1,1,19,17,56.67,11,False,91.67,0
TTO-04661,normal,5,8,8,0,0,8,8,26.67,8,True,100.0,0
TTO-04662,normal,5,13,7,6,2,21,12,40.0,6,False,53.85,0
TTO-04663,normal,5,11,8,3,2,16,11,36.67,6,False,72.73,0
TTO-04664,normal,5,14,13,1,1,17,16,53.33,13,False,92.86,0
TTO-04665,normal,5,10,8,2,1,16,12,40.0,7,False,80.0,0
TTO-04666,normal,5,12,10,2,1,17,13,43.33,7,False,83.33,0
TTO-04667,normal,5,8,7,1,1,12,11,36.67,7,False,87.5,0
TTO-04668,normal,5,11,10,1,1,15,14,46.67,8,False,90.91,0
TTO-04669,normal,5,8,7,1,1,13,12,40.0,7,False,87.5,0
TTO-04670,normal,5,15,13,2,1,15,13,43.33,11,False,86.67,0
TTO-04671,normal,5,12,8,4,2,23,15,50.0,8,False,66.67,0
TTO-04672,normal,5,7,6,1,1,13,12,40.0,5,False,85.71,0
TTO-04673,normal,5,7,6,1,1,12,10,33.33,6,False,85.71,0
TTO-04674,normal,5,12,8,4,2,21,16,53.33,7,False,66.67,0
TTO-04675,normal,5,10,8,2,1,15,11,36.67,7,False,80.0,0
TTO-04676,normal,5,13,8,5,3,23,16,53.33,8,False,61.54,0
TTO-04677,normal,5,13,12,1,1,14,12,40.0,11,False,92.31,0
TTO-04678,normal,5,11,9,2,1,20,16,53.33,8,False,81.82,0
TTO-04679,normal,5,14,13,1,1,17,15,50.0,13,False,92.86,0
TTO-04680,normal,5,10,8,2,1,14,10,33.33,8,False,80.0,0
TTO-04681,normal,5,10,10,0,0,14,14,46.67,10,True,100.0,0
TTO-04682,normal,5,9,9,0,0,12,12,40.0,7,True,100.0,0
TTO-04683,normal,5,8,6,2,2,13,10,33.33,6,False,75.0,0
TTO-04684,normal,5,10,7,3,2,15,10,33.33,6,False,70.0,0
TTO-04685,normal,5,8,8,0,0,12,12,40.0,7,True,100.0,0
TTO-04686,normal,5,10,7,3,2,16,10,33.33,6,False,70.0,0
TTO-04687,normal,5,8,8,0,0,10,10,33.33,8,True,100.0,0
TTO-04688,normal,5,9,7,2,1,15,11,36.67,6,False,77.78,0
TTO-04689,normal,5,9,9,0,0,11,11,36.67,8,True,100.0,0
TTO-04690,normal,5,7,7,0,0,11,11,36.67,7,True,100.0,0
TTO-04691,normal,5,10,9,1,1,20,18,60.0,8,False,90.0,0
TTO-04692,normal,5,9,9,0,0,10,10,33.33,9,True,100.0,0
TTO-04693,normal,5,10,7,3,2,16,10,33.33,6,False,70.0,0
TTO-04694,normal,5,9,9,0,0,12,12,40.0,9,True,100.0,0
TTO-04695,normal,5,11,10,1,1,16,14,46.67,9,False,90.91,0
TTO-04696,normal,5,9,7,2,1,13,11,36.67,6,False,77.78,0
TTO-04697,normal,5,8,8,0,0,11,11,36.67,7,True,100.0,0
TTO-04698,normal,5,12,9,3,2,18,12,40.0,8,False,75.0,0
TTO-04699,normal,5,12,8,4,2,15,10,33.33,7,False,66.67,0
TTO-04700,normal,5,11,11,0,0,16,16,53.33,9,True,100.0,0
TTO-04701,normal,5,13,8,5,3,19,13,43.33,6,False,61.54,0
TTO-04702,normal,5,10,8,2,1,17,13,43.33,7,False,80.0,0
TTO-04703,normal,5,7,7,0,0,10,10,33.33,7,True,100.0,0
TTO-04704,normal,5,9,8,1,1,12,11,36.67,8,False,88.89,0
TTO-04705,normal,5,7,7,0,0,10,10,33.33,6,True,100.0,0
TTO-04706,normal,5,8,8,0,0,11,11,36.67,8,True,100.0,0
TTO-04707,normal,5,11,10,1,1,19,18,60.0,10,False,90.91,0
TTO-04708,normal,5,9,7,2,1,16,12,40.0,6,False,77.78,0
TTO-04709,normal,5,12,6,6,2,16,10,33.33,6,False,50.0,0
TTO-04710,normal,5,13,13,0,0,19,19,63.33,13,True,100.0,0
TTO-04711,normal,5,11,8,3,2,19,13,43.33,6,False,72.73,0
TTO-04712,normal,5,11,5,6,4,19,10,33.33,4,False,45.45,0
TTO-04713,normal,5,8,8,0,0,14,14,46.67,8,True,100.0,0
TTO-04714,normal,5,9,7,2,1,13,9,30.0,7,False,77.78,0
TTO-04715,normal,5,6,6,0,0,9,9,30.0,6,True,100.0,0
TTO-04716,normal,5,11,6,5,3,19,10,33.33,6,False,54.55,0
TTO-04717,normal,5,13,8,5,2,21,11,36.67,7,False,61.54,0
TTO-04718,normal,5,11,8,3,2,18,14,46.67,6,False,72.73,0
TTO-04719,normal,5,10,10,0,0,12,12,40.0,9,True,100.0,0
TTO-04720,normal,5,11,8,3,2,15,12,40.0,7,False,72.73,0
TTO-04721,normal,5,13,9,4,2,23,16,53.33,9,False,69.23,0
TTO-04722,normal,5,10,8,2,1,17,13,43.33,8,False,80.0,0
TTO-04723,normal,5,12,9,3,1,19,16,53.33,8,False,75.0,0
TTO-04724,normal,5,10,9,1,1,14,13,43.33,8,False,90.0,0
TTO-04725,normal,5,9,5,4,4,16,10,33.33,5,False,55.56,0
TTO-04726,normal,5,10,10,0,0,13,13,43.33,9,True,100.0,0
TTO-04727,normal,5,8,6,2,2,15,12,40.0,5,False,75.0,0
TTO-04728,normal,5,8,8,0,0,9,9,30.0,8,True,100.0,0
TTO-04729,normal,5,11,11,0,0,12,12,40.0,10,True,100.0,0
TTO-04730,normal,5,11,9,2,2,18,14,46.67,8,False,81.82,0
TTO-04731,normal,5,10,10,0,0,14,14,46.67,10,True,100.0,0
TTO-04732,normal,5,8,8,0,0,13,13,43.33,6,True,100.0,0
TTO-04733,normal,5,11,11,0,0,15,15,50.0,10,True,100.0,0
TTO-04734,normal,5,10,9,1,1,15,13,43.33,9,False,90.0,0
TTO-04735,normal,5,8,5,3,2,15,9,30.0,5,False,62.5,0
TTO-04736,normal,5,6,6,0,0,10,10,33.33,6,True,100.0,0
TTO-04737,normal,5,9,9,0,0,14,14,46.67,9,True,100.0,0
TTO-04738,normal,5,9,8,1,1,18,16,53.33,8,False,88.89,0
TTO-04739,normal,5,9,9,0,0,13,13,43.33,9,True,100.0,0
TTO-04740,normal,5,9,6,3,2,17,12,40.0,6,False,66.67,0
TTO-04741,normal,5,12,11,1,1,21,19,63.33,9,False,91.67,0
TTO-04742,normal,5,8,8,0,0,9,9,30.0,8,True,100.0,0
TTO-04743,normal,5,13,10,3,1,23,17,56.67,9,False,76.92,0
TTO-04744,normal,5,10,8,2,1,15,11,36.67,7,False,80.0,0
TTO-04745,normal,5,8,8,0,0,12,12,40.0,8,True,100.0,0
TTO-04746,normal,5,9,9,0,0,12,12,40.0,9,True,100.0,0
TTO-04747,normal,5,11,11,0,0,18,18,60.0,9,True,100.0,0
TTO-04748,normal,5,12,9,3,1,15,12,40.0,9,False,75.0,0
TTO-04749,normal,5,9,9,0,0,11,11,36.67,7,True,100.0,0
TTO-04750,normal,5,9,9,0,0,14,14,46.67,8,True,100.0,0
TTO-04751,normal,5,10,9,1,1,13,12,40.0,9,False,90.0,0
TTO-04752,normal,5,10,8,2,1,15,13,43.33,4,False,80.0,0
TTO-04753,normal,5,14,10,4,2,17,12,40.0,9,False,71.43,0
TTO-04754,normal,5,9,9,0,0,12,12,40.0,8,True,100.0,0
TTO-04755,normal,5,12,8,4,3,24,16,53.33,7,False,66.67,0
TTO-04756,normal,5,7,7,0,0,12,12,40.0,6,True,100.0,0
TTO-04757,normal,5,12,10,2,1,16,12,40.0,10,False,83.33,0
TTO-04758,normal,5,9,8,1,1,18,16,53.33,7,False,88.89,0
TTO-04759,normal,5,9,8,1,1,13,12,40.0,6,False,88.89,0
TTO-04760,normal,5,10,8,2,1,17,13,43.33,8,False,80.0,0
TTO-04761,normal,5,13,12,1,1,16,15,50.0,10,False,92.31,0
TTO-04762,normal,5,7,7,0,0,8,8,26.67,5,True,100.0,0
TTO-04763,normal,5,9,7,2,2,14,10,33.33,6,False,77.78,0
TTO-04764,normal,5,9,9,0,0,11,11,36.67,9,True,100.0,0
TTO-04765,normal,5,9,8,1,1,13,11,36.67,6,False,88.89,0
TTO-04766,normal,5,11,5,6,3,20,10,33.33,4,False,45.45,0
TTO-04767,normal,5,10,10,0,0,13,13,43.33,10,True,100.0,0
TTO-04768,normal,5,11,8,3,2,19,13,43.33,6,False,72.73,0
TTO-04769,normal,5,10,10,0,0,15,15,50.0,9,True,100.0,0
TTO-04770,normal,5,8,8,0,0,11,11,36.67,8,True,100.0,0
TTO-04771,normal,5,12,7,5,3,19,10,33.33,7,False,58.33,0
TTO-04772,normal,5,13,9,4,2,20,12,40.0,8,False,69.23,0
TTO-04773,normal,5,9,5,4,3,14,10,33.33,4,False,55.56,0
TTO-04774,normal,5,9,9,0,0,15,15,50.0,6,True,100.0,0
TTO-04775,normal,5,10,8,2,1,16,12,40.0,7,False,80.0,0
TTO-04776,normal,5,8,8,0,0,13,13,43.33,7,True,100.0,0
TTO-04777,normal,5,7,7,0,0,7,7,23.33,5,True,100.0,0
TTO-04778,normal,5,10,6,4,2,16,11,36.67,6,False,60.0,0
TTO-04779,normal,5,9,9,0,0,10,10,33.33,9,True,100.0,0
TTO-04780,normal,5,9,7,2,1,16,12,40.0,6,False,77.78,0
TTO-04781,normal,5,10,8,2,2,13,10,33.33,8,False,80.0,0
TTO-04782,normal,5,8,6,2,1,14,10,33.33,6,False,75.0,0
TTO-04783,normal,5,10,10,0,0,11,11,36.67,9,True,100.0,0
TTO-04784,normal,5,9,7,2,1,18,14,46.67,7,False,77.78,0
TTO-04785,normal,5,13,11,2,1,20,16,53.33,9,False,84.62,0
TTO-04786,normal,5,12,7,5,2,20,10,33.33,7,False,58.33,0
TTO-04787,normal,5,10,9,1,1,14,12,40.0,8,False,90.0,0
TTO-04788,normal,5,10,7,3,2,15,9,30.0,5,False,70.0,0
TTO-04789,normal,5,10,10,0,0,11,11,36.67,8,True,100.0,0
TTO-04790,normal,5,10,9,1,1,11,10,33.33,9,False,90.0,0
TTO-04791,normal,5,8,6,2,2,13,9,30.0,6,False,75.0,0
TTO-04792,normal,5,10,6,4,2,16,10,33.33,4,False,60.0,0
TTO-04793,normal,5,9,8,1,1,13,11,36.67,8,False,88.89,0
TTO-04794,normal,5,12,10,2,2,18,16,53.33,10,False,83.33,0
TTO-04795,normal,5,8,8,0,0,14,14,46.67,8,True,100.0,0
TTO-04796,normal,5,9,9,0,0,10,10,33.33,9,True,100.0,0
TTO-04797,normal,5,7,6,1,1,13,11,36.67,5,False,85.71,0
TTO-04798,normal,5,11,10,1,1,18,17,56.67,10,False,90.91,0
TTO-04799,normal,5,10,9,1,1,14,12,40.0,9,False,90.0,0
TTO-04800,normal,5,7,6,1,1,13,11,36.67,6,False,85.71,0
TTO-04801,normal,5,9,9,0,0,11,11,36.67,8,True,100.0,0
TTO-04802,normal,5,11,8,3,2,15,10,33.33,7,False,72.73,0
TTO-04803,normal,5,8,7,1,1,13,11,36.67,7,False,87.5,0
TTO-04804,normal,5,10,9,1,1,20,18,60.0,9,False,90.0,0
TTO-04805,normal,5,7,6,1,1,12,10,33.33,6,False,85.71,0
TTO-04806,normal,5,11,10,1,1,15,13,43.33,9,False,90.91,0
TTO-04807,normal,5,13,8,5,3,16,11,36.67,6,False,61.54,0
TTO-04808,normal,5,10,8,2,1,12,10,33.33,5,False,80.0,0
TTO-04809,normal,5,9,7,2,1,14,10,33.33,7,False,77.78,0
TTO-04810,normal,5,12,7,5,2,24,14,46.67,7,False,58.33,0
TTO-04811,normal,5,14,10,4,2,28,20,66.67,9,False,71.43,0
TTO-04812,normal,5,11,10,1,1,16,14,46.67,10,False,90.91,0
TTO-04813,normal,5,9,9,0,0,11,11,36.67,9,True,100.0,0
TTO-04814,normal,5,8,8,0,0,9,9,30.0,7,True,100.0,0
TTO-04815,normal,5,11,7,4,2,20,12,40.0,7,False,63.64,0
TTO-04816,normal,5,12,7,5,2,19,9,30.0,7,False,58.33,0
TTO-04817,normal,5,7,6,1,1,11,10,33.33,5,False,85.71,0
TTO-04818,normal,5,10,10,0,0,20,20,66.67,10,True,100.0,0
TTO-04819,normal,5,9,8,1,1,12,10,33.33,7,False,88.89,0
TTO-04820,normal,5,11,10,1,1,14,13,43.33,8,False,90.91,0
TTO-04821,normal,5,8,8,0,0,13,13,43.33,6,True,100.0,0
TTO-04822,normal,5,10,9,1,1,17,15,50.0,9,False,90.0,0
TTO-04823,normal,5,10,5,5,3,15,10,33.33,4,False,50.0,0
TTO-04824,normal,5,10,10,0,0,14,14,46.67,9,True,100.0,0
TTO-04825,normal,5,11,7,4,2,22,14,46.67,7,False,63.64,0
TTO-04826,normal,5,12,7,5,3,21,11,36.67,5,False,58.33,0
TTO-04827,normal,5,10,7,3,2,13,10,33.33,7,False,70.0,0
TTO-04828,normal,5,12,12,0,0,19,19,63.33,12,True,100.0,0
TTO-04829,normal,5,8,7,1,1,15,13,43.33,7,False,87.5,0
TTO-04830,normal,5,11,10,1,1,16,14,46.67,9,False,90.91,0
TTO-04831,normal,5,9,8,1,1,15,13,43.33,8,False,88.89,0
TTO-04832,normal,5,8,8,0,0,11,11,36.67,8,True,100.0,0
TTO-04833,normal,5,10,9,1,1,14,12,40.0,8,False,90.0,0
TTO-04834,normal,5,9,8,1,1,12,11,36.67,7,False,88.89,0
TTO-04835,normal,5,7,6,1,1,13,11,36.67,5,False,85.71,0
TTO-04836,normal,5,12,8,4,2,20,14,46.67,8,False,66.67,0
TTO-04837,normal,5,10,9,1,1,15,13,43.33,9,False,90.0,0
TTO-04838,normal,5,11,7,4,2,22,14,46.67,6,False,63.64,0
TTO-04839,normal,5,13,12,1,1,13,12,40.0,11,False,92.31,0
TTO-04840,normal,5,6,6,0,0,6,6,20.0,6,True,100.0,0
TTO-04841,normal,5,10,9,1,1,13,11,36.67,8,False,90.0,0
TTO-04842,normal,5,8,8,0,0,16,16,53.33,8,True,100.0,0
TTO-04843,normal,5,7,7,0,0,10,10,33.33,6,True,100.0,0
TTO-04844,normal,5,12,7,5,2,21,11,36.67,6,False,58.33,0
TTO-04845,normal,5,10,9,1,1,15,14,46.67,8,False,90.0,0
TTO-04846,normal,5,8,7,1,1,13,11,36.67,6,False,87.5,0
TTO-04847,normal,5,7,7,0,0,12,12,40.0,7,True,100.0,0
TTO-04848,normal,5,11,11,0,0,15,15,50.0,9,True,100.0,0
TTO-04849,normal,5,9,9,0,0,11,11,36.67,8,True,100.0,0
TTO-04850,normal,5,13,9,4,2,20,12,40.0,8,False,69.23,0
TTO-04851,normal,5,10,6,4,3,17,11,36.67,6,False,60.0,0
TTO-04852,normal,5,8,7,1,1,12,10,33.33,7,False,87.5,0
TTO-04853,normal,5,10,7,3,1,17,11,36.67,6,False,70.0,0
TTO-04854,normal,5,13,5,8,3,23,10,33.33,3,False,38.46,0
TTO-04855,normal,5,10,8,2,1,18,16,53.33,7,False,80.0,0
TTO-04856,normal,5,13,12,1,1,16,14,46.67,9,False,92.31,0
TTO-04857,normal,5,8,8,0,0,12,12,40.0,7,True,100.0,0
TTO-04858,normal,5,10,9,1,1,16,14,46.67,5,False,90.0,0
TTO-04859,normal,5,10,7,3,1,18,12,40.0,6,False,70.0,0
TTO-04860,normal,5,6,6,0,0,7,7,23.33,4,True,100.0,0
TTO-04861,normal,5,14,13,1,1,17,16,53.33,11,False,92.86,0
TTO-04862,normal,5,9,9,0,0,11,11,36.67,6,True,100.0,0
TTO-04863,normal,5,9,9,0,0,14,14,46.67,7,True,100.0,0
TTO-04864,normal,5,11,6,5,3,15,10,33.33,5,False,54.55,0
TTO-04865,normal,5,7,7,0,0,8,8,26.67,7,True,100.0,0
TTO-04866,normal,5,8,6,2,1,14,10,33.33,6,False,75.0,0
TTO-04867,normal,5,8,8,0,0,13,13,43.33,7,True,100.0,0
TTO-04868,normal,5,9,8,1,1,12,11,36.67,7,False,88.89,0
TTO-04869,normal,5,8,8,0,0,10,10,33.33,6,True,100.0,0
TTO-04870,normal,5,13,9,4,2,18,12,40.0,9,False,69.23,0
TTO-04871,normal,5,14,13,1,1,19,17,56.67,13,False,92.86,0
TTO-04872,normal,5,8,8,0,0,10,10,33.33,6,True,100.0,0
TTO-04873,normal,5,10,8,2,1,12,10,33.33,7,False,80.0,0
TTO-04874,normal,5,6,6,0,0,9,9,30.0,5,True,100.0,0
TTO-04875,normal,5,11,9,2,1,14,12,40.0,9,False,81.82,0
TTO-04876,normal,5,9,7,2,2,13,10,33.33,6,False,77.78,0
TTO-04877,normal,5,12,10,2,1,15,11,36.67,8,False,83.33,0
TTO-04878,normal,5,9,9,0,0,14,14,46.67,8,True,100.0,0
TTO-04879,normal,5,12,8,4,2,24,16,53.33,8,False,66.67,0
TTO-04880,normal,5,12,12,0,0,16,16,53.33,12,True,100.0,0
TTO-04881,normal,5,8,8,0,0,12,12,40.0,7,True,100.0,0
TTO-04882,normal,5,8,8,0,0,13,13,43.33,7,True,100.0,0
TTO-04883,normal,5,13,6,7,3,23,9,30.0,5,False,46.15,0
TTO-04884,normal,5,10,10,0,0,11,11,36.67,9,True,100.0,0
TTO-04885,normal,5,11,10,1,1,16,14,46.67,6,False,90.91,0
TTO-04886,normal,5,11,10,1,1,15,13,43.33,9,False,90.91,0
TTO-04887,normal,5,8,8,0,0,9,9,30.0,8,True,100.0,0
TTO-04888,normal,5,10,9,1,1,17,15,50.0,8,False,90.0,0
TTO-04889,normal,5,10,10,0,0,13,13,43.33,9,True,100.0,0
TTO-04890,normal,5,9,8,1,1,12,10,33.33,7,False,88.89,0
TTO-04891,normal,5,7,6,1,1,12,10,33.33,6,False,85.71,0
TTO-04892,normal,5,9,9,0,0,13,13,43.33,8,True,100.0,0
TTO-04893,normal,5,11,11,0,0,14,14,46.67,11,True,100.0,0
TTO-04894,normal,5,10,7,3,2,15,10,33.33,6,False,70.0,0
TTO-04895,normal,5,9,8,1,1,13,12,40.0,8,False,88.89,0
TTO-04896,normal,5,10,7,3,2,13,10,33.33,6,False,70.0,0
TTO-04897,normal,5,10,10,0,0,13,13,43.33,9,True,100.0,0
TTO-04898,normal,5,15,10,5,2,24,16,53.33,8,False,66.67,0
TTO-04899,normal,5,11,10,1,1,16,14,46.67,10,False,90.91,0
TTO-04900,normal,5,13,11,2,1,15,11,36.67,11,False,84.62,0
TTO-04901,normal,5,9,7,2,2,13,10,33.33,5,False,77.78,0
TTO-04902,normal,5,12,11,1,1,18,17,56.67,9,False,91.67,0
TTO-04903,normal,5,8,8,0,0,12,12,40.0,8,True,100.0,0
TTO-04904,normal,5,9,9,0,0,12,12,40.0,9,True,100.0,0
TTO-04905,normal,5,8,8,0,0,8,8,26.67,6,True,100.0,0
TTO-04906,normal,5,13,13,0,0,15,15,50.0,12,True,100.0,0
TTO-04907,normal,5,10,7,3,3,15,11,36.67,6,False,70.0,0
TTO-04908,normal,5,11,7,4,2,16,11,36.67,7,False,63.64,0
TTO-04909,normal,5,11,6,5,2,15,10,33.33,6,False,54.55,0
TTO-04910,normal,5,10,9,1,1,14,12,40.0,9,False,90.0,0
TTO-04911,normal,5,14,10,4,3,28,20,66.67,9,False,71.43,0
TTO-04912,normal,5,9,9,0,0,11,11,36.67,8,True,100.0,0
TTO-04913,normal,5,10,8,2,1,17,13,43.33,7,False,80.0,0
TTO-04914,normal,5,11,11,0,0,13,13,43.33,10,True,100.0,0
TTO-04915,normal,5,8,6,2,2,14,10,33.33,6,False,75.0,0
TTO-04916,normal,5,9,7,2,2,13,10,33.33,7,False,77.78,0
TTO-04917,normal,5,8,8,0,0,14,14,46.67,8,True,100.0,0
TTO-04918,normal,5,10,10,0,0,10,10,33.33,10,True,100.0,0
TTO-04919,normal,5,9,9,0,0,14,14,46.67,7,True,100.0,0
TTO-04920,normal,5,8,7,1,1,14,12,40.0,7,False,87.5,0
TTO-04921,normal,5,12,12,0,0,12,12,40.0,12,True,100.0,0
TTO-04922,normal,5,10,8,2,1,16,12,40.0,6,False,80.0,0
TTO-04923,normal,5,8,7,1,1,12,10,33.33,7,False,87.5,0
TTO-04924,normal,5,10,10,0,0,11,11,36.67,9,True,100.0,0
TTO-04925,normal,5,9,9,0,0,16,16,53.33,8,True,100.0,0
TTO-04926,normal,5,9,7,2,2,18,14,46.67,6,False,77.78,0
TTO-04927,normal,5,10,10,0,0,13,13,43.33,10,True,100.0,0
TTO-04928,normal,5,9,7,2,1,16,14,46.67,6,False,77.78,0
TTO-04929,normal,5,10,9,1,1,13,12,40.0,8,False,90.0,0
TTO-04930,normal,5,9,6,3,2,16,10,33.33,6,False,66.67,0
TTO-04931,normal,5,9,8,1,1,16,14,46.67,7,False,88.89,0
TTO-04932,normal,5,9,7,2,1,16,12,40.0,6,False,77.78,0
TTO-04933,normal,5,13,7,6,2,22,10,33.33,7,False,53.85,0
TTO-04934,normal,5,13,7,6,3,21,10,33.33,7,False,53.85,0
TTO-04935,normal,5,11,7,4,2,16,12,40.0,7,False,63.64,0
TTO-04936,normal,5,10,9,1,1,13,12,40.0,8,False,90.0,0
TTO-04937,normal,5,11,10,1,1,15,13,43.33,7,False,90.91,0
TTO-04938,normal,5,10,9,1,1,20,18,60.0,8,False,90.0,0
TTO-04939,normal,5,9,9,0,0,14,14,46.67,9,True,100.0,0
TTO-04940,normal,5,14,9,5,2,20,12,40.0,9,False,64.29,0
TTO-04941,normal,5,10,8,2,1,19,15,50.0,5,False,80.0,0
TTO-04942,normal,5,12,8,4,2,22,16,53.33,7,False,66.67,0
TTO-04943,normal,5,8,7,1,1,12,10,33.33,6,False,87.5,0
TTO-04944,normal,5,9,9,0,0,13,13,43.33,7,True,100.0,0
TTO-04945,normal,5,9,9,0,0,10,10,33.33,7,True,100.0,0
TTO-04946,normal,5,10,9,1,1,18,16,53.33,9,False,90.0,0
TTO-04947,normal,5,10,10,0,0,12,12,40.0,9,True,100.0,0
TTO-04948,normal,5,8,8,0,0,10,10,33.33,8,True,100.0,0
TTO-04949,normal,5,12,9,3,2,19,13,43.33,9,False,75.0,0
TTO-04950,normal,5,9,9,0,0,13,13,43.33,9,True,100.0,0
TTO-04951,normal,5,10,8,2,2,17,13,43.33,7,False,80.0,0
TTO-04952,normal,5,13,9,4,2,23,15,50.0,8,False,69.23,0
TTO-04953,normal,5,5,5,0,0,7,7,23.33,3,True,100.0,0
TTO-04954,normal,5,12,11,1,1,19,18,60.0,10,False,91.67,0
TTO-04955,normal,5,9,9,0,0,13,13,43.33,7,True,100.0,0
TTO-04956,normal,5,12,12,0,0,15,15,50.0,11,True,100.0,0
TTO-04957,normal,5,10,10,0,0,14,14,46.67,10,True,100.0,0
TTO-04958,normal,5,10,10,0,0,15,15,50.0,10,True,100.0,0
TTO-04959,normal,5,13,10,3,1,19,13,43.33,10,False,76.92,0
TTO-04960,normal,5,11,9,2,1,15,11,36.67,8,False,81.82,0
TTO-04961,normal,5,9,8,1,1,15,13,43.33,7,False,88.89,0
TTO-04962,normal,5,9,9,0,0,14,14,46.67,8,True,100.0,0
TTO-04963,normal,5,9,8,1,1,15,13,43.33,7,False,88.89,0
TTO-04964,normal,5,7,7,0,0,8,8,26.67,7,True,100.0,0
TTO-04965,normal,5,9,8,1,1,16,14,46.67,7,False,88.89,0
TTO-04966,normal,5,11,10,1,1,18,17,56.67,8,False,90.91,0
TTO-04967,normal,5,12,8,4,2,21,13,43.33,8,False,66.67,0
TTO-04968,normal,5,10,9,1,1,15,14,46.67,9,False,90.0,0
TTO-04969,normal,5,10,6,4,2,19,11,36.67,6,False,60.0,0
TTO-04970,normal,5,12,5,7,3,21,10,33.33,4,False,41.67,0
TTO-04971,normal,5,9,9,0,0,10,10,33.33,9,True,100.0,0
TTO-04972,normal,5,8,8,0,0,8,8,26.67,7,True,100.0,0
TTO-04973,normal,5,10,5,5,3,18,10,33.33,4,False,50.0,0
TTO-04974,normal,5,11,10,1,1,19,17,56.67,9,False,90.91,0
TTO-04975,normal,5,10,9,1,1,19,17,56.67,8,False,90.0,0
TTO-04976,normal,5,9,8,1,1,15,13,43.33,6,False,88.89,0
TTO-04977,normal,5,10,10,0,0,14,14,46.67,8,True,100.0,0
TTO-04978,normal,5,9,9,0,0,13,13,43.33,7,True,100.0,0
TTO-04979,normal,5,9,8,1,1,18,16,53.33,7,False,88.89,0
TTO-04980,normal,5,12,10,2,2,18,15,50.0,10,False,83.33,0
TTO-04981,normal,5,10,9,1,1,14,12,40.0,8,False,90.0,0
TTO-04982,normal,5,8,8,0,0,13,13,43.33,7,True,100.0,0
TTO-04983,normal,5,11,10,1,1,16,14,46.67,10,False,90.91,0
TTO-04984,normal,5,8,8,0,0,13,13,43.33,6,True,100.0,0
TTO-04985,normal,5,8,8,0,0,12,12,40.0,8,True,100.0,0
TTO-04986,normal,5,9,8,1,1,14,12,40.0,8,False,88.89,0
TTO-04987,normal,5,10,9,1,1,17,15,50.0,8,False,90.0,0
TTO-04988,normal,5,9,8,1,1,13,12,40.0,7,False,88.89,0
TTO-04989,normal,5,8,8,0,0,8,8,26.67,7,True,100.0,0
TTO-04990,normal,5,13,12,1,1,18,17,56.67,12,False,92.31,0
TTO-04991,normal,5,11,7,4,3,19,14,46.67,5,False,63.64,0
TTO-04992,normal,5,12,10,2,1,16,12,40.0,9,False,83.33,0
TTO-04993,normal,5,12,7,5,2,18,10,33.33,6,False,58.33,0
TTO-04994,normal,5,6,6,0,0,10,10,33.33,5,True,100.0,0
TTO-04995,normal,5,7,7,0,0,11,11,36.67,7,True,100.0,0
TTO-04996,normal,5,13,8,5,3,26,16,53.33,7,False,61.54,0
TTO-04997,normal,5,10,10,0,0,14,14,46.67,9,True,100.0,0
TTO-04998,normal,5,11,11,0,0,13,13,43.33,10,True,100.0,0
TTO-04999,normal,5,13,11,2,1,19,15,50.0,10,False,84.62,0
TTO-05000,normal,5,11,11,0,0,13,13,43.33,10,True,100.0,0
TTO-05001,normal,5,9,7,2,2,15,11,36.67,7,False,77.78,0
TTO-05002,normal,5,7,7,0,0,10,10,33.33,7,True,100.0,0
TTO-05003,normal,5,8,8,0,0,15,15,50.0,7,True,100.0,0
TTO-05004,normal,5,10,8,2,1,17,13,43.33,7,False,80.0,0
TTO-05005,normal,5,9,9,0,0,13,13,43.33,9,True,100.0,0
TTO-05006,normal,5,13,8,5,2,23,13,43.33,7,False,61.54,0
TTO-05007,normal,5,12,8,4,2,15,10,33.33,6,False,66.67,0
TTO-05008,normal,5,7,6,1,1,12,10,33.33,6,False,85.71,0
TTO-05009,normal,5,11,7,4,2,17,12,40.0,7,False,63.64,0
TTO-05010,normal,5,11,8,3,3,21,16,53.33,7,False,72.73,0
TTO-05011,normal,5,8,6,2,2,12,10,33.33,5,False,75.0,0
TTO-05012,normal,5,10,10,0,0,13,13,43.33,9,True,100.0,0
TTO-05013,normal,5,11,10,1,1,17,16,53.33,8,False,90.91,0
TTO-05014,normal,5,9,8,1,1,12,11,36.67,6,False,88.89,0
TTO-05015,normal,5,8,8,0,0,13,13,43.33,8,True,100.0,0
TTO-05016,normal,5,8,5,3,3,16,10,33.33,5,False,62.5,0
TTO-05017,normal,5,9,9,0,0,14,14,46.67,8,True,100.0,0
TTO-05018,normal,5,11,10,1,1,13,12,40.0,9,False,90.91,0
TTO-05019,normal,5,8,7,1,1,13,12,40.0,6,False,87.5,0
TTO-05020,normal,5,9,9,0,0,13,13,43.33,8,True,100.0,0
TTO-05021,normal,5,12,11,1,1,15,13,43.33,8,False,91.67,0
TTO-05022,normal,5,9,9,0,0,13,13,43.33,7,True,100.0,0
TTO-05023,normal,5,7,7,0,0,10,10,33.33,7,True,100.0,0
TTO-05024,normal,5,7,7,0,0,8,8,26.67,6,True,100.0,0
TTO-05025,normal,5,8,8,0,0,14,14,46.67,6,True,100.0,0
TTO-05026,normal,5,10,8,2,2,16,13,43.33,7,False,80.0,0
TTO-05027,normal,5,9,9,0,0,10,10,33.33,8,True,100.0,0
TTO-05028,normal,5,11,9,2,2,22,18,60.0,9,False,81.82,0
TTO-05029,normal,5,10,10,0,0,13,13,43.33,10,True,100.0,0
TTO-05030,normal,5,11,8,3,2,16,10,33.33,8,False,72.73,0
TTO-05031,normal,5,11,9,2,1,18,14,46.67,9,False,81.82,0
TTO-05032,normal,5,13,5,8,4,21,10,33.33,5,False,38.46,0
TTO-05033,normal,5,8,7,1,1,15,14,46.67,7,False,87.5,0
TTO-05034,normal,5,9,9,0,0,10,10,33.33,9,True,100.0,0
TTO-05035,normal,5,9,7,2,2,15,12,40.0,7,False,77.78,0
TTO-05036,normal,5,10,6,4,2,18,10,33.33,6,False,60.0,0
TTO-05037,normal,5,7,6,1,1,12,10,33.33,6,False,85.71,0
TTO-05038,normal,5,11,7,4,3,17,10,33.33,6,False,63.64,0
TTO-05039,normal,5,6,6,0,0,9,9,30.0,5,True,100.0,0
TTO-05040,normal,5,9,9,0,0,12,12,40.0,9,True,100.0,0
TTO-05041,normal,5,8,8,0,0,13,13,43.33,7,True,100.0,0
TTO-05042,normal,5,11,10,1,1,17,16,53.33,9,False,90.91,0
TTO-05043,normal,5,10,7,3,2,16,10,33.33,6,False,70.0,0
TTO-05044,normal,5,12,10,2,1,15,13,43.33,7,False,83.33,0
TTO-05045,normal,5,9,8,1,1,15,14,46.67,6,False,88.89,0
TTO-05046,normal,5,9,9,0,0,11,11,36.67,8,True,100.0,0
TTO-05047,normal,5,11,8,3,1,16,10,33.33,8,False,72.73,0
TTO-05048,normal,5,11,9,2,2,17,14,46.67,6,False,81.82,0
TTO-05049,normal,5,10,5,5,3,16,10,33.33,5,False,50.0,0
TTO-05050,normal,5,11,8,3,1,19,13,43.33,7,False,72.73,0
TTO-05051,normal,5,6,6,0,0,9,9,30.0,4,True,100.0,0
TTO-05052,normal,5,9,9,0,0,12,12,40.0,9,True,100.0,0
TTO-05053,normal,5,9,6,3,1,17,11,36.67,5,False,66.67,0
TTO-05054,normal,5,10,9,1,1,13,12,40.0,9,False,90.0,0
TTO-05055,normal,5,13,10,3,2,15,10,33.33,8,False,76.92,0
TTO-05056,normal,5,11,11,0,0,11,11,36.67,11,True,100.0,0
TTO-05057,normal,5,9,9,0,0,13,13,43.33,8,True,100.0,0
TTO-05058,normal,5,13,11,2,1,23,19,63.33,8,False,84.62,0
TTO-05059,normal,5,7,7,0,0,8,8,26.67,6,True,100.0,0
TTO-05060,normal,5,8,7,1,1,13,12,40.0,7,False,87.5,0
TTO-05061,normal,5,10,6,4,2,17,10,33.33,6,False,60.0,0
TTO-05062,normal,5,11,9,2,1,13,11,36.67,9,False,81.82,0
TTO-05063,normal,5,7,7,0,0,9,9,30.0,7,True,100.0,0
TTO-05064,normal,5,11,11,0,0,12,12,40.0,9,True,100.0,0
TTO-05065,normal,5,10,9,1,1,13,11,36.67,8,False,90.0,0
TTO-05066,normal,5,10,9,1,1,13,12,40.0,8,False,90.0,0
TTO-05067,normal,5,9,9,0,0,10,10,33.33,7,True,100.0,0
TTO-05068,normal,5,7,7,0,0,9,9,30.0,5,True,100.0,0
TTO-05069,normal,5,10,10,0,0,11,11,36.67,9,True,100.0,0
TTO-05070,normal,5,12,6,6,3,19,12,40.0,4,False,50.0,0
TTO-05071,normal,5,7,7,0,0,11,11,36.67,4,True,100.0,0
TTO-05072,normal,5,12,10,2,1,15,13,43.33,8,False,83.33,0
TTO-05073,normal,5,9,6,3,1,17,11,36.67,5,False,66.67,0
TTO-05074,normal,5,8,8,0,0,10,10,33.33,5,True,100.0,0
TTO-05075,normal,5,13,7,6,2,21,9,30.0,6,False,53.85,0
TTO-05076,normal,5,10,9,1,1,15,13,43.33,9,False,90.0,0
TTO-05077,normal,5,6,6,0,0,11,11,36.67,6,True,100.0,0
TTO-05078,normal,5,15,6,9,3,27,9,30.0,5,False,40.0,0
TTO-05079,normal,5,12,10,2,2,21,17,56.67,9,False,83.33,0
TTO-05080,normal,5,11,11,0,0,13,13,43.33,8,True,100.0,0
TTO-05081,normal,5,15,13,2,1,18,16,53.33,11,False,86.67,0
TTO-05082,normal,5,8,6,2,2,13,10,33.33,5,False,75.0,0
TTO-05083,normal,5,11,9,2,1,15,11,36.67,8,False,81.82,0
TTO-05084,normal,5,9,9,0,0,10,10,33.33,8,True,100.0,0
TTO-05085,normal,5,10,6,4,2,20,12,40.0,6,False,60.0,0
TTO-05086,normal,5,10,7,3,2,15,9,30.0,6,False,70.0,0
TTO-05087,normal,5,9,8,1,1,15,13,43.33,7,False,88.89,0
TTO-05088,normal,5,12,8,4,2,20,12,40.0,6,False,66.67,0
TTO-05089,normal,5,13,10,3,2,20,16,53.33,9,False,76.92,0
TTO-05090,normal,5,12,10,2,1,17,15,50.0,10,False,83.33,0
TTO-05091,normal,5,9,7,2,1,16,14,46.67,5,False,77.78,0
TTO-05092,normal,5,8,7,1,1,11,10,33.33,7,False,87.5,0
TTO-05093,normal,5,10,10,0,0,10,10,33.33,9,True,100.0,0
TTO-05094,normal,5,9,5,4,2,16,10,33.33,5,False,55.56,0
TTO-05095,normal,5,12,10,2,2,15,13,43.33,8,False,83.33,0
TTO-05096,normal,5,11,8,3,1,16,13,43.33,7,False,72.73,0
TTO-05097,normal,5,12,10,2,1,15,11,36.67,8,False,83.33,0
TTO-05098,normal,5,10,8,2,2,13,10,33.33,7,False,80.0,0
TTO-05099,normal,5,5,5,0,0,7,7,23.33,4,True,100.0,0
TTO-05100,normal,5,11,8,3,2,21,15,50.0,7,False,72.73,0
TTO-05101,normal,5,9,9,0,0,13,13,43.33,8,True,100.0,0
TTO-05102,normal,5,9,9,0,0,12,12,40.0,8,True,100.0,0
TTO-05103,normal,5,8,8,0,0,10,10,33.33,8,True,100.0,0
TTO-05104,normal,5,14,10,4,2,23,16,53.33,9,False,71.43,0
TTO-05105,normal,5,11,7,4,2,18,10,33.33,6,False,63.64,0
TTO-05106,normal,5,7,7,0,0,10,10,33.33,7,True,100.0,0
TTO-05107,normal,5,10,9,1,1,11,9,30.0,9,False,90.0,0
TTO-05108,normal,5,8,6,2,2,15,11,36.67,4,False,75.0,0
TTO-05109,normal,5,10,10,0,0,12,12,40.0,10,True,100.0,0
TTO-05110,normal,5,11,9,2,1,15,11,36.67,9,False,81.82,0
TTO-05111,normal,5,10,7,3,2,17,11,36.67,7,False,70.0,0
TTO-05112,normal,5,9,8,1,1,17,16,53.33,7,False,88.89,0
TTO-05113,normal,5,11,10,1,1,15,14,46.67,10,False,90.91,0
TTO-05114,normal,5,11,6,5,3,19,10,33.33,5,False,54.55,0
TTO-05115,normal,5,11,6,5,3,16,10,33.33,4,False,54.55,0
TTO-05116,normal,5,9,5,4,3,18,10,33.33,3,False,55.56,0
TTO-05117,normal,5,9,7,2,1,16,12,40.0,6,False,77.78,0
TTO-05118,normal,5,13,10,3,2,21,15,50.0,10,False,76.92,0
TTO-05119,normal,5,12,6,6,2,23,11,36.67,6,False,50.0,0
TTO-05120,normal,5,9,9,0,0,12,12,40.0,9,True,100.0,0
TTO-05121,normal,5,8,8,0,0,14,14,46.67,7,True,100.0,0
TTO-05122,normal,5,8,8,0,0,13,13,43.33,8,True,100.0,0
TTO-05123,normal,5,13,11,2,1,18,14,46.67,9,False,84.62,0
TTO-05124,normal,5,9,8,1,1,14,12,40.0,7,False,88.89,0
TTO-05125,normal,5,10,10,0,0,13,13,43.33,9,True,100.0,0
TTO-05126,normal,5,9,9,0,0,12,12,40.0,8,True,100.0,0
TTO-05127,normal,5,13,9,4,2,20,12,40.0,9,False,69.23,0
TTO-05128,normal,5,11,10,1,1,15,14,46.67,7,False,90.91,0
TTO-05129,normal,5,11,7,4,3,17,10,33.33,7,False,63.64,0
TTO-05130,normal,5,12,12,0,0,17,17,56.67,12,True,100.0,0
TTO-05131,normal,5,13,9,4,2,23,15,50.0,8,False,69.23,0
TTO-05132,normal,5,11,10,1,1,13,11,36.67,8,False,90.91,0
TTO-05133,normal,5,9,8,1,1,18,16,53.33,6,False,88.89,0
TTO-05134,normal,5,9,7,2,1,13,9,30.0,5,False,77.78,0
TTO-05135,normal,5,9,8,1,1,13,11,36.67,7,False,88.89,0
TTO-05136,normal,5,13,11,2,1,16,12,40.0,8,False,84.62,0
TTO-05137,normal,5,11,6,5,2,19,12,40.0,5,False,54.55,0
TTO-05138,normal,5,11,7,4,2,21,14,46.67,6,False,63.64,0
TTO-05139,normal,5,9,7,2,2,12,10,33.33,6,False,77.78,0
TTO-05140,normal,5,9,8,1,1,15,13,43.33,6,False,88.89,0
TTO-05141,normal,5,7,6,1,1,13,12,40.0,5,False,85.71,0
TTO-05142,normal,5,12,11,1,1,16,14,46.67,10,False,91.67,0
TTO-05143,normal,5,9,7,2,2,13,9,30.0,7,False,77.78,0
TTO-05144,normal,5,9,7,2,2,16,12,40.0,6,False,77.78,0
TTO-05145,normal,5,11,10,1,1,14,12,40.0,9,False,90.91,0
TTO-05146,normal,5,13,12,1,1,13,12,40.0,10,False,92.31,0
TTO-05147,normal,5,13,11,2,1,15,13,43.33,9,False,84.62,0
TTO-05148,normal,5,8,8,0,0,10,10,33.33,7,True,100.0,0
TTO-05149,normal,5,10,10,0,0,12,12,40.0,9,True,100.0,0
TTO-05150,normal,5,12,9,3,1,18,12,40.0,8,False,75.0,0
TTO-05151,normal,5,12,9,3,1,18,12,40.0,8,False,75.0,0
TTO-05152,normal,5,12,9,3,1,18,12,40.0,9,False,75.0,0
TTO-05153,normal,5,9,9,0,0,13,13,43.33,9,True,100.0,0
TTO-05154,normal,5,12,10,2,1,16,12,40.0,8,False,83.33,0
TTO-05155,normal,5,9,9,0,0,15,15,50.0,6,True,100.0,0
TTO-05156,normal,5,9,7,2,2,17,14,46.67,5,False,77.78,0
TTO-05157,normal,5,13,7,6,2,23,11,36.67,5,False,53.85,0
TTO-05158,normal,5,9,8,1,1,14,12,40.0,8,False,88.89,0
TTO-05159,normal,5,12,8,4,2,18,14,46.67,7,False,66.67,0
TTO-05160,normal,5,11,7,4,2,17,10,33.33,6,False,63.64,0
TTO-05161,normal,5,12,8,4,2,24,16,53.33,7,False,66.67,0
TTO-05162,normal,5,8,8,0,0,12,12,40.0,6,True,100.0,0
TTO-05163,normal,5,10,8,2,2,14,10,33.33,7,False,80.0,0
TTO-05164,normal,5,10,10,0,0,15,15,50.0,9,True,100.0,0
TTO-05165,normal,5,10,10,0,0,13,13,43.33,9,True,100.0,0
TTO-05166,normal,5,7,7,0,0,8,8,26.67,5,True,100.0,0
TTO-05167,normal,5,8,8,0,0,10,10,33.33,6,True,100.0,0
TTO-05168,normal,5,10,8,2,1,20,16,53.33,7,False,80.0,0
TTO-05169,normal,5,13,8,5,3,16,10,33.33,8,False,61.54,0
TTO-05170,normal,5,9,6,3,1,18,12,40.0,6,False,66.67,0
TTO-05171,normal,5,11,9,2,2,16,13,43.33,8,False,81.82,0
TTO-05172,normal,5,7,7,0,0,12,12,40.0,6,True,100.0,0
TTO-05173,normal,5,13,8,5,2,23,16,53.33,6,False,61.54,0
TTO-05174,normal,5,8,8,0,0,11,11,36.67,8,True,100.0,0
TTO-05175,normal,5,10,7,3,2,14,11,36.67,6,False,70.0,0
TTO-05176,normal,5,10,9,1,1,15,13,43.33,8,False,90.0,0
TTO-05177,normal,5,9,9,0,0,11,11,36.67,9,True,100.0,0
TTO-05178,normal,5,12,8,4,2,20,13,43.33,6,False,66.67,0
TTO-05179,normal,5,11,10,1,1,14,12,40.0,9,False,90.91,0
TTO-05180,normal,5,9,9,0,0,10,10,33.33,9,True,100.0,0
TTO-05181,normal,5,11,11,0,0,13,13,43.33,10,True,100.0,0
TTO-05182,normal,5,7,7,0,0,10,10,33.33,7,True,100.0,0
TTO-05183,normal,5,11,8,3,2,18,12,40.0,8,False,72.73,0
TTO-05184,normal,5,7,7,0,0,12,12,40.0,6,True,100.0,0
TTO-05185,normal,5,12,7,5,3,19,12,40.0,7,False,58.33,0
TTO-05186,normal,5,7,7,0,0,10,10,33.33,5,True,100.0,0
TTO-05187,normal,5,10,9,1,1,15,13,43.33,8,False,90.0,0
TTO-05188,normal,5,11,11,0,0,17,17,56.67,10,True,100.0,0
TTO-05189,normal,5,11,9,2,1,17,13,43.33,9,False,81.82,0
TTO-05190,normal,5,8,6,2,2,14,11,36.67,5,False,75.0,0
TTO-05191,normal,5,10,7,3,2,16,10,33.33,7,False,70.0,0
TTO-05192,normal,5,11,11,0,0,11,11,36.67,11,True,100.0,0
TTO-05193,normal,5,8,6,2,2,13,9,30.0,4,False,75.0,0
TTO-05194,normal,5,9,9,0,0,14,14,46.67,8,True,100.0,0
TTO-05195,normal,5,10,10,0,0,12,12,40.0,9,True,100.0,0
TTO-05196,normal,5,9,8,1,1,13,12,40.0,6,False,88.89,0
TTO-05197,normal,5,11,10,1,1,15,13,43.33,8,False,90.91,0
TTO-05198,normal,5,13,8,5,2,26,16,53.33,6,False,61.54,0
TTO-05199,normal,5,6,6,0,0,9,9,30.0,5,True,100.0,0
TTO-05200,normal,5,11,11,0,0,16,16,53.33,10,True,100.0,0
TTO-05201,normal,5,7,6,1,1,11,9,30.0,5,False,85.71,0
TTO-05202,normal,5,7,7,0,0,10,10,33.33,5,True,100.0,0
TTO-05203,normal,5,14,13,1,1,20,19,63.33,11,False,92.86,0
TTO-05204,normal,5,8,8,0,0,12,12,40.0,7,True,100.0,0
TTO-05205,normal,5,11,11,0,0,12,12,40.0,11,True,100.0,0
TTO-05206,normal,5,12,7,5,3,19,12,40.0,7,False,58.33,0
TTO-05207,normal,5,6,6,0,0,8,8,26.67,5,True,100.0,0
TTO-05208,normal,5,6,6,0,0,9,9,30.0,4,True,100.0,0
TTO-05209,normal,5,8,8,0,0,8,8,26.67,6,True,100.0,0
TTO-05210,normal,5,10,10,0,0,14,14,46.67,10,True,100.0,0
TTO-05211,normal,5,9,9,0,0,10,10,33.33,7,True,100.0,0
TTO-05212,normal,5,7,6,1,1,13,12,40.0,6,False,85.71,0
TTO-05213,normal,5,13,7,6,3,22,12,40.0,6,False,53.85,0
TTO-05214,normal,5,10,10,0,0,18,18,60.0,9,True,100.0,0
TTO-05215,normal,5,9,7,2,1,15,11,36.67,7,False,77.78,0
TTO-05216,normal,5,11,7,4,2,18,13,43.33,4,False,63.64,0
TTO-05217,normal,5,9,5,4,3,15,10,33.33,5,False,55.56,0
TTO-05218,normal,5,11,8,3,1,19,16,53.33,8,False,72.73,0
TTO-05219,normal,5,12,11,1,1,17,15,50.0,10,False,91.67,0
TTO-05220,normal,5,10,9,1,1,18,16,53.33,8,False,90.0,0
TTO-05221,normal,5,12,5,7,3,22,10,33.33,4,False,41.67,0
TTO-05222,normal,5,12,9,3,2,18,12,40.0,8,False,75.0,0
TTO-05223,normal,5,10,9,1,1,16,14,46.67,8,False,90.0,0
TTO-05224,normal,5,11,8,3,1,21,15,50.0,7,False,72.73,0
TTO-05225,normal,5,9,6,3,2,17,12,40.0,5,False,66.67,0
TTO-05226,normal,5,10,8,2,1,15,11,36.67,7,False,80.0,0
TTO-05227,normal,5,11,10,1,1,17,15,50.0,8,False,90.91,0
TTO-05228,normal,5,8,8,0,0,9,9,30.0,7,True,100.0,0
TTO-05229,normal,5,10,10,0,0,14,14,46.67,9,True,100.0,0
TTO-05230,normal,5,9,9,0,0,14,14,46.67,8,True,100.0,0
TTO-05231,normal,5,13,9,4,2,16,12,40.0,9,False,69.23,0
TTO-05232,normal,5,14,11,3,1,25,19,63.33,10,False,78.57,0
TTO-05233,normal,5,12,8,4,2,18,11,36.67,8,False,66.67,0
TTO-05234,normal,5,8,8,0,0,10,10,33.33,7,True,100.0,0
TTO-05235,normal,5,9,7,2,1,15,11,36.67,6,False,77.78,0
TTO-05236,normal,5,11,8,3,2,14,10,33.33,7,False,72.73,0
TTO-05237,normal,5,12,10,2,1,17,13,43.33,8,False,83.33,0
TTO-05238,normal,5,11,7,4,3,20,14,46.67,5,False,63.64,0
TTO-05239,normal,5,9,9,0,0,12,12,40.0,8,True,100.0,0
TTO-05240,normal,5,7,5,2,1,13,9,30.0,4,False,71.43,0
TTO-05241,normal,5,7,7,0,0,9,9,30.0,6,True,100.0,0
TTO-05242,normal,5,11,5,6,3,20,10,33.33,3,False,45.45,0
TTO-05243,normal,5,13,9,4,2,18,12,40.0,8,False,69.23,0
TTO-05244,normal,5,10,9,1,1,14,12,40.0,8,False,90.0,0
TTO-05245,normal,5,9,7,2,1,12,10,33.33,7,False,77.78,0
TTO-05246,normal,5,10,7,3,2,17,14,46.67,6,False,70.0,0
TTO-05247,normal,5,9,7,2,1,12,10,33.33,5,False,77.78,0
TTO-05248,normal,5,13,13,0,0,13,13,43.33,10,True,100.0,0
TTO-05249,normal,5,13,11,2,1,20,16,53.33,10,False,84.62,0
TTO-05250,normal,5,9,9,0,0,13,13,43.33,8,True,100.0,0
TTO-05251,normal,5,7,7,0,0,10,10,33.33,5,True,100.0,0
TTO-05252,normal,5,7,7,0,0,10,10,33.33,6,True,100.0,0
TTO-05253,normal,5,7,7,0,0,11,11,36.67,6,True,100.0,0
TTO-05254,normal,5,9,9,0,0,17,17,56.67,9,True,100.0,0
TTO-05255,normal,5,11,6,5,2,19,11,36.67,6,False,54.55,0
TTO-05256,normal,5,10,8,2,1,18,14,46.67,7,False,80.0,0
TTO-05257,normal,5,11,7,4,2,19,11,36.67,6,False,63.64,0
TTO-05258,normal,5,9,9,0,0,14,14,46.67,8,True,100.0,0
TTO-05259,normal,5,12,11,1,1,16,14,46.67,10,False,91.67,0
TTO-05260,normal,5,11,6,5,2,16,11,36.67,5,False,54.55,0
TTO-05261,normal,5,13,9,4,2,24,16,53.33,7,False,69.23,0
TTO-05262,normal,5,7,7,0,0,9,9,30.0,5,True,100.0,0
TTO-05263,normal,5,11,9,2,1,16,12,40.0,8,False,81.82,0
TTO-05264,normal,5,9,9,0,0,9,9,30.0,8,True,100.0,0
TTO-05265,normal,5,12,10,2,1,17,13,43.33,10,False,83.33,0
TTO-05266,normal,5,10,6,4,2,17,12,40.0,6,False,60.0,0
TTO-05267,normal,5,12,8,4,2,20,12,40.0,8,False,66.67,0
TTO-05268,normal,5,15,13,2,1,21,19,63.33,12,False,86.67,0
TTO-05269,normal,5,10,9,1,1,17,16,53.33,9,False,90.0,0
TTO-05270,normal,5,14,14,0,0,14,14,46.67,14,True,100.0,0
TTO-05271,normal,5,10,10,0,0,13,13,43.33,9,True,100.0,0
TTO-05272,normal,5,10,10,0,0,14,14,46.67,9,True,100.0,0
TTO-05273,normal,5,8,8,0,0,9,9,30.0,8,True,100.0,0
TTO-05274,normal,5,9,7,2,2,15,12,40.0,7,False,77.78,0
TTO-05275,normal,5,12,8,4,2,19,14,46.67,7,False,66.67,0
TTO-05276,normal,5,10,8,2,1,12,10,33.33,7,False,80.0,0
TTO-05277,normal,5,8,8,0,0,16,16,53.33,8,True,100.0,0
TTO-05278,normal,5,9,9,0,0,10,10,33.33,7,True,100.0,0
TTO-05279,normal,5,11,6,5,2,20,10,33.33,5,False,54.55,0
TTO-05280,normal,5,6,6,0,0,10,10,33.33,6,True,100.0,0
TTO-05281,normal,5,10,10,0,0,12,12,40.0,8,True,100.0,0
TTO-05282,normal,5,7,7,0,0,8,8,26.67,7,True,100.0,0
TTO-05283,normal,5,10,10,0,0,12,12,40.0,9,True,100.0,0
TTO-05284,normal,5,9,9,0,0,13,13,43.33,6,True,100.0,0
TTO-05285,normal,5,11,9,2,2,15,13,43.33,8,False,81.82,0
TTO-05286,normal,5,10,9,1,1,15,13,43.33,6,False,90.0,0
TTO-05287,normal,5,9,7,2,2,16,12,40.0,6,False,77.78,0
TTO-05288,normal,5,12,7,5,2,15,10,33.33,7,False,58.33,0
TTO-05289,normal,5,9,6,3,2,15,10,33.33,6,False,66.67,0
TTO-05290,normal,5,12,9,3,2,15,11,36.67,7,False,75.0,0
TTO-05291,normal,5,10,6,4,2,14,10,33.33,4,False,60.0,0
TTO-05292,normal,5,9,9,0,0,13,13,43.33,8,True,100.0,0
TTO-05293,normal,5,13,8,5,3,23,13,43.33,7,False,61.54,0
TTO-05294,normal,5,9,9,0,0,17,17,56.67,8,True,100.0,0
TTO-05295,normal,5,8,8,0,0,11,11,36.67,6,True,100.0,0
TTO-05296,normal,5,10,6,4,2,17,9,30.0,5,False,60.0,0
TTO-05297,normal,5,11,9,2,2,16,13,43.33,9,False,81.82,0
TTO-05298,normal,5,11,10,1,1,17,16,53.33,9,False,90.91,0
TTO-05299,normal,5,5,5,0,0,7,7,23.33,4,True,100.0,0
TTO-05300,normal,5,11,10,1,1,18,16,53.33,9,False,90.91,0
TTO-05301,normal,5,7,6,1,1,12,10,33.33,6,False,85.71,0
TTO-05302,normal,5,6,6,0,0,7,7,23.33,6,True,100.0,0
TTO-05303,normal,5,10,10,0,0,16,16,53.33,10,True,100.0,0
TTO-05304,normal,5,11,11,0,0,15,15,50.0,10,True,100.0,0
TTO-05305,normal,5,11,9,2,1,15,11,36.67,7,False,81.82,0
TTO-05306,normal,5,10,6,4,2,17,12,40.0,6,False,60.0,0
TTO-05307,normal,5,11,9,2,1,16,12,40.0,6,False,81.82,0
TTO-05308,normal,5,11,10,1,1,15,13,43.33,8,False,90.91,0
TTO-05309,normal,5,11,10,1,1,13,12,40.0,9,False,90.91,0
TTO-05310,normal,5,10,8,2,1,18,14,46.67,7,False,80.0,0
TTO-05311,normal,5,9,9,0,0,10,10,33.33,7,True,100.0,0
TTO-05312,normal,5,9,9,0,0,12,12,40.0,9,True,100.0,0
TTO-05313,normal,5,10,9,1,1,11,10,33.33,8,False,90.0,0
TTO-05314,normal,5,12,11,1,1,15,13,43.33,11,False,91.67,0
TTO-05315,normal,5,11,11,0,0,17,17,56.67,9,True,100.0,0
TTO-05316,normal,5,9,9,0,0,12,12,40.0,7,True,100.0,0
TTO-05317,normal,5,12,11,1,1,15,13,43.33,11,False,91.67,0
TTO-05318,normal,5,10,9,1,1,16,15,50.0,8,False,90.0,0
TTO-05319,normal,5,11,9,2,1,20,16,53.33,9,False,81.82,0
TTO-05320,normal,5,9,7,2,1,12,10,33.33,7,False,77.78,0
TTO-05321,normal,5,10,10,0,0,19,19,63.33,10,True,100.0,0
TTO-05322,normal,5,9,9,0,0,12,12,40.0,9,True,100.0,0
TTO-05323,normal,5,11,11,0,0,14,14,46.67,11,True,100.0,0
TTO-05324,normal,5,7,7,0,0,8,8,26.67,6,True,100.0,0
TTO-05325,normal,5,11,11,0,0,11,11,36.67,9,True,100.0,0
TTO-05326,normal,5,10,8,2,2,16,13,43.33,8,False,80.0,0
TTO-05327,normal,5,11,8,3,1,18,12,40.0,8,False,72.73,0
TTO-05328,normal,5,10,7,3,3,17,12,40.0,7,False,70.0,0
TTO-05329,normal,5,10,10,0,0,13,13,43.33,8,True,100.0,0
TTO-05330,normal,5,12,12,0,0,16,16,53.33,12,True,100.0,0
TTO-05331,normal,5,13,8,5,3,19,13,43.33,7,False,61.54,0
TTO-05332,normal,5,10,8,2,1,18,16,53.33,8,False,80.0,0
TTO-05333,normal,5,9,9,0,0,11,11,36.67,9,True,100.0,0
TTO-05334,normal,5,11,11,0,0,15,15,50.0,10,True,100.0,0
TTO-05335,normal,5,13,11,2,1,17,15,50.0,11,False,84.62,0
TTO-05336,normal,5,12,10,2,1,20,16,53.33,9,False,83.33,0
TTO-05337,normal,5,11,8,3,2,20,14,46.67,8,False,72.73,0
TTO-05338,normal,5,11,10,1,1,16,14,46.67,9,False,90.91,0
TTO-05339,normal,5,12,10,2,1,21,17,56.67,8,False,83.33,0
TTO-05340,normal,5,12,8,4,2,24,16,53.33,6,False,66.67,0
TTO-05341,normal,5,11,10,1,1,11,10,33.33,9,False,90.91,0
TTO-05342,normal,5,10,7,3,2,15,10,33.33,7,False,70.0,0
TTO-05343,normal,5,10,8,2,2,14,12,40.0,8,False,80.0,0
TTO-05344,normal,5,11,7,4,2,19,11,36.67,6,False,63.64,0
TTO-05345,normal,5,10,8,2,1,17,13,43.33,6,False,80.0,0
TTO-05346,normal,5,13,6,7,3,23,9,30.0,6,False,46.15,0
TTO-05347,normal,5,9,9,0,0,10,10,33.33,9,True,100.0,0
TTO-05348,normal,5,8,8,0,0,14,14,46.67,8,True,100.0,0
TTO-05349,normal,5,8,7,1,1,13,11,36.67,6,False,87.5,0
TTO-05350,normal,5,9,9,0,0,12,12,40.0,9,True,100.0,0
TTO-05351,normal,5,12,11,1,1,14,13,43.33,8,False,91.67,0
TTO-05352,normal,5,10,8,2,2,18,14,46.67,8,False,80.0,0
TTO-05353,normal,5,10,8,2,1,16,12,40.0,6,False,80.0,0
TTO-05354,normal,5,9,9,0,0,14,14,46.67,8,True,100.0,0
TTO-05355,normal,5,10,8,2,1,16,12,40.0,6,False,80.0,0
TTO-05356,normal,5,7,7,0,0,10,10,33.33,5,True,100.0,0
TTO-05357,normal,5,10,10,0,0,14,14,46.67,10,True,100.0,0
TTO-05358,normal,5,7,7,0,0,14,14,46.67,6,True,100.0,0
TTO-05359,normal,5,11,10,1,1,14,12,40.0,10,False,90.91,0
TTO-05360,normal,5,12,11,1,1,14,13,43.33,9,False,91.67,0
TTO-05361,normal,5,10,10,0,0,11,11,36.67,8,True,100.0,0
TTO-05362,normal,5,11,11,0,0,13,13,43.33,11,True,100.0,0
TTO-05363,normal,5,9,9,0,0,12,12,40.0,6,True,100.0,0
TTO-05364,normal,5,11,11,0,0,15,15,50.0,11,True,100.0,0
TTO-05365,normal,5,11,10,1,1,15,13,43.33,10,False,90.91,0
TTO-05366,normal,5,8,7,1,1,15,13,43.33,7,False,87.5,0
TTO-05367,normal,5,8,8,0,0,16,16,53.33,7,True,100.0,0
TTO-05368,normal,5,11,9,2,1,12,10,33.33,8,False,81.82,0
TTO-05369,normal,5,9,8,1,1,13,11,36.67,7,False,88.89,0
TTO-05370,normal,5,9,6,3,2,15,11,36.67,6,False,66.67,0
TTO-05371,normal,5,9,8,1,1,17,15,50.0,7,False,88.89,0
TTO-05372,normal,5,12,11,1,1,16,14,46.67,9,False,91.67,0
TTO-05373,normal,5,12,12,0,0,15,15,50.0,9,True,100.0,0
TTO-05374,normal,5,9,6,3,3,16,11,36.67,6,False,66.67,0
TTO-05375,normal,5,8,8,0,0,10,10,33.33,8,True,100.0,0
TTO-05376,normal,5,9,6,3,1,16,10,33.33,6,False,66.67,0
TTO-05377,normal,5,8,8,0,0,13,13,43.33,7,True,100.0,0
TTO-05378,normal,5,12,6,6,2,19,10,33.33,5,False,50.0,0
TTO-05379,normal,5,9,6,3,1,16,10,33.33,6,False,66.67,0
TTO-05380,normal,5,12,11,1,1,15,14,46.67,10,False,91.67,0
TTO-05381,normal,5,9,7,2,1,14,10,33.33,5,False,77.78,0
TTO-05382,normal,5,9,8,1,1,13,12,40.0,7,False,88.89,0
TTO-05383,normal,5,9,9,0,0,10,10,33.33,9,True,100.0,0
TTO-05384,normal,5,9,9,0,0,10,10,33.33,8,True,100.0,0
TTO-05385,normal,5,9,7,2,1,17,13,43.33,7,False,77.78,0
TTO-05386,normal,5,14,9,5,3,28,18,60.0,8,False,64.29,0
TTO-05387,normal,5,11,10,1,1,15,13,43.33,9,False,90.91,0
TTO-05388,normal,5,9,9,0,0,12,12,40.0,9,True,100.0,0
TTO-05389,normal,5,9,9,0,0,10,10,33.33,8,True,100.0,0
TTO-05390,normal,5,9,6,3,2,17,12,40.0,5,False,66.67,0
TTO-05391,normal,5,9,9,0,0,12,12,40.0,9,True,100.0,0
TTO-05392,normal,5,10,8,2,1,16,12,40.0,7,False,80.0,0
TTO-05393,normal,5,13,12,1,1,16,15,50.0,12,False,92.31,0
TTO-05394,normal,5,9,5,4,2,17,10,33.33,5,False,55.56,0
TTO-05395,normal,5,8,8,0,0,13,13,43.33,8,True,100.0,0
TTO-05396,normal,5,10,10,0,0,13,13,43.33,9,True,100.0,0
TTO-05397,normal,5,8,8,0,0,10,10,33.33,8,True,100.0,0
TTO-05398,normal,5,9,5,4,2,16,10,33.33,5,False,55.56,0
TTO-05399,normal,5,9,8,1,1,15,13,43.33,7,False,88.89,0
TTO-05400,normal,5,10,8,2,1,20,16,53.33,5,False,80.0,0
TTO-05401,normal,5,10,10,0,0,11,11,36.67,8,True,100.0,0
TTO-05402,normal,5,11,10,1,1,17,16,53.33,9,False,90.91,0
TTO-05403,normal,5,7,7,0,0,12,12,40.0,6,True,100.0,0
TTO-05404,normal,5,12,6,6,2,19,10,33.33,5,False,50.0,0
TTO-05405,normal,5,8,7,1,1,12,10,33.33,6,False,87.5,0
TTO-05406,normal,5,11,9,2,1,16,12,40.0,8,False,81.82,0
TTO-05407,normal,5,8,7,1,1,13,12,40.0,7,False,87.5,0
TTO-05408,normal,5,13,9,4,2,20,12,40.0,9,False,69.23,0
TTO-05409,normal,5,10,10,0,0,14,14,46.67,9,True,100.0,0
TTO-05410,normal,5,11,10,1,1,16,14,46.67,8,False,90.91,0
TTO-05411,normal,5,13,7,6,4,26,14,46.67,7,False,53.85,0
TTO-05412,normal,5,9,8,1,1,12,11,36.67,8,False,88.89,0
TTO-05413,normal,5,9,8,1,1,11,10,33.33,8,False,88.89,0
TTO-05414,normal,5,12,10,2,1,18,14,46.67,9,False,83.33,0
TTO-05415,normal,5,11,9,2,1,16,12,40.0,9,False,81.82,0
TTO-05416,normal,5,8,8,0,0,10,10,33.33,8,True,100.0,0
TTO-05417,normal,5,11,10,1,1,18,16,53.33,8,False,90.91,0
TTO-05418,normal,5,13,10,3,1,18,15,50.0,10,False,76.92,0
TTO-05419,normal,5,12,7,5,3,22,14,46.67,7,False,58.33,0
TTO-05420,normal,5,11,6,5,2,18,10,33.33,5,False,54.55,0
TTO-05421,normal,5,7,7,0,0,12,12,40.0,6,True,100.0,0
TTO-05422,normal,5,12,11,1,1,15,14,46.67,8,False,91.67,0
TTO-05423,normal,5,11,5,6,3,21,9,30.0,4,False,45.45,0
TTO-05424,normal,5,10,10,0,0,14,14,46.67,10,True,100.0,0
TTO-05425,normal,5,11,9,2,1,17,13,43.33,8,False,81.82,0
TTO-05426,normal,5,12,7,5,2,17,10,33.33,5,False,58.33,0
TTO-05427,normal,5,8,8,0,0,12,12,40.0,6,True,100.0,0
TTO-05428,normal,5,10,10,0,0,12,12,40.0,9,True,100.0,0
TTO-05429,normal,5,7,7,0,0,9,9,30.0,6,True,100.0,0
TTO-05430,normal,5,8,8,0,0,11,11,36.67,8,True,100.0,0
TTO-05431,normal,5,10,8,2,2,15,12,40.0,8,False,80.0,0
TTO-05432,normal,5,12,6,6,3,21,11,36.67,5,False,50.0,0
TTO-05433,normal,5,12,5,7,3,24,10,33.33,5,False,41.67,0
TTO-05434,normal,5,9,8,1,1,13,12,40.0,7,False,88.89,0
TTO-05435,normal,5,12,5,7,3,24,10,33.33,5,False,41.67,0
TTO-05436,normal,5,9,9,0,0,13,13,43.33,8,True,100.0,0
TTO-05437,normal,5,8,6,2,2,14,10,33.33,6,False,75.0,0
TTO-05438,normal,5,10,10,0,0,15,15,50.0,10,True,100.0,0
TTO-05439,normal,5,8,6,2,2,14,11,36.67,6,False,75.0,0
TTO-05440,normal,5,9,7,2,2,15,12,40.0,6,False,77.78,0
TTO-05441,normal,5,10,10,0,0,14,14,46.67,10,True,100.0,0
TTO-05442,normal,5,9,9,0,0,14,14,46.67,9,True,100.0,0
TTO-05443,normal,5,9,7,2,1,13,9,30.0,7,False,77.78,0
TTO-05444,normal,5,8,8,0,0,11,11,36.67,8,True,100.0,0
TTO-05445,normal,5,10,8,2,1,18,14,46.67,7,False,80.0,0
TTO-05446,normal,5,14,10,4,2,25,20,66.67,8,False,71.43,0
TTO-05447,normal,5,11,9,2,1,19,15,50.0,7,False,81.82,0
TTO-05448,normal,5,10,9,1,1,17,15,50.0,9,False,90.0,0
TTO-05449,normal,5,7,7,0,0,11,11,36.67,7,True,100.0,0
TTO-05450,normal,5,9,9,0,0,14,14,46.67,8,True,100.0,0
TTO-05451,normal,5,9,6,3,3,18,12,40.0,5,False,66.67,0
TTO-05452,normal,5,11,10,1,1,16,14,46.67,10,False,90.91,0
TTO-05453,normal,5,10,10,0,0,12,12,40.0,10,True,100.0,0
TTO-05454,normal,5,9,9,0,0,10,10,33.33,6,True,100.0,0
TTO-05455,normal,5,9,9,0,0,13,13,43.33,9,True,100.0,0
TTO-05456,normal,5,11,8,3,1,19,16,53.33,8,False,72.73,0
TTO-05457,normal,5,11,10,1,1,18,16,53.33,10,False,90.91,0
TTO-05458,normal,5,11,6,5,3,18,10,33.33,5,False,54.55,0
TTO-05459,normal,5,11,11,0,0,15,15,50.0,10,True,100.0,0
TTO-05460,normal,5,9,7,2,1,13,9,30.0,6,False,77.78,0
TTO-05461,normal,5,10,9,1,1,17,16,53.33,9,False,90.0,0
TTO-05462,normal,5,9,9,0,0,12,12,40.0,9,True,100.0,0
TTO-05463,normal,5,7,7,0,0,7,7,23.33,4,True,100.0,0
TTO-05464,normal,5,9,9,0,0,9,9,30.0,7,True,100.0,0
TTO-05465,normal,5,13,5,8,4,22,10,33.33,5,False,38.46,0
TTO-05466,normal,5,7,7,0,0,9,9,30.0,7,True,100.0,0
TTO-05467,normal,5,9,9,0,0,11,11,36.67,9,True,100.0,0
TTO-05468,normal,5,11,11,0,0,13,13,43.33,11,True,100.0,0
TTO-05469,normal,5,6,6,0,0,11,11,36.67,5,True,100.0,0
TTO-05470,normal,5,12,10,2,1,17,15,50.0,10,False,83.33,0
TTO-05471,normal,5,10,10,0,0,15,15,50.0,7,True,100.0,0
TTO-05472,normal,5,11,11,0,0,11,11,36.67,9,True,100.0,0
TTO-05473,normal,5,9,9,0,0,13,13,43.33,7,True,100.0,0
TTO-05474,normal,5,10,10,0,0,19,19,63.33,10,True,100.0,0
TTO-05475,normal,5,9,6,3,2,17,12,40.0,6,False,66.67,0
TTO-05476,normal,5,11,11,0,0,11,11,36.67,9,True,100.0,0
TTO-05477,normal,5,7,7,0,0,7,7,23.33,6,True,100.0,0
TTO-05478,normal,5,11,11,0,0,14,14,46.67,11,True,100.0,0
TTO-05479,normal,5,11,11,0,0,19,19,63.33,10,True,100.0,0
TTO-05480,normal,5,10,10,0,0,16,16,53.33,10,True,100.0,0
TTO-05481,normal,5,12,8,4,2,20,12,40.0,8,False,66.67,0
TTO-05482,normal,5,10,6,4,2,19,11,36.67,6,False,60.0,0
TTO-05483,normal,5,9,8,1,1,15,13,43.33,8,False,88.89,0
TTO-05484,normal,5,8,8,0,0,9,9,30.0,7,True,100.0,0
TTO-05485,normal,5,10,9,1,1,15,13,43.33,9,False,90.0,0
TTO-05486,normal,5,12,9,3,2,17,11,36.67,7,False,75.0,0
TTO-05487,normal,5,12,9,3,2,18,12,40.0,7,False,75.0,0
TTO-05488,normal,5,9,5,4,3,16,10,33.33,5,False,55.56,0
TTO-05489,normal,5,13,10,3,2,17,13,43.33,10,False,76.92,0
TTO-05490,normal,5,7,7,0,0,9,9,30.0,6,True,100.0,0
TTO-05491,normal,5,12,12,0,0,16,16,53.33,12,True,100.0,0
TTO-05492,normal,5,9,8,1,1,16,14,46.67,7,False,88.89,0
TTO-05493,normal,5,11,11,0,0,14,14,46.67,10,True,100.0,0
TTO-05494,normal,5,8,8,0,0,11,11,36.67,6,True,100.0,0
TTO-05495,normal,5,11,10,1,1,22,20,66.67,9,False,90.91,0
TTO-05496,normal,5,13,10,3,2,26,20,66.67,9,False,76.92,0
TTO-05497,normal,5,12,8,4,2,23,15,50.0,7,False,66.67,0
TTO-05498,normal,5,9,9,0,0,14,14,46.67,6,True,100.0,0
TTO-05499,normal,5,10,10,0,0,16,16,53.33,8,True,100.0,0
TTO-05500,normal,5,8,8,0,0,16,16,53.33,7,True,100.0,0
TTO-05501,normal,5,13,7,6,3,21,10,33.33,5,False,53.85,0
TTO-05502,normal,5,10,6,4,2,17,9,30.0,5,False,60.0,0
TTO-05503,normal,5,10,9,1,1,15,13,43.33,8,False,90.0,0
TTO-05504,normal,5,11,8,3,2,14,11,36.67,7,False,72.73,0
TTO-05505,normal,5,12,10,2,2,16,13,43.33,9,False,83.33,0
TTO-05506,normal,5,10,7,3,1,17,11,36.67,6,False,70.0,0
TTO-05507,normal,5,13,10,3,1,19,13,43.33,8,False,76.92,0
TTO-05508,normal,5,8,7,1,1,11,9,30.0,7,False,87.5,0
TTO-05509,normal,5,10,7,3,2,19,13,43.33,7,False,70.0,0
TTO-05510,normal,5,10,6,4,3,18,12,40.0,6,False,60.0,0
TTO-05511,normal,5,10,8,2,2,14,10,33.33,8,False,80.0,0
TTO-05512,normal,5,10,9,1,1,14,12,40.0,6,False,90.0,0
TTO-05513,normal,5,12,11,1,1,16,15,50.0,11,False,91.67,0
TTO-05514,normal,5,11,7,4,2,16,12,40.0,6,False,63.64,0
TTO-05515,normal,5,10,10,0,0,14,14,46.67,9,True,100.0,0
TTO-05516,normal,5,10,10,0,0,14,14,46.67,9,True,100.0,0
TTO-05517,normal,5,12,9,3,2,18,14,46.67,8,False,75.0,0
TTO-05518,normal,5,10,10,0,0,16,16,53.33,9,True,100.0,0
TTO-05519,normal,5,8,7,1,1,13,11,36.67,7,False,87.5,0
TTO-05520,normal,5,10,8,2,1,16,12,40.0,8,False,80.0,0
TTO-05521,normal,5,11,6,5,2,19,11,36.67,6,False,54.55,0
TTO-05522,normal,5,9,9,0,0,13,13,43.33,8,True,100.0,0
TTO-05523,normal,5,9,8,1,1,12,10,33.33,8,False,88.89,0
TTO-05524,normal,5,10,9,1,1,13,11,36.67,8,False,90.0,0
TTO-05525,normal,5,8,8,0,0,9,9,30.0,5,True,100.0,0
TTO-05526,normal,5,7,7,0,0,9,9,30.0,6,True,100.0,0
TTO-05527,normal,5,9,7,2,1,17,13,43.33,7,False,77.78,0
TTO-05528,normal,5,12,8,4,2,17,11,36.67,7,False,66.67,0
TTO-05529,normal,5,8,8,0,0,11,11,36.67,7,True,100.0,0
TTO-05530,normal,5,9,8,1,1,13,11,36.67,8,False,88.89,0
TTO-05531,normal,5,10,10,0,0,16,16,53.33,8,True,100.0,0
TTO-05532,normal,5,15,9,6,2,24,12,40.0,9,False,60.0,0
TTO-05533,normal,5,9,9,0,0,14,14,46.67,9,True,100.0,0
TTO-05534,normal,5,10,10,0,0,12,12,40.0,10,True,100.0,0
TTO-05535,normal,5,13,10,3,2,16,13,43.33,8,False,76.92,0
TTO-05536,normal,5,9,7,2,1,14,12,40.0,6,False,77.78,0
TTO-05537,normal,5,12,10,2,1,15,13,43.33,10,False,83.33,0
TTO-05538,normal,5,8,8,0,0,11,11,36.67,8,True,100.0,0
TTO-05539,normal,5,10,9,1,1,16,14,46.67,8,False,90.0,0
TTO-05540,normal,5,11,8,3,2,16,12,40.0,8,False,72.73,0
TTO-05541,normal,5,11,10,1,1,15,13,43.33,7,False,90.91,0
TTO-05542,normal,5,11,8,3,3,22,16,53.33,6,False,72.73,0
TTO-05543,normal,5,10,8,2,1,13,9,30.0,7,False,80.0,0
TTO-05544,normal,5,11,9,2,1,21,17,56.67,8,False,81.82,0
TTO-05545,normal,5,10,9,1,1,17,15,50.0,8,False,90.0,0
TTO-05546,normal,5,6,6,0,0,9,9,30.0,6,True,100.0,0
TTO-05547,normal,5,8,7,1,1,16,14,46.67,6,False,87.5,0
TTO-05548,normal,5,10,10,0,0,12,12,40.0,10,True,100.0,0
TTO-05549,normal,5,10,10,0,0,13,13,43.33,10,True,100.0,0
TTO-05550,normal,5,7,7,0,0,13,13,43.33,6,True,100.0,0
TTO-05551,normal,5,11,8,3,1,22,16,53.33,7,False,72.73,0
TTO-05552,normal,5,14,11,3,2,23,18,60.0,9,False,78.57,0
TTO-05553,normal,5,13,5,8,3,25,9,30.0,5,False,38.46,0
TTO-05554,normal,5,15,11,4,2,21,13,43.33,11,False,73.33,0
TTO-05555,normal,5,8,5,3,1,15,9,30.0,3,False,62.5,0
TTO-05556,normal,5,13,8,5,3,22,16,53.33,8,False,61.54,0
TTO-05557,normal,5,9,9,0,0,12,12,40.0,8,True,100.0,0
TTO-05558,normal,5,9,9,0,0,10,10,33.33,9,True,100.0,0
TTO-05559,normal,5,8,8,0,0,13,13,43.33,8,True,100.0,0
TTO-05560,normal,5,9,9,0,0,14,14,46.67,8,True,100.0,0
TTO-05561,normal,5,12,9,3,1,20,14,46.67,9,False,75.0,0
TTO-05562,normal,5,12,9,3,2,21,15,50.0,8,False,75.0,0
TTO-05563,normal,5,13,13,0,0,18,18,60.0,12,True,100.0,0
TTO-05564,normal,5,11,10,1,1,19,17,56.67,10,False,90.91,0
TTO-05565,normal,5,8,7,1,1,12,10,33.33,7,False,87.5,0
TTO-05566,normal,5,10,7,3,1,17,11,36.67,7,False,70.0,0
TTO-05567,normal,5,10,7,3,2,13,10,33.33,7,False,70.0,0
TTO-05568,normal,5,13,7,6,3,19,10,33.33,7,False,53.85,0
TTO-05569,normal,5,9,9,0,0,11,11,36.67,9,True,100.0,0
TTO-05570,normal,5,8,7,1,1,13,12,40.0,7,False,87.5,0
TTO-05571,normal,5,10,10,0,0,12,12,40.0,10,True,100.0,0
TTO-05572,normal,5,9,8,1,1,15,13,43.33,8,False,88.89,0
TTO-05573,normal,5,11,9,2,2,19,16,53.33,8,False,81.82,0
TTO-05574,normal,5,12,9,3,2,19,13,43.33,8,False,75.0,0
TTO-05575,normal,5,10,8,2,1,19,15,50.0,8,False,80.0,0
TTO-05576,normal,5,9,9,0,0,12,12,40.0,8,True,100.0,0
TTO-05577,normal,5,13,9,4,2,23,15,50.0,8,False,69.23,0
TTO-05578,normal,5,9,8,1,1,14,13,43.33,7,False,88.89,0
TTO-05579,normal,5,9,9,0,0,14,14,46.67,9,True,100.0,0
TTO-05580,normal,5,11,11,0,0,15,15,50.0,10,True,100.0,0
TTO-05581,normal,5,11,7,4,2,15,10,33.33,6,False,63.64,0
TTO-05582,normal,5,12,6,6,3,17,10,33.33,6,False,50.0,0
TTO-05583,normal,5,9,9,0,0,14,14,46.67,8,True,100.0,0
TTO-05584,normal,5,10,7,3,2,14,10,33.33,7,False,70.0,0
TTO-05585,normal,5,12,6,6,2,21,9,30.0,6,False,50.0,0
TTO-05586,normal,5,10,10,0,0,11,11,36.67,8,True,100.0,0
TTO-05587,normal,5,10,6,4,2,16,10,33.33,4,False,60.0,0
TTO-05588,normal,5,9,9,0,0,14,14,46.67,8,True,100.0,0
TTO-05589,normal,5,10,8,2,1,15,11,36.67,7,False,80.0,0
TTO-05590,normal,5,11,8,3,2,21,15,50.0,7,False,72.73,0
TTO-05591,normal,5,10,10,0,0,13,13,43.33,9,True,100.0,0
TTO-05592,normal,5,11,11,0,0,11,11,36.67,10,True,100.0,0
TTO-05593,normal,5,12,12,0,0,12,12,40.0,12,True,100.0,0
TTO-05594,normal,5,8,7,1,1,15,13,43.33,7,False,87.5,0
TTO-05595,normal,5,10,10,0,0,14,14,46.67,9,True,100.0,0
TTO-05596,normal,5,7,6,1,1,13,11,36.67,5,False,85.71,0
TTO-05597,normal,5,10,8,2,1,19,15,50.0,8,False,80.0,0
TTO-05598,normal,5,10,10,0,0,14,14,46.67,9,True,100.0,0
TTO-05599,normal,5,9,8,1,1,16,14,46.67,6,False,88.89,0
TTO-05600,normal,5,9,8,1,1,16,14,46.67,6,False,88.89,0
TTO-05601,normal,5,11,8,3,1,13,10,33.33,8,False,72.73,0
TTO-05602,normal,5,13,9,4,2,24,16,53.33,7,False,69.23,0
TTO-05603,normal,5,9,6,3,1,14,11,36.67,5,False,66.67,0
TTO-05604,normal,5,9,8,1,1,14,12,40.0,7,False,88.89,0
TTO-05605,normal,5,10,9,1,1,16,14,46.67,7,False,90.0,0
TTO-05606,normal,5,11,8,3,1,19,16,53.33,7,False,72.73,0
TTO-05607,normal,5,11,8,3,1,19,13,43.33,5,False,72.73,0
TTO-05608,normal,5,11,11,0,0,16,16,53.33,11,True,100.0,0
TTO-05609,normal,5,10,10,0,0,14,14,46.67,10,True,100.0,0
TTO-05610,normal,5,11,9,2,1,16,12,40.0,8,False,81.82,0
TTO-05611,normal,5,12,11,1,1,15,14,46.67,10,False,91.67,0
TTO-05612,normal,5,10,10,0,0,20,20,66.67,9,True,100.0,0
TTO-05613,normal,5,10,10,0,0,12,12,40.0,9,True,100.0,0
TTO-05614,normal,5,5,5,0,0,8,8,26.67,5,True,100.0,0
TTO-05615,normal,5,11,10,1,1,13,11,36.67,7,False,90.91,0
TTO-05616,normal,5,8,8,0,0,10,10,33.33,6,True,100.0,0
TTO-05617,normal,5,9,9,0,0,11,11,36.67,8,True,100.0,0
TTO-05618,normal,5,12,11,1,1,17,16,53.33,9,False,91.67,0
TTO-05619,normal,5,8,8,0,0,11,11,36.67,7,True,100.0,0
TTO-05620,normal,5,7,7,0,0,11,11,36.67,4,True,100.0,0
TTO-05621,normal,5,11,11,0,0,11,11,36.67,10,True,100.0,0
TTO-05622,normal,5,11,11,0,0,12,12,40.0,11,True,100.0,0
TTO-05623,normal,5,10,10,0,0,15,15,50.0,7,True,100.0,0
TTO-05624,normal,5,8,8,0,0,13,13,43.33,8,True,100.0,0
TTO-05625,normal,5,8,7,1,1,14,12,40.0,6,False,87.5,0
TTO-05626,normal,5,11,8,3,2,22,16,53.33,7,False,72.73,0
TTO-05627,normal,5,11,7,4,2,19,11,36.67,6,False,63.64,0
TTO-05628,normal,5,12,7,5,3,22,12,40.0,6,False,58.33,0
TTO-05629,normal,5,8,8,0,0,9,9,30.0,8,True,100.0,0
TTO-05630,normal,5,8,8,0,0,13,13,43.33,8,True,100.0,0
TTO-05631,normal,5,10,10,0,0,10,10,33.33,9,True,100.0,0
TTO-05632,normal,5,12,10,2,1,17,13,43.33,10,False,83.33,0
TTO-05633,normal,5,10,9,1,1,16,14,46.67,9,False,90.0,0
TTO-05634,normal,5,8,7,1,1,13,11,36.67,6,False,87.5,0
TTO-05635,normal,5,11,5,6,4,20,10,33.33,5,False,45.45,0
TTO-05636,normal,5,10,9,1,1,14,13,43.33,9,False,90.0,0
TTO-05637,normal,5,11,11,0,0,12,12,40.0,8,True,100.0,0
TTO-05638,normal,5,10,9,1,1,14,13,43.33,6,False,90.0,0
TTO-05639,normal,5,9,9,0,0,13,13,43.33,9,True,100.0,0
TTO-05640,normal,5,15,8,7,3,24,16,53.33,8,False,53.33,0
TTO-05641,normal,5,9,7,2,2,17,14,46.67,5,False,77.78,0
TTO-05642,normal,5,10,9,1,1,13,12,40.0,8,False,90.0,0
TTO-05643,normal,5,10,9,1,1,16,15,50.0,7,False,90.0,0
TTO-05644,normal,5,12,8,4,2,18,12,40.0,7,False,66.67,0
TTO-05645,normal,5,10,10,0,0,13,13,43.33,10,True,100.0,0
TTO-05646,normal,5,8,8,0,0,9,9,30.0,8,True,100.0,0
TTO-05647,normal,5,9,6,3,2,17,11,36.67,6,False,66.67,0
TTO-05648,normal,5,10,9,1,1,14,13,43.33,8,False,90.0,0
TTO-05649,normal,5,11,7,4,2,20,12,40.0,6,False,63.64,0
TTO-05650,normal,5,12,10,2,1,18,14,46.67,9,False,83.33,0
TTO-05651,normal,5,11,7,4,2,17,12,40.0,6,False,63.64,0
TTO-05652,normal,5,8,8,0,0,13,13,43.33,8,True,100.0,0
TTO-05653,normal,5,8,8,0,0,11,11,36.67,7,True,100.0,0
TTO-05654,normal,5,13,11,2,1,18,14,46.67,10,False,84.62,0
TTO-05655,normal,5,12,9,3,2,16,12,40.0,8,False,75.0,0
TTO-05656,normal,5,6,6,0,0,8,8,26.67,6,True,100.0,0
TTO-05657,normal,5,5,5,0,0,7,7,23.33,5,True,100.0,0
TTO-05658,normal,5,10,8,2,1,15,13,43.33,7,False,80.0,0
TTO-05659,normal,5,12,10,2,1,15,13,43.33,9,False,83.33,0
TTO-05660,normal,5,11,5,6,3,20,10,33.33,4,False,45.45,0
TTO-05661,normal,5,10,9,1,1,12,10,33.33,9,False,90.0,0
TTO-05662,normal,5,8,6,2,1,14,10,33.33,5,False,75.0,0
TTO-05663,normal,5,10,6,4,2,19,11,36.67,6,False,60.0,0
TTO-05664,normal,5,9,9,0,0,14,14,46.67,8,True,100.0,0
TTO-05665,normal,5,9,7,2,1,16,14,46.67,6,False,77.78,0
TTO-05666,normal,5,10,9,1,1,15,14,46.67,7,False,90.0,0
TTO-05667,normal,5,9,9,0,0,16,16,53.33,6,True,100.0,0
TTO-05668,normal,5,11,9,2,1,14,10,33.33,8,False,81.82,0
TTO-05669,normal,5,9,9,0,0,14,14,46.67,9,True,100.0,0
TTO-05670,normal,5,7,7,0,0,13,13,43.33,7,True,100.0,0
TTO-05671,normal,5,11,7,4,2,20,12,40.0,6,False,63.64,0
TTO-05672,normal,5,10,10,0,0,13,13,43.33,10,True,100.0,0
TTO-05673,normal,5,9,9,0,0,13,13,43.33,8,True,100.0,0
TTO-05674,normal,5,11,9,2,1,16,12,40.0,9,False,81.82,0
TTO-05675,normal,5,12,6,6,3,21,10,33.33,5,False,50.0,0
TTO-05676,normal,5,9,9,0,0,12,12,40.0,7,True,100.0,0
TTO-05677,normal,5,12,8,4,2,24,16,53.33,8,False,66.67,0
TTO-05678,normal,5,8,8,0,0,11,11,36.67,7,True,100.0,0
TTO-05679,normal,5,8,8,0,0,14,14,46.67,8,True,100.0,0
TTO-05680,normal,5,9,7,2,1,15,11,36.67,5,False,77.78,0
TTO-05681,normal,5,9,9,0,0,17,17,56.67,8,True,100.0,0
TTO-05682,normal,5,8,8,0,0,14,14,46.67,6,True,100.0,0
TTO-05683,normal,5,10,9,1,1,13,11,36.67,8,False,90.0,0
TTO-05684,normal,5,10,9,1,1,11,10,33.33,8,False,90.0,0
TTO-05685,normal,5,10,8,2,2,20,16,53.33,7,False,80.0,0
TTO-05686,normal,5,7,6,1,1,12,10,33.33,6,False,85.71,0
TTO-05687,normal,5,8,8,0,0,9,9,30.0,6,True,100.0,0
TTO-05688,normal,5,14,10,4,2,23,16,53.33,10,False,71.43,0
TTO-05689,normal,5,9,9,0,0,11,11,36.67,9,True,100.0,0
TTO-05690,normal,5,10,10,0,0,12,12,40.0,7,True,100.0,0
TTO-05691,normal,5,14,11,3,1,23,17,56.67,9,False,78.57,0
TTO-05692,normal,5,11,7,4,2,15,11,36.67,6,False,63.64,0
TTO-05693,normal,5,11,10,1,1,14,12,40.0,10,False,90.91,0
TTO-05694,normal,5,11,7,4,2,17,10,33.33,7,False,63.64,0
TTO-05695,normal,5,10,10,0,0,12,12,40.0,10,True,100.0,0
TTO-05696,normal,5,9,9,0,0,18,18,60.0,9,True,100.0,0
TTO-05697,normal,5,13,8,5,2,16,11,36.67,8,False,61.54,0
TTO-05698,normal,5,6,6,0,0,10,10,33.33,5,True,100.0,0
TTO-05699,normal,5,10,7,3,1,17,14,46.67,7,False,70.0,0
TTO-05700,normal,5,12,12,0,0,15,15,50.0,12,True,100.0,0
TTO-05701,normal,5,10,8,2,1,18,14,46.67,6,False,80.0,0
TTO-05702,normal,5,10,10,0,0,17,17,56.67,9,True,100.0,0
TTO-05703,normal,5,14,11,3,2,23,17,56.67,8,False,78.57,0
TTO-05704,normal,5,13,10,3,2,20,16,53.33,8,False,76.92,0
TTO-05705,normal,5,10,9,1,1,15,14,46.67,9,False,90.0,0
TTO-05706,normal,5,11,7,4,2,19,12,40.0,6,False,63.64,0
TTO-05707,normal,5,9,9,0,0,13,13,43.33,7,True,100.0,0
TTO-05708,normal,5,11,11,0,0,13,13,43.33,11,True,100.0,0
TTO-05709,normal,5,12,7,5,3,16,10,33.33,7,False,58.33,0
TTO-05710,normal,5,7,7,0,0,9,9,30.0,7,True,100.0,0
TTO-05711,normal,5,11,6,5,3,18,10,33.33,6,False,54.55,0
TTO-05712,normal,5,12,11,1,1,17,16,53.33,10,False,91.67,0
TTO-05713,normal,5,10,10,0,0,10,10,33.33,9,True,100.0,0
TTO-05714,normal,5,9,7,2,1,16,12,40.0,7,False,77.78,0
TTO-05715,normal,5,8,7,1,1,13,12,40.0,6,False,87.5,0
TTO-05716,normal,5,9,9,0,0,11,11,36.67,8,True,100.0,0
TTO-05717,normal,5,12,11,1,1,15,13,43.33,10,False,91.67,0
TTO-05718,normal,5,6,6,0,0,11,11,36.67,6,True,100.0,0
TTO-05719,normal,5,8,8,0,0,12,12,40.0,7,True,100.0,0
TTO-05720,normal,5,10,10,0,0,11,11,36.67,9,True,100.0,0
TTO-05721,normal,5,11,9,2,1,14,12,40.0,9,False,81.82,0
TTO-05722,normal,5,11,7,4,2,17,12,40.0,6,False,63.64,0
TTO-05723,normal,5,14,10,4,2,23,15,50.0,8,False,71.43,0
TTO-05724,normal,5,9,8,1,1,12,11,36.67,8,False,88.89,0
TTO-05725,normal,5,12,6,6,3,21,11,36.67,6,False,50.0,0
TTO-05726,normal,5,11,7,4,2,16,10,33.33,6,False,63.64,0
TTO-05727,normal,5,11,9,2,1,17,13,43.33,9,False,81.82,0
TTO-05728,normal,5,14,12,2,1,20,16,53.33,11,False,85.71,0
TTO-05729,normal,5,10,10,0,0,12,12,40.0,10,True,100.0,0
TTO-05730,normal,5,8,8,0,0,12,12,40.0,7,True,100.0,0
TTO-05731,normal,5,8,7,1,1,16,14,46.67,7,False,87.5,0
TTO-05732,normal,5,12,8,4,2,15,11,36.67,8,False,66.67,0
TTO-05733,normal,5,8,8,0,0,14,14,46.67,8,True,100.0,0
TTO-05734,normal,5,11,11,0,0,15,15,50.0,11,True,100.0,0
TTO-05735,normal,5,10,8,2,1,13,11,36.67,8,False,80.0,0
TTO-05736,normal,5,11,7,4,2,18,10,33.33,7,False,63.64,0
TTO-05737,normal,5,12,5,7,3,18,10,33.33,4,False,41.67,0
TTO-05738,normal,5,13,11,2,1,21,19,63.33,9,False,84.62,0
TTO-05739,normal,5,12,8,4,2,21,13,43.33,8,False,66.67,0
TTO-05740,normal,5,12,7,5,2,21,14,46.67,5,False,58.33,0
TTO-05741,normal,5,7,7,0,0,10,10,33.33,7,True,100.0,0
TTO-05742,normal,5,9,9,0,0,14,14,46.67,9,True,100.0,0
TTO-05743,normal,5,8,8,0,0,12,12,40.0,8,True,100.0,0
TTO-05744,normal,5,8,8,0,0,13,13,43.33,8,True,100.0,0
TTO-05745,normal,5,11,9,2,1,15,11,36.67,7,False,81.82,0
TTO-05746,normal,5,13,11,2,1,17,15,50.0,10,False,84.62,0
TTO-05747,normal,5,10,8,2,2,16,12,40.0,7,False,80.0,0
TTO-05748,normal,5,9,9,0,0,9,9,30.0,8,True,100.0,0
TTO-05749,normal,5,11,10,1,1,11,10,33.33,10,False,90.91,0
TTO-05750,normal,5,6,6,0,0,9,9,30.0,6,True,100.0,0
TTO-05751,normal,5,11,5,6,3,21,10,33.33,5,False,45.45,0
TTO-05752,normal,5,10,9,1,1,15,14,46.67,9,False,90.0,0
TTO-05753,normal,5,8,7,1,1,13,12,40.0,6,False,87.5,0
TTO-05754,normal,5,13,10,3,2,18,12,40.0,9,False,76.92,0
TTO-05755,normal,5,9,8,1,1,14,12,40.0,7,False,88.89,0
TTO-05756,normal,5,9,7,2,2,14,11,36.67,7,False,77.78,0
TTO-05757,normal,5,8,6,2,2,16,12,40.0,4,False,75.0,0
TTO-05758,normal,5,10,10,0,0,16,16,53.33,10,True,100.0,0
TTO-05759,normal,5,10,9,1,1,13,12,40.0,7,False,90.0,0
TTO-05760,normal,5,11,7,4,2,19,11,36.67,7,False,63.64,0
TTO-05761,normal,5,10,10,0,0,16,16,53.33,8,True,100.0,0
TTO-05762,normal,5,9,7,2,1,15,13,43.33,6,False,77.78,0
TTO-05763,normal,5,9,9,0,0,12,12,40.0,8,True,100.0,0
TTO-05764,normal,5,11,11,0,0,17,17,56.67,11,True,100.0,0
TTO-05765,normal,5,12,10,2,1,18,14,46.67,10,False,83.33,0
TTO-05766,normal,5,10,10,0,0,17,17,56.67,9,True,100.0,0
TTO-05767,normal,5,8,8,0,0,13,13,43.33,8,True,100.0,0
TTO-05768,normal,5,13,12,1,1,17,15,50.0,11,False,92.31,0
TTO-05769,normal,5,7,7,0,0,11,11,36.67,6,True,100.0,0
TTO-05770,normal,5,7,7,0,0,10,10,33.33,7,True,100.0,0
TTO-05771,normal,5,9,9,0,0,10,10,33.33,9,True,100.0,0
TTO-05772,normal,5,9,9,0,0,12,12,40.0,8,True,100.0,0
TTO-05773,normal,5,7,7,0,0,10,10,33.33,5,True,100.0,0
TTO-05774,normal,5,14,12,2,1,17,13,43.33,10,False,85.71,0
TTO-05775,normal,5,13,12,1,1,15,14,46.67,11,False,92.31,0
TTO-05776,normal,5,9,7,2,1,16,14,46.67,7,False,77.78,0
TTO-05777,normal,5,9,9,0,0,11,11,36.67,9,True,100.0,0
TTO-05778,normal,5,12,10,2,1,16,12,40.0,8,False,83.33,0
TTO-05779,normal,5,11,6,5,2,22,12,40.0,6,False,54.55,0
TTO-05780,normal,5,10,10,0,0,16,16,53.33,9,True,100.0,0
TTO-05781,normal,5,12,11,1,1,12,11,36.67,10,False,91.67,0
TTO-05782,normal,5,9,9,0,0,14,14,46.67,8,True,100.0,0
TTO-05783,normal,5,9,8,1,1,13,11,36.67,8,False,88.89,0
TTO-05784,normal,5,7,7,0,0,10,10,33.33,5,True,100.0,0
TTO-05785,normal,5,14,8,6,3,28,16,53.33,7,False,57.14,0
TTO-05786,normal,5,12,9,3,1,19,16,53.33,9,False,75.0,0
TTO-05787,normal,5,9,7,2,2,12,10,33.33,6,False,77.78,0
TTO-05788,normal,5,7,7,0,0,9,9,30.0,6,True,100.0,0
TTO-05789,normal,5,10,9,1,1,13,11,36.67,9,False,90.0,0
TTO-05790,normal,5,11,9,2,1,18,14,46.67,9,False,81.82,0
TTO-05791,normal,5,12,11,1,1,19,18,60.0,11,False,91.67,0
TTO-05792,normal,5,9,7,2,1,18,14,46.67,6,False,77.78,0
TTO-05793,normal,5,9,9,0,0,13,13,43.33,9,True,100.0,0
TTO-05794,normal,5,10,9,1,1,13,12,40.0,8,False,90.0,0
TTO-05795,normal,5,6,5,1,1,11,9,30.0,4,False,83.33,0
TTO-05796,normal,5,10,10,0,0,19,19,63.33,7,True,100.0,0
TTO-05797,normal,5,10,9,1,1,17,16,53.33,9,False,90.0,0
TTO-05798,normal,5,10,8,2,1,20,16,53.33,8,False,80.0,0
TTO-05799,normal,5,9,6,3,2,15,10,33.33,6,False,66.67,0
TTO-05800,normal,5,12,9,3,1,19,13,43.33,7,False,75.0,0
TTO-05801,normal,5,11,6,5,2,17,12,40.0,6,False,54.55,0
TTO-05802,normal,5,8,7,1,1,11,10,33.33,6,False,87.5,0
TTO-05803,normal,5,9,6,3,2,15,9,30.0,6,False,66.67,0
TTO-05804,normal,5,9,9,0,0,10,10,33.33,8,True,100.0,0
TTO-05805,normal,5,8,8,0,0,15,15,50.0,8,True,100.0,0
TTO-05806,normal,5,9,9,0,0,14,14,46.67,8,True,100.0,0
TTO-05807,normal,5,13,13,0,0,16,16,53.33,10,True,100.0,0
TTO-05808,normal,5,12,7,5,3,22,12,40.0,6,False,58.33,0
TTO-05809,normal,5,7,7,0,0,12,12,40.0,5,True,100.0,0
TTO-05810,normal,5,10,7,3,1,17,11,36.67,7,False,70.0,0
TTO-05811,normal,5,11,10,1,1,14,13,43.33,9,False,90.91,0
TTO-05812,normal,5,8,7,1,1,12,10,33.33,7,False,87.5,0
TTO-05813,normal,5,9,8,1,1,14,12,40.0,7,False,88.89,0
TTO-05814,normal,5,11,8,3,2,19,13,43.33,7,False,72.73,0
TTO-05815,normal,5,10,7,3,1,17,11,36.67,6,False,70.0,0
TTO-05816,normal,5,8,8,0,0,12,12,40.0,6,True,100.0,0
TTO-05817,normal,5,12,7,5,2,22,14,46.67,7,False,58.33,0
TTO-05818,normal,5,9,9,0,0,15,15,50.0,8,True,100.0,0
TTO-05819,normal,5,7,7,0,0,12,12,40.0,6,True,100.0,0
TTO-05820,normal,5,9,7,2,1,14,10,33.33,6,False,77.78,0
TTO-05821,normal,5,8,8,0,0,13,13,43.33,8,True,100.0,0
TTO-05822,normal,5,10,10,0,0,17,17,56.67,8,True,100.0,0
TTO-05823,normal,5,9,9,0,0,14,14,46.67,8,True,100.0,0
TTO-05824,normal,5,6,6,0,0,8,8,26.67,6,True,100.0,0
TTO-05825,normal,5,12,9,3,2,21,15,50.0,7,False,75.0,0
TTO-05826,normal,5,12,10,2,1,18,14,46.67,10,False,83.33,0
TTO-05827,normal,5,10,9,1,1,14,12,40.0,9,False,90.0,0
TTO-05828,normal,5,10,10,0,0,17,17,56.67,9,True,100.0,0
TTO-05829,normal,5,11,8,3,1,16,10,33.33,8,False,72.73,0
TTO-05830,normal,5,8,7,1,1,13,11,36.67,6,False,87.5,0
TTO-05831,normal,5,10,7,3,2,16,10,33.33,6,False,70.0,0
TTO-05832,normal,5,8,8,0,0,13,13,43.33,7,True,100.0,0
TTO-05833,normal,5,12,11,1,1,17,15,50.0,10,False,91.67,0
TTO-05834,normal,5,9,7,2,2,17,14,46.67,7,False,77.78,0
TTO-05835,normal,5,6,6,0,0,8,8,26.67,6,True,100.0,0
TTO-05836,normal,5,13,11,2,1,20,16,53.33,11,False,84.62,0
TTO-05837,normal,5,7,7,0,0,13,13,43.33,7,True,100.0,0
TTO-05838,normal,5,12,7,5,2,18,10,33.33,7,False,58.33,0
TTO-05839,normal,5,11,8,3,3,18,13,43.33,8,False,72.73,0
TTO-05840,normal,5,10,10,0,0,14,14,46.67,8,True,100.0,0
TTO-05841,normal,5,8,6,2,1,12,10,33.33,6,False,75.0,0
TTO-05842,normal,5,10,10,0,0,11,11,36.67,9,True,100.0,0
TTO-05843,normal,5,8,8,0,0,12,12,40.0,7,True,100.0,0
TTO-05844,normal,5,10,9,1,1,14,12,40.0,8,False,90.0,0
TTO-05845,normal,5,9,8,1,1,11,9,30.0,5,False,88.89,0
TTO-05846,normal,5,10,10,0,0,16,16,53.33,8,True,100.0,0
TTO-05847,normal,5,10,8,2,2,17,13,43.33,7,False,80.0,0
TTO-05848,normal,5,11,9,2,1,16,12,40.0,9,False,81.82,0
TTO-05849,normal,5,9,8,1,1,15,14,46.67,8,False,88.89,0
TTO-05850,normal,5,7,7,0,0,12,12,40.0,5,True,100.0,0
TTO-05851,normal,5,10,8,2,2,17,13,43.33,8,False,80.0,0
TTO-05852,normal,5,10,7,3,1,14,11,36.67,6,False,70.0,0
TTO-05853,normal,5,9,8,1,1,14,12,40.0,6,False,88.89,0
TTO-05854,normal,5,11,11,0,0,18,18,60.0,8,True,100.0,0
TTO-05855,normal,5,10,10,0,0,10,10,33.33,10,True,100.0,0
TTO-05856,normal,5,10,10,0,0,16,16,53.33,9,True,100.0,0
TTO-05857,normal,5,10,6,4,2,14,10,33.33,6,False,60.0,0
TTO-05858,normal,5,10,9,1,1,13,11,36.67,7,False,90.0,0
TTO-05859,normal,5,11,8,3,2,15,10,33.33,7,False,72.73,0
TTO-05860,normal,5,11,8,3,2,15,11,36.67,7,False,72.73,0
TTO-05861,normal,5,11,8,3,2,16,10,33.33,8,False,72.73,0
TTO-05862,normal,5,13,10,3,2,23,18,60.0,7,False,76.92,0
TTO-05863,normal,5,13,11,2,1,19,15,50.0,10,False,84.62,0
TTO-05864,normal,5,13,9,4,2,20,12,40.0,9,False,69.23,0
TTO-05865,normal,5,10,6,4,2,16,10,33.33,5,False,60.0,0
TTO-05866,normal,5,10,8,2,1,18,14,46.67,7,False,80.0,0
TTO-05867,normal,5,13,12,1,1,19,17,56.67,12,False,92.31,0
TTO-05868,normal,5,10,10,0,0,15,15,50.0,10,True,100.0,0
TTO-05869,normal,5,10,8,2,2,14,12,40.0,7,False,80.0,0
TTO-05870,normal,5,12,11,1,1,15,14,46.67,10,False,91.67,0
TTO-05871,normal,5,11,11,0,0,14,14,46.67,11,True,100.0,0
TTO-05872,normal,5,11,11,0,0,16,16,53.33,9,True,100.0,0
TTO-05873,normal,5,15,13,2,1,21,19,63.33,11,False,86.67,0
TTO-05874,normal,5,10,5,5,4,19,10,33.33,5,False,50.0,0
TTO-05875,normal,5,12,8,4,2,19,11,36.67,8,False,66.67,0
TTO-05876,normal,5,11,11,0,0,12,12,40.0,10,True,100.0,0
TTO-05877,normal,5,10,10,0,0,17,17,56.67,10,True,100.0,0
TTO-05878,normal,5,11,9,2,1,18,14,46.67,9,False,81.82,0
TTO-05879,normal,5,6,6,0,0,7,7,23.33,3,True,100.0,0
TTO-05880,normal,5,8,7,1,1,13,12,40.0,7,False,87.5,0
TTO-05881,normal,5,12,8,4,3,24,16,53.33,6,False,66.67,0
TTO-05882,normal,5,12,9,3,1,15,12,40.0,8,False,75.0,0
TTO-05883,normal,5,9,9,0,0,14,14,46.67,9,True,100.0,0
TTO-05884,normal,5,12,9,3,2,17,13,43.33,8,False,75.0,0
TTO-05885,normal,5,12,6,6,3,19,10,33.33,6,False,50.0,0
TTO-05886,normal,5,11,10,1,1,19,17,56.67,8,False,90.91,0
TTO-05887,normal,5,12,7,5,2,24,14,46.67,5,False,58.33,0
TTO-05888,normal,5,10,7,3,2,15,10,33.33,7,False,70.0,0
TTO-05889,normal,5,11,7,4,3,19,12,40.0,7,False,63.64,0
TTO-05890,normal,5,9,6,3,1,14,11,36.67,6,False,66.67,0
TTO-05891,normal,5,7,7,0,0,9,9,30.0,6,True,100.0,0
TTO-05892,normal,5,9,8,1,1,14,12,40.0,8,False,88.89,0
TTO-05893,normal,5,11,9,2,1,12,10,33.33,9,False,81.82,0
TTO-05894,normal,5,7,5,2,2,14,10,33.33,3,False,71.43,0
TTO-05895,normal,5,12,11,1,1,20,18,60.0,9,False,91.67,0
TTO-05896,normal,5,11,8,3,1,19,16,53.33,8,False,72.73,0
TTO-05897,normal,5,11,10,1,1,15,13,43.33,10,False,90.91,0
TTO-05898,normal,5,9,9,0,0,15,15,50.0,9,True,100.0,0
TTO-05899,normal,5,14,13,1,1,14,13,43.33,11,False,92.86,0
TTO-05900,normal,5,9,9,0,0,12,12,40.0,8,True,100.0,0
TTO-05901,normal,5,8,6,2,2,13,10,33.33,5,False,75.0,0
TTO-05902,normal,5,10,10,0,0,10,10,33.33,9,True,100.0,0
TTO-05903,normal,5,13,12,1,1,16,14,46.67,12,False,92.31,0
TTO-05904,normal,5,10,9,1,1,15,13,43.33,9,False,90.0,0
TTO-05905,normal,5,8,8,0,0,11,11,36.67,7,True,100.0,0
TTO-05906,normal,5,10,10,0,0,13,13,43.33,9,True,100.0,0
TTO-05907,normal,5,11,8,3,1,18,12,40.0,8,False,72.73,0
TTO-05908,normal,5,12,11,1,1,15,14,46.67,10,False,91.67,0
TTO-05909,normal,5,14,9,5,3,22,14,46.67,9,False,64.29,0
TTO-05910,normal,5,11,11,0,0,12,12,40.0,10,True,100.0,0
TTO-05911,normal,5,9,7,2,1,13,11,36.67,7,False,77.78,0
TTO-05912,normal,5,12,12,0,0,19,19,63.33,11,True,100.0,0
TTO-05913,normal,5,7,7,0,0,10,10,33.33,6,True,100.0,0
TTO-05914,normal,5,9,7,2,1,17,13,43.33,5,False,77.78,0
TTO-05915,normal,5,14,8,6,3,26,16,53.33,7,False,57.14,0
TTO-05916,normal,5,9,9,0,0,14,14,46.67,9,True,100.0,0
TTO-05917,normal,5,10,7,3,3,20,14,46.67,6,False,70.0,0
TTO-05918,normal,5,10,9,1,1,12,10,33.33,8,False,90.0,0
TTO-05919,normal,5,10,6,4,2,15,11,36.67,6,False,60.0,0
TTO-05920,normal,5,10,5,5,3,19,9,30.0,5,False,50.0,0
TTO-05921,normal,5,11,11,0,0,19,19,63.33,9,True,100.0,0
TTO-05922,normal,5,12,10,2,1,14,12,40.0,9,False,83.33,0
TTO-05923,normal,5,11,7,4,2,15,10,33.33,7,False,63.64,0
TTO-05924,normal,5,11,6,5,2,21,11,36.67,6,False,54.55,0
TTO-05925,normal,5,10,9,1,1,17,15,50.0,9,False,90.0,0
TTO-05926,normal,5,8,8,0,0,12,12,40.0,8,True,100.0,0
TTO-05927,normal,5,9,8,1,1,13,11,36.67,6,False,88.89,0
TTO-05928,normal,5,11,11,0,0,12,12,40.0,9,True,100.0,0
TTO-05929,normal,5,9,9,0,0,10,10,33.33,8,True,100.0,0
TTO-05930,normal,5,11,11,0,0,14,14,46.67,9,True,100.0,0
TTO-05931,normal,5,9,9,0,0,16,16,53.33,8,True,100.0,0
TTO-05932,normal,5,9,9,0,0,11,11,36.67,7,True,100.0,0
TTO-05933,normal,5,8,8,0,0,12,12,40.0,8,True,100.0,0
TTO-05934,normal,5,11,6,5,3,17,11,36.67,5,False,54.55,0
TTO-05935,normal,5,8,8,0,0,12,12,40.0,8,True,100.0,0
TTO-05936,normal,5,12,9,3,1,20,14,46.67,7,False,75.0,0
TTO-05937,normal,5,7,6,1,1,13,11,36.67,6,False,85.71,0
TTO-05938,normal,5,12,9,3,3,24,18,60.0,9,False,75.0,0
TTO-05939,normal,5,12,11,1,1,17,16,53.33,9,False,91.67,0
TTO-05940,normal,5,6,6,0,0,10,10,33.33,6,True,100.0,0
TTO-05941,normal,5,12,8,4,2,19,14,46.67,7,False,66.67,0
TTO-05942,normal,5,10,10,0,0,10,10,33.33,9,True,100.0,0
TTO-05943,normal,5,8,8,0,0,11,11,36.67,8,True,100.0,0
TTO-05944,normal,5,7,7,0,0,10,10,33.33,7,True,100.0,0
TTO-05945,normal,5,8,8,0,0,9,9,30.0,7,True,100.0,0
TTO-05946,normal,5,14,5,9,4,25,10,33.33,5,False,35.71,0
TTO-05947,normal,5,11,9,2,2,15,12,40.0,9,False,81.82,0
TTO-05948,normal,5,10,8,2,2,17,13,43.33,8,False,80.0,0
TTO-05949,normal,5,14,11,3,2,17,14,46.67,10,False,78.57,0
TTO-05950,normal,5,8,6,2,1,14,10,33.33,5,False,75.0,0
TTO-05951,normal,5,12,9,3,1,21,15,50.0,9,False,75.0,0
TTO-05952,normal,5,11,8,3,2,17,13,43.33,7,False,72.73,0
TTO-05953,normal,5,10,10,0,0,16,16,53.33,7,True,100.0,0
TTO-05954,normal,5,13,11,2,1,22,18,60.0,10,False,84.62,0
TTO-05955,normal,5,9,8,1,1,15,14,46.67,7,False,88.89,0
TTO-05956,normal,5,10,8,2,1,15,13,43.33,7,False,80.0,0
TTO-05957,normal,5,7,7,0,0,12,12,40.0,6,True,100.0,0
TTO-05958,normal,5,11,11,0,0,14,14,46.67,11,True,100.0,0
TTO-05959,normal,5,7,7,0,0,12,12,40.0,6,True,100.0,0
TTO-05960,normal,5,9,9,0,0,11,11,36.67,8,True,100.0,0
TTO-05961,normal,5,9,9,0,0,10,10,33.33,9,True,100.0,0
TTO-05962,normal,5,10,10,0,0,10,10,33.33,9,True,100.0,0
TTO-05963,normal,5,10,9,1,1,13,12,40.0,6,False,90.0,0
TTO-05964,normal,5,9,9,0,0,11,11,36.67,8,True,100.0,0
TTO-05965,normal,5,12,8,4,2,20,13,43.33,8,False,66.67,0
TTO-05966,normal,5,12,7,5,3,24,14,46.67,7,False,58.33,0
TTO-05967,normal,5,8,7,1,1,15,14,46.67,5,False,87.5,0
TTO-05968,normal,5,8,8,0,0,12,12,40.0,7,True,100.0,0
TTO-05969,normal,5,11,6,5,2,18,11,36.67,6,False,54.55,0
TTO-05970,normal,5,10,10,0,0,16,16,53.33,8,True,100.0,0
TTO-05971,normal,5,12,8,4,3,17,12,40.0,8,False,66.67,0
TTO-05972,normal,5,12,10,2,1,19,15,50.0,8,False,83.33,0
TTO-05973,normal,5,10,10,0,0,16,16,53.33,8,True,100.0,0
TTO-05974,normal,5,14,10,4,2,19,13,43.33,10,False,71.43,0
TTO-05975,normal,5,9,6,3,1,16,10,33.33,5,False,66.67,0
TTO-05976,normal,5,10,6,4,2,14,10,33.33,6,False,60.0,0
TTO-05977,normal,5,10,6,4,2,15,11,36.67,6,False,60.0,0
TTO-05978,normal,5,9,9,0,0,12,12,40.0,9,True,100.0,0
TTO-05979,normal,5,11,11,0,0,16,16,53.33,10,True,100.0,0
TTO-05980,normal,5,9,7,2,1,14,10,33.33,7,False,77.78,0
TTO-05981,normal,5,9,6,3,2,18,12,40.0,5,False,66.67,0
TTO-05982,normal,5,10,10,0,0,13,13,43.33,9,True,100.0,0
TTO-05983,normal,5,10,10,0,0,16,16,53.33,9,True,100.0,0
TTO-05984,normal,5,12,6,6,3,17,10,33.33,6,False,50.0,0
TTO-05985,normal,5,9,7,2,1,15,11,36.67,6,False,77.78,0
TTO-05986,normal,5,7,7,0,0,9,9,30.0,6,True,100.0,0
TTO-05987,normal,5,11,8,3,2,16,13,43.33,7,False,72.73,0
TTO-05988,normal,5,13,9,4,2,21,16,53.33,7,False,69.23,0
TTO-05989,normal,5,11,11,0,0,17,17,56.67,11,True,100.0,0
TTO-05990,normal,5,12,8,4,2,23,15,50.0,8,False,66.67,0
TTO-05991,normal,5,9,7,2,1,18,14,46.67,5,False,77.78,0
TTO-05992,normal,5,10,10,0,0,12,12,40.0,9,True,100.0,0
TTO-05993,normal,5,11,7,4,2,17,9,30.0,6,False,63.64,0
TTO-05994,normal,5,11,9,2,1,20,16,53.33,8,False,81.82,0
TTO-05995,normal,5,10,7,3,2,19,13,43.33,7,False,70.0,0
TTO-05996,normal,5,9,8,1,1,17,15,50.0,5,False,88.89,0
TTO-05997,normal,5,9,9,0,0,14,14,46.67,9,True,100.0,0
TTO-05998,normal,5,11,11,0,0,15,15,50.0,9,True,100.0,0
TTO-05999,normal,5,9,7,2,1,15,11,36.67,7,False,77.78,0
TTO-06000,normal,5,12,6,6,3,20,10,33.33,5,False,50.0,0
TTO-06001,normal,5,11,10,1,1,17,15,50.0,10,False,90.91,0
TTO-06002,normal,5,7,7,0,0,11,11,36.67,6,True,100.0,0
TTO-06003,normal,5,11,8,3,2,19,13,43.33,7,False,72.73,0
TTO-06004,normal,5,10,8,2,1,20,16,53.33,8,False,80.0,0
TTO-06005,normal,5,13,12,1,1,18,17,56.67,11,False,92.31,0
TTO-06006,normal,5,10,9,1,1,12,10,33.33,7,False,90.0,0
TTO-06007,normal,5,11,9,2,1,18,16,53.33,9,False,81.82,0
TTO-06008,normal,5,9,8,1,1,17,16,53.33,8,False,88.89,0
TTO-06009,normal,5,9,9,0,0,12,12,40.0,9,True,100.0,0
TTO-06010,normal,5,14,7,7,4,25,14,46.67,6,False,50.0,0
TTO-06011,normal,5,10,8,2,2,12,10,33.33,7,False,80.0,0
TTO-06012,normal,5,10,5,5,2,19,9,30.0,4,False,50.0,0
TTO-06013,normal,5,9,7,2,2,15,12,40.0,6,False,77.78,0
TTO-06014,normal,5,8,7,1,1,13,11,36.67,7,False,87.5,0
TTO-06015,normal,5,11,11,0,0,12,12,40.0,10,True,100.0,0
TTO-06016,normal,5,8,8,0,0,11,11,36.67,6,True,100.0,0
TTO-06017,normal,5,8,8,0,0,10,10,33.33,8,True,100.0,0
TTO-06018,normal,5,8,8,0,0,9,9,30.0,7,True,100.0,0
TTO-06019,normal,5,10,6,4,2,20,12,40.0,5,False,60.0,0
TTO-06020,normal,5,11,7,4,2,17,9,30.0,7,False,63.64,0
TTO-06021,normal,5,9,9,0,0,12,12,40.0,9,True,100.0,0
TTO-06022,normal,5,11,11,0,0,12,12,40.0,10,True,100.0,0
TTO-06023,normal,5,13,11,2,2,20,16,53.33,9,False,84.62,0
TTO-06024,normal,5,11,8,3,1,18,12,40.0,6,False,72.73,0
TTO-06025,normal,5,12,6,6,3,21,9,30.0,6,False,50.0,0
TTO-06026,normal,5,7,7,0,0,12,12,40.0,6,True,100.0,0
TTO-06027,normal,5,12,6,6,3,21,11,36.67,5,False,50.0,0
TTO-06028,normal,5,8,8,0,0,11,11,36.67,8,True,100.0,0
TTO-06029,normal,5,8,7,1,1,16,14,46.67,6,False,87.5,0
TTO-06030,normal,5,11,8,3,1,20,14,46.67,7,False,72.73,0
TTO-06031,normal,5,10,8,2,2,19,16,53.33,8,False,80.0,0
TTO-06032,normal,5,8,7,1,1,13,12,40.0,6,False,87.5,0
TTO-06033,normal,5,7,7,0,0,10,10,33.33,6,True,100.0,0
TTO-06034,normal,5,11,9,2,1,19,15,50.0,8,False,81.82,0
TTO-06035,normal,5,10,9,1,1,15,13,43.33,9,False,90.0,0
TTO-06036,normal,5,8,7,1,1,12,11,36.67,6,False,87.5,0
TTO-06037,normal,5,9,8,1,1,13,11,36.67,6,False,88.89,0
TTO-06038,normal,5,9,9,0,0,18,18,60.0,7,True,100.0,0
TTO-06039,normal,5,11,8,3,1,16,10,33.33,8,False,72.73,0
TTO-06040,normal,5,10,7,3,1,18,12,40.0,7,False,70.0,0
TTO-06041,normal,5,8,8,0,0,10,10,33.33,7,True,100.0,0
TTO-06042,normal,5,13,7,6,2,21,9,30.0,7,False,53.85,0
TTO-06043,normal,5,8,8,0,0,12,12,40.0,7,True,100.0,0
TTO-06044,normal,5,6,6,0,0,9,9,30.0,5,True,100.0,0
TTO-06045,normal,5,10,5,5,3,18,10,33.33,5,False,50.0,0
TTO-06046,normal,5,10,10,0,0,13,13,43.33,9,True,100.0,0
TTO-06047,normal,5,13,13,0,0,17,17,56.67,10,True,100.0,0
TTO-06048,normal,5,8,8,0,0,10,10,33.33,7,True,100.0,0
TTO-06049,normal,5,9,8,1,1,14,12,40.0,8,False,88.89,0
TTO-06050,normal,5,7,7,0,0,9,9,30.0,7,True,100.0,0
TTO-06051,normal,5,8,8,0,0,9,9,30.0,8,True,100.0,0
TTO-06052,normal,5,10,9,1,1,17,16,53.33,9,False,90.0,0
TTO-06053,normal,5,9,9,0,0,14,14,46.67,7,True,100.0,0
TTO-06054,normal,5,13,10,3,1,16,13,43.33,8,False,76.92,0
TTO-06055,normal,5,10,10,0,0,16,16,53.33,9,True,100.0,0
TTO-06056,normal,5,8,8,0,0,9,9,30.0,8,True,100.0,0
TTO-06057,normal,5,6,6,0,0,8,8,26.67,6,True,100.0,0
TTO-06058,normal,5,6,6,0,0,8,8,26.67,6,True,100.0,0
TTO-06059,normal,5,8,7,1,1,14,12,40.0,6,False,87.5,0
TTO-06060,normal,5,10,10,0,0,17,17,56.67,10,True,100.0,0
TTO-06061,normal,5,9,9,0,0,15,15,50.0,9,True,100.0,0
TTO-06062,normal,5,8,8,0,0,10,10,33.33,8,True,100.0,0
TTO-06063,normal,5,10,9,1,1,11,10,33.33,8,False,90.0,0
TTO-06064,normal,5,12,10,2,1,20,16,53.33,9,False,83.33,0
TTO-06065,normal,5,11,11,0,0,12,12,40.0,10,True,100.0,0
TTO-06066,normal,5,12,9,3,1,20,14,46.67,8,False,75.0,0
TTO-06067,normal,5,6,6,0,0,10,10,33.33,5,True,100.0,0
TTO-06068,normal,5,10,9,1,1,18,16,53.33,9,False,90.0,0
TTO-06069,normal,5,9,9,0,0,9,9,30.0,7,True,100.0,0
TTO-06070,normal,5,9,9,0,0,13,13,43.33,9,True,100.0,0
TTO-06071,normal,5,13,8,5,3,26,16,53.33,6,False,61.54,0
TTO-06072,normal,5,11,9,2,1,19,15,50.0,8,False,81.82,0
TTO-06073,normal,5,9,9,0,0,13,13,43.33,8,True,100.0,0
TTO-06074,normal,5,11,10,1,1,13,12,40.0,10,False,90.91,0
TTO-06075,normal,5,12,9,3,1,18,12,40.0,9,False,75.0,0
TTO-06076,normal,5,10,8,2,1,13,9,30.0,8,False,80.0,0
TTO-06077,normal,5,10,8,2,1,15,13,43.33,7,False,80.0,0
TTO-06078,normal,5,9,9,0,0,9,9,30.0,8,True,100.0,0
TTO-06079,normal,5,8,8,0,0,16,16,53.33,6,True,100.0,0
TTO-06080,normal,5,10,10,0,0,13,13,43.33,9,True,100.0,0
TTO-06081,normal,5,10,8,2,1,14,12,40.0,7,False,80.0,0
TTO-06082,normal,5,12,9,3,2,17,13,43.33,9,False,75.0,0
TTO-06083,normal,5,10,8,2,1,20,16,53.33,7,False,80.0,0
TTO-06084,normal,5,9,9,0,0,12,12,40.0,7,True,100.0,0
TTO-06085,normal,5,8,8,0,0,13,13,43.33,7,True,100.0,0
TTO-06086,normal,5,7,7,0,0,10,10,33.33,6,True,100.0,0
TTO-06087,normal,5,9,9,0,0,15,15,50.0,9,True,100.0,0
TTO-06088,normal,5,13,6,7,3,23,9,30.0,5,False,46.15,0
TTO-06089,normal,5,8,8,0,0,10,10,33.33,8,True,100.0,0
TTO-06090,normal,5,10,10,0,0,14,14,46.67,8,True,100.0,0
TTO-06091,normal,5,9,7,2,1,14,10,33.33,7,False,77.78,0
TTO-06092,normal,5,12,8,4,2,19,13,43.33,7,False,66.67,0
TTO-06093,normal,5,11,9,2,1,16,14,46.67,7,False,81.82,0
TTO-06094,normal,5,12,8,4,2,24,16,53.33,6,False,66.67,0
TTO-06095,normal,5,10,9,1,1,13,12,40.0,9,False,90.0,0
TTO-06096,normal,5,10,9,1,1,13,12,40.0,9,False,90.0,0
TTO-06097,normal,5,12,8,4,2,18,10,33.33,6,False,66.67,0
TTO-06098,normal,5,11,11,0,0,19,19,63.33,10,True,100.0,0
TTO-06099,normal,5,11,7,4,2,18,14,46.67,7,False,63.64,0
TTO-06100,normal,5,11,6,5,3,22,12,40.0,6,False,54.55,0
TTO-06101,normal,5,13,10,3,2,21,17,56.67,9,False,76.92,0
TTO-06102,normal,5,8,8,0,0,11,11,36.67,8,True,100.0,0
TTO-06103,normal,5,11,10,1,1,15,14,46.67,10,False,90.91,0
TTO-06104,normal,5,8,7,1,1,16,14,46.67,6,False,87.5,0
TTO-06105,normal,5,9,9,0,0,9,9,30.0,9,True,100.0,0
TTO-06106,normal,5,9,7,2,1,14,10,33.33,5,False,77.78,0
TTO-06107,normal,5,7,7,0,0,10,10,33.33,7,True,100.0,0
TTO-06108,normal,5,11,8,3,2,17,12,40.0,7,False,72.73,0
TTO-06109,normal,5,8,8,0,0,12,12,40.0,8,True,100.0,0
TTO-06110,normal,5,10,10,0,0,16,16,53.33,8,True,100.0,0
TTO-06111,normal,5,11,7,4,2,18,12,40.0,5,False,63.64,0
TTO-06112,normal,5,10,9,1,1,18,16,53.33,9,False,90.0,0
TTO-06113,normal,5,11,6,5,2,22,12,40.0,5,False,54.55,0
TTO-06114,normal,5,9,8,1,1,15,13,43.33,5,False,88.89,0
TTO-06115,normal,5,10,9,1,1,13,11,36.67,7,False,90.0,0
TTO-06116,normal,5,10,7,3,2,15,11,36.67,7,False,70.0,0
TTO-06117,normal,5,10,8,2,1,18,14,46.67,8,False,80.0,0
TTO-06118,normal,5,9,7,2,1,16,12,40.0,7,False,77.78,0
TTO-06119,normal,5,11,11,0,0,12,12,40.0,8,True,100.0,0
TTO-06120,normal,5,11,11,0,0,11,11,36.67,10,True,100.0,0
TTO-06121,normal,5,11,7,4,3,16,10,33.33,5,False,63.64,0
TTO-06122,normal,5,9,9,0,0,9,9,30.0,8,True,100.0,0
TTO-06123,normal,5,10,10,0,0,14,14,46.67,8,True,100.0,0
TTO-06124,normal,5,9,9,0,0,12,12,40.0,9,True,100.0,0
TTO-06125,normal,5,11,11,0,0,14,14,46.67,10,True,100.0,0
TTO-06126,normal,5,10,9,1,1,17,16,53.33,7,False,90.0,0
TTO-06127,normal,5,10,9,1,1,14,12,40.0,7,False,90.0,0
TTO-06128,normal,5,7,7,0,0,11,11,36.67,7,True,100.0,0
TTO-06129,normal,5,9,9,0,0,15,15,50.0,8,True,100.0,0
TTO-06130,normal,5,11,11,0,0,16,16,53.33,10,True,100.0,0
TTO-06131,normal,5,8,8,0,0,13,13,43.33,8,True,100.0,0
TTO-06132,normal,5,9,9,0,0,10,10,33.33,9,True,100.0,0
TTO-06133,normal,5,10,9,1,1,13,12,40.0,9,False,90.0,0
TTO-06134,normal,5,9,9,0,0,13,13,43.33,7,True,100.0,0
TTO-06135,normal,5,9,9,0,0,16,16,53.33,9,True,100.0,0
TTO-06136,normal,5,10,10,0,0,15,15,50.0,7,True,100.0,0
TTO-06137,normal,5,10,10,0,0,14,14,46.67,8,True,100.0,0
TTO-06138,normal,5,9,9,0,0,9,9,30.0,9,True,100.0,0
TTO-06139,normal,5,7,7,0,0,10,10,33.33,6,True,100.0,0
TTO-06140,normal,5,14,7,7,3,23,12,40.0,6,False,50.0,0
TTO-06141,normal,5,13,13,0,0,16,16,53.33,12,True,100.0,0
TTO-06142,normal,5,9,9,0,0,11,11,36.67,8,True,100.0,0
TTO-06143,normal,5,9,8,1,1,12,11,36.67,7,False,88.89,0
TTO-06144,normal,5,10,6,4,2,16,11,36.67,5,False,60.0,0
TTO-06145,normal,5,13,8,5,3,17,10,33.33,8,False,61.54,0
TTO-06146,normal,5,8,8,0,0,14,14,46.67,8,True,100.0,0
TTO-06147,normal,5,11,7,4,2,19,11,36.67,6,False,63.64,0
TTO-06148,normal,5,12,9,3,1,17,14,46.67,8,False,75.0,0
TTO-06149,normal,5,11,8,3,1,17,11,36.67,8,False,72.73,0
TTO-06150,normal,5,8,8,0,0,10,10,33.33,7,True,100.0,0
TTO-06151,normal,5,8,8,0,0,8,8,26.67,8,True,100.0,0
TTO-06152,normal,5,8,7,1,1,11,10,33.33,5,False,87.5,0
TTO-06153,normal,5,10,10,0,0,13,13,43.33,8,True,100.0,0
TTO-06154,normal,5,10,9,1,1,13,12,40.0,8,False,90.0,0
TTO-06155,normal,5,8,8,0,0,12,12,40.0,8,True,100.0,0
TTO-06156,normal,5,8,8,0,0,13,13,43.33,7,True,100.0,0
TTO-06157,normal,5,10,10,0,0,15,15,50.0,9,True,100.0,0
TTO-06158,normal,5,9,8,1,1,13,12,40.0,8,False,88.89,0
TTO-06159,normal,5,9,9,0,0,14,14,46.67,7,True,100.0,0
TTO-06160,normal,5,10,8,2,1,17,13,43.33,8,False,80.0,0
TTO-06161,normal,5,7,7,0,0,10,10,33.33,6,True,100.0,0
TTO-06162,normal,5,11,9,2,1,13,11,36.67,8,False,81.82,0
TTO-06163,normal,5,9,7,2,1,17,13,43.33,7,False,77.78,0
TTO-06164,normal,5,6,6,0,0,9,9,30.0,5,True,100.0,0
TTO-06165,normal,5,10,8,2,1,15,11,36.67,5,False,80.0,0
TTO-06166,normal,5,11,10,1,1,11,10,33.33,8,False,90.91,0
TTO-06167,normal,5,11,10,1,1,15,13,43.33,10,False,90.91,0
TTO-06168,normal,5,8,7,1,1,12,10,33.33,6,False,87.5,0
TTO-06169,normal,5,10,9,1,1,15,14,46.67,7,False,90.0,0
TTO-06170,normal,5,8,8,0,0,10,10,33.33,6,True,100.0,0
TTO-06171,normal,5,9,9,0,0,12,12,40.0,9,True,100.0,0
TTO-06172,normal,5,10,9,1,1,13,12,40.0,7,False,90.0,0
TTO-06173,normal,5,7,7,0,0,11,11,36.67,6,True,100.0,0
TTO-06174,normal,5,7,7,0,0,9,9,30.0,7,True,100.0,0
TTO-06175,normal,5,9,9,0,0,11,11,36.67,6,True,100.0,0
TTO-06176,normal,5,7,7,0,0,11,11,36.67,6,True,100.0,0
TTO-06177,normal,5,13,10,3,2,18,13,43.33,10,False,76.92,0
TTO-06178,normal,5,7,6,1,1,11,9,30.0,5,False,85.71,0
TTO-06179,normal,5,8,5,3,2,15,9,30.0,5,False,62.5,0
TTO-06180,normal,5,9,9,0,0,15,15,50.0,9,True,100.0,0
TTO-06181,normal,5,12,9,3,1,16,10,33.33,8,False,75.0,0
TTO-06182,normal,5,9,8,1,1,14,12,40.0,8,False,88.89,0
TTO-06183,normal,5,10,10,0,0,10,10,33.33,9,True,100.0,0
TTO-06184,normal,5,12,9,3,1,17,11,36.67,7,False,75.0,0
TTO-06185,normal,5,14,11,3,2,23,19,63.33,11,False,78.57,0
TTO-06186,normal,5,8,8,0,0,11,11,36.67,7,True,100.0,0
TTO-06187,normal,5,11,10,1,1,15,14,46.67,8,False,90.91,0
TTO-06188,normal,5,10,8,2,1,19,15,50.0,6,False,80.0,0
TTO-06189,normal,5,9,9,0,0,12,12,40.0,7,True,100.0,0
TTO-06190,normal,5,9,9,0,0,10,10,33.33,8,True,100.0,0
TTO-06191,normal,5,10,10,0,0,11,11,36.67,10,True,100.0,0
TTO-06192,normal,5,9,9,0,0,10,10,33.33,8,True,100.0,0
TTO-06193,normal,5,12,12,0,0,18,18,60.0,9,True,100.0,0
TTO-06194,normal,5,9,6,3,1,15,9,30.0,4,False,66.67,0
TTO-06195,normal,5,9,9,0,0,13,13,43.33,8,True,100.0,0
TTO-06196,normal,5,5,5,0,0,9,9,30.0,5,True,100.0,0
TTO-06197,normal,5,8,8,0,0,13,13,43.33,8,True,100.0,0
TTO-06198,normal,5,11,8,3,2,19,14,46.67,7,False,72.73,0
TTO-06199,normal,5,11,10,1,1,18,16,53.33,10,False,90.91,0
TTO-06200,normal,5,9,8,1,1,16,14,46.67,7,False,88.89,0
TTO-06201,normal,5,12,5,7,4,19,10,33.33,5,False,41.67,0
TTO-06202,normal,5,9,9,0,0,10,10,33.33,7,True,100.0,0
TTO-06203,normal,5,10,10,0,0,17,17,56.67,7,True,100.0,0
TTO-06204,normal,5,10,8,2,1,15,11,36.67,7,False,80.0,0
TTO-06205,normal,5,9,9,0,0,14,14,46.67,8,True,100.0,0
TTO-06206,normal,5,10,9,1,1,14,12,40.0,8,False,90.0,0
TTO-06207,normal,5,12,7,5,2,20,10,33.33,7,False,58.33,0
TTO-06208,normal,5,8,8,0,0,12,12,40.0,7,True,100.0,0
TTO-06209,normal,5,10,8,2,1,14,10,33.33,6,False,80.0,0
TTO-06210,normal,5,10,8,2,2,19,15,50.0,8,False,80.0,0
TTO-06211,normal,5,10,10,0,0,18,18,60.0,10,True,100.0,0
TTO-06212,normal,5,9,7,2,1,15,11,36.67,6,False,77.78,0
TTO-06213,normal,5,7,7,0,0,10,10,33.33,7,True,100.0,0
TTO-06214,normal,5,9,8,1,1,14,12,40.0,7,False,88.89,0
TTO-06215,normal,5,10,7,3,3,15,10,33.33,7,False,70.0,0
TTO-06216,normal,5,8,6,2,2,14,10,33.33,5,False,75.0,0
TTO-06217,normal,5,10,9,1,1,18,16,53.33,7,False,90.0,0
TTO-06218,normal,5,12,6,6,3,21,12,40.0,3,False,50.0,0
TTO-06219,normal,5,10,9,1,1,15,13,43.33,7,False,90.0,0
TTO-06220,normal,5,12,9,3,1,23,17,56.67,7,False,75.0,0
TTO-06221,normal,5,12,6,6,3,21,11,36.67,4,False,50.0,0
TTO-06222,normal,5,9,8,1,1,14,13,43.33,7,False,88.89,0
TTO-06223,normal,5,8,8,0,0,11,11,36.67,7,True,100.0,0
TTO-06224,normal,5,10,6,4,2,17,12,40.0,4,False,60.0,0
TTO-06225,normal,5,9,9,0,0,12,12,40.0,7,True,100.0,0
TTO-06226,normal,5,10,9,1,1,17,15,50.0,7,False,90.0,0
TTO-06227,normal,5,9,9,0,0,12,12,40.0,9,True,100.0,0
TTO-06228,normal,5,6,6,0,0,7,7,23.33,5,True,100.0,0
TTO-06229,normal,5,10,10,0,0,11,11,36.67,9,True,100.0,0
TTO-06230,normal,5,9,9,0,0,14,14,46.67,7,True,100.0,0
TTO-06231,normal,5,9,8,1,1,13,11,36.67,8,False,88.89,0
TTO-06232,normal,5,12,7,5,2,22,14,46.67,7,False,58.33,0
TTO-06233,normal,5,9,9,0,0,12,12,40.0,8,True,100.0,0
TTO-06234,normal,5,8,6,2,1,14,10,33.33,6,False,75.0,0
TTO-06235,normal,5,10,5,5,2,19,9,30.0,4,False,50.0,0
TTO-06236,normal,5,7,7,0,0,10,10,33.33,7,True,100.0,0
TTO-06237,normal,5,9,8,1,1,15,13,43.33,7,False,88.89,0
TTO-06238,normal,5,11,11,0,0,13,13,43.33,10,True,100.0,0
TTO-06239,normal,5,9,7,2,1,14,10,33.33,6,False,77.78,0
TTO-06240,normal,5,9,9,0,0,10,10,33.33,8,True,100.0,0
TTO-06241,normal,5,10,9,1,1,13,11,36.67,8,False,90.0,0
TTO-06242,normal,5,10,7,3,1,17,11,36.67,6,False,70.0,0
TTO-06243,normal,5,12,12,0,0,13,13,43.33,10,True,100.0,0
TTO-06244,normal,5,11,9,2,1,19,15,50.0,6,False,81.82,0
TTO-06245,normal,5,7,7,0,0,9,9,30.0,6,True,100.0,0
TTO-06246,normal,5,12,10,2,1,15,11,36.67,10,False,83.33,0
TTO-06247,normal,5,5,5,0,0,8,8,26.67,5,True,100.0,0
TTO-06248,normal,5,8,6,2,1,13,9,30.0,6,False,75.0,0
TTO-06249,normal,5,9,9,0,0,11,11,36.67,8,True,100.0,0
TTO-06250,normal,5,10,10,0,0,18,18,60.0,10,True,100.0,0
TTO-06251,normal,5,13,8,5,3,20,14,46.67,7,False,61.54,0
TTO-06252,normal,5,11,11,0,0,14,14,46.67,11,True,100.0,0
TTO-06253,normal,5,10,9,1,1,14,12,40.0,9,False,90.0,0
TTO-06254,normal,5,12,5,7,3,19,10,33.33,4,False,41.67,0
TTO-06255,normal,5,9,9,0,0,15,15,50.0,9,True,100.0,0
TTO-06256,normal,5,7,7,0,0,12,12,40.0,6,True,100.0,0
TTO-06257,normal,5,12,11,1,1,15,14,46.67,11,False,91.67,0
TTO-06258,normal,5,13,10,3,3,25,20,66.67,10,False,76.92,0
TTO-06259,normal,5,10,8,2,2,18,16,53.33,6,False,80.0,0
TTO-06260,normal,5,7,7,0,0,10,10,33.33,5,True,100.0,0
TTO-06261,normal,5,10,10,0,0,18,18,60.0,8,True,100.0,0
TTO-06262,normal,5,5,5,0,0,8,8,26.67,4,True,100.0,0
TTO-06263,normal,5,8,7,1,1,13,11,36.67,7,False,87.5,0
TTO-06264,normal,5,8,6,2,1,15,11,36.67,6,False,75.0,0
TTO-06265,normal,5,14,11,3,1,20,14,46.67,10,False,78.57,0
TTO-06266,normal,5,5,5,0,0,9,9,30.0,4,True,100.0,0
TTO-06267,normal,5,8,7,1,1,12,10,33.33,7,False,87.5,0
TTO-06268,normal,5,8,7,1,1,15,13,43.33,7,False,87.5,0
TTO-06269,normal,5,12,11,1,1,12,11,36.67,8,False,91.67,0
TTO-06270,normal,5,10,8,2,1,16,12,40.0,7,False,80.0,0
TTO-06271,normal,5,12,7,5,2,15,10,33.33,7,False,58.33,0
TTO-06272,normal,5,11,10,1,1,15,13,43.33,7,False,90.91,0
TTO-06273,normal,5,8,7,1,1,11,10,33.33,7,False,87.5,0
TTO-06274,normal,5,10,9,1,1,12,11,36.67,9,False,90.0,0
TTO-06275,normal,5,9,9,0,0,14,14,46.67,8,True,100.0,0
TTO-06276,normal,5,9,9,0,0,11,11,36.67,9,True,100.0,0
TTO-06277,normal,5,8,8,0,0,11,11,36.67,7,True,100.0,0
TTO-06278,normal,5,9,9,0,0,13,13,43.33,9,True,100.0,0
TTO-06279,normal,5,10,9,1,1,20,18,60.0,8,False,90.0,0
TTO-06280,normal,5,9,9,0,0,10,10,33.33,8,True,100.0,0
TTO-06281,normal,5,13,9,4,2,21,14,46.67,8,False,69.23,0
TTO-06282,normal,5,8,8,0,0,12,12,40.0,7,True,100.0,0
TTO-06283,normal,5,11,9,2,1,16,14,46.67,8,False,81.82,0
TTO-06284,normal,5,13,7,6,2,23,14,46.67,7,False,53.85,0
TTO-06285,normal,5,11,10,1,1,16,15,50.0,10,False,90.91,0
TTO-06286,normal,5,7,7,0,0,10,10,33.33,7,True,100.0,0
TTO-06287,normal,5,14,12,2,1,22,18,60.0,11,False,85.71,0
TTO-06288,normal,5,8,8,0,0,12,12,40.0,7,True,100.0,0
TTO-06289,normal,5,7,6,1,1,11,9,30.0,5,False,85.71,0
TTO-06290,normal,5,12,8,4,3,19,13,43.33,7,False,66.67,0
TTO-06291,normal,5,9,9,0,0,15,15,50.0,6,True,100.0,0
TTO-06292,normal,5,11,10,1,1,15,13,43.33,10,False,90.91,0
TTO-06293,normal,5,7,7,0,0,9,9,30.0,7,True,100.0,0
TTO-06294,normal,5,10,5,5,2,15,10,33.33,5,False,50.0,0
TTO-06295,normal,5,9,7,2,1,13,9,30.0,6,False,77.78,0
TTO-06296,normal,5,9,9,0,0,12,12,40.0,7,True,100.0,0
TTO-06297,normal,5,11,8,3,2,17,14,46.67,6,False,72.73,0
TTO-06298,normal,5,10,10,0,0,15,15,50.0,10,True,100.0,0
TTO-06299,normal,5,12,5,7,3,24,10,33.33,4,False,41.67,0
TTO-06300,normal,5,10,10,0,0,13,13,43.33,10,True,100.0,0
TTO-06301,normal,5,6,6,0,0,9,9,30.0,3,True,100.0,0
TTO-06302,normal,5,10,8,2,1,13,9,30.0,6,False,80.0,0
TTO-06303,normal,5,10,9,1,1,15,13,43.33,7,False,90.0,0
TTO-06304,normal,5,10,9,1,1,14,12,40.0,8,False,90.0,0
TTO-06305,normal,5,13,11,2,1,18,14,46.67,9,False,84.62,0
TTO-06306,normal,5,11,10,1,1,14,13,43.33,8,False,90.91,0
TTO-06307,normal,5,10,5,5,3,19,9,30.0,5,False,50.0,0
TTO-06308,normal,5,10,9,1,1,14,12,40.0,7,False,90.0,0
TTO-06309,normal,5,13,7,6,3,21,10,33.33,6,False,53.85,0
TTO-06310,normal,5,11,8,3,1,16,13,43.33,8,False,72.73,0
TTO-06311,normal,5,11,10,1,1,15,14,46.67,9,False,90.91,0
TTO-06312,normal,5,9,5,4,2,18,10,33.33,5,False,55.56,0
TTO-06313,normal,5,9,9,0,0,11,11,36.67,7,True,100.0,0
TTO-06314,normal,5,11,8,3,2,16,12,40.0,7,False,72.73,0
TTO-06315,normal,5,13,10,3,1,18,12,40.0,10,False,76.92,0
TTO-06316,normal,5,6,6,0,0,8,8,26.67,5,True,100.0,0
TTO-06317,normal,5,6,6,0,0,10,10,33.33,5,True,100.0,0
TTO-06318,normal,5,11,11,0,0,16,16,53.33,8,True,100.0,0
TTO-06319,normal,5,10,8,2,2,20,16,53.33,8,False,80.0,0
TTO-06320,normal,5,12,7,5,2,23,13,43.33,7,False,58.33,0
TTO-06321,normal,5,11,8,3,2,14,10,33.33,6,False,72.73,0
TTO-06322,normal,5,9,9,0,0,12,12,40.0,9,True,100.0,0
TTO-06323,normal,5,8,8,0,0,11,11,36.67,8,True,100.0,0
TTO-06324,normal,5,8,8,0,0,11,11,36.67,8,True,100.0,0
TTO-06325,normal,5,12,9,3,2,18,13,43.33,9,False,75.0,0
TTO-06326,normal,5,12,5,7,4,20,10,33.33,5,False,41.67,0
TTO-06327,normal,5,14,13,1,1,16,14,46.67,12,False,92.86,0
TTO-06328,normal,5,13,12,1,1,16,14,46.67,12,False,92.31,0
TTO-06329,normal,5,9,7,2,2,12,10,33.33,7,False,77.78,0
TTO-06330,normal,5,10,8,2,1,19,15,50.0,7,False,80.0,0
TTO-06331,normal,5,10,10,0,0,14,14,46.67,8,True,100.0,0
TTO-06332,normal,5,13,9,4,2,18,12,40.0,9,False,69.23,0
TTO-06333,normal,5,11,5,6,3,21,9,30.0,5,False,45.45,0
TTO-06334,normal,5,8,7,1,1,12,10,33.33,6,False,87.5,0
TTO-06335,normal,5,10,9,1,1,17,16,53.33,8,False,90.0,0
TTO-06336,normal,5,12,5,7,3,20,10,33.33,5,False,41.67,0
TTO-06337,normal,5,10,6,4,2,19,11,36.67,5,False,60.0,0
TTO-06338,normal,5,10,8,2,2,17,13,43.33,7,False,80.0,0
TTO-06339,normal,5,12,7,5,3,17,10,33.33,7,False,58.33,0
TTO-06340,normal,5,10,9,1,1,13,12,40.0,7,False,90.0,0
TTO-06341,normal,5,10,10,0,0,13,13,43.33,9,True,100.0,0
TTO-06342,normal,5,9,9,0,0,14,14,46.67,8,True,100.0,0
TTO-06343,normal,5,8,8,0,0,9,9,30.0,8,True,100.0,0
TTO-06344,normal,5,10,9,1,1,15,13,43.33,9,False,90.0,0
TTO-06345,normal,5,12,8,4,2,18,10,33.33,7,False,66.67,0
TTO-06346,normal,5,8,8,0,0,9,9,30.0,8,True,100.0,0
TTO-06347,normal,5,11,8,3,2,19,14,46.67,8,False,72.73,0
TTO-06348,normal,5,8,6,2,2,14,10,33.33,6,False,75.0,0
TTO-06349,normal,5,8,8,0,0,16,16,53.33,8,True,100.0,0
TTO-06350,normal,5,8,7,1,1,13,11,36.67,6,False,87.5,0
TTO-06351,normal,5,7,6,1,1,11,9,30.0,6,False,85.71,0
TTO-06352,normal,5,11,10,1,1,16,14,46.67,10,False,90.91,0
TTO-06353,normal,5,12,9,3,2,21,16,53.33,7,False,75.0,0
TTO-06354,normal,5,10,10,0,0,17,17,56.67,7,True,100.0,0
TTO-06355,normal,5,13,7,6,3,24,12,40.0,7,False,53.85,0
TTO-06356,normal,5,8,8,0,0,15,15,50.0,8,True,100.0,0
TTO-06357,normal,5,12,8,4,2,24,16,53.33,6,False,66.67,0
TTO-06358,normal,5,8,8,0,0,11,11,36.67,8,True,100.0,0
TTO-06359,normal,5,8,6,2,1,13,9,30.0,5,False,75.0,0
TTO-06360,normal,5,11,9,2,1,14,12,40.0,8,False,81.82,0
TTO-06361,normal,5,7,7,0,0,10,10,33.33,7,True,100.0,0
TTO-06362,normal,5,10,10,0,0,15,15,50.0,8,True,100.0,0
TTO-06363,normal,5,11,11,0,0,12,12,40.0,11,True,100.0,0
TTO-06364,normal,5,10,9,1,1,14,12,40.0,9,False,90.0,0
TTO-06365,normal,5,10,10,0,0,14,14,46.67,8,True,100.0,0
TTO-06366,normal,5,9,8,1,1,13,12,40.0,7,False,88.89,0
TTO-06367,normal,5,10,10,0,0,12,12,40.0,9,True,100.0,0
TTO-06368,normal,5,11,10,1,1,16,14,46.67,9,False,90.91,0
TTO-06369,normal,5,10,8,2,2,20,16,53.33,8,False,80.0,0
TTO-06370,normal,5,10,8,2,1,12,10,33.33,8,False,80.0,0
TTO-06371,normal,5,10,6,4,2,17,9,30.0,5,False,60.0,0
TTO-06372,normal,5,10,10,0,0,11,11,36.67,9,True,100.0,0
TTO-06373,normal,5,11,5,6,3,17,10,33.33,4,False,45.45,0
TTO-06374,normal,5,14,7,7,3,19,10,33.33,7,False,50.0,0
TTO-06375,normal,5,8,8,0,0,12,12,40.0,8,True,100.0,0
TTO-06376,normal,5,9,8,1,1,12,10,33.33,8,False,88.89,0
TTO-06377,normal,5,8,5,3,3,16,10,33.33,4,False,62.5,0
TTO-06378,normal,5,9,8,1,1,12,10,33.33,8,False,88.89,0
TTO-06379,normal,5,11,7,4,2,22,14,46.67,7,False,63.64,0
TTO-06380,normal,5,9,8,1,1,13,11,36.67,8,False,88.89,0
TTO-06381,normal,5,6,5,1,1,11,9,30.0,3,False,83.33,0
TTO-06382,normal,5,9,8,1,1,12,10,33.33,7,False,88.89,0
TTO-06383,normal,5,10,9,1,1,13,11,36.67,8,False,90.0,0
TTO-06384,normal,5,12,9,3,2,16,10,33.33,7,False,75.0,0
TTO-06385,normal,5,13,9,4,2,24,16,53.33,8,False,69.23,0
TTO-06386,normal,5,9,8,1,1,15,13,43.33,8,False,88.89,0
TTO-06387,normal,5,11,7,4,3,16,10,33.33,6,False,63.64,0
TTO-06388,normal,5,12,10,2,1,19,15,50.0,9,False,83.33,0
TTO-06389,normal,5,12,7,5,2,24,14,46.67,7,False,58.33,0
TTO-06390,normal,5,10,9,1,1,13,11,36.67,7,False,90.0,0
TTO-06391,normal,5,9,9,0,0,13,13,43.33,7,True,100.0,0
TTO-06392,normal,5,11,7,4,2,18,12,40.0,6,False,63.64,0
TTO-06393,normal,5,13,12,1,1,19,17,56.67,12,False,92.31,0
TTO-06394,normal,5,9,7,2,2,15,11,36.67,6,False,77.78,0
TTO-06395,normal,5,10,10,0,0,15,15,50.0,9,True,100.0,0
TTO-06396,normal,5,12,6,6,3,18,10,33.33,5,False,50.0,0
TTO-06397,normal,5,10,10,0,0,14,14,46.67,9,True,100.0,0
TTO-06398,normal,5,9,9,0,0,13,13,43.33,8,True,100.0,0
TTO-06399,normal,5,9,7,2,1,13,11,36.67,6,False,77.78,0
TTO-06400,normal,5,11,10,1,1,16,14,46.67,9,False,90.91,0
TTO-06401,normal,5,10,10,0,0,14,14,46.67,7,True,100.0,0
TTO-06402,normal,5,11,9,2,1,18,14,46.67,8,False,81.82,0
TTO-06403,normal,5,9,9,0,0,12,12,40.0,9,True,100.0,0
TTO-06404,normal,5,10,8,2,2,15,12,40.0,8,False,80.0,0
TTO-06405,normal,5,8,8,0,0,13,13,43.33,7,True,100.0,0
TTO-06406,normal,5,6,6,0,0,8,8,26.67,5,True,100.0,0
TTO-06407,normal,5,9,9,0,0,10,10,33.33,8,True,100.0,0
TTO-06408,normal,5,8,8,0,0,12,12,40.0,6,True,100.0,0
TTO-06409,normal,5,9,8,1,1,17,15,50.0,7,False,88.89,0
TTO-06410,normal,5,12,11,1,1,15,13,43.33,10,False,91.67,0
TTO-06411,normal,5,8,8,0,0,13,13,43.33,8,True,100.0,0
TTO-06412,normal,5,11,10,1,1,22,20,66.67,9,False,90.91,0
TTO-06413,normal,5,8,8,0,0,14,14,46.67,8,True,100.0,0
TTO-06414,normal,5,14,8,6,2,23,11,36.67,8,False,57.14,0
TTO-06415,normal,5,6,6,0,0,9,9,30.0,5,True,100.0,0
TTO-06416,normal,5,12,10,2,1,18,14,46.67,10,False,83.33,0
TTO-06417,normal,5,6,6,0,0,8,8,26.67,6,True,100.0,0
TTO-06418,normal,5,6,6,0,0,11,11,36.67,5,True,100.0,0
TTO-06419,normal,5,10,10,0,0,15,15,50.0,6,True,100.0,0
TTO-06420,normal,5,8,8,0,0,10,10,33.33,7,True,100.0,0
TTO-06421,normal,5,12,10,2,1,18,14,46.67,9,False,83.33,0
TTO-06422,normal,5,10,8,2,1,13,9,30.0,7,False,80.0,0
TTO-06423,normal,5,9,9,0,0,11,11,36.67,5,True,100.0,0
TTO-06424,normal,5,7,7,0,0,14,14,46.67,6,True,100.0,0
TTO-06425,normal,5,10,10,0,0,15,15,50.0,8,True,100.0,0
TTO-06426,normal,5,11,11,0,0,15,15,50.0,7,True,100.0,0
TTO-06427,normal,5,9,9,0,0,11,11,36.67,7,True,100.0,0
TTO-06428,normal,5,9,9,0,0,11,11,36.67,7,True,100.0,0
TTO-06429,normal,5,11,8,3,1,17,11,36.67,7,False,72.73,0
TTO-06430,normal,5,14,9,5,3,26,16,53.33,9,False,64.29,0
TTO-06431,normal,5,12,9,3,1,16,10,33.33,8,False,75.0,0
TTO-06432,normal,5,12,8,4,2,21,13,43.33,8,False,66.67,0
TTO-06433,normal,5,11,9,2,1,15,11,36.67,8,False,81.82,0
TTO-06434,normal,5,9,8,1,1,13,11,36.67,7,False,88.89,0
TTO-06435,normal,5,8,6,2,2,14,11,36.67,6,False,75.0,0
TTO-06436,normal,5,8,6,2,1,15,11,36.67,6,False,75.0,0
TTO-06437,normal,5,7,5,2,2,14,10,33.33,5,False,71.43,0
TTO-06438,normal,5,12,12,0,0,14,14,46.67,10,True,100.0,0
TTO-06439,normal,5,9,6,3,2,15,12,40.0,5,False,66.67,0
TTO-06440,normal,5,9,9,0,0,10,10,33.33,8,True,100.0,0
TTO-06441,normal,5,10,8,2,2,18,15,50.0,6,False,80.0,0
TTO-06442,normal,5,6,6,0,0,11,11,36.67,5,True,100.0,0
TTO-06443,normal,5,9,8,1,1,15,14,46.67,6,False,88.89,0
TTO-06444,normal,5,8,7,1,1,13,11,36.67,5,False,87.5,0
TTO-06445,normal,5,11,11,0,0,16,16,53.33,9,True,100.0,0
TTO-06446,normal,5,8,8,0,0,12,12,40.0,6,True,100.0,0
TTO-06447,normal,5,14,13,1,1,14,13,43.33,11,False,92.86,0
TTO-06448,normal,5,14,10,4,2,20,13,43.33,9,False,71.43,0
TTO-06449,normal,5,11,7,4,2,16,10,33.33,5,False,63.64,0
TTO-06450,normal,5,9,9,0,0,14,14,46.67,9,True,100.0,0
TTO-06451,normal,5,10,7,3,2,18,12,40.0,6,False,70.0,0
TTO-06452,normal,5,10,9,1,1,14,12,40.0,8,False,90.0,0
TTO-06453,normal,5,12,8,4,2,19,14,46.67,8,False,66.67,0
TTO-06454,normal,5,11,10,1,1,17,16,53.33,10,False,90.91,0
TTO-06455,normal,5,11,9,2,1,14,10,33.33,9,False,81.82,0
TTO-06456,normal,5,10,8,2,2,15,12,40.0,7,False,80.0,0
TTO-06457,normal,5,11,10,1,1,21,19,63.33,9,False,90.91,0
TTO-06458,normal,5,11,11,0,0,20,20,66.67,11,True,100.0,0
TTO-06459,normal,5,13,10,3,1,20,14,46.67,9,False,76.92,0
TTO-06460,normal,5,11,10,1,1,14,12,40.0,8,False,90.91,0
TTO-06461,normal,5,9,7,2,2,15,11,36.67,6,False,77.78,0
TTO-06462,normal,5,10,6,4,2,17,9,30.0,5,False,60.0,0
TTO-06463,normal,5,11,10,1,1,17,16,53.33,10,False,90.91,0
TTO-06464,normal,5,7,5,2,1,13,9,30.0,5,False,71.43,0
TTO-06465,normal,5,12,7,5,3,22,14,46.67,7,False,58.33,0
TTO-06466,normal,5,14,10,4,2,17,12,40.0,9,False,71.43,0
TTO-06467,normal,5,8,7,1,1,12,11,36.67,7,False,87.5,0
TTO-06468,normal,5,10,10,0,0,16,16,53.33,10,True,100.0,0
TTO-06469,normal,5,9,9,0,0,13,13,43.33,9,True,100.0,0
TTO-06470,normal,5,9,7,2,1,16,12,40.0,7,False,77.78,0
TTO-06471,normal,5,14,14,0,0,14,14,46.67,12,True,100.0,0
TTO-06472,normal,5,11,7,4,2,20,12,40.0,4,False,63.64,0
TTO-06473,normal,5,10,9,1,1,17,15,50.0,9,False,90.0,0
TTO-06474,normal,5,8,8,0,0,8,8,26.67,8,True,100.0,0
TTO-06475,normal,5,10,10,0,0,13,13,43.33,8,True,100.0,0
TTO-06476,normal,5,10,10,0,0,11,11,36.67,8,True,100.0,0
TTO-06477,normal,5,11,11,0,0,15,15,50.0,11,True,100.0,0
TTO-06478,normal,5,11,11,0,0,11,11,36.67,9,True,100.0,0
TTO-06479,normal,5,10,10,0,0,15,15,50.0,9,True,100.0,0
TTO-06480,normal,5,10,7,3,2,14,10,33.33,7,False,70.0,0
TTO-06481,normal,5,8,5,3,3,14,10,33.33,5,False,62.5,0
TTO-06482,normal,5,8,8,0,0,10,10,33.33,8,True,100.0,0
TTO-06483,normal,5,9,9,0,0,17,17,56.67,8,True,100.0,0
TTO-06484,normal,5,12,11,1,1,16,14,46.67,9,False,91.67,0
TTO-06485,normal,5,13,12,1,1,16,15,50.0,12,False,92.31,0
TTO-06486,normal,5,12,8,4,2,18,10,33.33,8,False,66.67,0
TTO-06487,normal,5,8,8,0,0,9,9,30.0,8,True,100.0,0
TTO-06488,normal,5,8,8,0,0,11,11,36.67,6,True,100.0,0
TTO-06489,normal,5,11,7,4,2,18,10,33.33,6,False,63.64,0
TTO-06490,normal,5,10,10,0,0,12,12,40.0,8,True,100.0,0
TTO-06491,normal,5,9,6,3,3,13,10,33.33,6,False,66.67,0
TTO-06492,normal,5,10,9,1,1,13,12,40.0,8,False,90.0,0
TTO-06493,normal,5,9,9,0,0,11,11,36.67,7,True,100.0,0
TTO-06494,normal,5,11,10,1,1,13,11,36.67,8,False,90.91,0
TTO-06495,normal,5,7,7,0,0,12,12,40.0,7,True,100.0,0
TTO-06496,normal,5,11,8,3,2,17,14,46.67,7,False,72.73,0
TTO-06497,normal,5,14,13,1,1,20,19,63.33,11,False,92.86,0
TTO-06498,normal,5,14,10,4,2,17,13,43.33,9,False,71.43,0
TTO-06499,normal,5,11,8,3,2,15,10,33.33,6,False,72.73,0
TTO-06500,normal,5,10,10,0,0,10,10,33.33,10,True,100.0,0
TTO-06501,normal,5,9,9,0,0,10,10,33.33,8,True,100.0,0
TTO-06502,normal,5,13,9,4,2,24,16,53.33,9,False,69.23,0
TTO-06503,normal,5,8,7,1,1,13,11,36.67,7,False,87.5,0
TTO-06504,normal,5,12,8,4,2,17,11,36.67,7,False,66.67,0
TTO-06505,normal,5,13,12,1,1,21,20,66.67,11,False,92.31,0
TTO-06506,normal,5,11,7,4,2,20,12,40.0,5,False,63.64,0
TTO-06507,normal,5,8,8,0,0,12,12,40.0,8,True,100.0,0
TTO-06508,normal,5,11,10,1,1,16,14,46.67,9,False,90.91,0
TTO-06509,normal,5,9,9,0,0,15,15,50.0,9,True,100.0,0
TTO-06510,normal,5,10,7,3,2,15,11,36.67,7,False,70.0,0
TTO-06511,normal,5,8,7,1,1,14,12,40.0,6,False,87.5,0
TTO-06512,normal,5,13,9,4,2,23,15,50.0,8,False,69.23,0
TTO-06513,normal,5,8,8,0,0,10,10,33.33,7,True,100.0,0
TTO-06514,normal,5,11,8,3,2,18,12,40.0,8,False,72.73,0
TTO-06515,normal,5,10,9,1,1,16,14,46.67,9,False,90.0,0
TTO-06516,normal,5,13,10,3,1,19,13,43.33,10,False,76.92,0
TTO-06517,normal,5,12,11,1,1,14,13,43.33,8,False,91.67,0
TTO-06518,normal,5,9,8,1,1,11,9,30.0,6,False,88.89,0
TTO-06519,normal,5,11,7,4,2,20,12,40.0,7,False,63.64,0
TTO-06520,normal,5,8,8,0,0,10,10,33.33,8,True,100.0,0
TTO-06521,normal,5,10,10,0,0,13,13,43.33,9,True,100.0,0
TTO-06522,normal,5,10,6,4,2,18,12,40.0,6,False,60.0,0
TTO-06523,normal,5,9,8,1,1,13,12,40.0,7,False,88.89,0
TTO-06524,normal,5,10,10,0,0,14,14,46.67,10,True,100.0,0
TTO-06525,normal,5,9,9,0,0,11,11,36.67,8,True,100.0,0
TTO-06526,normal,5,9,6,3,2,17,12,40.0,5,False,66.67,0
TTO-06527,normal,5,11,5,6,3,19,10,33.33,5,False,45.45,0
TTO-06528,normal,5,10,10,0,0,10,10,33.33,10,True,100.0,0
TTO-06529,normal,5,11,5,6,3,21,10,33.33,4,False,45.45,0
TTO-06530,normal,5,10,10,0,0,14,14,46.67,10,True,100.0,0
TTO-06531,normal,5,11,11,0,0,18,18,60.0,9,True,100.0,0
TTO-06532,normal,5,12,9,3,2,18,12,40.0,9,False,75.0,0
TTO-06533,normal,5,9,9,0,0,13,13,43.33,9,True,100.0,0
TTO-06534,normal,5,8,8,0,0,12,12,40.0,6,True,100.0,0
TTO-06535,normal,5,10,10,0,0,16,16,53.33,9,True,100.0,0
TTO-06536,normal,5,11,10,1,1,20,18,60.0,8,False,90.91,0
TTO-06537,normal,5,11,11,0,0,13,13,43.33,8,True,100.0,0
TTO-06538,normal,5,11,10,1,1,17,15,50.0,9,False,90.91,0
TTO-06539,normal,5,10,7,3,2,13,10,33.33,7,False,70.0,0
TTO-06540,normal,5,11,9,2,2,18,14,46.67,7,False,81.82,0
TTO-06541,normal,5,9,5,4,3,17,10,33.33,5,False,55.56,0
TTO-06542,normal,5,9,8,1,1,14,12,40.0,8,False,88.89,0
TTO-06543,normal,5,10,8,2,1,17,13,43.33,7,False,80.0,0
TTO-06544,normal,5,12,11,1,1,20,19,63.33,10,False,91.67,0
TTO-06545,normal,5,8,8,0,0,11,11,36.67,8,True,100.0,0
TTO-06546,normal,5,8,8,0,0,11,11,36.67,8,True,100.0,0
TTO-06547,normal,5,9,7,2,2,16,14,46.67,6,False,77.78,0
TTO-06548,normal,5,7,7,0,0,9,9,30.0,7,True,100.0,0
TTO-06549,normal,5,7,7,0,0,9,9,30.0,6,True,100.0,0
TTO-06550,normal,5,12,8,4,2,17,13,43.33,8,False,66.67,0
TTO-06551,normal,5,10,10,0,0,15,15,50.0,10,True,100.0,0
TTO-06552,normal,5,10,5,5,3,20,10,33.33,5,False,50.0,0
TTO-06553,normal,5,8,7,1,1,14,12,40.0,5,False,87.5,0
TTO-06554,normal,5,9,7,2,1,15,11,36.67,7,False,77.78,0
TTO-06555,normal,5,13,8,5,2,18,13,43.33,8,False,61.54,0
TTO-06556,normal,5,8,8,0,0,9,9,30.0,8,True,100.0,0
TTO-06557,normal,5,12,9,3,2,19,13,43.33,9,False,75.0,0
TTO-06558,normal,5,8,8,0,0,11,11,36.67,7,True,100.0,0
TTO-06559,normal,5,9,8,1,1,14,12,40.0,8,False,88.89,0
TTO-06560,normal,5,13,9,4,2,23,15,50.0,9,False,69.23,0
TTO-06561,normal,5,14,7,7,3,25,14,46.67,7,False,50.0,0
TTO-06562,normal,5,11,5,6,3,19,10,33.33,5,False,45.45,0
TTO-06563,normal,5,13,11,2,1,16,12,40.0,10,False,84.62,0
TTO-06564,normal,5,10,9,1,1,14,13,43.33,8,False,90.0,0
TTO-06565,normal,5,9,8,1,1,18,16,53.33,8,False,88.89,0
TTO-06566,normal,5,12,6,6,3,19,12,40.0,6,False,50.0,0
TTO-06567,normal,5,9,8,1,1,14,13,43.33,8,False,88.89,0
TTO-06568,normal,5,12,8,4,2,19,12,40.0,8,False,66.67,0
TTO-06569,normal,5,12,9,3,1,17,14,46.67,9,False,75.0,0
TTO-06570,normal,5,11,11,0,0,15,15,50.0,10,True,100.0,0
TTO-06571,normal,5,8,7,1,1,14,12,40.0,6,False,87.5,0
TTO-06572,normal,5,11,11,0,0,16,16,53.33,11,True,100.0,0
TTO-06573,normal,5,11,9,2,1,16,12,40.0,9,False,81.82,0
TTO-06574,normal,5,7,7,0,0,8,8,26.67,7,True,100.0,0
TTO-06575,normal,5,14,11,3,3,23,17,56.67,10,False,78.57,0
TTO-06576,normal,5,10,8,2,1,13,11,36.67,7,False,80.0,0
TTO-06577,normal,5,11,7,4,2,15,10,33.33,7,False,63.64,0
TTO-06578,normal,5,7,7,0,0,9,9,30.0,7,True,100.0,0
TTO-06579,normal,5,11,7,4,2,20,12,40.0,5,False,63.64,0
TTO-06580,normal,5,8,7,1,1,13,11,36.67,6,False,87.5,0
TTO-06581,normal,5,8,8,0,0,8,8,26.67,8,True,100.0,0
TTO-06582,normal,5,11,7,4,2,18,10,33.33,6,False,63.64,0
TTO-06583,normal,5,10,10,0,0,14,14,46.67,9,True,100.0,0
TTO-06584,normal,5,11,7,4,3,22,14,46.67,5,False,63.64,0
TTO-06585,normal,5,9,9,0,0,11,11,36.67,9,True,100.0,0
TTO-06586,normal,5,9,9,0,0,16,16,53.33,9,True,100.0,0
TTO-06587,normal,5,11,10,1,1,16,14,46.67,9,False,90.91,0
TTO-06588,normal,5,10,7,3,1,18,12,40.0,6,False,70.0,0
TTO-06589,normal,5,10,9,1,1,15,14,46.67,9,False,90.0,0
TTO-06590,normal,5,13,12,1,1,17,15,50.0,10,False,92.31,0
TTO-06591,normal,5,9,9,0,0,12,12,40.0,7,True,100.0,0
TTO-06592,normal,5,9,8,1,1,13,11,36.67,8,False,88.89,0
TTO-06593,normal,5,9,6,3,2,13,10,33.33,6,False,66.67,0
TTO-06594,normal,5,9,9,0,0,15,15,50.0,7,True,100.0,0
TTO-06595,normal,5,8,8,0,0,10,10,33.33,5,True,100.0,0
TTO-06596,normal,5,7,7,0,0,12,12,40.0,4,True,100.0,0
TTO-06597,normal,5,8,6,2,1,16,12,40.0,6,False,75.0,0
TTO-06598,normal,5,12,10,2,1,15,13,43.33,8,False,83.33,0
TTO-06599,normal,5,12,12,0,0,16,16,53.33,11,True,100.0,0
TTO-06600,normal,5,10,9,1,1,13,12,40.0,8,False,90.0,0
TTO-06601,normal,5,11,7,4,2,17,10,33.33,7,False,63.64,0
TTO-06602,normal,5,9,5,4,3,18,10,33.33,4,False,55.56,0
TTO-06603,normal,5,11,8,3,2,14,11,36.67,8,False,72.73,0
TTO-06604,normal,5,12,10,2,1,15,13,43.33,10,False,83.33,0
TTO-06605,normal,5,9,6,3,1,16,10,33.33,6,False,66.67,0
TTO-06606,normal,5,10,8,2,1,14,10,33.33,6,False,80.0,0
TTO-06607,normal,5,7,7,0,0,11,11,36.67,7,True,100.0,0
TTO-06608,normal,5,11,5,6,3,18,10,33.33,5,False,45.45,0
TTO-06609,normal,5,11,9,2,1,17,13,43.33,8,False,81.82,0
TTO-06610,normal,5,7,7,0,0,11,11,36.67,7,True,100.0,0
TTO-06611,normal,5,12,8,4,2,18,12,40.0,7,False,66.67,0
TTO-06612,normal,5,9,9,0,0,10,10,33.33,8,True,100.0,0
TTO-06613,normal,5,9,9,0,0,11,11,36.67,8,True,100.0,0
TTO-06614,normal,5,11,7,4,3,15,10,33.33,7,False,63.64,0
TTO-06615,normal,5,5,5,0,0,8,8,26.67,5,True,100.0,0
TTO-06616,normal,5,11,10,1,1,17,15,50.0,10,False,90.91,0
TTO-06617,normal,5,8,8,0,0,12,12,40.0,8,True,100.0,0
TTO-06618,normal,5,12,8,4,2,18,12,40.0,8,False,66.67,0
TTO-06619,normal,5,11,10,1,1,15,13,43.33,10,False,90.91,0
TTO-06620,normal,5,11,9,2,1,15,11,36.67,9,False,81.82,0
TTO-06621,normal,5,12,10,2,2,18,14,46.67,7,False,83.33,0
TTO-06622,normal,5,10,8,2,2,15,12,40.0,7,False,80.0,0
TTO-06623,normal,5,7,7,0,0,9,9,30.0,6,True,100.0,0
TTO-06624,normal,5,9,9,0,0,13,13,43.33,8,True,100.0,0
TTO-06625,normal,5,13,8,5,3,22,13,43.33,8,False,61.54,0
TTO-06626,normal,5,13,9,4,2,20,12,40.0,9,False,69.23,0
TTO-06627,normal,5,6,6,0,0,9,9,30.0,6,True,100.0,0
TTO-06628,normal,5,9,9,0,0,11,11,36.67,7,True,100.0,0
TTO-06629,normal,5,7,7,0,0,9,9,30.0,7,True,100.0,0
TTO-06630,normal,5,10,10,0,0,12,12,40.0,8,True,100.0,0
TTO-06631,normal,5,9,8,1,1,16,14,46.67,7,False,88.89,0
TTO-06632,normal,5,10,10,0,0,10,10,33.33,9,True,100.0,0
TTO-06633,normal,5,13,9,4,2,19,11,36.67,7,False,69.23,0
TTO-06634,normal,5,8,6,2,1,12,10,33.33,5,False,75.0,0
TTO-06635,normal,5,10,9,1,1,15,14,46.67,7,False,90.0,0
TTO-06636,normal,5,11,5,6,3,18,10,33.33,4,False,45.45,0
TTO-06637,normal,5,11,10,1,1,16,14,46.67,9,False,90.91,0
TTO-06638,normal,5,9,9,0,0,12,12,40.0,8,True,100.0,0
TTO-06639,normal,5,14,8,6,2,25,16,53.33,7,False,57.14,0
TTO-06640,normal,5,10,9,1,1,14,12,40.0,8,False,90.0,0
TTO-06641,normal,5,8,8,0,0,11,11,36.67,8,True,100.0,0
TTO-06642,normal,5,12,7,5,3,19,10,33.33,7,False,58.33,0
TTO-06643,normal,5,9,9,0,0,16,16,53.33,8,True,100.0,0
TTO-06644,normal,5,11,9,2,1,16,12,40.0,8,False,81.82,0
TTO-06645,normal,5,9,9,0,0,13,13,43.33,8,True,100.0,0
TTO-06646,normal,5,10,7,3,1,16,10,33.33,6,False,70.0,0
TTO-06647,normal,5,11,10,1,1,17,16,53.33,10,False,90.91,0
TTO-06648,normal,5,10,9,1,1,12,11,36.67,8,False,90.0,0
TTO-06649,normal,5,9,9,0,0,13,13,43.33,8,True,100.0,0
TTO-06650,normal,5,9,9,0,0,12,12,40.0,8,True,100.0,0
TTO-06651,normal,5,10,6,4,2,17,11,36.67,3,False,60.0,0
TTO-06652,normal,5,9,9,0,0,12,12,40.0,9,True,100.0,0
TTO-06653,normal,5,11,11,0,0,14,14,46.67,10,True,100.0,0
TTO-06654,normal,5,12,10,2,2,19,16,53.33,8,False,83.33,0
TTO-06655,normal,5,9,9,0,0,13,13,43.33,8,True,100.0,0
TTO-06656,normal,5,12,11,1,1,18,16,53.33,10,False,91.67,0
TTO-06657,normal,5,7,7,0,0,11,11,36.67,7,True,100.0,0
TTO-06658,normal,5,8,8,0,0,9,9,30.0,7,True,100.0,0
TTO-06659,normal,5,10,7,3,2,20,14,46.67,6,False,70.0,0
TTO-06660,normal,5,9,7,2,2,14,11,36.67,7,False,77.78,0
TTO-06661,normal,5,11,9,2,1,18,14,46.67,9,False,81.82,0
TTO-06662,normal,5,11,7,4,2,16,10,33.33,6,False,63.64,0
TTO-06663,normal,5,8,8,0,0,13,13,43.33,7,True,100.0,0
TTO-06664,normal,5,12,10,2,1,19,17,56.67,8,False,83.33,0
TTO-06665,normal,5,11,6,5,2,19,9,30.0,5,False,54.55,0
TTO-06666,normal,5,10,8,2,1,16,12,40.0,6,False,80.0,0
TTO-06667,normal,5,8,7,1,1,14,12,40.0,6,False,87.5,0
TTO-06668,normal,5,11,10,1,1,18,16,53.33,10,False,90.91,0
TTO-06669,normal,5,7,7,0,0,12,12,40.0,6,True,100.0,0
TTO-06670,normal,5,11,11,0,0,13,13,43.33,9,True,100.0,0
TTO-06671,normal,5,8,8,0,0,14,14,46.67,7,True,100.0,0
TTO-06672,normal,5,10,8,2,1,15,13,43.33,8,False,80.0,0
TTO-06673,normal,5,12,11,1,1,14,12,40.0,9,False,91.67,0
TTO-06674,normal,5,8,8,0,0,10,10,33.33,8,True,100.0,0
TTO-06675,normal,5,11,10,1,1,15,13,43.33,10,False,90.91,0
TTO-06676,normal,5,9,8,1,1,12,10,33.33,6,False,88.89,0
TTO-06677,normal,5,8,7,1,1,12,10,33.33,6,False,87.5,0
TTO-06678,normal,5,10,7,3,1,19,13,43.33,7,False,70.0,0
TTO-06679,normal,5,11,11,0,0,15,15,50.0,10,True,100.0,0
TTO-06680,normal,5,13,5,8,3,21,10,33.33,5,False,38.46,0
TTO-06681,normal,5,9,8,1,1,11,10,33.33,8,False,88.89,0
TTO-06682,normal,5,10,10,0,0,12,12,40.0,10,True,100.0,0
TTO-06683,normal,5,12,9,3,2,19,16,53.33,7,False,75.0,0
TTO-06684,normal,5,9,9,0,0,11,11,36.67,7,True,100.0,0
TTO-06685,normal,5,9,8,1,1,15,14,46.67,7,False,88.89,0
TTO-06686,normal,5,8,8,0,0,11,11,36.67,7,True,100.0,0
TTO-06687,normal,5,8,8,0,0,11,11,36.67,7,True,100.0,0
TTO-06688,normal,5,7,7,0,0,8,8,26.67,5,True,100.0,0
TTO-06689,normal,5,10,6,4,2,18,10,33.33,5,False,60.0,0
TTO-06690,normal,5,12,12,0,0,17,17,56.67,12,True,100.0,0
TTO-06691,normal,5,11,11,0,0,13,13,43.33,11,True,100.0,0
TTO-06692,normal,5,10,10,0,0,10,10,33.33,9,True,100.0,0
TTO-06693,normal,5,11,8,3,2,21,15,50.0,6,False,72.73,0
TTO-06694,normal,5,11,10,1,1,16,14,46.67,9,False,90.91,0
TTO-06695,normal,5,14,10,4,2,17,12,40.0,8,False,71.43,0
TTO-06696,normal,5,11,11,0,0,11,11,36.67,8,True,100.0,0
TTO-06697,normal,5,10,10,0,0,17,17,56.67,8,True,100.0,0
TTO-06698,normal,5,10,10,0,0,12,12,40.0,9,True,100.0,0
TTO-06699,normal,5,12,12,0,0,13,13,43.33,10,True,100.0,0
TTO-06700,normal,5,8,6,2,1,14,10,33.33,4,False,75.0,0
TTO-06701,normal,5,11,10,1,1,12,10,33.33,8,False,90.91,0
TTO-06702,normal,5,12,7,5,3,15,10,33.33,6,False,58.33,0
TTO-06703,normal,5,8,8,0,0,9,9,30.0,8,True,100.0,0
TTO-06704,normal,5,9,9,0,0,11,11,36.67,9,True,100.0,0
TTO-06705,normal,5,12,10,2,1,17,13,43.33,9,False,83.33,0
TTO-06706,normal,5,12,11,1,1,17,15,50.0,11,False,91.67,0
TTO-06707,normal,5,9,8,1,1,13,11,36.67,7,False,88.89,0
TTO-06708,normal,5,9,6,3,2,16,10,33.33,6,False,66.67,0
TTO-06709,normal,5,11,7,4,2,15,11,36.67,7,False,63.64,0
TTO-06710,normal,5,12,11,1,1,16,15,50.0,10,False,91.67,0
TTO-06711,normal,5,11,10,1,1,18,17,56.67,9,False,90.91,0
TTO-06712,normal,5,9,9,0,0,13,13,43.33,7,True,100.0,0
TTO-06713,normal,5,9,8,1,1,13,11,36.67,7,False,88.89,0
TTO-06714,normal,5,9,9,0,0,15,15,50.0,9,True,100.0,0
TTO-06715,normal,5,11,9,2,1,14,12,40.0,9,False,81.82,0
TTO-06716,normal,5,8,8,0,0,9,9,30.0,7,True,100.0,0
TTO-06717,normal,5,11,9,2,1,16,12,40.0,7,False,81.82,0
TTO-06718,normal,5,10,6,4,2,16,10,33.33,4,False,60.0,0
TTO-06719,normal,5,8,7,1,1,12,10,33.33,5,False,87.5,0
TTO-06720,normal,5,13,6,7,3,21,10,33.33,5,False,46.15,0
TTO-06721,normal,5,12,9,3,2,22,16,53.33,8,False,75.0,0
TTO-06722,normal,5,10,7,3,2,18,12,40.0,7,False,70.0,0
TTO-06723,normal,5,14,8,6,3,22,12,40.0,7,False,57.14,0
TTO-06724,normal,5,10,7,3,2,15,10,33.33,7,False,70.0,0
TTO-06725,normal,5,13,11,2,1,20,16,53.33,9,False,84.62,0
TTO-06726,normal,5,10,9,1,1,11,9,30.0,8,False,90.0,0
TTO-06727,normal,5,9,7,2,1,14,10,33.33,6,False,77.78,0
TTO-06728,normal,5,12,8,4,2,18,10,33.33,7,False,66.67,0
TTO-06729,normal,5,8,8,0,0,11,11,36.67,7,True,100.0,0
TTO-06730,normal,5,12,9,3,1,20,14,46.67,8,False,75.0,0
TTO-06731,normal,5,12,8,4,2,20,13,43.33,6,False,66.67,0
TTO-06732,normal,5,11,11,0,0,12,12,40.0,10,True,100.0,0
TTO-06733,normal,5,7,7,0,0,10,10,33.33,6,True,100.0,0
TTO-06734,normal,5,11,7,4,3,22,14,46.67,6,False,63.64,0
TTO-06735,normal,5,11,8,3,2,17,11,36.67,7,False,72.73,0
TTO-06736,normal,5,8,8,0,0,12,12,40.0,6,True,100.0,0
TTO-06737,normal,5,11,7,4,3,21,13,43.33,7,False,63.64,0
TTO-06738,normal,5,9,7,2,1,15,11,36.67,7,False,77.78,0
TTO-06739,normal,5,11,11,0,0,11,11,36.67,11,True,100.0,0
TTO-06740,normal,5,11,7,4,2,19,11,36.67,6,False,63.64,0
TTO-06741,normal,5,12,11,1,1,16,14,46.67,11,False,91.67,0
TTO-06742,normal,5,10,10,0,0,10,10,33.33,9,True,100.0,0
TTO-06743,normal,5,10,8,2,1,15,11,36.67,6,False,80.0,0
TTO-06744,normal,5,11,10,1,1,16,14,46.67,9,False,90.91,0
TTO-06745,normal,5,13,13,0,0,19,19,63.33,13,True,100.0,0
TTO-06746,normal,5,11,9,2,1,16,12,40.0,9,False,81.82,0
TTO-06747,normal,5,8,8,0,0,10,10,33.33,8,True,100.0,0
TTO-06748,normal,5,9,9,0,0,10,10,33.33,8,True,100.0,0
TTO-06749,normal,5,11,7,4,2,19,11,36.67,7,False,63.64,0
TTO-06750,normal,5,9,7,2,1,13,11,36.67,6,False,77.78,0
TTO-06751,normal,5,7,7,0,0,13,13,43.33,7,True,100.0,0
TTO-06752,normal,5,12,12,0,0,15,15,50.0,11,True,100.0,0
TTO-06753,normal,5,9,8,1,1,15,13,43.33,8,False,88.89,0
TTO-06754,normal,5,8,6,2,1,13,9,30.0,6,False,75.0,0
TTO-06755,normal,5,11,5,6,3,20,10,33.33,3,False,45.45,0
TTO-06756,normal,5,9,6,3,1,16,10,33.33,5,False,66.67,0
TTO-06757,normal,5,8,7,1,1,11,10,33.33,7,False,87.5,0
TTO-06758,normal,5,6,6,0,0,8,8,26.67,6,True,100.0,0
TTO-06759,normal,5,9,9,0,0,16,16,53.33,9,True,100.0,0
TTO-06760,normal,5,8,8,0,0,9,9,30.0,8,True,100.0,0
TTO-06761,normal,5,12,10,2,2,24,20,66.67,10,False,83.33,0
TTO-06762,normal,5,10,10,0,0,16,16,53.33,10,True,100.0,0
TTO-06763,normal,5,11,9,2,2,17,14,46.67,9,False,81.82,0
TTO-06764,normal,5,13,7,6,3,16,10,33.33,7,False,53.85,0
TTO-06765,normal,5,7,7,0,0,11,11,36.67,7,True,100.0,0
TTO-06766,normal,5,10,6,4,2,16,11,36.67,5,False,60.0,0
TTO-06767,normal,5,10,7,3,2,13,10,33.33,7,False,70.0,0
TTO-06768,normal,5,11,11,0,0,16,16,53.33,11,True,100.0,0
TTO-06769,normal,5,9,9,0,0,10,10,33.33,7,True,100.0,0
TTO-06770,normal,5,11,8,3,2,18,14,46.67,7,False,72.73,0
TTO-06771,normal,5,7,7,0,0,12,12,40.0,7,True,100.0,0
TTO-06772,normal,5,10,9,1,1,17,15,50.0,7,False,90.0,0
TTO-06773,normal,5,11,11,0,0,14,14,46.67,9,True,100.0,0
TTO-06774,normal,5,12,8,4,2,19,11,36.67,7,False,66.67,0
TTO-06775,normal,5,10,8,2,1,13,9,30.0,8,False,80.0,0
TTO-06776,normal,5,11,10,1,1,15,13,43.33,9,False,90.91,0
TTO-06777,normal,5,11,11,0,0,16,16,53.33,11,True,100.0,0
TTO-06778,normal,5,10,10,0,0,11,11,36.67,10,True,100.0,0
TTO-06779,normal,5,11,10,1,1,17,15,50.0,8,False,90.91,0
TTO-06780,normal,5,12,11,1,1,17,15,50.0,10,False,91.67,0
TTO-06781,normal,5,10,9,1,1,19,17,56.67,9,False,90.0,0
TTO-06782,normal,5,11,8,3,2,19,16,53.33,6,False,72.73,0
TTO-06783,normal,5,9,7,2,1,16,12,40.0,6,False,77.78,0
TTO-06784,normal,5,8,7,1,1,12,10,33.33,6,False,87.5,0
TTO-06785,normal,5,7,7,0,0,11,11,36.67,7,True,100.0,0
TTO-06786,normal,5,11,11,0,0,11,11,36.67,10,True,100.0,0
TTO-06787,normal,5,7,7,0,0,11,11,36.67,6,True,100.0,0
TTO-06788,normal,5,7,7,0,0,10,10,33.33,7,True,100.0,0
TTO-06789,normal,5,8,8,0,0,8,8,26.67,7,True,100.0,0
TTO-06790,normal,5,8,7,1,1,11,10,33.33,7,False,87.5,0
TTO-06791,normal,5,8,8,0,0,9,9,30.0,7,True,100.0,0
TTO-06792,normal,5,11,6,5,3,17,10,33.33,5,False,54.55,0
TTO-06793,normal,5,12,10,2,1,18,16,53.33,10,False,83.33,0
TTO-06794,normal,5,11,7,4,2,19,11,36.67,6,False,63.64,0
TTO-06795,normal,5,12,8,4,2,17,10,33.33,8,False,66.67,0
TTO-06796,normal,5,11,11,0,0,12,12,40.0,10,True,100.0,0
TTO-06797,normal,5,10,7,3,2,13,10,33.33,6,False,70.0,0
TTO-06798,normal,5,10,8,2,1,17,13,43.33,8,False,80.0,0
TTO-06799,normal,5,9,9,0,0,13,13,43.33,9,True,100.0,0
TTO-06800,normal,5,9,6,3,1,16,10,33.33,5,False,66.67,0
TTO-06801,normal,5,9,8,1,1,13,12,40.0,7,False,88.89,0
TTO-06802,normal,5,9,8,1,1,15,13,43.33,8,False,88.89,0
TTO-06803,normal,5,7,7,0,0,10,10,33.33,6,True,100.0,0
TTO-06804,normal,5,12,8,4,2,17,9,30.0,8,False,66.67,0
TTO-06805,normal,5,11,8,3,1,16,10,33.33,7,False,72.73,0
TTO-06806,normal,5,10,9,1,1,14,12,40.0,8,False,90.0,0
TTO-06807,normal,5,9,9,0,0,9,9,30.0,8,True,100.0,0
TTO-06808,normal,5,9,7,2,1,12,10,33.33,7,False,77.78,0
TTO-06809,normal,5,11,7,4,3,16,10,33.33,7,False,63.64,0
TTO-06810,normal,5,10,8,2,2,14,10,33.33,8,False,80.0,0
TTO-06811,normal,5,12,7,5,3,19,10,33.33,7,False,58.33,0
TTO-06812,normal,5,11,11,0,0,11,11,36.67,7,True,100.0,0
TTO-06813,normal,5,10,7,3,2,17,11,36.67,7,False,70.0,0
TTO-06814,normal,5,10,8,2,1,17,13,43.33,6,False,80.0,0
TTO-06815,normal,5,10,8,2,1,15,11,36.67,7,False,80.0,0
TTO-06816,normal,5,9,9,0,0,9,9,30.0,9,True,100.0,0
TTO-06817,normal,5,10,8,2,1,14,12,40.0,8,False,80.0,0
TTO-06818,normal,5,12,11,1,1,18,16,53.33,9,False,91.67,0
TTO-06819,normal,5,6,6,0,0,7,7,23.33,6,True,100.0,0
TTO-06820,normal,5,9,8,1,1,16,14,46.67,8,False,88.89,0
TTO-06821,normal,5,13,12,1,1,18,16,53.33,12,False,92.31,0
TTO-06822,normal,5,8,8,0,0,11,11,36.67,8,True,100.0,0
TTO-06823,normal,5,10,9,1,1,15,13,43.33,9,False,90.0,0
TTO-06824,normal,5,9,7,2,1,14,10,33.33,7,False,77.78,0
TTO-06825,normal,5,11,7,4,2,18,10,33.33,7,False,63.64,0
TTO-06826,normal,5,10,7,3,1,17,11,36.67,7,False,70.0,0
TTO-06827,normal,5,12,10,2,1,20,16,53.33,10,False,83.33,0
TTO-06828,normal,5,6,6,0,0,10,10,33.33,4,True,100.0,0
TTO-06829,normal,5,12,10,2,1,21,17,56.67,8,False,83.33,0
TTO-06830,normal,5,11,5,6,3,22,10,33.33,5,False,45.45,0
TTO-06831,normal,5,12,10,2,1,17,15,50.0,10,False,83.33,0
TTO-06832,normal,5,7,7,0,0,9,9,30.0,7,True,100.0,0
TTO-06833,normal,5,10,6,4,2,19,11,36.67,6,False,60.0,0
TTO-06834,normal,5,11,8,3,1,19,16,53.33,6,False,72.73,0
TTO-06835,normal,5,13,8,5,2,26,16,53.33,7,False,61.54,0
TTO-06836,normal,5,6,6,0,0,8,8,26.67,4,True,100.0,0
TTO-06837,normal,5,10,6,4,2,20,12,40.0,6,False,60.0,0
TTO-06838,normal,5,9,9,0,0,15,15,50.0,9,True,100.0,0
TTO-06839,normal,5,8,8,0,0,13,13,43.33,7,True,100.0,0
TTO-06840,normal,5,6,6,0,0,9,9,30.0,6,True,100.0,0
TTO-06841,normal,5,10,9,1,1,12,11,36.67,8,False,90.0,0
TTO-06842,normal,5,9,9,0,0,13,13,43.33,8,True,100.0,0
TTO-06843,normal,5,9,9,0,0,15,15,50.0,9,True,100.0,0
TTO-06844,normal,5,11,9,2,2,16,13,43.33,9,False,81.82,0
TTO-06845,normal,5,11,8,3,1,17,14,46.67,6,False,72.73,0
TTO-06846,normal,5,10,7,3,2,20,14,46.67,7,False,70.0,0
TTO-06847,normal,5,10,7,3,1,18,12,40.0,5,False,70.0,0
TTO-06848,normal,5,13,13,0,0,17,17,56.67,11,True,100.0,0
TTO-06849,normal,5,9,8,1,1,14,12,40.0,8,False,88.89,0
TTO-06850,normal,5,10,9,1,1,17,15,50.0,8,False,90.0,0
TTO-06851,normal,5,9,9,0,0,12,12,40.0,8,True,100.0,0
TTO-06852,normal,5,10,10,0,0,11,11,36.67,9,True,100.0,0
TTO-06853,normal,5,10,9,1,1,16,14,46.67,9,False,90.0,0
TTO-06854,normal,5,8,7,1,1,12,10,33.33,7,False,87.5,0
TTO-06855,normal,5,12,9,3,1,13,10,33.33,8,False,75.0,0
TTO-06856,normal,5,11,11,0,0,17,17,56.67,10,True,100.0,0
TTO-06857,normal,5,9,8,1,1,12,11,36.67,6,False,88.89,0
TTO-06858,normal,5,10,9,1,1,14,13,43.33,7,False,90.0,0
TTO-06859,normal,5,11,7,4,2,15,10,33.33,4,False,63.64,0
TTO-06860,normal,5,12,10,2,2,19,16,53.33,9,False,83.33,0
TTO-06861,normal,5,12,10,2,1,17,13,43.33,8,False,83.33,0
TTO-06862,normal,5,12,5,7,4,22,10,33.33,4,False,41.67,0
TTO-06863,normal,5,12,10,2,1,15,11,36.67,10,False,83.33,0
TTO-06864,normal,5,14,11,3,1,25,19,63.33,8,False,78.57,0
TTO-06865,normal,5,11,11,0,0,17,17,56.67,8,True,100.0,0
TTO-06866,normal,5,12,9,3,1,18,12,40.0,7,False,75.0,0
TTO-06867,normal,5,9,9,0,0,12,12,40.0,9,True,100.0,0
TTO-06868,normal,5,13,13,0,0,17,17,56.67,11,True,100.0,0
TTO-06869,normal,5,12,6,6,3,20,10,33.33,6,False,50.0,0
TTO-06870,normal,5,13,9,4,2,24,16,53.33,7,False,69.23,0
TTO-06871,normal,5,9,9,0,0,14,14,46.67,8,True,100.0,0
TTO-06872,normal,5,10,10,0,0,11,11,36.67,9,True,100.0,0
TTO-06873,normal,5,14,8,6,2,25,16,53.33,7,False,57.14,0
TTO-06874,normal,5,11,5,6,2,19,10,33.33,4,False,45.45,0
TTO-06875,normal,5,12,9,3,1,22,16,53.33,8,False,75.0,0
TTO-06876,normal,5,9,9,0,0,12,12,40.0,9,True,100.0,0
TTO-06877,normal,5,12,9,3,2,18,12,40.0,9,False,75.0,0
TTO-06878,normal,5,12,11,1,1,15,13,43.33,10,False,91.67,0
TTO-06879,normal,5,11,10,1,1,14,12,40.0,9,False,90.91,0
TTO-06880,normal,5,6,6,0,0,8,8,26.67,4,True,100.0,0
TTO-06881,normal,5,10,6,4,2,17,11,36.67,5,False,60.0,0
TTO-06882,normal,5,11,11,0,0,13,13,43.33,11,True,100.0,0
TTO-06883,normal,5,7,7,0,0,10,10,33.33,6,True,100.0,0
TTO-06884,normal,5,9,9,0,0,16,16,53.33,8,True,100.0,0
TTO-06885,normal,5,9,9,0,0,10,10,33.33,9,True,100.0,0
TTO-06886,normal,5,11,9,2,1,15,13,43.33,8,False,81.82,0
TTO-06887,normal,5,12,7,5,2,21,14,46.67,7,False,58.33,0
TTO-06888,normal,5,10,10,0,0,14,14,46.67,9,True,100.0,0
TTO-06889,normal,5,9,9,0,0,10,10,33.33,8,True,100.0,0
TTO-06890,normal,5,10,10,0,0,14,14,46.67,10,True,100.0,0
TTO-06891,normal,5,9,9,0,0,11,11,36.67,9,True,100.0,0
TTO-06892,normal,5,13,8,5,2,21,11,36.67,6,False,61.54,0
TTO-06893,normal,5,11,10,1,1,15,13,43.33,9,False,90.91,0
TTO-06894,normal,5,11,9,2,1,17,13,43.33,8,False,81.82,0
TTO-06895,normal,5,8,7,1,1,14,12,40.0,6,False,87.5,0
TTO-06896,normal,5,7,7,0,0,11,11,36.67,6,True,100.0,0
TTO-06897,normal,5,10,8,2,1,16,12,40.0,8,False,80.0,0
TTO-06898,normal,5,11,11,0,0,16,16,53.33,10,True,100.0,0
TTO-06899,normal,5,11,10,1,1,18,16,53.33,10,False,90.91,0
TTO-06900,normal,5,11,11,0,0,13,13,43.33,11,True,100.0,0
TTO-06901,normal,5,12,8,4,2,14,10,33.33,8,False,66.67,0
TTO-06902,normal,5,10,8,2,2,13,10,33.33,8,False,80.0,0
TTO-06903,normal,5,10,8,2,2,15,12,40.0,6,False,80.0,0
TTO-06904,normal,5,10,9,1,1,14,12,40.0,8,False,90.0,0
TTO-06905,normal,5,11,9,2,2,16,12,40.0,6,False,81.82,0
TTO-06906,normal,5,10,10,0,0,12,12,40.0,8,True,100.0,0
TTO-06907,normal,5,11,9,2,1,20,16,53.33,8,False,81.82,0
TTO-06908,normal,5,12,12,0,0,17,17,56.67,10,True,100.0,0
TTO-06909,normal,5,10,7,3,2,16,10,33.33,7,False,70.0,0
TTO-06910,normal,5,7,7,0,0,11,11,36.67,4,True,100.0,0
TTO-06911,normal,5,10,10,0,0,14,14,46.67,9,True,100.0,0
TTO-06912,normal,5,12,11,1,1,14,13,43.33,9,False,91.67,0
TTO-06913,normal,5,12,7,5,2,22,14,46.67,7,False,58.33,0
TTO-06914,normal,5,10,8,2,2,14,11,36.67,7,False,80.0,0
TTO-06915,normal,5,13,8,5,2,21,11,36.67,6,False,61.54,0
TTO-06916,normal,5,11,9,2,2,16,13,43.33,9,False,81.82,0
TTO-06917,normal,5,7,7,0,0,12,12,40.0,6,True,100.0,0
TTO-06918,normal,5,12,10,2,1,15,13,43.33,9,False,83.33,0
TTO-06919,normal,5,13,7,6,2,22,10,33.33,6,False,53.85,0
TTO-06920,normal,5,11,8,3,1,18,12,40.0,8,False,72.73,0
TTO-06921,normal,5,12,11,1,1,14,12,40.0,10,False,91.67,0
TTO-06922,normal,5,9,7,2,1,14,10,33.33,5,False,77.78,0
TTO-06923,normal,5,7,7,0,0,10,10,33.33,6,True,100.0,0
TTO-06924,normal,5,8,8,0,0,10,10,33.33,8,True,100.0,0
TTO-06925,normal,5,8,8,0,0,12,12,40.0,8,True,100.0,0
TTO-06926,normal,5,14,12,2,1,17,13,43.33,11,False,85.71,0
TTO-06927,normal,5,9,9,0,0,13,13,43.33,7,True,100.0,0
TTO-06928,normal,5,10,9,1,1,14,12,40.0,9,False,90.0,0
TTO-06929,normal,5,8,7,1,1,13,11,36.67,7,False,87.5,0
TTO-06930,normal,5,8,7,1,1,14,12,40.0,6,False,87.5,0
TTO-06931,normal,5,13,8,5,3,16,10,33.33,7,False,61.54,0
TTO-06932,normal,5,11,11,0,0,15,15,50.0,9,True,100.0,0
TTO-06933,normal,5,12,9,3,1,19,16,53.33,8,False,75.0,0
TTO-06934,normal,5,12,7,5,2,21,11,36.67,7,False,58.33,0
TTO-06935,normal,5,9,7,2,1,14,10,33.33,6,False,77.78,0
TTO-06936,normal,5,10,9,1,1,20,18,60.0,6,False,90.0,0
TTO-06937,normal,5,11,10,1,1,16,15,50.0,9,False,90.91,0
TTO-06938,normal,5,10,9,1,1,14,12,40.0,9,False,90.0,0
TTO-06939,normal,5,10,9,1,1,16,14,46.67,9,False,90.0,0
TTO-06940,normal,5,10,9,1,1,15,13,43.33,7,False,90.0,0
TTO-06941,normal,5,8,8,0,0,10,10,33.33,6,True,100.0,0
TTO-06942,normal,5,7,7,0,0,10,10,33.33,6,True,100.0,0
TTO-06943,normal,5,6,6,0,0,9,9,30.0,6,True,100.0,0
TTO-06944,normal,5,10,6,4,2,15,11,36.67,5,False,60.0,0
TTO-06945,normal,5,11,11,0,0,12,12,40.0,10,True,100.0,0
TTO-06946,normal,5,9,9,0,0,12,12,40.0,6,True,100.0,0
TTO-06947,normal,5,10,10,0,0,16,16,53.33,10,True,100.0,0
TTO-06948,normal,5,10,10,0,0,15,15,50.0,8,True,100.0,0
TTO-06949,normal,5,9,9,0,0,13,13,43.33,8,True,100.0,0
TTO-06950,normal,5,9,7,2,1,16,12,40.0,5,False,77.78,0
TTO-06951,normal,5,11,7,4,3,17,12,40.0,7,False,63.64,0
TTO-06952,normal,5,11,8,3,2,17,12,40.0,7,False,72.73,0
TTO-06953,normal,5,8,8,0,0,12,12,40.0,7,True,100.0,0
TTO-06954,normal,5,8,7,1,1,12,10,33.33,6,False,87.5,0
TTO-06955,normal,5,8,8,0,0,12,12,40.0,7,True,100.0,0
TTO-06956,normal,5,9,7,2,2,15,12,40.0,7,False,77.78,0
TTO-06957,normal,5,14,11,3,1,25,19,63.33,10,False,78.57,0
TTO-06958,normal,5,10,7,3,2,13,10,33.33,7,False,70.0,0
TTO-06959,normal,5,9,8,1,1,12,10,33.33,6,False,88.89,0
TTO-06960,normal,5,8,7,1,1,12,10,33.33,6,False,87.5,0
TTO-06961,normal,5,13,12,1,1,16,14,46.67,10,False,92.31,0
TTO-06962,normal,5,9,8,1,1,14,12,40.0,7,False,88.89,0
TTO-06963,normal,5,12,11,1,1,15,13,43.33,10,False,91.67,0
TTO-06964,normal,5,9,7,2,1,16,12,40.0,7,False,77.78,0
TTO-06965,normal,5,10,9,1,1,14,13,43.33,8,False,90.0,0
TTO-06966,normal,5,13,9,4,2,18,12,40.0,8,False,69.23,0
TTO-06967,normal,5,10,10,0,0,15,15,50.0,8,True,100.0,0
TTO-06968,normal,5,11,11,0,0,14,14,46.67,11,True,100.0,0
TTO-06969,normal,5,11,11,0,0,12,12,40.0,10,True,100.0,0
TTO-06970,normal,5,12,10,2,2,16,13,43.33,8,False,83.33,0
TTO-06971,normal,5,11,11,0,0,20,20,66.67,9,True,100.0,0
TTO-06972,normal,5,10,9,1,1,15,14,46.67,8,False,90.0,0
TTO-06973,normal,5,11,5,6,4,18,10,33.33,5,False,45.45,0
TTO-06974,normal,5,11,10,1,1,15,13,43.33,9,False,90.91,0
TTO-06975,normal,5,6,6,0,0,11,11,36.67,5,True,100.0,0
TTO-06976,normal,5,7,7,0,0,9,9,30.0,7,True,100.0,0
TTO-06977,normal,5,9,8,1,1,15,13,43.33,7,False,88.89,0
TTO-06978,normal,5,15,13,2,1,21,17,56.67,12,False,86.67,0
TTO-06979,normal,5,13,12,1,1,18,16,53.33,11,False,92.31,0
TTO-06980,normal,5,7,7,0,0,8,8,26.67,6,True,100.0,0
TTO-06981,normal,5,10,10,0,0,14,14,46.67,9,True,100.0,0
TTO-06982,normal,5,11,7,4,2,20,14,46.67,7,False,63.64,0
TTO-06983,normal,5,9,9,0,0,11,11,36.67,8,True,100.0,0
TTO-06984,normal,5,10,9,1,1,12,10,33.33,8,False,90.0,0
TTO-06985,normal,5,10,5,5,3,18,10,33.33,5,False,50.0,0
TTO-06986,normal,5,11,10,1,1,17,16,53.33,9,False,90.91,0
TTO-06987,normal,5,12,9,3,2,19,14,46.67,8,False,75.0,0
TTO-06988,normal,5,10,8,2,2,16,12,40.0,8,False,80.0,0
TTO-06989,normal,5,7,7,0,0,10,10,33.33,7,True,100.0,0
TTO-06990,normal,5,10,9,1,1,14,12,40.0,8,False,90.0,0
TTO-06991,normal,5,10,10,0,0,14,14,46.67,8,True,100.0,0
TTO-06992,normal,5,13,7,6,2,26,14,46.67,7,False,53.85,0
TTO-06993,normal,5,8,7,1,1,13,11,36.67,6,False,87.5,0
TTO-06994,normal,5,13,12,1,1,16,15,50.0,12,False,92.31,0
TTO-06995,normal,5,10,7,3,2,15,10,33.33,7,False,70.0,0
TTO-06996,normal,5,8,8,0,0,10,10,33.33,8,True,100.0,0
TTO-06997,normal,5,12,7,5,3,17,10,33.33,7,False,58.33,0
TTO-06998,normal,5,11,10,1,1,19,17,56.67,9,False,90.91,0
TTO-06999,normal,5,9,7,2,1,15,11,36.67,6,False,77.78,0
TTO-07000,normal,5,12,10,2,1,20,16,53.33,10,False,83.33,0
TTO-07001,boundary,5,16,9,7,2,29,15,50.0,9,False,56.25,0
TTO-07002,boundary,5,18,10,8,3,33,17,56.67,9,False,55.56,0
TTO-07003,boundary,5,19,7,12,4,27,10,33.33,7,False,36.84,0
TTO-07004,boundary,5,15,8,7,3,30,16,53.33,6,False,53.33,0
TTO-07005,boundary,5,19,13,6,3,27,16,53.33,11,False,68.42,0
TTO-07006,boundary,5,15,14,1,1,18,16,53.33,12,False,93.33,0
TTO-07007,boundary,5,19,12,7,3,23,12,40.0,11,False,63.16,0
TTO-07008,boundary,5,20,9,11,4,32,14,46.67,9,False,45.0,0
TTO-07009,boundary,5,18,8,10,3,33,13,43.33,8,False,44.44,0
TTO-07010,boundary,5,17,12,5,2,27,19,63.33,12,False,70.59,0
TTO-07011,boundary,5,19,11,8,3,27,14,46.67,10,False,57.89,0
TTO-07012,boundary,5,17,12,5,2,28,18,60.0,12,False,70.59,0
TTO-07013,boundary,5,17,11,6,3,27,18,60.0,10,False,64.71,0
TTO-07014,boundary,5,17,8,9,3,34,16,53.33,7,False,47.06,0
TTO-07015,boundary,5,20,12,8,3,32,20,66.67,10,False,60.0,0
TTO-07016,boundary,5,19,10,9,3,27,13,43.33,9,False,52.63,0
TTO-07017,boundary,5,18,5,13,4,29,10,33.33,4,False,27.78,0
TTO-07018,boundary,5,16,9,7,3,22,14,46.67,9,False,56.25,0
TTO-07019,boundary,5,18,8,10,3,22,10,33.33,7,False,44.44,0
TTO-07020,boundary,5,17,13,4,1,17,13,43.33,13,False,76.47,0
TTO-07021,boundary,5,19,13,6,3,27,16,53.33,12,False,68.42,0
TTO-07022,boundary,5,16,7,9,4,32,14,46.67,7,False,43.75,0
TTO-07023,boundary,5,17,11,6,2,28,18,60.0,11,False,64.71,0
TTO-07024,boundary,5,17,10,7,2,17,10,33.33,8,False,58.82,0
TTO-07025,boundary,5,16,7,9,3,26,10,33.33,7,False,43.75,0
TTO-07026,boundary,5,19,11,8,3,27,14,46.67,11,False,57.89,0
TTO-07027,boundary,5,16,12,4,2,22,14,46.67,11,False,75.0,0
TTO-07028,boundary,5,18,11,7,3,33,20,66.67,10,False,61.11,0
TTO-07029,boundary,5,18,10,8,3,32,16,53.33,9,False,55.56,0
TTO-07030,boundary,5,17,11,6,3,31,19,63.33,9,False,64.71,0
TTO-07031,boundary,5,17,13,4,2,23,16,53.33,12,False,76.47,0
TTO-07032,boundary,5,17,15,2,2,23,20,66.67,12,False,88.24,0
TTO-07033,boundary,5,18,14,4,2,25,17,56.67,11,False,77.78,0
TTO-07034,boundary,5,18,8,10,3,36,16,53.33,6,False,44.44,0
TTO-07035,boundary,5,16,15,1,1,20,18,60.0,15,False,93.75,0
TTO-07036,boundary,5,19,14,5,3,30,20,66.67,14,False,73.68,0
TTO-07037,boundary,5,17,9,8,3,31,15,50.0,8,False,52.94,0
TTO-07038,boundary,5,17,5,12,4,28,10,33.33,4,False,29.41,0
TTO-07039,boundary,5,17,6,11,4,24,10,33.33,5,False,35.29,0
TTO-07040,boundary,5,18,9,9,3,25,14,46.67,9,False,50.0,0
TTO-07041,boundary,5,16,12,4,2,26,18,60.0,11,False,75.0,0
TTO-07042,boundary,5,19,11,8,2,30,18,60.0,10,False,57.89,0
TTO-07043,boundary,5,18,8,10,3,29,13,43.33,8,False,44.44,0
TTO-07044,boundary,5,18,9,9,3,26,14,46.67,8,False,50.0,0
TTO-07045,boundary,5,18,10,8,3,30,15,50.0,9,False,55.56,0
TTO-07046,boundary,5,19,9,10,3,30,14,46.67,9,False,47.37,0
TTO-07047,boundary,5,17,13,4,2,20,16,53.33,10,False,76.47,0
TTO-07048,boundary,5,18,5,13,4,28,10,33.33,5,False,27.78,0
TTO-07049,boundary,5,18,10,8,3,21,10,33.33,8,False,55.56,0
TTO-07050,boundary,5,18,5,13,4,30,10,33.33,5,False,27.78,0
TTO-07051,boundary,5,16,9,7,3,22,10,33.33,8,False,56.25,0
TTO-07052,boundary,5,19,11,8,3,23,15,50.0,11,False,57.89,0
TTO-07053,boundary,5,17,8,9,4,34,16,53.33,8,False,47.06,0
TTO-07054,boundary,5,19,9,10,3,30,14,46.67,8,False,47.37,0
TTO-07055,boundary,5,17,10,7,3,34,20,66.67,9,False,58.82,0
TTO-07056,boundary,5,18,7,11,4,25,10,33.33,6,False,38.89,0
TTO-07057,boundary,5,19,10,9,3,22,10,33.33,8,False,52.63,0
TTO-07058,boundary,5,18,9,9,3,36,18,60.0,9,False,50.0,0
TTO-07059,boundary,5,17,5,12,4,27,10,33.33,4,False,29.41,0
TTO-07060,boundary,5,18,9,9,3,32,16,53.33,8,False,50.0,0
TTO-07061,boundary,5,16,11,5,2,26,16,53.33,10,False,68.75,0
TTO-07062,boundary,5,17,13,4,2,27,19,63.33,12,False,76.47,0
TTO-07063,boundary,5,17,9,8,3,31,15,50.0,9,False,52.94,0
TTO-07064,boundary,5,17,15,2,1,20,16,53.33,13,False,88.24,0
TTO-07065,boundary,5,18,7,11,4,29,10,33.33,7,False,38.89,0
TTO-07066,boundary,5,18,10,8,3,22,13,43.33,10,False,55.56,0
TTO-07067,boundary,5,16,11,5,3,26,16,53.33,9,False,68.75,0
TTO-07068,boundary,5,18,10,8,2,25,13,43.33,10,False,55.56,0
TTO-07069,boundary,5,16,15,1,1,22,20,66.67,14,False,93.75,0
TTO-07070,boundary,5,16,10,6,2,22,13,43.33,10,False,62.5,0
TTO-07071,boundary,5,16,9,7,3,29,15,50.0,9,False,56.25,0
TTO-07072,boundary,5,17,9,8,3,27,16,53.33,7,False,52.94,0
TTO-07073,boundary,5,18,9,9,3,25,14,46.67,9,False,50.0,0
TTO-07074,boundary,5,18,11,7,3,22,14,46.67,9,False,61.11,0
TTO-07075,boundary,5,18,10,8,3,26,13,43.33,10,False,55.56,0
TTO-07076,boundary,5,16,10,6,3,19,13,43.33,10,False,62.5,0
TTO-07077,boundary,5,16,10,6,3,26,16,53.33,9,False,62.5,0
TTO-07078,boundary,5,16,11,5,3,26,18,60.0,9,False,68.75,0
TTO-07079,boundary,5,19,9,10,3,38,18,60.0,9,False,47.37,0
TTO-07080,boundary,5,17,9,8,3,27,14,46.67,8,False,52.94,0
TTO-07081,boundary,5,18,12,6,3,29,20,66.67,11,False,66.67,0
TTO-07082,boundary,5,17,5,12,4,31,10,33.33,5,False,29.41,0
TTO-07083,boundary,5,18,15,3,1,22,16,53.33,13,False,83.33,0
TTO-07084,boundary,5,18,7,11,3,25,10,33.33,7,False,38.89,0
TTO-07085,boundary,5,18,11,7,2,21,14,46.67,10,False,61.11,0
TTO-07086,boundary,5,17,15,2,1,24,20,66.67,13,False,88.24,0
TTO-07087,boundary,5,17,9,8,3,31,18,60.0,6,False,52.94,0
TTO-07088,boundary,5,18,11,7,2,28,14,46.67,10,False,61.11,0
TTO-07089,boundary,5,17,12,5,2,24,19,63.33,10,False,70.59,0
TTO-07090,boundary,5,17,6,11,4,24,10,33.33,5,False,35.29,0
TTO-07091,boundary,5,18,13,5,3,26,19,63.33,13,False,72.22,0
TTO-07092,boundary,5,18,13,5,2,21,16,53.33,10,False,72.22,0
TTO-07093,boundary,5,18,10,8,3,33,20,66.67,8,False,55.56,0
TTO-07094,boundary,5,18,14,4,2,26,18,60.0,13,False,77.78,0
TTO-07095,boundary,5,17,7,10,4,34,14,46.67,7,False,41.18,0
TTO-07096,boundary,5,18,11,7,3,25,12,40.0,11,False,61.11,0
TTO-07097,boundary,5,18,9,9,3,30,18,60.0,9,False,50.0,0
TTO-07098,boundary,5,19,13,6,2,27,17,56.67,13,False,68.42,0
TTO-07099,boundary,5,16,13,3,1,22,19,63.33,12,False,81.25,0
TTO-07100,boundary,5,19,10,9,3,27,13,43.33,9,False,52.63,0
TTO-07101,boundary,5,18,11,7,2,30,16,53.33,10,False,61.11,0
TTO-07102,boundary,5,16,12,4,1,26,18,60.0,11,False,75.0,0
TTO-07103,boundary,5,16,9,7,3,29,15,50.0,9,False,56.25,0
TTO-07104,boundary,5,17,9,8,3,28,12,40.0,9,False,52.94,0
TTO-07105,boundary,5,20,7,13,4,28,12,40.0,7,False,35.0,0
TTO-07106,boundary,5,16,10,6,3,22,14,46.67,9,False,62.5,0
TTO-07107,boundary,5,19,11,8,3,26,14,46.67,11,False,57.89,0
TTO-07108,boundary,5,17,16,1,1,20,19,63.33,14,False,94.12,0
TTO-07109,boundary,5,18,8,10,3,29,13,43.33,8,False,44.44,0
TTO-07110,boundary,5,16,10,6,3,26,17,56.67,10,False,62.5,0
TTO-07111,boundary,5,18,13,5,2,22,16,53.33,12,False,72.22,0
TTO-07112,boundary,5,17,10,7,2,24,13,43.33,9,False,58.82,0
TTO-07113,boundary,5,19,11,8,3,30,14,46.67,10,False,57.89,0
TTO-07114,boundary,5,18,10,8,3,32,16,53.33,10,False,55.56,0
TTO-07115,boundary,5,18,9,9,3,29,13,43.33,8,False,50.0,0
TTO-07116,boundary,5,18,11,7,3,29,20,66.67,10,False,61.11,0
TTO-07117,boundary,5,17,8,9,3,27,13,43.33,8,False,47.06,0
TTO-07118,boundary,5,16,13,3,1,19,13,43.33,12,False,81.25,0
TTO-07119,boundary,5,20,14,6,3,28,20,66.67,13,False,70.0,0
TTO-07120,boundary,5,17,11,6,3,27,20,66.67,10,False,64.71,0
TTO-07121,boundary,5,17,10,7,2,23,13,43.33,9,False,58.82,0
TTO-07122,boundary,5,20,6,14,4,36,10,33.33,6,False,30.0,0
TTO-07123,boundary,5,16,10,6,3,26,18,60.0,8,False,62.5,0
TTO-07124,boundary,5,18,12,6,2,26,17,56.67,10,False,66.67,0
TTO-07125,boundary,5,17,7,10,3,24,10,33.33,7,False,41.18,0
TTO-07126,boundary,5,17,5,12,4,24,10,33.33,4,False,29.41,0
TTO-07127,boundary,5,18,14,4,2,21,17,56.67,14,False,77.78,0
TTO-07128,boundary,5,20,10,10,3,32,18,60.0,9,False,50.0,0
TTO-07129,boundary,5,18,6,12,4,25,10,33.33,6,False,33.33,0
TTO-07130,boundary,5,17,10,7,3,27,16,53.33,9,False,58.82,0
TTO-07131,boundary,5,17,10,7,3,31,18,60.0,9,False,58.82,0
TTO-07132,boundary,5,15,7,8,4,30,14,46.67,7,False,46.67,0
TTO-07133,boundary,5,16,14,2,1,22,20,66.67,13,False,87.5,0
TTO-07134,boundary,5,17,10,7,2,27,13,43.33,9,False,58.82,0
TTO-07135,boundary,5,19,11,8,3,23,14,46.67,10,False,57.89,0
TTO-07136,boundary,5,18,13,5,2,24,16,53.33,13,False,72.22,0
TTO-07137,boundary,5,19,7,12,4,23,10,33.33,6,False,36.84,0
TTO-07138,boundary,5,16,7,9,4,29,12,40.0,7,False,43.75,0
TTO-07139,boundary,5,18,9,9,3,30,15,50.0,8,False,50.0,0
TTO-07140,boundary,5,17,8,9,3,28,13,43.33,5,False,47.06,0
TTO-07141,boundary,5,18,6,12,4,33,10,33.33,4,False,33.33,0
TTO-07142,boundary,5,18,7,11,4,29,12,40.0,5,False,38.89,0
TTO-07143,boundary,5,18,9,9,3,28,14,46.67,9,False,50.0,0
TTO-07144,boundary,5,19,15,4,2,22,16,53.33,13,False,78.95,0
TTO-07145,boundary,5,16,11,5,2,22,17,56.67,10,False,68.75,0
TTO-07146,boundary,5,17,16,1,1,17,16,53.33,15,False,94.12,0
TTO-07147,boundary,5,18,12,6,2,25,13,43.33,11,False,66.67,0
TTO-07148,boundary,5,16,9,7,3,26,12,40.0,8,False,56.25,0
TTO-07149,boundary,5,17,10,7,2,24,13,43.33,10,False,58.82,0
TTO-07150,boundary,5,18,8,10,3,28,16,53.33,7,False,44.44,0
TTO-07151,boundary,5,17,10,7,3,28,16,53.33,9,False,58.82,0
TTO-07152,boundary,5,17,11,6,2,24,16,53.33,11,False,64.71,0
TTO-07153,boundary,5,18,10,8,3,29,16,53.33,9,False,55.56,0
TTO-07154,boundary,5,18,5,13,4,32,10,33.33,5,False,27.78,0
TTO-07155,boundary,5,17,5,12,4,30,10,33.33,4,False,29.41,0
TTO-07156,boundary,5,17,8,9,3,24,13,43.33,6,False,47.06,0
TTO-07157,boundary,5,17,5,12,4,34,10,33.33,4,False,29.41,0
TTO-07158,boundary,5,17,14,3,1,24,18,60.0,13,False,82.35,0
TTO-07159,boundary,5,18,15,3,2,22,18,60.0,12,False,83.33,0
TTO-07160,boundary,5,17,6,11,4,24,10,33.33,6,False,35.29,0
TTO-07161,boundary,5,16,13,3,2,19,16,53.33,11,False,81.25,0
TTO-07162,boundary,5,19,10,9,3,27,18,60.0,10,False,52.63,0
TTO-07163,boundary,5,19,12,7,4,30,20,66.67,11,False,63.16,0
TTO-07164,boundary,5,19,11,8,3,31,18,60.0,10,False,57.89,0
TTO-07165,boundary,5,18,10,8,3,32,18,60.0,10,False,55.56,0
TTO-07166,boundary,5,17,13,4,1,23,19,63.33,12,False,76.47,0
TTO-07167,boundary,5,17,10,7,2,27,13,43.33,9,False,58.82,0
TTO-07168,boundary,5,17,13,4,2,24,19,63.33,12,False,76.47,0
TTO-07169,boundary,5,18,8,10,4,22,12,40.0,8,False,44.44,0
TTO-07170,boundary,5,17,10,7,4,28,16,53.33,9,False,58.82,0
TTO-07171,boundary,5,18,11,7,2,21,14,46.67,11,False,61.11,0
TTO-07172,boundary,5,20,10,10,3,32,14,46.67,9,False,50.0,0
TTO-07173,boundary,5,17,7,10,3,20,10,33.33,6,False,41.18,0
TTO-07174,boundary,5,17,12,5,2,23,16,53.33,11,False,70.59,0
TTO-07175,boundary,5,15,13,2,1,18,16,53.33,13,False,86.67,0
TTO-07176,boundary,5,17,13,4,2,24,18,60.0,13,False,76.47,0
TTO-07177,boundary,5,17,9,8,3,31,18,60.0,8,False,52.94,0
TTO-07178,boundary,5,18,14,4,1,22,14,46.67,13,False,77.78,0
TTO-07179,boundary,5,16,13,3,1,19,13,43.33,13,False,81.25,0
TTO-07180,boundary,5,18,10,8,3,29,16,53.33,9,False,55.56,0
TTO-07181,boundary,5,16,11,5,2,23,16,53.33,8,False,68.75,0
TTO-07182,boundary,5,17,5,12,4,34,10,33.33,5,False,29.41,0
TTO-07183,boundary,5,19,9,10,3,34,18,60.0,8,False,47.37,0
TTO-07184,boundary,5,17,12,5,2,30,20,66.67,9,False,70.59,0
TTO-07185,boundary,5,16,9,7,3,23,16,53.33,9,False,56.25,0
TTO-07186,boundary,5,18,7,11,3,28,10,33.33,7,False,38.89,0
TTO-07187,boundary,5,17,11,6,2,25,13,43.33,10,False,64.71,0
TTO-07188,boundary,5,18,10,8,3,22,13,43.33,9,False,55.56,0
TTO-07189,boundary,5,18,11,7,3,29,17,56.67,11,False,61.11,0
TTO-07190,boundary,5,16,11,5,2,25,15,50.0,9,False,68.75,0
TTO-07191,boundary,5,17,14,3,1,20,17,56.67,12,False,82.35,0
TTO-07192,boundary,5,18,8,10,3,36,16,53.33,8,False,44.44,0
TTO-07193,boundary,5,16,9,7,3,25,14,46.67,8,False,56.25,0
TTO-07194,boundary,5,18,5,13,4,32,10,33.33,5,False,27.78,0
TTO-07195,boundary,5,18,13,5,3,25,16,53.33,10,False,72.22,0
TTO-07196,boundary,5,18,8,10,4,33,16,53.33,7,False,44.44,0
TTO-07197,boundary,5,18,10,8,2,26,10,33.33,9,False,55.56,0
TTO-07198,boundary,5,18,7,11,4,32,12,40.0,4,False,38.89,0
TTO-07199,boundary,5,19,8,11,3,35,13,43.33,8,False,42.11,0
TTO-07200,boundary,5,19,13,6,2,23,14,46.67,13,False,68.42,0
TTO-07201,boundary,5,17,10,7,3,30,18,60.0,9,False,58.82,0
TTO-07202,boundary,5,18,11,7,3,29,15,50.0,10,False,61.11,0
TTO-07203,boundary,5,19,9,10,3,26,14,46.67,8,False,47.37,0
TTO-07204,boundary,5,18,9,9,3,33,18,60.0,8,False,50.0,0
TTO-07205,boundary,5,16,10,6,3,29,18,60.0,8,False,62.5,0
TTO-07206,boundary,5,17,14,3,1,23,20,66.67,13,False,82.35,0
TTO-07207,boundary,5,17,8,9,3,34,16,53.33,7,False,47.06,0
TTO-07208,boundary,5,16,10,6,2,22,16,53.33,9,False,62.5,0
TTO-07209,boundary,5,20,9,11,3,24,10,33.33,9,False,45.0,0
TTO-07210,boundary,5,16,13,3,1,25,19,63.33,12,False,81.25,0
TTO-07211,boundary,5,19,14,5,2,27,17,56.67,14,False,73.68,0
TTO-07212,boundary,5,16,13,3,1,25,19,63.33,13,False,81.25,0
TTO-07213,boundary,5,17,11,6,3,27,16,53.33,8,False,64.71,0
TTO-07214,boundary,5,17,13,4,2,24,19,63.33,11,False,76.47,0
TTO-07215,boundary,5,17,8,9,3,23,12,40.0,7,False,47.06,0
TTO-07216,boundary,5,17,6,11,4,28,10,33.33,5,False,35.29,0
TTO-07217,boundary,5,18,7,11,3,29,10,33.33,6,False,38.89,0
TTO-07218,boundary,5,20,10,10,3,24,10,33.33,9,False,50.0,0
TTO-07219,boundary,5,18,8,10,4,32,16,53.33,6,False,44.44,0
TTO-07220,boundary,5,16,12,4,2,23,19,63.33,11,False,75.0,0
TTO-07221,boundary,5,17,10,7,3,30,20,66.67,7,False,58.82,0
TTO-07222,boundary,5,18,13,5,2,22,17,56.67,12,False,72.22,0
TTO-07223,boundary,5,17,9,8,2,28,12,40.0,7,False,52.94,0
TTO-07224,boundary,5,19,7,12,4,27,12,40.0,7,False,36.84,0
TTO-07225,boundary,5,18,15,3,1,25,19,63.33,14,False,83.33,0
TTO-07226,boundary,5,16,7,9,3,29,11,36.67,6,False,43.75,0
TTO-07227,boundary,5,19,15,4,2,27,19,63.33,13,False,78.95,0
TTO-07228,boundary,5,16,8,8,3,25,16,53.33,8,False,50.0,0
TTO-07229,boundary,5,18,10,8,3,30,18,60.0,9,False,55.56,0
TTO-07230,boundary,5,17,7,10,3,26,10,33.33,7,False,41.18,0
TTO-07231,boundary,5,17,11,6,3,27,16,53.33,10,False,64.71,0
TTO-07232,boundary,5,16,13,3,2,22,19,63.33,11,False,81.25,0
TTO-07233,boundary,5,18,11,7,3,29,15,50.0,11,False,61.11,0
TTO-07234,boundary,5,16,6,10,4,29,10,33.33,6,False,37.5,0
TTO-07235,boundary,5,18,10,8,3,32,18,60.0,10,False,55.56,0
TTO-07236,boundary,5,17,7,10,4,27,12,40.0,6,False,41.18,0
TTO-07237,boundary,5,18,10,8,3,32,16,53.33,10,False,55.56,0
TTO-07238,boundary,5,15,8,7,3,30,16,53.33,8,False,53.33,0
TTO-07239,boundary,5,18,6,12,4,22,10,33.33,4,False,33.33,0
TTO-07240,boundary,5,20,10,10,3,32,18,60.0,8,False,50.0,0
TTO-07241,boundary,5,17,12,5,2,27,17,56.67,11,False,70.59,0
TTO-07242,boundary,5,18,14,4,1,28,20,66.67,12,False,77.78,0
TTO-07243,boundary,5,18,7,11,4,29,10,33.33,7,False,38.89,0
TTO-07244,boundary,5,19,10,9,3,26,16,53.33,9,False,52.63,0
TTO-07245,boundary,5,20,13,7,2,28,14,46.67,12,False,65.0,0
TTO-07246,boundary,5,18,14,4,2,22,18,60.0,12,False,77.78,0
TTO-07247,boundary,5,19,6,13,4,34,12,40.0,6,False,31.58,0
TTO-07248,boundary,5,18,8,10,4,36,16,53.33,8,False,44.44,0
TTO-07249,boundary,5,17,9,8,3,27,14,46.67,8,False,52.94,0
TTO-07250,boundary,5,17,10,7,2,27,13,43.33,9,False,58.82,0
TTO-07251,boundary,5,16,11,5,3,29,19,63.33,10,False,68.75,0
TTO-07252,boundary,5,16,11,5,2,26,16,53.33,11,False,68.75,0
TTO-07253,boundary,5,17,10,7,2,20,10,33.33,9,False,58.82,0
TTO-07254,boundary,5,19,7,12,4,31,12,40.0,6,False,36.84,0
TTO-07255,boundary,5,18,8,10,3,25,13,43.33,6,False,44.44,0
TTO-07256,boundary,5,16,10,6,2,25,16,53.33,9,False,62.5,0
TTO-07257,boundary,5,19,12,7,3,27,16,53.33,12,False,63.16,0
TTO-07258,boundary,5,15,11,4,2,27,19,63.33,10,False,73.33,0
TTO-07259,boundary,5,16,7,9,4,23,12,40.0,6,False,43.75,0
TTO-07260,boundary,5,17,12,5,2,23,17,56.67,10,False,70.59,0
TTO-07261,boundary,5,18,14,4,2,25,17,56.67,12,False,77.78,0
TTO-07262,boundary,5,18,11,7,3,29,20,66.67,10,False,61.11,0
TTO-07263,boundary,5,18,12,6,3,22,15,50.0,11,False,66.67,0
TTO-07264,boundary,5,19,5,14,4,34,10,33.33,4,False,26.32,0
TTO-07265,boundary,5,18,7,11,3,32,10,33.33,6,False,38.89,0
TTO-07266,boundary,5,17,10,7,2,20,13,43.33,8,False,58.82,0
TTO-07267,boundary,5,16,8,8,3,25,12,40.0,8,False,50.0,0
TTO-07268,boundary,5,17,11,6,3,24,13,43.33,8,False,64.71,0
TTO-07269,boundary,5,19,10,9,3,31,15,50.0,7,False,52.63,0
TTO-07270,boundary,5,17,10,7,3,28,18,60.0,8,False,58.82,0
TTO-07271,boundary,5,17,12,5,2,24,14,46.67,11,False,70.59,0
TTO-07272,boundary,5,17,9,8,3,28,16,53.33,9,False,52.94,0
TTO-07273,boundary,5,17,9,8,3,28,18,60.0,8,False,52.94,0
TTO-07274,boundary,5,19,8,11,4,23,12,40.0,8,False,42.11,0
TTO-07275,boundary,5,18,14,4,2,25,17,56.67,13,False,77.78,0
TTO-07276,boundary,5,18,11,7,2,21,14,46.67,8,False,61.11,0
TTO-07277,boundary,5,17,9,8,3,30,14,46.67,8,False,52.94,0
TTO-07278,boundary,5,16,9,7,3,29,15,50.0,8,False,56.25,0
TTO-07279,boundary,5,19,10,9,3,26,16,53.33,10,False,52.63,0
TTO-07280,boundary,5,17,13,4,2,20,13,43.33,12,False,76.47,0
TTO-07281,boundary,5,17,9,8,3,28,18,60.0,8,False,52.94,0
TTO-07282,boundary,5,18,9,9,3,25,16,53.33,9,False,50.0,0
TTO-07283,boundary,5,15,12,3,2,21,15,50.0,12,False,80.0,0
TTO-07284,boundary,5,19,9,10,3,27,14,46.67,8,False,47.37,0
TTO-07285,boundary,5,18,9,9,3,22,13,43.33,7,False,50.0,0
TTO-07286,boundary,5,16,8,8,3,28,16,53.33,8,False,50.0,0
TTO-07287,boundary,5,18,10,8,2,25,13,43.33,8,False,55.56,0
TTO-07288,boundary,5,17,13,4,1,24,16,53.33,13,False,76.47,0
TTO-07289,boundary,5,15,8,7,3,24,16,53.33,8,False,53.33,0
TTO-07290,boundary,5,16,10,6,2,26,16,53.33,9,False,62.5,0
TTO-07291,boundary,5,16,8,8,3,26,10,33.33,5,False,50.0,0
TTO-07292,boundary,5,17,9,8,3,24,10,33.33,9,False,52.94,0
TTO-07293,boundary,5,18,10,8,3,33,20,66.67,10,False,55.56,0
TTO-07294,boundary,5,18,7,11,3,28,10,33.33,6,False,38.89,0
TTO-07295,boundary,5,17,12,5,2,27,17,56.67,10,False,70.59,0
TTO-07296,boundary,5,19,5,14,4,30,10,33.33,5,False,26.32,0
TTO-07297,boundary,5,15,9,6,3,21,13,43.33,6,False,60.0,0
TTO-07298,boundary,5,18,17,1,1,21,20,66.67,17,False,94.44,0
TTO-07299,boundary,5,17,10,7,3,34,20,66.67,9,False,58.82,0
TTO-07300,boundary,5,17,9,8,3,28,12,40.0,8,False,52.94,0
TTO-07301,boundary,5,18,14,4,2,25,17,56.67,12,False,77.78,0
TTO-07302,boundary,5,16,12,4,2,28,20,66.67,10,False,75.0,0
TTO-07303,boundary,5,18,10,8,3,26,13,43.33,10,False,55.56,0
TTO-07304,boundary,5,19,13,6,3,30,20,66.67,12,False,68.42,0
TTO-07305,boundary,5,19,11,8,3,30,18,60.0,10,False,57.89,0
TTO-07306,boundary,5,17,16,1,1,21,19,63.33,15,False,94.12,0
TTO-07307,boundary,5,18,10,8,2,32,16,53.33,9,False,55.56,0
TTO-07308,boundary,5,19,7,12,4,31,10,33.33,6,False,36.84,0
TTO-07309,boundary,5,18,12,6,3,28,20,66.67,11,False,66.67,0
TTO-07310,boundary,5,19,7,12,4,27,10,33.33,7,False,36.84,0
TTO-07311,boundary,5,16,15,1,1,19,17,56.67,12,False,93.75,0
TTO-07312,boundary,5,18,11,7,3,25,14,46.67,9,False,61.11,0
TTO-07313,boundary,5,16,6,10,4,32,12,40.0,5,False,37.5,0
TTO-07314,boundary,5,19,11,8,3,27,12,40.0,11,False,57.89,0
TTO-07315,boundary,5,15,11,4,3,27,19,63.33,10,False,73.33,0
TTO-07316,boundary,5,18,14,4,2,21,14,46.67,12,False,77.78,0
TTO-07317,boundary,5,16,7,9,3,26,10,33.33,5,False,43.75,0
TTO-07318,boundary,5,19,16,3,1,23,17,56.67,15,False,84.21,0
TTO-07319,boundary,5,17,11,6,3,25,16,53.33,9,False,64.71,0
TTO-07320,boundary,5,18,11,7,3,22,14,46.67,11,False,61.11,0
TTO-07321,boundary,5,19,7,12,4,27,12,40.0,6,False,36.84,0
TTO-07322,boundary,5,19,9,10,4,34,14,46.67,9,False,47.37,0
TTO-07323,boundary,5,17,5,12,4,30,10,33.33,5,False,29.41,0
TTO-07324,boundary,5,18,6,12,4,33,10,33.33,5,False,33.33,0
TTO-07325,boundary,5,17,9,8,3,31,18,60.0,7,False,52.94,0
TTO-07326,boundary,5,17,9,8,3,23,10,33.33,7,False,52.94,0
TTO-07327,boundary,5,17,12,5,2,24,19,63.33,10,False,70.59,0
TTO-07328,boundary,5,18,15,3,1,24,18,60.0,15,False,83.33,0
TTO-07329,boundary,5,17,16,1,1,21,19,63.33,16,False,94.12,0
TTO-07330,boundary,5,16,10,6,2,22,16,53.33,9,False,62.5,0
TTO-07331,boundary,5,18,10,8,2,29,13,43.33,9,False,55.56,0
TTO-07332,boundary,5,16,5,11,4,29,10,33.33,5,False,31.25,0
TTO-07333,boundary,5,16,10,6,2,22,13,43.33,10,False,62.5,0
TTO-07334,boundary,5,17,8,9,3,27,13,43.33,6,False,47.06,0
TTO-07335,boundary,5,15,11,4,2,24,19,63.33,11,False,73.33,0
TTO-07336,boundary,5,16,11,5,2,22,14,46.67,10,False,68.75,0
TTO-07337,boundary,5,16,5,11,4,29,10,33.33,4,False,31.25,0
TTO-07338,boundary,5,18,12,6,2,28,16,53.33,10,False,66.67,0
TTO-07339,boundary,5,18,9,9,3,32,16,53.33,8,False,50.0,0
TTO-07340,boundary,5,16,11,5,2,23,13,43.33,11,False,68.75,0
TTO-07341,boundary,5,16,13,3,1,19,16,53.33,12,False,81.25,0
TTO-07342,boundary,5,17,13,4,1,21,13,43.33,11,False,76.47,0
TTO-07343,boundary,5,19,13,6,2,23,14,46.67,11,False,68.42,0
TTO-07344,boundary,5,17,8,9,3,34,16,53.33,7,False,47.06,0
TTO-07345,boundary,5,17,9,8,3,28,12,40.0,8,False,52.94,0
TTO-07346,boundary,5,19,11,8,3,23,14,46.67,9,False,57.89,0
TTO-07347,boundary,5,18,10,8,3,28,16,53.33,8,False,55.56,0
TTO-07348,boundary,5,18,10,8,3,25,13,43.33,10,False,55.56,0
TTO-07349,boundary,5,17,10,7,2,20,10,33.33,9,False,58.82,0
TTO-07350,boundary,5,17,10,7,3,30,16,53.33,9,False,58.82,0
TTO-07351,boundary,5,20,7,13,4,24,10,33.33,6,False,35.0,0
TTO-07352,boundary,5,17,7,10,3,23,10,33.33,7,False,41.18,0
TTO-07353,boundary,5,16,6,10,4,29,9,30.0,6,False,37.5,0
TTO-07354,boundary,5,16,8,8,3,29,16,53.33,7,False,50.0,0
TTO-07355,boundary,5,19,13,6,2,19,13,43.33,12,False,68.42,0
TTO-07356,boundary,5,16,13,3,1,19,16,53.33,12,False,81.25,0
TTO-07357,boundary,5,18,14,4,2,22,18,60.0,12,False,77.78,0
TTO-07358,boundary,5,19,10,9,3,30,14,46.67,10,False,52.63,0
TTO-07359,boundary,5,18,10,8,2,28,16,53.33,9,False,55.56,0
TTO-07360,boundary,5,17,7,10,4,28,12,40.0,7,False,41.18,0
TTO-07361,boundary,5,18,14,4,2,18,14,46.67,13,False,77.78,0
TTO-07362,boundary,5,17,8,9,3,30,16,53.33,6,False,47.06,0
TTO-07363,boundary,5,16,10,6,2,20,10,33.33,8,False,62.5,0
TTO-07364,boundary,5,18,15,3,2,24,18,60.0,13,False,83.33,0
TTO-07365,boundary,5,16,10,6,2,22,13,43.33,9,False,62.5,0
TTO-07366,boundary,5,18,13,5,2,21,16,53.33,11,False,72.22,0
TTO-07367,boundary,5,15,10,5,2,21,13,43.33,10,False,66.67,0
TTO-07368,boundary,5,19,14,5,2,19,14,46.67,13,False,73.68,0
TTO-07369,boundary,5,16,10,6,3,29,17,56.67,10,False,62.5,0
TTO-07370,boundary,5,17,10,7,2,27,13,43.33,8,False,58.82,0
TTO-07371,boundary,5,19,12,7,3,22,14,46.67,12,False,63.16,0
TTO-07372,boundary,5,17,8,9,3,27,13,43.33,6,False,47.06,0
TTO-07373,boundary,5,18,7,11,3,28,10,33.33,6,False,38.89,0
TTO-07374,boundary,5,15,12,3,1,21,15,50.0,12,False,80.0,0
TTO-07375,boundary,5,16,10,6,2,19,10,33.33,9,False,62.5,0
TTO-07376,boundary,5,18,11,7,2,29,15,50.0,11,False,61.11,0
TTO-07377,boundary,5,19,9,10,3,27,14,46.67,7,False,47.37,0
TTO-07378,boundary,5,19,7,12,4,27,10,33.33,7,False,36.84,0
TTO-07379,boundary,5,19,11,8,3,31,16,53.33,9,False,57.89,0
TTO-07380,boundary,5,19,10,9,3,27,18,60.0,10,False,52.63,0
TTO-07381,boundary,5,17,11,6,3,21,14,46.67,9,False,64.71,0
TTO-07382,boundary,5,16,5,11,4,26,10,33.33,3,False,31.25,0
TTO-07383,boundary,5,17,8,9,3,23,13,43.33,7,False,47.06,0
TTO-07384,boundary,5,17,8,9,3,24,13,43.33,8,False,47.06,0
TTO-07385,boundary,5,19,5,14,4,35,10,33.33,4,False,26.32,0
TTO-07386,boundary,5,18,11,7,3,32,18,60.0,10,False,61.11,0
TTO-07387,boundary,5,18,8,10,3,25,12,40.0,8,False,44.44,0
TTO-07388,boundary,5,16,13,3,1,22,16,53.33,13,False,81.25,0
TTO-07389,boundary,5,16,8,8,3,32,16,53.33,8,False,50.0,0
TTO-07390,boundary,5,19,13,6,2,26,18,60.0,11,False,68.42,0
TTO-07391,boundary,5,17,13,4,2,24,20,66.67,11,False,76.47,0
TTO-07392,boundary,5,17,14,3,1,20,17,56.67,12,False,82.35,0
TTO-07393,boundary,5,16,7,9,3,25,10,33.33,7,False,43.75,0
TTO-07394,boundary,5,17,5,12,4,24,10,33.33,4,False,29.41,0
TTO-07395,boundary,5,17,13,4,3,28,20,66.67,10,False,76.47,0
TTO-07396,boundary,5,17,10,7,3,34,20,66.67,6,False,58.82,0
TTO-07397,boundary,5,18,11,7,3,25,12,40.0,10,False,61.11,0
TTO-07398,boundary,5,16,11,5,2,19,14,46.67,9,False,68.75,0
TTO-07399,boundary,5,18,14,4,2,24,16,53.33,12,False,77.78,0
TTO-07400,boundary,5,17,5,12,4,28,10,33.33,4,False,29.41,0
TTO-07401,boundary,5,17,9,8,3,31,15,50.0,7,False,52.94,0
TTO-07402,boundary,5,17,10,7,3,20,10,33.33,7,False,58.82,0
TTO-07403,boundary,5,18,5,13,4,29,10,33.33,5,False,27.78,0
TTO-07404,boundary,5,16,10,6,2,22,16,53.33,9,False,62.5,0
TTO-07405,boundary,5,19,10,9,3,23,14,46.67,9,False,52.63,0
TTO-07406,boundary,5,18,14,4,2,21,14,46.67,13,False,77.78,0
TTO-07407,boundary,5,18,7,11,4,29,10,33.33,7,False,38.89,0
TTO-07408,boundary,5,16,11,5,3,22,14,46.67,9,False,68.75,0
TTO-07409,boundary,5,18,12,6,2,25,19,63.33,9,False,66.67,0
TTO-07410,boundary,5,16,11,5,2,22,14,46.67,10,False,68.75,0
TTO-07411,boundary,5,15,12,3,1,24,18,60.0,11,False,80.0,0
TTO-07412,boundary,5,20,8,12,4,24,12,40.0,7,False,40.0,0
TTO-07413,boundary,5,15,14,1,1,21,19,63.33,13,False,93.33,0
TTO-07414,boundary,5,19,11,8,3,27,18,60.0,9,False,57.89,0
TTO-07415,boundary,5,17,12,5,3,20,14,46.67,11,False,70.59,0
TTO-07416,boundary,5,17,7,10,4,24,12,40.0,6,False,41.18,0
TTO-07417,boundary,5,18,6,12,4,29,10,33.33,5,False,33.33,0
TTO-07418,boundary,5,16,9,7,2,26,12,40.0,8,False,56.25,0
TTO-07419,boundary,5,19,9,10,3,38,18,60.0,9,False,47.37,0
TTO-07420,boundary,5,18,10,8,2,29,13,43.33,8,False,55.56,0
TTO-07421,boundary,5,17,12,5,2,21,16,53.33,10,False,70.59,0
TTO-07422,boundary,5,17,10,7,3,28,15,50.0,9,False,58.82,0
TTO-07423,boundary,5,18,11,7,3,28,16,53.33,10,False,61.11,0
TTO-07424,boundary,5,17,7,10,4,26,14,46.67,6,False,41.18,0
TTO-07425,boundary,5,18,12,6,3,26,19,63.33,11,False,66.67,0
TTO-07426,boundary,5,18,11,7,3,32,18,60.0,11,False,61.11,0
TTO-07427,boundary,5,19,11,8,3,30,20,66.67,9,False,57.89,0
TTO-07428,boundary,5,18,16,2,2,21,18,60.0,16,False,88.89,0
TTO-07429,boundary,5,18,11,7,2,25,15,50.0,9,False,61.11,0
TTO-07430,boundary,5,19,12,7,3,27,17,56.67,12,False,63.16,0
TTO-07431,boundary,5,17,10,7,3,23,13,43.33,7,False,58.82,0
TTO-07432,boundary,5,17,12,5,2,27,17,56.67,10,False,70.59,0
TTO-07433,boundary,5,15,10,5,2,18,13,43.33,9,False,66.67,0
TTO-07434,boundary,5,17,10,7,2,23,13,43.33,10,False,58.82,0
TTO-07435,boundary,5,16,8,8,3,22,11,36.67,8,False,50.0,0
TTO-07436,boundary,5,16,7,9,3,19,10,33.33,5,False,43.75,0
TTO-07437,boundary,5,17,8,9,4,24,12,40.0,7,False,47.06,0
TTO-07438,boundary,5,19,13,6,2,27,17,56.67,10,False,68.42,0
TTO-07439,boundary,5,18,7,11,4,25,10,33.33,7,False,38.89,0
TTO-07440,boundary,5,17,13,4,2,26,18,60.0,13,False,76.47,0
TTO-07441,boundary,5,18,5,13,4,36,10,33.33,4,False,27.78,0
TTO-07442,boundary,5,18,10,8,3,36,20,66.67,10,False,55.56,0
TTO-07443,boundary,5,18,14,4,1,22,14,46.67,12,False,77.78,0
TTO-07444,boundary,5,17,10,7,2,31,17,56.67,9,False,58.82,0
TTO-07445,boundary,5,17,13,4,1,21,13,43.33,11,False,76.47,0
TTO-07446,boundary,5,19,5,14,4,30,10,33.33,5,False,26.32,0
TTO-07447,boundary,5,19,15,4,2,27,19,63.33,12,False,78.95,0
TTO-07448,boundary,5,18,10,8,3,25,12,40.0,9,False,55.56,0
TTO-07449,boundary,5,16,12,4,2,22,16,53.33,11,False,75.0,0
TTO-07450,boundary,5,19,8,11,3,35,13,43.33,8,False,42.11,0
TTO-07451,boundary,5,18,6,12,4,25,10,33.33,5,False,33.33,0
TTO-07452,boundary,5,17,11,6,3,30,20,66.67,10,False,64.71,0
TTO-07453,boundary,5,17,11,6,3,31,20,66.67,10,False,64.71,0
TTO-07454,boundary,5,18,10,8,3,21,10,33.33,8,False,55.56,0
TTO-07455,boundary,5,16,9,7,3,23,13,43.33,9,False,56.25,0
TTO-07456,boundary,5,17,13,4,2,23,15,50.0,12,False,76.47,0
TTO-07457,boundary,5,17,10,7,2,21,10,33.33,8,False,58.82,0
TTO-07458,boundary,5,18,13,5,3,28,20,66.67,13,False,72.22,0
TTO-07459,boundary,5,18,13,5,3,25,20,66.67,12,False,72.22,0
TTO-07460,boundary,5,17,10,7,3,21,13,43.33,10,False,58.82,0
TTO-07461,boundary,5,17,15,2,1,23,19,63.33,15,False,88.24,0
TTO-07462,boundary,5,18,9,9,3,28,14,46.67,8,False,50.0,0
TTO-07463,boundary,5,18,14,4,3,28,20,66.67,13,False,77.78,0
TTO-07464,boundary,5,18,9,9,3,28,14,46.67,7,False,50.0,0
TTO-07465,boundary,5,17,10,7,3,34,20,66.67,8,False,58.82,0
TTO-07466,boundary,5,16,12,4,2,22,17,56.67,11,False,75.0,0
TTO-07467,boundary,5,16,13,3,1,22,19,63.33,10,False,81.25,0
TTO-07468,boundary,5,16,9,7,2,23,9,30.0,8,False,56.25,0
TTO-07469,boundary,5,18,11,7,2,29,18,60.0,10,False,61.11,0
TTO-07470,boundary,5,16,8,8,3,28,16,53.33,8,False,50.0,0
TTO-07471,boundary,5,20,5,15,4,32,10,33.33,5,False,25.0,0
TTO-07472,boundary,5,17,13,4,2,20,13,43.33,12,False,76.47,0
TTO-07473,boundary,5,19,11,8,3,23,14,46.67,9,False,57.89,0
TTO-07474,boundary,5,19,17,2,1,19,17,56.67,17,False,89.47,0
TTO-07475,boundary,5,17,11,6,3,21,15,50.0,9,False,64.71,0
TTO-07476,boundary,5,17,12,5,2,23,16,53.33,11,False,70.59,0
TTO-07477,boundary,5,18,13,5,2,28,18,60.0,12,False,72.22,0
TTO-07478,boundary,5,19,6,13,4,27,10,33.33,4,False,31.58,0
TTO-07479,boundary,5,18,11,7,2,28,14,46.67,11,False,61.11,0
TTO-07480,boundary,5,18,13,5,2,29,19,63.33,13,False,72.22,0
TTO-07481,boundary,5,18,5,13,4,32,10,33.33,4,False,27.78,0
TTO-07482,boundary,5,16,9,7,2,29,15,50.0,7,False,56.25,0
TTO-07483,boundary,5,20,9,11,3,36,18,60.0,8,False,45.0,0
TTO-07484,boundary,5,16,11,5,2,29,19,63.33,11,False,68.75,0
TTO-07485,boundary,5,17,12,5,2,30,20,66.67,11,False,70.59,0
TTO-07486,boundary,5,18,9,9,3,33,15,50.0,8,False,50.0,0
TTO-07487,boundary,5,18,11,7,2,28,14,46.67,10,False,61.11,0
TTO-07488,boundary,5,20,13,7,2,24,14,46.67,12,False,65.0,0
TTO-07489,boundary,5,19,16,3,1,23,17,56.67,14,False,84.21,0
TTO-07490,boundary,5,16,13,3,1,19,16,53.33,12,False,81.25,0
TTO-07491,boundary,5,16,10,6,2,25,16,53.33,9,False,62.5,0
TTO-07492,boundary,5,19,6,13,4,34,12,40.0,6,False,31.58,0
TTO-07493,boundary,5,16,12,4,3,26,20,66.67,11,False,75.0,0
TTO-07494,boundary,5,16,12,4,2,22,14,46.67,10,False,75.0,0
TTO-07495,boundary,5,18,18,0,0,18,18,60.0,16,True,100.0,0
TTO-07496,boundary,5,16,11,5,2,26,16,53.33,11,False,68.75,0
TTO-07497,boundary,5,19,13,6,2,31,19,63.33,11,False,68.42,0
TTO-07498,boundary,5,16,7,9,3,26,10,33.33,6,False,43.75,0
TTO-07499,boundary,5,17,14,3,1,20,17,56.67,12,False,82.35,0
TTO-07500,boundary,5,18,13,5,2,21,16,53.33,11,False,72.22,0
TTO-07501,boundary,5,19,9,10,3,31,14,46.67,7,False,47.37,0
TTO-07502,boundary,5,17,6,11,4,31,12,40.0,5,False,35.29,0
TTO-07503,boundary,5,16,10,6,3,29,17,56.67,10,False,62.5,0
TTO-07504,boundary,5,19,11,8,3,26,14,46.67,10,False,57.89,0
TTO-07505,boundary,5,19,11,8,2,26,14,46.67,10,False,57.89,0
TTO-07506,boundary,5,18,9,9,3,33,18,60.0,9,False,50.0,0
TTO-07507,boundary,5,17,11,6,2,24,14,46.67,10,False,64.71,0
TTO-07508,boundary,5,18,11,7,3,25,15,50.0,9,False,61.11,0
TTO-07509,boundary,5,17,11,6,2,23,14,46.67,8,False,64.71,0
TTO-07510,boundary,5,16,10,6,2,25,16,53.33,9,False,62.5,0
TTO-07511,boundary,5,17,10,7,2,20,13,43.33,7,False,58.82,0
TTO-07512,boundary,5,17,10,7,3,27,13,43.33,9,False,58.82,0
TTO-07513,boundary,5,16,16,0,0,19,19,63.33,14,True,100.0,0
TTO-07514,boundary,5,18,7,11,4,25,10,33.33,7,False,38.89,0
TTO-07515,boundary,5,19,12,7,2,27,13,43.33,12,False,63.16,0
TTO-07516,boundary,5,16,12,4,1,26,18,60.0,11,False,75.0,0
TTO-07517,boundary,5,17,10,7,3,30,20,66.67,9,False,58.82,0
TTO-07518,boundary,5,18,12,6,2,26,16,53.33,12,False,66.67,0
TTO-07519,boundary,5,19,11,8,3,27,14,46.67,10,False,57.89,0
TTO-07520,boundary,5,16,11,5,2,22,14,46.67,11,False,68.75,0
TTO-07521,boundary,5,19,6,13,4,34,10,33.33,6,False,31.58,0
TTO-07522,boundary,5,17,11,6,3,24,16,53.33,10,False,64.71,0
TTO-07523,boundary,5,19,11,8,3,27,15,50.0,10,False,57.89,0
TTO-07524,boundary,5,16,13,3,1,22,19,63.33,12,False,81.25,0
TTO-07525,boundary,5,19,9,10,3,27,10,33.33,9,False,47.37,0
TTO-07526,boundary,5,18,11,7,2,25,14,46.67,10,False,61.11,0
TTO-07527,boundary,5,16,8,8,3,25,16,53.33,7,False,50.0,0
TTO-07528,boundary,5,17,10,7,2,27,13,43.33,8,False,58.82,0
TTO-07529,boundary,5,19,10,9,3,26,16,53.33,9,False,52.63,0
TTO-07530,boundary,5,16,11,5,2,25,19,63.33,11,False,68.75,0
TTO-07531,boundary,5,18,6,12,4,33,12,40.0,5,False,33.33,0
TTO-07532,boundary,5,16,11,5,2,22,14,46.67,9,False,68.75,0
TTO-07533,boundary,5,18,9,9,3,29,16,53.33,8,False,50.0,0
TTO-07534,boundary,5,16,11,5,3,29,19,63.33,10,False,68.75,0
TTO-07535,boundary,5,17,7,10,3,24,10,33.33,6,False,41.18,0
TTO-07536,boundary,5,19,15,4,2,23,16,53.33,13,False,78.95,0
TTO-07537,boundary,5,18,14,4,2,28,20,66.67,13,False,77.78,0
TTO-07538,boundary,5,15,8,7,3,27,16,53.33,7,False,53.33,0
TTO-07539,boundary,5,19,9,10,3,27,14,46.67,8,False,47.37,0
TTO-07540,boundary,5,16,9,7,3,22,14,46.67,8,False,56.25,0
TTO-07541,boundary,5,18,5,13,4,28,10,33.33,4,False,27.78,0
TTO-07542,boundary,5,18,9,9,3,25,10,33.33,9,False,50.0,0
TTO-07543,boundary,5,17,11,6,3,24,18,60.0,10,False,64.71,0
TTO-07544,boundary,5,17,9,8,3,23,14,46.67,9,False,52.94,0
TTO-07545,boundary,5,17,14,3,1,20,14,46.67,13,False,82.35,0
TTO-07546,boundary,5,17,15,2,1,21,17,56.67,13,False,88.24,0
TTO-07547,boundary,5,17,9,8,4,31,15,50.0,8,False,52.94,0
TTO-07548,boundary,5,17,13,4,1,17,13,43.33,11,False,76.47,0
TTO-07549,boundary,5,17,10,7,2,23,13,43.33,9,False,58.82,0
TTO-07550,boundary,5,16,13,3,1,19,16,53.33,12,False,81.25,0
TTO-07551,boundary,5,18,5,13,4,36,10,33.33,4,False,27.78,0
TTO-07552,boundary,5,17,11,6,2,27,18,60.0,11,False,64.71,0
TTO-07553,boundary,5,16,10,6,2,22,10,33.33,8,False,62.5,0
TTO-07554,boundary,5,16,12,4,2,22,17,56.67,12,False,75.0,0
TTO-07555,boundary,5,17,12,5,2,27,17,56.67,10,False,70.59,0
TTO-07556,boundary,5,16,13,3,1,22,16,53.33,11,False,81.25,0
TTO-07557,boundary,5,17,13,4,2,26,18,60.0,11,False,76.47,0
TTO-07558,boundary,5,18,5,13,4,29,10,33.33,4,False,27.78,0
TTO-07559,boundary,5,18,14,4,2,25,17,56.67,12,False,77.78,0
TTO-07560,boundary,5,17,7,10,3,28,10,33.33,6,False,41.18,0
TTO-07561,boundary,5,19,12,7,3,31,20,66.67,11,False,63.16,0
TTO-07562,boundary,5,19,6,13,4,30,12,40.0,5,False,31.58,0
TTO-07563,boundary,5,18,7,11,4,33,12,40.0,7,False,38.89,0
TTO-07564,boundary,5,15,10,5,2,21,13,43.33,9,False,66.67,0
TTO-07565,boundary,5,18,12,6,2,26,14,46.67,11,False,66.67,0
TTO-07566,boundary,5,18,13,5,2,25,15,50.0,13,False,72.22,0
TTO-07567,boundary,5,17,16,1,1,21,19,63.33,14,False,94.12,0
TTO-07568,boundary,5,19,13,6,2,23,13,43.33,13,False,68.42,0
TTO-07569,boundary,5,18,10,8,3,32,18,60.0,8,False,55.56,0
TTO-07570,boundary,5,17,10,7,3,30,20,66.67,8,False,58.82,0
TTO-07571,boundary,5,17,9,8,3,31,15,50.0,8,False,52.94,0
TTO-07572,boundary,5,18,12,6,2,22,13,43.33,12,False,66.67,0
TTO-07573,boundary,5,20,9,11,3,28,10,33.33,8,False,45.0,0
TTO-07574,boundary,5,16,7,9,3,28,10,33.33,6,False,43.75,0
TTO-07575,boundary,5,16,10,6,2,25,13,43.33,9,False,62.5,0
TTO-07576,boundary,5,17,10,7,3,34,20,66.67,9,False,58.82,0
TTO-07577,boundary,5,19,13,6,2,23,17,56.67,13,False,68.42,0
TTO-07578,boundary,5,19,14,5,2,23,17,56.67,12,False,73.68,0
TTO-07579,boundary,5,17,12,5,2,27,20,66.67,10,False,70.59,0
TTO-07580,boundary,5,17,10,7,3,24,13,43.33,9,False,58.82,0
TTO-07581,boundary,5,17,13,4,2,28,20,66.67,12,False,76.47,0
TTO-07582,boundary,5,19,13,6,2,30,18,60.0,13,False,68.42,0
TTO-07583,boundary,5,16,8,8,3,19,10,33.33,7,False,50.0,0
TTO-07584,boundary,5,18,9,9,3,29,14,46.67,7,False,50.0,0
TTO-07585,boundary,5,18,10,8,3,36,20,66.67,10,False,55.56,0
TTO-07586,boundary,5,16,10,6,2,25,16,53.33,9,False,62.5,0
TTO-07587,boundary,5,18,10,8,3,28,16,53.33,10,False,55.56,0
TTO-07588,boundary,5,17,14,3,1,17,14,46.67,12,False,82.35,0
TTO-07589,boundary,5,18,10,8,2,18,10,33.33,9,False,55.56,0
TTO-07590,boundary,5,15,15,0,0,18,18,60.0,11,True,100.0,0
TTO-07591,boundary,5,17,10,7,3,30,18,60.0,8,False,58.82,0
TTO-07592,boundary,5,19,9,10,3,34,14,46.67,7,False,47.37,0
TTO-07593,boundary,5,16,11,5,2,25,15,50.0,8,False,68.75,0
TTO-07594,boundary,5,18,12,6,2,28,20,66.67,10,False,66.67,0
TTO-07595,boundary,5,19,9,10,3,31,11,36.67,9,False,47.37,0
TTO-07596,boundary,5,18,10,8,3,26,13,43.33,9,False,55.56,0
TTO-07597,boundary,5,18,15,3,2,25,20,66.67,15,False,83.33,0
TTO-07598,boundary,5,17,11,6,3,27,18,60.0,9,False,64.71,0
TTO-07599,boundary,5,18,10,8,3,29,18,60.0,9,False,55.56,0
TTO-07600,boundary,5,15,12,3,1,24,18,60.0,11,False,80.0,0
TTO-07601,boundary,5,19,10,9,3,34,18,60.0,9,False,52.63,0
TTO-07602,boundary,5,16,10,6,2,25,13,43.33,9,False,62.5,0
TTO-07603,boundary,5,19,6,13,4,27,10,33.33,6,False,31.58,0
TTO-07604,boundary,5,18,12,6,3,25,14,46.67,11,False,66.67,0
TTO-07605,boundary,5,17,11,6,2,28,16,53.33,9,False,64.71,0
TTO-07606,boundary,5,19,14,5,2,23,14,46.67,12,False,73.68,0
TTO-07607,boundary,5,17,16,1,1,20,18,60.0,15,False,94.12,0
TTO-07608,boundary,5,16,10,6,2,19,13,43.33,9,False,62.5,0
TTO-07609,boundary,5,17,7,10,3,23,10,33.33,6,False,41.18,0
TTO-07610,boundary,5,18,10,8,3,26,14,46.67,8,False,55.56,0
TTO-07611,boundary,5,18,10,8,3,32,18,60.0,8,False,55.56,0
TTO-07612,boundary,5,16,9,7,2,26,12,40.0,9,False,56.25,0
TTO-07613,boundary,5,18,11,7,3,29,16,53.33,10,False,61.11,0
TTO-07614,boundary,5,18,9,9,3,29,14,46.67,9,False,50.0,0
TTO-07615,boundary,5,17,10,7,3,30,16,53.33,9,False,58.82,0
TTO-07616,boundary,5,17,9,8,3,24,14,46.67,8,False,52.94,0
TTO-07617,boundary,5,17,10,7,3,23,12,40.0,10,False,58.82,0
TTO-07618,boundary,5,17,9,8,3,23,14,46.67,8,False,52.94,0
TTO-07619,boundary,5,17,5,12,4,31,10,33.33,5,False,29.41,0
TTO-07620,boundary,5,17,8,9,3,24,11,36.67,8,False,47.06,0
TTO-07621,boundary,5,18,8,10,4,26,12,40.0,8,False,44.44,0
TTO-07622,boundary,5,17,5,12,4,27,10,33.33,4,False,29.41,0
TTO-07623,boundary,5,17,12,5,2,30,20,66.67,10,False,70.59,0
TTO-07624,boundary,5,18,7,11,4,29,10,33.33,5,False,38.89,0
TTO-07625,boundary,5,18,7,11,4,29,10,33.33,6,False,38.89,0
TTO-07626,boundary,5,17,8,9,3,31,13,43.33,6,False,47.06,0
TTO-07627,boundary,5,17,9,8,2,28,12,40.0,9,False,52.94,0
TTO-07628,boundary,5,19,12,7,3,34,20,66.67,12,False,63.16,0
TTO-07629,boundary,5,19,10,9,3,31,13,43.33,8,False,52.63,0
TTO-07630,boundary,5,18,6,12,4,25,10,33.33,5,False,33.33,0
TTO-07631,boundary,5,20,12,8,3,32,20,66.67,11,False,60.0,0
TTO-07632,boundary,5,16,12,4,3,26,20,66.67,10,False,75.0,0
TTO-07633,boundary,5,20,8,12,4,32,12,40.0,7,False,40.0,0
TTO-07634,boundary,5,19,12,7,2,34,20,66.67,11,False,63.16,0
TTO-07635,boundary,5,18,14,4,1,28,20,66.67,13,False,77.78,0
TTO-07636,boundary,5,19,8,11,3,31,9,30.0,8,False,42.11,0
TTO-07637,boundary,5,19,10,9,4,30,16,53.33,8,False,52.63,0
TTO-07638,boundary,5,16,9,7,3,32,18,60.0,8,False,56.25,0
TTO-07639,boundary,5,20,14,6,2,28,18,60.0,13,False,70.0,0
TTO-07640,boundary,5,19,13,6,2,26,18,60.0,12,False,68.42,0
TTO-07641,boundary,5,17,9,8,3,34,18,60.0,7,False,52.94,0
TTO-07642,boundary,5,16,14,2,1,19,17,56.67,13,False,87.5,0
TTO-07643,boundary,5,18,10,8,3,29,18,60.0,10,False,55.56,0
TTO-07644,boundary,5,19,6,13,4,38,12,40.0,6,False,31.58,0
TTO-07645,boundary,5,17,10,7,3,27,13,43.33,9,False,58.82,0
TTO-07646,boundary,5,17,9,8,3,28,14,46.67,8,False,52.94,0
TTO-07647,boundary,5,18,13,5,2,25,15,50.0,12,False,72.22,0
TTO-07648,boundary,5,17,10,7,3,31,20,66.67,7,False,58.82,0
TTO-07649,boundary,5,17,17,0,0,17,17,56.67,16,True,100.0,0
TTO-07650,boundary,5,19,11,8,3,26,16,53.33,9,False,57.89,0
TTO-07651,boundary,5,18,13,5,2,29,19,63.33,12,False,72.22,0
TTO-07652,boundary,5,16,7,9,3,26,10,33.33,6,False,43.75,0
TTO-07653,boundary,5,19,14,5,3,27,18,60.0,14,False,73.68,0
TTO-07654,boundary,5,17,6,11,4,30,10,33.33,5,False,35.29,0
TTO-07655,boundary,5,17,13,4,3,24,17,56.67,13,False,76.47,0
TTO-07656,boundary,5,16,7,9,3,25,10,33.33,7,False,43.75,0
TTO-07657,boundary,5,17,11,6,2,23,14,46.67,10,False,64.71,0
TTO-07658,boundary,5,18,12,6,2,29,17,56.67,11,False,66.67,0
TTO-07659,boundary,5,16,8,8,3,23,13,43.33,8,False,50.0,0
TTO-07660,boundary,5,18,12,6,3,28,20,66.67,9,False,66.67,0
TTO-07661,boundary,5,16,10,6,3,23,13,43.33,10,False,62.5,0
TTO-07662,boundary,5,19,7,12,4,30,12,40.0,7,False,36.84,0
TTO-07663,boundary,5,18,11,7,2,25,14,46.67,10,False,61.11,0
TTO-07664,boundary,5,18,12,6,2,22,14,46.67,11,False,66.67,0
TTO-07665,boundary,5,17,8,9,3,28,12,40.0,8,False,47.06,0
TTO-07666,boundary,5,16,13,3,1,16,13,43.33,13,False,81.25,0
TTO-07667,boundary,5,17,7,10,4,24,10,33.33,7,False,41.18,0
TTO-07668,boundary,5,17,11,6,2,23,14,46.67,9,False,64.71,0
TTO-07669,boundary,5,19,15,4,2,26,20,66.67,14,False,78.95,0
TTO-07670,boundary,5,16,14,2,2,23,19,63.33,14,False,87.5,0
TTO-07671,boundary,5,18,8,10,4,32,16,53.33,8,False,44.44,0
TTO-07672,boundary,5,16,5,11,4,26,10,33.33,5,False,31.25,0
TTO-07673,boundary,5,19,5,14,4,31,10,33.33,5,False,26.32,0
TTO-07674,boundary,5,19,13,6,2,26,18,60.0,12,False,68.42,0
TTO-07675,boundary,5,18,11,7,2,21,14,46.67,11,False,61.11,0
TTO-07676,boundary,5,16,11,5,3,29,19,63.33,11,False,68.75,0
TTO-07677,boundary,5,18,14,4,1,25,17,56.67,12,False,77.78,0
TTO-07678,boundary,5,19,11,8,3,27,14,46.67,11,False,57.89,0
TTO-07679,boundary,5,16,11,5,2,25,15,50.0,10,False,68.75,0
TTO-07680,boundary,5,16,13,3,2,22,17,56.67,12,False,81.25,0
TTO-07681,boundary,5,16,13,3,2,22,16,53.33,11,False,81.25,0
TTO-07682,boundary,5,17,12,5,2,24,16,53.33,11,False,70.59,0
TTO-07683,boundary,5,19,11,8,3,31,18,60.0,11,False,57.89,0
TTO-07684,boundary,5,17,8,9,3,24,13,43.33,8,False,47.06,0
TTO-07685,boundary,5,19,9,10,3,34,14,46.67,9,False,47.37,0
TTO-07686,boundary,5,17,10,7,3,27,18,60.0,10,False,58.82,0
TTO-07687,boundary,5,16,8,8,3,25,12,40.0,8,False,50.0,0
TTO-07688,boundary,5,18,10,8,3,30,18,60.0,10,False,55.56,0
TTO-07689,boundary,5,16,9,7,2,23,9,30.0,9,False,56.25,0
TTO-07690,boundary,5,17,12,5,2,30,20,66.67,11,False,70.59,0
TTO-07691,boundary,5,17,5,12,4,30,10,33.33,4,False,29.41,0
TTO-07692,boundary,5,20,9,11,3,36,14,46.67,9,False,45.0,0
TTO-07693,boundary,5,17,8,9,3,30,16,53.33,7,False,47.06,0
TTO-07694,boundary,5,15,10,5,2,18,13,43.33,9,False,66.67,0
TTO-07695,boundary,5,17,11,6,3,28,20,66.67,11,False,64.71,0
TTO-07696,boundary,5,18,10,8,3,26,13,43.33,9,False,55.56,0
TTO-07697,boundary,5,17,8,9,3,27,13,43.33,8,False,47.06,0
TTO-07698,boundary,5,17,15,2,1,20,16,53.33,13,False,88.24,0
TTO-07699,boundary,5,19,9,10,3,30,14,46.67,9,False,47.37,0
TTO-07700,boundary,5,18,13,5,2,25,20,66.67,12,False,72.22,0
TTO-07701,boundary,5,18,10,8,3,30,17,56.67,10,False,55.56,0
TTO-07702,boundary,5,16,10,6,3,26,16,53.33,9,False,62.5,0
TTO-07703,boundary,5,16,8,8,3,32,16,53.33,8,False,50.0,0
TTO-07704,boundary,5,17,12,5,2,27,20,66.67,9,False,70.59,0
TTO-07705,boundary,5,19,9,10,3,26,10,33.33,7,False,47.37,0
TTO-07706,boundary,5,17,11,6,2,24,12,40.0,11,False,64.71,0
TTO-07707,boundary,5,16,13,3,1,22,16,53.33,10,False,81.25,0
TTO-07708,boundary,5,15,15,0,0,15,15,50.0,13,True,100.0,0
TTO-07709,boundary,5,16,12,4,1,23,15,50.0,11,False,75.0,0
TTO-07710,boundary,5,16,8,8,3,32,16,53.33,8,False,50.0,0
TTO-07711,boundary,5,18,7,11,4,36,14,46.67,6,False,38.89,0
TTO-07712,boundary,5,19,9,10,3,38,18,60.0,8,False,47.37,0
TTO-07713,boundary,5,17,12,5,2,24,17,56.67,12,False,70.59,0
TTO-07714,boundary,5,18,13,5,2,26,16,53.33,11,False,72.22,0
TTO-07715,boundary,5,17,7,10,3,27,10,33.33,6,False,41.18,0
TTO-07716,boundary,5,18,12,6,2,25,13,43.33,10,False,66.67,0
TTO-07717,boundary,5,16,12,4,2,22,16,53.33,12,False,75.0,0
TTO-07718,boundary,5,16,10,6,3,26,14,46.67,9,False,62.5,0
TTO-07719,boundary,5,20,14,6,2,32,20,66.67,13,False,70.0,0
TTO-07720,boundary,5,18,10,8,3,29,15,50.0,8,False,55.56,0
TTO-07721,boundary,5,17,10,7,3,28,18,60.0,8,False,58.82,0
TTO-07722,boundary,5,18,11,7,3,22,14,46.67,9,False,61.11,0
TTO-07723,boundary,5,17,13,4,2,20,13,43.33,12,False,76.47,0
TTO-07724,boundary,5,17,10,7,3,30,16,53.33,10,False,58.82,0
TTO-07725,boundary,5,17,7,10,4,31,12,40.0,6,False,41.18,0
TTO-07726,boundary,5,16,7,9,4,25,14,46.67,7,False,43.75,0
TTO-07727,boundary,5,17,13,4,2,20,16,53.33,11,False,76.47,0
TTO-07728,boundary,5,17,5,12,4,31,10,33.33,5,False,29.41,0
TTO-07729,boundary,5,18,10,8,2,25,13,43.33,10,False,55.56,0
TTO-07730,boundary,5,17,11,6,2,27,15,50.0,11,False,64.71,0
TTO-07731,boundary,5,18,12,6,2,32,20,66.67,11,False,66.67,0
TTO-07732,boundary,5,18,16,2,2,18,16,53.33,14,False,88.89,0
TTO-07733,boundary,5,17,12,5,2,20,13,43.33,10,False,70.59,0
TTO-07734,boundary,5,15,12,3,1,24,18,60.0,11,False,80.0,0
TTO-07735,boundary,5,19,11,8,3,27,14,46.67,10,False,57.89,0
TTO-07736,boundary,5,15,13,2,1,15,13,43.33,13,False,86.67,0
TTO-07737,boundary,5,18,10,8,3,28,18,60.0,7,False,55.56,0
TTO-07738,boundary,5,19,10,9,3,34,16,53.33,9,False,52.63,0
TTO-07739,boundary,5,18,10,8,2,29,13,43.33,8,False,55.56,0
TTO-07740,boundary,5,18,15,3,1,22,16,53.33,13,False,83.33,0
TTO-07741,boundary,5,18,11,7,2,24,14,46.67,10,False,61.11,0
TTO-07742,boundary,5,17,10,7,3,27,18,60.0,8,False,58.82,0
TTO-07743,boundary,5,17,11,6,3,31,19,63.33,10,False,64.71,0
TTO-07744,boundary,5,17,10,7,3,27,18,60.0,9,False,58.82,0
TTO-07745,boundary,5,17,9,8,3,34,18,60.0,7,False,52.94,0
TTO-07746,boundary,5,16,12,4,2,26,18,60.0,12,False,75.0,0
TTO-07747,boundary,5,18,13,5,2,18,13,43.33,12,False,72.22,0
TTO-07748,boundary,5,19,13,6,2,23,13,43.33,12,False,68.42,0
TTO-07749,boundary,5,17,14,3,1,21,15,50.0,12,False,82.35,0
TTO-07750,boundary,5,18,10,8,3,30,18,60.0,9,False,55.56,0
TTO-07751,boundary,5,18,10,8,3,32,16,53.33,9,False,55.56,0
TTO-07752,boundary,5,17,14,3,1,20,17,56.67,14,False,82.35,0
TTO-07753,boundary,5,16,11,5,2,22,12,40.0,10,False,68.75,0
TTO-07754,boundary,5,18,10,8,3,36,20,66.67,7,False,55.56,0
TTO-07755,boundary,5,19,13,6,2,30,18,60.0,10,False,68.42,0
TTO-07756,boundary,5,17,10,7,3,24,14,46.67,9,False,58.82,0
TTO-07757,boundary,5,17,9,8,3,21,13,43.33,9,False,52.94,0
TTO-07758,boundary,5,16,8,8,3,29,13,43.33,7,False,50.0,0
TTO-07759,boundary,5,16,10,6,2,19,13,43.33,8,False,62.5,0
TTO-07760,boundary,5,17,10,7,3,28,16,53.33,8,False,58.82,0
TTO-07761,boundary,5,18,14,4,1,28,20,66.67,12,False,77.78,0
TTO-07762,boundary,5,18,17,1,1,18,17,56.67,13,False,94.44,0
TTO-07763,boundary,5,15,11,4,2,21,15,50.0,8,False,73.33,0
TTO-07764,boundary,5,16,8,8,4,26,12,40.0,8,False,50.0,0
TTO-07765,boundary,5,18,12,6,3,32,20,66.67,11,False,66.67,0
TTO-07766,boundary,5,18,10,8,2,22,10,33.33,9,False,55.56,0
TTO-07767,boundary,5,17,13,4,1,17,13,43.33,12,False,76.47,0
TTO-07768,boundary,5,17,13,4,1,27,19,63.33,12,False,76.47,0
TTO-07769,boundary,5,17,9,8,3,34,18,60.0,7,False,52.94,0
TTO-07770,boundary,5,15,5,10,4,30,10,33.33,5,False,33.33,0
TTO-07771,boundary,5,17,7,10,3,27,10,33.33,6,False,41.18,0
TTO-07772,boundary,5,18,11,7,3,30,18,60.0,10,False,61.11,0
TTO-07773,boundary,5,18,9,9,3,28,14,46.67,8,False,50.0,0
TTO-07774,boundary,5,16,9,7,3,25,14,46.67,9,False,56.25,0
TTO-07775,boundary,5,17,11,6,2,24,15,50.0,10,False,64.71,0
TTO-07776,boundary,5,16,12,4,2,20,15,50.0,12,False,75.0,0
TTO-07777,boundary,5,18,12,6,3,30,19,63.33,11,False,66.67,0
TTO-07778,boundary,5,18,15,3,1,22,16,53.33,14,False,83.33,0
TTO-07779,boundary,5,17,12,5,2,23,13,43.33,11,False,70.59,0
TTO-07780,boundary,5,18,6,12,4,22,10,33.33,6,False,33.33,0
TTO-07781,boundary,5,18,15,3,1,22,16,53.33,13,False,83.33,0
TTO-07782,boundary,5,16,8,8,3,26,16,53.33,8,False,50.0,0
TTO-07783,boundary,5,17,14,3,1,20,17,56.67,11,False,82.35,0
TTO-07784,boundary,5,16,5,11,4,26,10,33.33,5,False,31.25,0
TTO-07785,boundary,5,18,11,7,3,22,14,46.67,10,False,61.11,0
TTO-07786,boundary,5,17,12,5,3,24,16,53.33,12,False,70.59,0
TTO-07787,boundary,5,18,10,8,3,30,18,60.0,8,False,55.56,0
TTO-07788,boundary,5,17,15,2,1,20,16,53.33,15,False,88.24,0
TTO-07789,boundary,5,16,11,5,2,26,16,53.33,9,False,68.75,0
TTO-07790,boundary,5,17,10,7,3,27,13,43.33,9,False,58.82,0
TTO-07791,boundary,5,19,8,11,3,31,13,43.33,7,False,42.11,0
TTO-07792,boundary,5,19,12,7,3,31,20,66.67,11,False,63.16,0
TTO-07793,boundary,5,18,11,7,3,25,12,40.0,10,False,61.11,0
TTO-07794,boundary,5,15,8,7,3,27,16,53.33,7,False,53.33,0
TTO-07795,boundary,5,19,10,9,3,34,20,66.67,9,False,52.63,0
TTO-07796,boundary,5,17,10,7,3,27,13,43.33,9,False,58.82,0
TTO-07797,boundary,5,16,8,8,3,26,13,43.33,8,False,50.0,0
TTO-07798,boundary,5,17,7,10,3,31,11,36.67,7,False,41.18,0
TTO-07799,boundary,5,19,11,8,3,31,18,60.0,10,False,57.89,0
TTO-07800,boundary,5,16,5,11,4,22,10,33.33,4,False,31.25,0
TTO-07801,boundary,5,18,14,4,1,22,18,60.0,12,False,77.78,0
TTO-07802,boundary,5,19,7,12,4,26,10,33.33,6,False,36.84,0
TTO-07803,boundary,5,18,15,3,2,25,20,66.67,13,False,83.33,0
TTO-07804,boundary,5,18,9,9,3,33,18,60.0,7,False,50.0,0
TTO-07805,boundary,5,16,13,3,1,19,16,53.33,11,False,81.25,0
TTO-07806,boundary,5,19,13,6,3,27,16,53.33,12,False,68.42,0
TTO-07807,boundary,5,17,10,7,2,24,13,43.33,9,False,58.82,0
TTO-07808,boundary,5,18,10,8,2,22,10,33.33,10,False,55.56,0
TTO-07809,boundary,5,18,13,5,2,29,19,63.33,11,False,72.22,0
TTO-07810,boundary,5,20,10,10,4,28,16,53.33,9,False,50.0,0
TTO-07811,boundary,5,20,14,6,2,24,14,46.67,13,False,70.0,0
TTO-07812,boundary,5,17,10,7,2,23,13,43.33,9,False,58.82,0
TTO-07813,boundary,5,18,12,6,2,22,14,46.67,10,False,66.67,0
TTO-07814,boundary,5,17,12,5,3,28,20,66.67,10,False,70.59,0
TTO-07815,boundary,5,18,10,8,3,25,13,43.33,10,False,55.56,0
TTO-07816,boundary,5,15,14,1,1,21,19,63.33,13,False,93.33,0
TTO-07817,boundary,5,19,11,8,3,30,14,46.67,11,False,57.89,0
TTO-07818,boundary,5,17,11,6,2,28,18,60.0,8,False,64.71,0
TTO-07819,boundary,5,16,14,2,1,22,20,66.67,13,False,87.5,0
TTO-07820,boundary,5,18,7,11,4,33,14,46.67,7,False,38.89,0
TTO-07821,boundary,5,19,14,5,2,23,17,56.67,13,False,73.68,0
TTO-07822,boundary,5,16,8,8,3,28,16,53.33,7,False,50.0,0
TTO-07823,boundary,5,18,7,11,3,29,10,33.33,6,False,38.89,0
TTO-07824,boundary,5,17,5,12,4,31,10,33.33,5,False,29.41,0
TTO-07825,boundary,5,18,11,7,3,26,14,46.67,10,False,61.11,0
TTO-07826,boundary,5,19,12,7,3,34,20,66.67,9,False,63.16,0
TTO-07827,boundary,5,16,8,8,3,25,13,43.33,6,False,50.0,0
TTO-07828,boundary,5,18,15,3,1,21,18,60.0,14,False,83.33,0
TTO-07829,boundary,5,19,5,14,4,30,10,33.33,5,False,26.32,0
TTO-07830,boundary,5,18,11,7,2,25,14,46.67,10,False,61.11,0
TTO-07831,boundary,5,17,14,3,2,23,18,60.0,12,False,82.35,0
TTO-07832,boundary,5,18,10,8,3,28,14,46.67,9,False,55.56,0
TTO-07833,boundary,5,16,11,5,2,23,13,43.33,10,False,68.75,0
TTO-07834,boundary,5,17,5,12,4,30,10,33.33,3,False,29.41,0
TTO-07835,boundary,5,17,11,6,3,31,19,63.33,10,False,64.71,0
TTO-07836,boundary,5,17,11,6,2,24,15,50.0,10,False,64.71,0
TTO-07837,boundary,5,17,14,3,1,23,17,56.67,13,False,82.35,0
TTO-07838,boundary,5,19,10,9,3,30,18,60.0,9,False,52.63,0
TTO-07839,boundary,5,17,12,5,2,23,16,53.33,11,False,70.59,0
TTO-07840,boundary,5,18,10,8,3,36,20,66.67,8,False,55.56,0
TTO-07841,boundary,5,18,9,9,3,29,13,43.33,8,False,50.0,0
TTO-07842,boundary,5,17,12,5,2,24,19,63.33,12,False,70.59,0
TTO-07843,boundary,5,19,10,9,3,34,16,53.33,8,False,52.63,0
TTO-07844,boundary,5,17,11,6,3,27,15,50.0,11,False,64.71,0
TTO-07845,boundary,5,16,7,9,3,22,10,33.33,4,False,43.75,0
TTO-07846,boundary,5,18,12,6,2,29,17,56.67,9,False,66.67,0
TTO-07847,boundary,5,17,8,9,3,27,12,40.0,7,False,47.06,0
TTO-07848,boundary,5,20,6,14,4,32,10,33.33,5,False,30.0,0
TTO-07849,boundary,5,18,7,11,4,26,12,40.0,6,False,38.89,0
TTO-07850,boundary,5,17,10,7,3,30,20,66.67,9,False,58.82,0
TTO-07851,boundary,5,18,15,3,2,22,18,60.0,12,False,83.33,0
TTO-07852,boundary,5,17,10,7,3,21,13,43.33,9,False,58.82,0
TTO-07853,boundary,5,17,11,6,2,31,19,63.33,10,False,64.71,0
TTO-07854,boundary,5,20,10,10,3,24,10,33.33,10,False,50.0,0
TTO-07855,boundary,5,17,13,4,2,24,17,56.67,12,False,76.47,0
TTO-07856,boundary,5,19,13,6,3,27,20,66.67,12,False,68.42,0
TTO-07857,boundary,5,16,10,6,2,25,16,53.33,9,False,62.5,0
TTO-07858,boundary,5,16,10,6,2,19,13,43.33,10,False,62.5,0
TTO-07859,boundary,5,18,10,8,3,29,18,60.0,8,False,55.56,0
TTO-07860,boundary,5,17,9,8,3,31,18,60.0,8,False,52.94,0
TTO-07861,boundary,5,19,12,7,2,27,17,56.67,12,False,63.16,0
TTO-07862,boundary,5,17,13,4,2,24,19,63.33,11,False,76.47,0
TTO-07863,boundary,5,19,11,8,2,30,14,46.67,11,False,57.89,0
TTO-07864,boundary,5,18,12,6,2,25,13,43.33,11,False,66.67,0
TTO-07865,boundary,5,17,5,12,4,34,10,33.33,5,False,29.41,0
TTO-07866,boundary,5,19,14,5,2,23,18,60.0,13,False,73.68,0
TTO-07867,boundary,5,18,9,9,3,33,15,50.0,8,False,50.0,0
TTO-07868,boundary,5,16,11,5,2,26,16,53.33,11,False,68.75,0
TTO-07869,boundary,5,18,8,10,3,29,13,43.33,7,False,44.44,0
TTO-07870,boundary,5,17,12,5,2,23,16,53.33,12,False,70.59,0
TTO-07871,boundary,5,18,10,8,3,25,14,46.67,9,False,55.56,0
TTO-07872,boundary,5,19,9,10,3,23,10,33.33,8,False,47.37,0
TTO-07873,boundary,5,18,6,12,4,36,12,40.0,5,False,33.33,0
TTO-07874,boundary,5,16,10,6,2,28,16,53.33,10,False,62.5,0
TTO-07875,boundary,5,19,14,5,2,30,20,66.67,11,False,73.68,0
TTO-07876,boundary,5,19,6,13,4,27,10,33.33,5,False,31.58,0
TTO-07877,boundary,5,18,8,10,4,32,16,53.33,8,False,44.44,0
TTO-07878,boundary,5,19,10,9,3,27,18,60.0,8,False,52.63,0
TTO-07879,boundary,5,19,11,8,3,30,16,53.33,11,False,57.89,0
TTO-07880,boundary,5,17,11,6,2,23,14,46.67,9,False,64.71,0
TTO-07881,boundary,5,19,7,12,4,30,14,46.67,7,False,36.84,0
TTO-07882,boundary,5,18,10,8,3,21,10,33.33,8,False,55.56,0
TTO-07883,boundary,5,17,12,5,2,24,14,46.67,9,False,70.59,0
TTO-07884,boundary,5,19,13,6,2,30,18,60.0,12,False,68.42,0
TTO-07885,boundary,5,18,11,7,3,22,14,46.67,9,False,61.11,0
TTO-07886,boundary,5,17,13,4,2,24,16,53.33,12,False,76.47,0
TTO-07887,boundary,5,17,5,12,4,31,10,33.33,4,False,29.41,0
TTO-07888,boundary,5,18,10,8,3,25,10,33.33,10,False,55.56,0
TTO-07889,boundary,5,20,15,5,2,24,18,60.0,15,False,75.0,0
TTO-07890,boundary,5,17,12,5,2,26,16,53.33,9,False,70.59,0
TTO-07891,boundary,5,16,9,7,3,26,14,46.67,8,False,56.25,0
TTO-07892,boundary,5,16,8,8,3,19,10,33.33,8,False,50.0,0
TTO-07893,boundary,5,19,9,10,3,27,14,46.67,9,False,47.37,0
TTO-07894,boundary,5,18,10,8,3,25,13,43.33,8,False,55.56,0
TTO-07895,boundary,5,17,8,9,3,23,11,36.67,7,False,47.06,0
TTO-07896,boundary,5,19,12,7,3,31,19,63.33,12,False,63.16,0
TTO-07897,boundary,5,17,7,10,4,24,10,33.33,6,False,41.18,0
TTO-07898,boundary,5,16,10,6,3,29,20,66.67,9,False,62.5,0
TTO-07899,boundary,5,17,10,7,2,21,10,33.33,8,False,58.82,0
TTO-07900,boundary,5,19,9,10,3,38,18,60.0,7,False,47.37,0
TTO-07901,boundary,5,18,7,11,3,25,10,33.33,6,False,38.89,0
TTO-07902,boundary,5,19,9,10,3,26,14,46.67,7,False,47.37,0
TTO-07903,boundary,5,18,10,8,3,25,12,40.0,9,False,55.56,0
TTO-07904,boundary,5,17,7,10,4,30,14,46.67,7,False,41.18,0
TTO-07905,boundary,5,18,10,8,3,25,14,46.67,9,False,55.56,0
TTO-07906,boundary,5,18,7,11,3,28,10,33.33,6,False,38.89,0
TTO-07907,boundary,5,16,8,8,4,23,11,36.67,7,False,50.0,0
TTO-07908,boundary,5,19,10,9,3,27,13,43.33,9,False,52.63,0
TTO-07909,boundary,5,17,12,5,2,27,20,66.67,10,False,70.59,0
TTO-07910,boundary,5,18,7,11,3,32,10,33.33,7,False,38.89,0
TTO-07911,boundary,5,18,9,9,3,28,14,46.67,8,False,50.0,0
TTO-07912,boundary,5,16,5,11,4,25,10,33.33,5,False,31.25,0
TTO-07913,boundary,5,17,12,5,2,27,20,66.67,11,False,70.59,0
TTO-07914,boundary,5,18,12,6,3,25,16,53.33,10,False,66.67,0
TTO-07915,boundary,5,19,5,14,4,34,10,33.33,5,False,26.32,0
TTO-07916,boundary,5,18,9,9,3,29,13,43.33,9,False,50.0,0
TTO-07917,boundary,5,16,13,3,1,19,16,53.33,12,False,81.25,0
TTO-07918,boundary,5,17,5,12,4,30,10,33.33,5,False,29.41,0
TTO-07919,boundary,5,18,14,4,1,25,17,56.67,13,False,77.78,0
TTO-07920,boundary,5,16,8,8,4,23,12,40.0,8,False,50.0,0
TTO-07921,boundary,5,18,13,5,2,25,18,60.0,11,False,72.22,0
TTO-07922,boundary,5,16,11,5,2,20,13,43.33,10,False,68.75,0
TTO-07923,boundary,5,19,7,12,3,30,10,33.33,7,False,36.84,0
TTO-07924,boundary,5,17,10,7,3,27,13,43.33,8,False,58.82,0
TTO-07925,boundary,5,16,11,5,2,22,17,56.67,10,False,68.75,0
TTO-07926,boundary,5,18,13,5,3,26,19,63.33,10,False,72.22,0
TTO-07927,boundary,5,19,7,12,4,27,12,40.0,7,False,36.84,0
TTO-07928,boundary,5,18,14,4,2,21,15,50.0,12,False,77.78,0
TTO-07929,boundary,5,17,14,3,1,23,20,66.67,13,False,82.35,0
TTO-07930,boundary,5,17,9,8,3,23,14,46.67,7,False,52.94,0
TTO-07931,boundary,5,19,18,1,1,19,18,60.0,14,False,94.74,0
TTO-07932,boundary,5,18,15,3,1,22,16,53.33,12,False,83.33,0
TTO-07933,boundary,5,16,10,6,2,25,16,53.33,9,False,62.5,0
TTO-07934,boundary,5,19,7,12,3,30,10,33.33,7,False,36.84,0
TTO-07935,boundary,5,16,10,6,2,22,13,43.33,9,False,62.5,0
TTO-07936,boundary,5,17,9,8,3,27,14,46.67,9,False,52.94,0
TTO-07937,boundary,5,15,10,5,3,30,20,66.67,10,False,66.67,0
TTO-07938,boundary,5,20,12,8,3,32,16,53.33,10,False,60.0,0
TTO-07939,boundary,5,18,12,6,3,26,16,53.33,10,False,66.67,0
TTO-07940,boundary,5,19,9,10,4,31,14,46.67,8,False,47.37,0
TTO-07941,boundary,5,19,15,4,2,23,18,60.0,15,False,78.95,0
TTO-07942,boundary,5,17,12,5,2,24,16,53.33,12,False,70.59,0
TTO-07943,boundary,5,16,10,6,3,29,17,56.67,10,False,62.5,0
TTO-07944,boundary,5,17,10,7,2,27,13,43.33,10,False,58.82,0
TTO-07945,boundary,5,19,9,10,3,26,10,33.33,8,False,47.37,0
TTO-07946,boundary,5,16,10,6,2,22,16,53.33,10,False,62.5,0
TTO-07947,boundary,5,18,9,9,3,33,18,60.0,9,False,50.0,0
TTO-07948,boundary,5,16,14,2,1,19,15,50.0,11,False,87.5,0
TTO-07949,boundary,5,17,13,4,1,27,19,63.33,13,False,76.47,0
TTO-07950,boundary,5,19,12,7,2,27,13,43.33,12,False,63.16,0
TTO-07951,boundary,5,19,8,11,3,34,16,53.33,6,False,42.11,0
TTO-07952,boundary,5,17,8,9,4,24,12,40.0,8,False,47.06,0
TTO-07953,boundary,5,18,10,8,3,29,18,60.0,7,False,55.56,0
TTO-07954,boundary,5,18,9,9,3,32,16,53.33,8,False,50.0,0
TTO-07955,boundary,5,18,9,9,3,28,14,46.67,9,False,50.0,0
TTO-07956,boundary,5,19,5,14,4,30,10,33.33,4,False,26.32,0
TTO-07957,boundary,5,18,9,9,4,32,14,46.67,8,False,50.0,0
TTO-07958,boundary,5,19,12,7,3,27,14,46.67,11,False,63.16,0
TTO-07959,boundary,5,18,13,5,2,28,18,60.0,10,False,72.22,0
TTO-07960,boundary,5,16,11,5,2,26,19,63.33,11,False,68.75,0
TTO-07961,boundary,5,18,10,8,3,25,14,46.67,10,False,55.56,0
TTO-07962,boundary,5,17,7,10,4,30,10,33.33,6,False,41.18,0
TTO-07963,boundary,5,16,7,9,4,23,12,40.0,6,False,43.75,0
TTO-07964,boundary,5,15,5,10,4,24,10,33.33,5,False,33.33,0
TTO-07965,boundary,5,17,8,9,3,25,10,33.33,7,False,47.06,0
TTO-07966,boundary,5,17,8,9,3,31,13,43.33,7,False,47.06,0
TTO-07967,boundary,5,18,10,8,2,18,10,33.33,8,False,55.56,0
TTO-07968,boundary,5,18,12,6,3,26,19,63.33,12,False,66.67,0
TTO-07969,boundary,5,16,12,4,2,23,15,50.0,10,False,75.0,0
TTO-07970,boundary,5,19,13,6,2,23,13,43.33,11,False,68.42,0
TTO-07971,boundary,5,18,11,7,2,25,18,60.0,10,False,61.11,0
TTO-07972,boundary,5,17,12,5,2,27,17,56.67,11,False,70.59,0
TTO-07973,boundary,5,16,11,5,2,22,12,40.0,10,False,68.75,0
TTO-07974,boundary,5,17,8,9,3,28,13,43.33,8,False,47.06,0
TTO-07975,boundary,5,17,7,10,4,34,14,46.67,7,False,41.18,0
TTO-07976,boundary,5,17,7,10,3,24,10,33.33,6,False,41.18,0
TTO-07977,boundary,5,17,14,3,1,20,17,56.67,12,False,82.35,0
TTO-07978,boundary,5,18,12,6,3,25,14,46.67,10,False,66.67,0
TTO-07979,boundary,5,18,11,7,2,30,16,53.33,11,False,61.11,0
TTO-07980,boundary,5,17,10,7,2,24,13,43.33,10,False,58.82,0
TTO-07981,boundary,5,19,6,13,4,23,10,33.33,5,False,31.58,0
TTO-07982,boundary,5,18,7,11,3,25,10,33.33,7,False,38.89,0
TTO-07983,boundary,5,17,11,6,2,27,19,63.33,9,False,64.71,0
TTO-07984,boundary,5,18,10,8,2,26,10,33.33,9,False,55.56,0
TTO-07985,boundary,5,18,11,7,3,32,20,66.67,8,False,61.11,0
TTO-07986,boundary,5,16,8,8,3,29,16,53.33,7,False,50.0,0
TTO-07987,boundary,5,17,9,8,3,27,14,46.67,8,False,52.94,0
TTO-07988,boundary,5,17,11,6,2,24,12,40.0,8,False,64.71,0
TTO-07989,boundary,5,17,9,8,3,24,14,46.67,9,False,52.94,0
TTO-07990,boundary,5,18,11,7,3,26,18,60.0,9,False,61.11,0
TTO-07991,boundary,5,19,11,8,3,27,14,46.67,8,False,57.89,0
TTO-07992,boundary,5,17,11,6,2,26,14,46.67,9,False,64.71,0
TTO-07993,boundary,5,17,10,7,3,27,13,43.33,10,False,58.82,0
TTO-07994,boundary,5,19,7,12,4,27,10,33.33,7,False,36.84,0
TTO-07995,boundary,5,17,9,8,3,30,16,53.33,8,False,52.94,0
TTO-07996,boundary,5,19,12,7,3,26,14,46.67,10,False,63.16,0
TTO-07997,boundary,5,18,14,4,2,21,14,46.67,14,False,77.78,0
TTO-07998,boundary,5,18,9,9,3,33,15,50.0,9,False,50.0,0
TTO-07999,boundary,5,20,14,6,2,24,18,60.0,12,False,70.0,0
TTO-08000,boundary,5,16,11,5,2,25,19,63.33,11,False,68.75,0
TTO-08001,boundary,5,18,8,10,4,28,16,53.33,7,False,44.44,0
TTO-08002,boundary,5,18,12,6,2,32,20,66.67,10,False,66.67,0
TTO-08003,boundary,5,18,11,7,2,25,14,46.67,9,False,61.11,0
TTO-08004,boundary,5,20,10,10,3,28,18,60.0,8,False,50.0,0
TTO-08005,boundary,5,18,13,5,2,25,15,50.0,12,False,72.22,0
TTO-08006,boundary,5,18,6,12,4,26,10,33.33,6,False,33.33,0
TTO-08007,boundary,5,16,14,2,1,23,19,63.33,13,False,87.5,0
TTO-08008,boundary,5,18,5,13,4,30,10,33.33,5,False,27.78,0
TTO-08009,boundary,5,15,10,5,2,21,13,43.33,10,False,66.67,0
TTO-08010,boundary,5,16,10,6,2,19,13,43.33,9,False,62.5,0
TTO-08011,boundary,5,16,8,8,3,22,10,33.33,8,False,50.0,0
TTO-08012,boundary,5,18,10,8,3,28,16,53.33,9,False,55.56,0
TTO-08013,boundary,5,19,11,8,3,30,16,53.33,10,False,57.89,0
TTO-08014,boundary,5,20,10,10,3,32,18,60.0,9,False,50.0,0
TTO-08015,boundary,5,16,9,7,3,29,16,53.33,7,False,56.25,0
TTO-08016,boundary,5,17,5,12,4,30,10,33.33,4,False,29.41,0
TTO-08017,boundary,5,18,12,6,2,26,16,53.33,12,False,66.67,0
TTO-08018,boundary,5,15,10,5,3,30,20,66.67,9,False,66.67,0
TTO-08019,boundary,5,17,12,5,2,24,19,63.33,11,False,70.59,0
TTO-08020,boundary,5,15,10,5,2,24,14,46.67,10,False,66.67,0
TTO-08021,boundary,5,17,6,11,4,28,10,33.33,6,False,35.29,0
TTO-08022,boundary,5,17,14,3,1,20,17,56.67,13,False,82.35,0
TTO-08023,boundary,5,17,7,10,3,28,10,33.33,7,False,41.18,0
TTO-08024,boundary,5,17,11,6,2,20,12,40.0,9,False,64.71,0
TTO-08025,boundary,5,17,9,8,3,24,14,46.67,8,False,52.94,0
TTO-08026,boundary,5,18,11,7,2,25,14,46.67,11,False,61.11,0
TTO-08027,boundary,5,17,12,5,2,28,18,60.0,11,False,70.59,0
TTO-08028,boundary,5,16,7,9,3,22,10,33.33,7,False,43.75,0
TTO-08029,boundary,5,17,11,6,3,28,20,66.67,11,False,64.71,0
TTO-08030,boundary,5,18,11,7,2,29,18,60.0,10,False,61.11,0
TTO-08031,boundary,5,20,10,10,3,28,12,40.0,8,False,50.0,0
TTO-08032,boundary,5,17,11,6,3,27,18,60.0,11,False,64.71,0
TTO-08033,boundary,5,16,5,11,4,22,10,33.33,5,False,31.25,0
TTO-08034,boundary,5,16,10,6,2,25,13,43.33,8,False,62.5,0
TTO-08035,boundary,5,17,10,7,2,23,13,43.33,9,False,58.82,0
TTO-08036,boundary,5,18,9,9,3,32,14,46.67,9,False,50.0,0
TTO-08037,boundary,5,17,12,5,2,25,15,50.0,11,False,70.59,0
TTO-08038,boundary,5,18,7,11,4,25,10,33.33,5,False,38.89,0
TTO-08039,boundary,5,18,9,9,3,25,14,46.67,9,False,50.0,0
TTO-08040,boundary,5,16,10,6,3,28,20,66.67,8,False,62.5,0
TTO-08041,boundary,5,18,9,9,3,32,14,46.67,9,False,50.0,0
TTO-08042,boundary,5,18,8,10,3,36,16,53.33,6,False,44.44,0
TTO-08043,boundary,5,18,14,4,2,21,14,46.67,12,False,77.78,0
TTO-08044,boundary,5,17,10,7,3,25,13,43.33,9,False,58.82,0
TTO-08045,boundary,5,18,10,8,3,29,16,53.33,8,False,55.56,0
TTO-08046,boundary,5,16,8,8,3,25,16,53.33,6,False,50.0,0
TTO-08047,boundary,5,19,6,13,4,38,12,40.0,6,False,31.58,0
TTO-08048,boundary,5,17,7,10,3,23,10,33.33,7,False,41.18,0
TTO-08049,boundary,5,17,13,4,2,20,16,53.33,11,False,76.47,0
TTO-08050,boundary,5,18,7,11,4,25,12,40.0,5,False,38.89,0
TTO-08051,boundary,5,17,9,8,3,27,14,46.67,9,False,52.94,0
TTO-08052,boundary,5,18,8,10,3,29,13,43.33,7,False,44.44,0
TTO-08053,boundary,5,16,11,5,2,29,19,63.33,10,False,68.75,0
TTO-08054,boundary,5,17,9,8,3,31,18,60.0,9,False,52.94,0
TTO-08055,boundary,5,18,11,7,3,26,14,46.67,10,False,61.11,0
TTO-08056,boundary,5,17,11,6,2,24,14,46.67,11,False,64.71,0
TTO-08057,boundary,5,19,11,8,2,30,14,46.67,10,False,57.89,0
TTO-08058,boundary,5,17,11,6,2,27,15,50.0,10,False,64.71,0
TTO-08059,boundary,5,15,11,4,2,24,16,53.33,10,False,73.33,0
TTO-08060,boundary,5,17,17,0,0,17,17,56.67,13,True,100.0,0
TTO-08061,boundary,5,16,10,6,3,23,13,43.33,8,False,62.5,0
TTO-08062,boundary,5,17,5,12,4,28,10,33.33,5,False,29.41,0
TTO-08063,boundary,5,18,14,4,2,28,20,66.67,12,False,77.78,0
TTO-08064,boundary,5,18,10,8,2,28,16,53.33,9,False,55.56,0
TTO-08065,boundary,5,16,13,3,1,22,19,63.33,12,False,81.25,0
TTO-08066,boundary,5,19,14,5,2,26,20,66.67,13,False,73.68,0
TTO-08067,boundary,5,17,10,7,3,27,16,53.33,10,False,58.82,0
TTO-08068,boundary,5,16,12,4,2,26,18,60.0,11,False,75.0,0
TTO-08069,boundary,5,16,11,5,3,23,18,60.0,8,False,68.75,0
TTO-08070,boundary,5,20,11,9,3,28,12,40.0,8,False,55.0,0
TTO-08071,boundary,5,18,12,6,3,25,16,53.33,11,False,66.67,0
TTO-08072,boundary,5,16,5,11,4,25,10,33.33,4,False,31.25,0
TTO-08073,boundary,5,18,13,5,2,28,18,60.0,12,False,72.22,0
TTO-08074,boundary,5,17,7,10,4,30,14,46.67,7,False,41.18,0
TTO-08075,boundary,5,16,5,11,4,32,10,33.33,5,False,31.25,0
TTO-08076,boundary,5,15,10,5,2,24,16,53.33,10,False,66.67,0
TTO-08077,boundary,5,20,11,9,3,28,14,46.67,11,False,55.0,0
TTO-08078,boundary,5,17,15,2,2,23,20,66.67,14,False,88.24,0
TTO-08079,boundary,5,19,11,8,3,27,12,40.0,11,False,57.89,0
TTO-08080,boundary,5,20,10,10,3,28,18,60.0,9,False,50.0,0
TTO-08081,boundary,5,19,13,6,3,23,16,53.33,12,False,68.42,0
TTO-08082,boundary,5,17,12,5,2,25,18,60.0,9,False,70.59,0
TTO-08083,boundary,5,18,9,9,3,32,14,46.67,9,False,50.0,0
TTO-08084,boundary,5,18,10,8,4,32,16,53.33,8,False,55.56,0
TTO-08085,boundary,5,16,10,6,3,29,18,60.0,10,False,62.5,0
TTO-08086,boundary,5,18,12,6,3,32,20,66.67,8,False,66.67,0
TTO-08087,boundary,5,19,10,9,3,27,13,43.33,9,False,52.63,0
TTO-08088,boundary,5,17,6,11,4,27,10,33.33,5,False,35.29,0
TTO-08089,boundary,5,18,9,9,3,32,14,46.67,7,False,50.0,0
TTO-08090,boundary,5,18,12,6,2,32,20,66.67,11,False,66.67,0
TTO-08091,boundary,5,17,12,5,2,28,18,60.0,12,False,70.59,0
TTO-08092,boundary,5,20,12,8,3,36,20,66.67,11,False,60.0,0
TTO-08093,boundary,5,17,10,7,2,26,16,53.33,9,False,58.82,0
TTO-08094,boundary,5,18,11,7,3,26,13,43.33,11,False,61.11,0
TTO-08095,boundary,5,18,15,3,2,25,20,66.67,12,False,83.33,0
TTO-08096,boundary,5,17,9,8,3,26,14,46.67,8,False,52.94,0
TTO-08097,boundary,5,17,11,6,2,20,14,46.67,10,False,64.71,0
TTO-08098,boundary,5,17,9,8,3,27,14,46.67,9,False,52.94,0
TTO-08099,boundary,5,19,7,12,4,30,12,40.0,6,False,36.84,0
TTO-08100,boundary,5,18,12,6,3,29,20,66.67,12,False,66.67,0
TTO-08101,boundary,5,18,9,9,3,32,14,46.67,8,False,50.0,0
TTO-08102,boundary,5,17,13,4,1,23,19,63.33,12,False,76.47,0
TTO-08103,boundary,5,17,10,7,2,23,16,53.33,8,False,58.82,0
TTO-08104,boundary,5,18,11,7,3,22,14,46.67,10,False,61.11,0
TTO-08105,boundary,5,16,11,5,3,26,19,63.33,9,False,68.75,0
TTO-08106,boundary,5,16,11,5,2,22,16,53.33,11,False,68.75,0
TTO-08107,boundary,5,16,5,11,4,32,10,33.33,5,False,31.25,0
TTO-08108,boundary,5,19,13,6,2,22,16,53.33,12,False,68.42,0
TTO-08109,boundary,5,17,12,5,2,27,20,66.67,11,False,70.59,0
TTO-08110,boundary,5,16,12,4,3,26,18,60.0,10,False,75.0,0
TTO-08111,boundary,5,18,13,5,3,29,19,63.33,12,False,72.22,0
TTO-08112,boundary,5,16,5,11,4,26,10,33.33,4,False,31.25,0
TTO-08113,boundary,5,18,10,8,3,32,20,66.67,8,False,55.56,0
TTO-08114,boundary,5,18,15,3,2,22,18,60.0,13,False,83.33,0
TTO-08115,boundary,5,18,10,8,3,26,14,46.67,9,False,55.56,0
TTO-08116,boundary,5,18,14,4,2,21,17,56.67,13,False,77.78,0
TTO-08117,boundary,5,18,14,4,2,25,20,66.67,14,False,77.78,0
TTO-08118,boundary,5,18,12,6,2,32,20,66.67,11,False,66.67,0
TTO-08119,boundary,5,16,13,3,1,22,16,53.33,11,False,81.25,0
TTO-08120,boundary,5,17,12,5,2,25,15,50.0,11,False,70.59,0
TTO-08121,boundary,5,19,9,10,3,31,14,46.67,7,False,47.37,0
TTO-08122,boundary,5,17,11,6,2,28,16,53.33,11,False,64.71,0
TTO-08123,boundary,5,19,13,6,3,23,16,53.33,10,False,68.42,0
TTO-08124,boundary,5,17,9,8,3,28,12,40.0,8,False,52.94,0
TTO-08125,boundary,5,18,10,8,2,28,16,53.33,10,False,55.56,0
TTO-08126,boundary,5,17,10,7,2,23,16,53.33,8,False,58.82,0
TTO-08127,boundary,5,18,10,8,3,22,10,33.33,8,False,55.56,0
TTO-08128,boundary,5,17,10,7,2,30,16,53.33,10,False,58.82,0
TTO-08129,boundary,5,15,12,3,1,24,18,60.0,12,False,80.0,0
TTO-08130,boundary,5,19,10,9,3,27,14,46.67,9,False,52.63,0
TTO-08131,boundary,5,18,10,8,3,22,14,46.67,9,False,55.56,0
TTO-08132,boundary,5,16,8,8,3,26,10,33.33,8,False,50.0,0
TTO-08133,boundary,5,17,13,4,1,17,13,43.33,13,False,76.47,0
TTO-08134,boundary,5,18,9,9,3,25,16,53.33,7,False,50.0,0
TTO-08135,boundary,5,19,12,7,2,23,13,43.33,12,False,63.16,0
TTO-08136,boundary,5,17,12,5,2,27,17,56.67,10,False,70.59,0
TTO-08137,boundary,5,16,7,9,3,26,10,33.33,6,False,43.75,0
TTO-08138,boundary,5,20,11,9,3,24,14,46.67,10,False,55.0,0
TTO-08139,boundary,5,18,13,5,2,25,16,53.33,12,False,72.22,0
TTO-08140,boundary,5,17,13,4,2,24,16,53.33,12,False,76.47,0
TTO-08141,boundary,5,19,7,12,4,30,12,40.0,6,False,36.84,0
TTO-08142,boundary,5,19,11,8,3,30,14,46.67,11,False,57.89,0
TTO-08143,boundary,5,18,10,8,3,29,16,53.33,9,False,55.56,0
TTO-08144,boundary,5,15,8,7,3,24,12,40.0,7,False,53.33,0
TTO-08145,boundary,5,17,7,10,4,31,11,36.67,7,False,41.18,0
TTO-08146,boundary,5,16,13,3,1,16,13,43.33,11,False,81.25,0
TTO-08147,boundary,5,18,7,11,4,28,10,33.33,7,False,38.89,0
TTO-08148,boundary,5,17,13,4,2,24,19,63.33,11,False,76.47,0
TTO-08149,boundary,5,16,11,5,2,26,19,63.33,11,False,68.75,0
TTO-08150,boundary,5,17,10,7,3,17,10,33.33,9,False,58.82,0
TTO-08151,boundary,5,17,7,10,3,28,10,33.33,7,False,41.18,0
TTO-08152,boundary,5,17,10,7,3,31,20,66.67,10,False,58.82,0
TTO-08153,boundary,5,19,9,10,3,30,10,33.33,8,False,47.37,0
TTO-08154,boundary,5,16,12,4,2,28,20,66.67,12,False,75.0,0
TTO-08155,boundary,5,16,10,6,3,26,14,46.67,8,False,62.5,0
TTO-08156,boundary,5,18,7,11,3,28,10,33.33,6,False,38.89,0
TTO-08157,boundary,5,19,5,14,4,30,10,33.33,5,False,26.32,0
TTO-08158,boundary,5,17,7,10,4,31,14,46.67,7,False,41.18,0
TTO-08159,boundary,5,18,11,7,3,28,14,46.67,11,False,61.11,0
TTO-08160,boundary,5,16,13,3,1,22,16,53.33,11,False,81.25,0
TTO-08161,boundary,5,17,14,3,1,17,14,46.67,13,False,82.35,0
TTO-08162,boundary,5,18,7,11,4,22,10,33.33,7,False,38.89,0
TTO-08163,boundary,5,19,7,12,4,34,12,40.0,6,False,36.84,0
TTO-08164,boundary,5,18,16,2,2,18,16,53.33,14,False,88.89,0
TTO-08165,boundary,5,17,13,4,2,27,19,63.33,12,False,76.47,0
TTO-08166,boundary,5,15,13,2,1,21,19,63.33,10,False,86.67,0
TTO-08167,boundary,5,17,8,9,3,27,13,43.33,6,False,47.06,0
TTO-08168,boundary,5,18,11,7,2,28,18,60.0,10,False,61.11,0
TTO-08169,boundary,5,18,13,5,2,24,16,53.33,13,False,72.22,0
TTO-08170,boundary,5,19,11,8,3,34,18,60.0,10,False,57.89,0
TTO-08171,boundary,5,17,10,7,2,20,10,33.33,9,False,58.82,0
TTO-08172,boundary,5,19,10,9,3,27,14,46.67,9,False,52.63,0
TTO-08173,boundary,5,18,10,8,3,25,10,33.33,8,False,55.56,0
TTO-08174,boundary,5,17,10,7,3,28,16,53.33,9,False,58.82,0
TTO-08175,boundary,5,19,6,13,4,27,10,33.33,5,False,31.58,0
TTO-08176,boundary,5,18,10,8,3,28,16,53.33,8,False,55.56,0
TTO-08177,boundary,5,18,10,8,3,29,17,56.67,9,False,55.56,0
TTO-08178,boundary,5,16,14,2,1,22,18,60.0,12,False,87.5,0
TTO-08179,boundary,5,16,7,9,3,22,10,33.33,6,False,43.75,0
TTO-08180,boundary,5,16,10,6,2,26,16,53.33,8,False,62.5,0
TTO-08181,boundary,5,18,10,8,3,25,13,43.33,9,False,55.56,0
TTO-08182,boundary,5,15,11,4,2,24,16,53.33,10,False,73.33,0
TTO-08183,boundary,5,18,9,9,3,25,10,33.33,8,False,50.0,0
TTO-08184,boundary,5,16,7,9,3,19,10,33.33,6,False,43.75,0
TTO-08185,boundary,5,17,8,9,3,31,16,53.33,7,False,47.06,0
TTO-08186,boundary,5,18,9,9,4,29,14,46.67,9,False,50.0,0
TTO-08187,boundary,5,18,10,8,2,21,13,43.33,7,False,55.56,0
TTO-08188,boundary,5,17,7,10,3,23,10,33.33,6,False,41.18,0
TTO-08189,boundary,5,15,10,5,2,24,16,53.33,9,False,66.67,0
TTO-08190,boundary,5,17,12,5,3,30,20,66.67,11,False,70.59,0
TTO-08191,boundary,5,17,10,7,2,24,13,43.33,9,False,58.82,0
TTO-08192,boundary,5,18,10,8,3,36,20,66.67,9,False,55.56,0
TTO-08193,boundary,5,18,8,10,3,29,13,43.33,8,False,44.44,0
TTO-08194,boundary,5,18,10,8,3,25,14,46.67,10,False,55.56,0
TTO-08195,boundary,5,17,9,8,3,23,14,46.67,8,False,52.94,0
TTO-08196,boundary,5,18,11,7,3,29,15,50.0,10,False,61.11,0
TTO-08197,boundary,5,17,13,4,2,20,16,53.33,12,False,76.47,0
TTO-08198,boundary,5,16,7,9,4,26,12,40.0,6,False,43.75,0
TTO-08199,boundary,5,16,9,7,3,26,12,40.0,9,False,56.25,0
TTO-08200,boundary,5,15,10,5,2,21,13,43.33,8,False,66.67,0
TTO-08201,boundary,5,19,11,8,2,34,18,60.0,8,False,57.89,0
TTO-08202,boundary,5,18,14,4,2,22,18,60.0,13,False,77.78,0
TTO-08203,boundary,5,18,8,10,3,26,10,33.33,7,False,44.44,0
TTO-08204,boundary,5,17,12,5,2,30,20,66.67,11,False,70.59,0
TTO-08205,boundary,5,17,8,9,3,31,13,43.33,8,False,47.06,0
TTO-08206,boundary,5,19,11,8,2,26,14,46.67,11,False,57.89,0
TTO-08207,boundary,5,17,9,8,3,30,14,46.67,9,False,52.94,0
TTO-08208,boundary,5,18,10,8,3,29,14,46.67,8,False,55.56,0
TTO-08209,boundary,5,16,8,8,3,29,16,53.33,6,False,50.0,0
TTO-08210,boundary,5,17,8,9,3,24,13,43.33,8,False,47.06,0
TTO-08211,boundary,5,20,12,8,3,20,12,40.0,12,False,60.0,0
TTO-08212,boundary,5,17,9,8,3,27,14,46.67,7,False,52.94,0
TTO-08213,boundary,5,16,10,6,2,22,16,53.33,8,False,62.5,0
TTO-08214,boundary,5,17,11,6,2,27,15,50.0,9,False,64.71,0
TTO-08215,boundary,5,17,12,5,2,23,17,56.67,10,False,70.59,0
TTO-08216,boundary,5,20,6,14,4,32,10,33.33,6,False,30.0,0
TTO-08217,boundary,5,18,9,9,3,32,14,46.67,8,False,50.0,0
TTO-08218,boundary,5,17,10,7,3,24,16,53.33,9,False,58.82,0
TTO-08219,boundary,5,17,8,9,3,24,13,43.33,7,False,47.06,0
TTO-08220,boundary,5,17,16,1,1,20,19,63.33,13,False,94.12,0
TTO-08221,boundary,5,17,9,8,3,24,14,46.67,9,False,52.94,0
TTO-08222,boundary,5,17,7,10,4,27,10,33.33,6,False,41.18,0
TTO-08223,boundary,5,16,13,3,1,22,16,53.33,12,False,81.25,0
TTO-08224,boundary,5,19,9,10,3,34,18,60.0,8,False,47.37,0
TTO-08225,boundary,5,18,13,5,2,26,16,53.33,12,False,72.22,0
TTO-08226,boundary,5,19,13,6,2,23,13,43.33,12,False,68.42,0
TTO-08227,boundary,5,15,14,1,1,21,19,63.33,14,False,93.33,0
TTO-08228,boundary,5,18,13,5,2,21,16,53.33,12,False,72.22,0
TTO-08229,boundary,5,18,6,12,4,33,10,33.33,5,False,33.33,0
TTO-08230,boundary,5,17,13,4,2,28,20,66.67,12,False,76.47,0
TTO-08231,boundary,5,19,7,12,4,27,10,33.33,6,False,36.84,0
TTO-08232,boundary,5,16,11,5,2,26,16,53.33,9,False,68.75,0
TTO-08233,boundary,5,18,10,8,2,29,13,43.33,9,False,55.56,0
TTO-08234,boundary,5,18,10,8,3,32,16,53.33,10,False,55.56,0
TTO-08235,boundary,5,18,11,7,3,25,16,53.33,11,False,61.11,0
TTO-08236,boundary,5,19,7,12,3,34,10,33.33,6,False,36.84,0
TTO-08237,boundary,5,17,15,2,2,20,17,56.67,13,False,88.24,0
TTO-08238,boundary,5,19,5,14,4,26,10,33.33,4,False,26.32,0
TTO-08239,boundary,5,19,10,9,3,30,18,60.0,10,False,52.63,0
TTO-08240,boundary,5,16,7,9,4,29,11,36.67,6,False,43.75,0
TTO-08241,boundary,5,18,7,11,3,25,10,33.33,5,False,38.89,0
TTO-08242,boundary,5,19,14,5,2,19,14,46.67,12,False,73.68,0
TTO-08243,boundary,5,17,14,3,1,23,20,66.67,13,False,82.35,0
TTO-08244,boundary,5,16,10,6,2,22,13,43.33,9,False,62.5,0
TTO-08245,boundary,5,19,14,5,2,19,14,46.67,14,False,73.68,0
TTO-08246,boundary,5,17,15,2,2,23,20,66.67,14,False,88.24,0
TTO-08247,boundary,5,18,14,4,2,18,14,46.67,12,False,77.78,0
TTO-08248,boundary,5,19,14,5,2,27,18,60.0,13,False,73.68,0
TTO-08249,boundary,5,17,9,8,3,31,15,50.0,8,False,52.94,0
TTO-08250,boundary,5,17,9,8,3,27,14,46.67,7,False,52.94,0
TTO-08251,boundary,5,19,13,6,3,30,18,60.0,12,False,68.42,0
TTO-08252,boundary,5,19,9,10,4,31,14,46.67,9,False,47.37,0
TTO-08253,boundary,5,17,10,7,3,27,16,53.33,10,False,58.82,0
TTO-08254,boundary,5,18,13,5,2,25,16,53.33,12,False,72.22,0
TTO-08255,boundary,5,17,13,4,2,17,13,43.33,12,False,76.47,0
TTO-08256,boundary,5,19,11,8,3,30,14,46.67,11,False,57.89,0
TTO-08257,boundary,5,18,14,4,2,25,18,60.0,14,False,77.78,0
TTO-08258,boundary,5,17,13,4,1,17,13,43.33,12,False,76.47,0
TTO-08259,boundary,5,18,13,5,2,25,17,56.67,11,False,72.22,0
TTO-08260,boundary,5,17,12,5,3,30,20,66.67,11,False,70.59,0
TTO-08261,boundary,5,18,7,11,3,25,10,33.33,6,False,38.89,0
TTO-08262,boundary,5,19,5,14,4,34,10,33.33,4,False,26.32,0
TTO-08263,boundary,5,17,9,8,3,25,13,43.33,8,False,52.94,0
TTO-08264,boundary,5,17,9,8,3,27,15,50.0,7,False,52.94,0
TTO-08265,boundary,5,17,13,4,3,25,20,66.67,10,False,76.47,0
TTO-08266,boundary,5,17,8,9,3,31,16,53.33,6,False,47.06,0
TTO-08267,boundary,5,17,6,11,4,21,10,33.33,6,False,35.29,0
TTO-08268,boundary,5,17,12,5,2,24,17,56.67,11,False,70.59,0
TTO-08269,boundary,5,19,15,4,2,26,18,60.0,13,False,78.95,0
TTO-08270,boundary,5,17,14,3,2,20,16,53.33,12,False,82.35,0
TTO-08271,boundary,5,18,15,3,2,22,17,56.67,14,False,83.33,0
TTO-08272,boundary,5,18,9,9,3,36,18,60.0,9,False,50.0,0
TTO-08273,boundary,5,18,13,5,3,26,19,63.33,12,False,72.22,0
TTO-08274,boundary,5,18,15,3,1,22,16,53.33,12,False,83.33,0
TTO-08275,boundary,5,17,11,6,2,23,14,46.67,10,False,64.71,0
TTO-08276,boundary,5,18,13,5,2,24,14,46.67,12,False,72.22,0
TTO-08277,boundary,5,18,12,6,2,25,13,43.33,10,False,66.67,0
TTO-08278,boundary,5,18,10,8,3,26,18,60.0,8,False,55.56,0
TTO-08279,boundary,5,17,8,9,4,27,12,40.0,8,False,47.06,0
TTO-08280,boundary,5,17,8,9,3,27,12,40.0,7,False,47.06,0
TTO-08281,boundary,5,16,8,8,3,29,16,53.33,8,False,50.0,0
TTO-08282,boundary,5,17,6,11,4,28,10,33.33,6,False,35.29,0
TTO-08283,boundary,5,18,13,5,2,22,16,53.33,11,False,72.22,0
TTO-08284,boundary,5,18,10,8,2,22,10,33.33,9,False,55.56,0
TTO-08285,boundary,5,17,11,6,2,23,14,46.67,10,False,64.71,0
TTO-08286,boundary,5,15,14,1,1,21,19,63.33,13,False,93.33,0
TTO-08287,boundary,5,17,12,5,2,27,20,66.67,12,False,70.59,0
TTO-08288,boundary,5,16,13,3,1,22,19,63.33,12,False,81.25,0
TTO-08289,boundary,5,17,7,10,4,27,12,40.0,6,False,41.18,0
TTO-08290,boundary,5,19,11,8,3,27,14,46.67,10,False,57.89,0
TTO-08291,boundary,5,18,13,5,3,25,16,53.33,12,False,72.22,0
TTO-08292,boundary,5,19,16,3,2,23,20,66.67,15,False,84.21,0
TTO-08293,boundary,5,18,9,9,3,30,12,40.0,9,False,50.0,0
TTO-08294,boundary,5,18,14,4,1,28,20,66.67,13,False,77.78,0
TTO-08295,boundary,5,19,14,5,2,23,17,56.67,13,False,73.68,0
TTO-08296,boundary,5,19,9,10,3,30,14,46.67,9,False,47.37,0
TTO-08297,boundary,5,16,10,6,2,22,16,53.33,9,False,62.5,0
TTO-08298,boundary,5,17,5,12,4,28,10,33.33,3,False,29.41,0
TTO-08299,boundary,5,18,8,10,4,26,11,36.67,7,False,44.44,0
TTO-08300,boundary,5,18,12,6,2,29,17,56.67,11,False,66.67,0
TTO-08301,boundary,5,17,13,4,2,27,19,63.33,10,False,76.47,0
TTO-08302,boundary,5,17,14,3,1,20,17,56.67,11,False,82.35,0
TTO-08303,boundary,5,18,13,5,2,25,17,56.67,12,False,72.22,0
TTO-08304,boundary,5,16,12,4,1,19,15,50.0,10,False,75.0,0
TTO-08305,boundary,5,17,7,10,4,24,12,40.0,7,False,41.18,0
TTO-08306,boundary,5,17,8,9,3,31,16,53.33,7,False,47.06,0
TTO-08307,boundary,5,17,10,7,3,21,13,43.33,10,False,58.82,0
TTO-08308,boundary,5,18,12,6,3,25,16,53.33,10,False,66.67,0
TTO-08309,boundary,5,18,13,5,2,21,16,53.33,12,False,72.22,0
TTO-08310,boundary,5,17,11,6,3,27,15,50.0,9,False,64.71,0
TTO-08311,boundary,5,19,8,11,3,30,16,53.33,7,False,42.11,0
TTO-08312,boundary,5,17,6,11,4,24,10,33.33,5,False,35.29,0
TTO-08313,boundary,5,19,12,7,3,34,20,66.67,9,False,63.16,0
TTO-08314,boundary,5,18,10,8,2,28,16,53.33,8,False,55.56,0
TTO-08315,boundary,5,15,10,5,2,24,16,53.33,9,False,66.67,0
TTO-08316,boundary,5,18,10,8,3,29,18,60.0,9,False,55.56,0
TTO-08317,boundary,5,18,11,7,3,28,18,60.0,9,False,61.11,0
TTO-08318,boundary,5,17,8,9,3,27,12,40.0,7,False,47.06,0
TTO-08319,boundary,5,18,14,4,2,24,16,53.33,13,False,77.78,0
TTO-08320,boundary,5,16,9,7,3,26,13,43.33,8,False,56.25,0
TTO-08321,boundary,5,18,9,9,3,28,14,46.67,8,False,50.0,0
TTO-08322,boundary,5,19,5,14,4,34,10,33.33,5,False,26.32,0
TTO-08323,boundary,5,18,10,8,3,29,16,53.33,9,False,55.56,0
TTO-08324,boundary,5,18,7,11,4,36,14,46.67,6,False,38.89,0
TTO-08325,boundary,5,19,11,8,2,30,14,46.67,9,False,57.89,0
TTO-08326,boundary,5,17,12,5,2,21,13,43.33,8,False,70.59,0
TTO-08327,boundary,5,16,6,10,4,20,10,33.33,5,False,37.5,0
TTO-08328,boundary,5,19,12,7,2,27,13,43.33,12,False,63.16,0
TTO-08329,boundary,5,18,5,13,4,25,10,33.33,5,False,27.78,0
TTO-08330,boundary,5,18,11,7,3,29,20,66.67,10,False,61.11,0
TTO-08331,boundary,5,17,8,9,3,34,16,53.33,7,False,47.06,0
TTO-08332,boundary,5,16,9,7,3,23,13,43.33,8,False,56.25,0
TTO-08333,boundary,5,15,15,0,0,15,15,50.0,14,True,100.0,0
TTO-08334,boundary,5,17,14,3,1,21,18,60.0,13,False,82.35,0
TTO-08335,boundary,5,19,10,9,3,23,13,43.33,8,False,52.63,0
TTO-08336,boundary,5,18,13,5,2,21,14,46.67,12,False,72.22,0
TTO-08337,boundary,5,17,14,3,1,20,17,56.67,14,False,82.35,0
TTO-08338,boundary,5,18,9,9,3,29,14,46.67,9,False,50.0,0
TTO-08339,boundary,5,17,9,8,3,23,14,46.67,9,False,52.94,0
TTO-08340,boundary,5,19,13,6,3,27,20,66.67,13,False,68.42,0
TTO-08341,boundary,5,18,12,6,3,29,19,63.33,11,False,66.67,0
TTO-08342,boundary,5,17,11,6,2,27,15,50.0,11,False,64.71,0
TTO-08343,boundary,5,19,9,10,3,30,16,53.33,9,False,47.37,0
TTO-08344,boundary,5,19,12,7,3,27,16,53.33,12,False,63.16,0
TTO-08345,boundary,5,18,12,6,3,30,18,60.0,9,False,66.67,0
TTO-08346,boundary,5,18,12,6,2,25,16,53.33,11,False,66.67,0
TTO-08347,boundary,5,16,13,3,1,19,16,53.33,11,False,81.25,0
TTO-08348,boundary,5,18,8,10,3,36,16,53.33,7,False,44.44,0
TTO-08349,boundary,5,18,12,6,3,29,19,63.33,11,False,66.67,0
TTO-08350,boundary,5,17,13,4,2,27,20,66.67,11,False,76.47,0
TTO-08351,boundary,5,17,11,6,2,24,15,50.0,9,False,64.71,0
TTO-08352,boundary,5,17,11,6,2,27,18,60.0,9,False,64.71,0
TTO-08353,boundary,5,16,12,4,2,19,13,43.33,11,False,75.0,0
TTO-08354,boundary,5,19,10,9,3,27,18,60.0,10,False,52.63,0
TTO-08355,boundary,5,17,6,11,3,31,9,30.0,6,False,35.29,0
TTO-08356,boundary,5,19,12,7,4,31,20,66.67,11,False,63.16,0
TTO-08357,boundary,5,18,11,7,3,29,16,53.33,9,False,61.11,0
TTO-08358,boundary,5,17,9,8,3,27,14,46.67,8,False,52.94,0
TTO-08359,boundary,5,16,9,7,3,26,13,43.33,6,False,56.25,0
TTO-08360,boundary,5,18,6,12,4,25,10,33.33,6,False,33.33,0
TTO-08361,boundary,5,17,6,11,4,25,10,33.33,6,False,35.29,0
TTO-08362,boundary,5,17,10,7,3,25,13,43.33,9,False,58.82,0
TTO-08363,boundary,5,17,13,4,2,23,18,60.0,13,False,76.47,0
TTO-08364,boundary,5,17,10,7,3,27,18,60.0,8,False,58.82,0
TTO-08365,boundary,5,17,10,7,2,27,13,43.33,9,False,58.82,0
TTO-08366,boundary,5,18,10,8,3,25,14,46.67,10,False,55.56,0
TTO-08367,boundary,5,19,13,6,2,27,17,56.67,12,False,68.42,0
TTO-08368,boundary,5,17,10,7,3,23,12,40.0,10,False,58.82,0
TTO-08369,boundary,5,18,12,6,3,26,16,53.33,11,False,66.67,0
TTO-08370,boundary,5,17,7,10,4,24,10,33.33,7,False,41.18,0
TTO-08371,boundary,5,16,13,3,1,19,16,53.33,13,False,81.25,0
TTO-08372,boundary,5,18,7,11,4,32,12,40.0,7,False,38.89,0
TTO-08373,boundary,5,19,14,5,2,23,14,46.67,11,False,73.68,0
TTO-08374,boundary,5,18,9,9,3,29,16,53.33,9,False,50.0,0
TTO-08375,boundary,5,19,5,14,4,31,10,33.33,4,False,26.32,0
TTO-08376,boundary,5,16,5,11,4,29,10,33.33,5,False,31.25,0
TTO-08377,boundary,5,19,9,10,3,38,18,60.0,9,False,47.37,0
TTO-08378,boundary,5,16,11,5,3,29,20,66.67,10,False,68.75,0
TTO-08379,boundary,5,19,16,3,1,26,20,66.67,14,False,84.21,0
TTO-08380,boundary,5,19,14,5,3,27,20,66.67,13,False,73.68,0
TTO-08381,boundary,5,17,7,10,3,24,10,33.33,6,False,41.18,0
TTO-08382,boundary,5,17,12,5,2,23,13,43.33,11,False,70.59,0
TTO-08383,boundary,5,17,10,7,2,28,14,46.67,9,False,58.82,0
TTO-08384,boundary,5,16,10,6,3,29,17,56.67,10,False,62.5,0
TTO-08385,boundary,5,19,8,11,4,27,12,40.0,6,False,42.11,0
TTO-08386,boundary,5,19,6,13,4,34,10,33.33,6,False,31.58,0
TTO-08387,boundary,5,18,7,11,4,33,14,46.67,6,False,38.89,0
TTO-08388,boundary,5,17,8,9,3,27,13,43.33,8,False,47.06,0
TTO-08389,boundary,5,17,10,7,3,24,13,43.33,7,False,58.82,0
TTO-08390,boundary,5,18,5,13,4,32,10,33.33,5,False,27.78,0
TTO-08391,boundary,5,16,10,6,2,22,10,33.33,9,False,62.5,0
TTO-08392,boundary,5,16,10,6,2,23,13,43.33,9,False,62.5,0
TTO-08393,boundary,5,18,7,11,4,28,12,40.0,7,False,38.89,0
TTO-08394,boundary,5,17,10,7,3,30,20,66.67,9,False,58.82,0
TTO-08395,boundary,5,19,9,10,3,30,14,46.67,7,False,47.37,0
TTO-08396,boundary,5,18,11,7,3,30,20,66.67,9,False,61.11,0
TTO-08397,boundary,5,18,5,13,4,32,10,33.33,4,False,27.78,0
TTO-08398,boundary,5,15,10,5,2,21,13,43.33,10,False,66.67,0
TTO-08399,boundary,5,17,11,6,2,23,14,46.67,10,False,64.71,0
TTO-08400,boundary,5,18,10,8,4,30,16,53.33,9,False,55.56,0
TTO-08401,boundary,5,17,6,11,3,31,9,30.0,5,False,35.29,0
TTO-08402,boundary,5,16,16,0,0,19,19,63.33,15,True,100.0,0
TTO-08403,boundary,5,18,10,8,3,29,16,53.33,8,False,55.56,0
TTO-08404,boundary,5,18,16,2,2,18,16,53.33,14,False,88.89,0
TTO-08405,boundary,5,16,8,8,3,28,16,53.33,7,False,50.0,0
TTO-08406,boundary,5,18,5,13,4,33,10,33.33,5,False,27.78,0
TTO-08407,boundary,5,18,16,2,2,22,20,66.67,14,False,88.89,0
TTO-08408,boundary,5,17,11,6,3,24,14,46.67,10,False,64.71,0
TTO-08409,boundary,5,17,6,11,4,24,10,33.33,5,False,35.29,0
TTO-08410,boundary,5,17,11,6,3,24,15,50.0,11,False,64.71,0
TTO-08411,boundary,5,18,11,7,2,29,15,50.0,10,False,61.11,0
TTO-08412,boundary,5,16,7,9,3,26,10,33.33,7,False,43.75,0
TTO-08413,boundary,5,19,9,10,3,34,14,46.67,8,False,47.37,0
TTO-08414,boundary,5,17,11,6,3,21,14,46.67,10,False,64.71,0
TTO-08415,boundary,5,18,7,11,3,25,10,33.33,6,False,38.89,0
TTO-08416,boundary,5,19,7,12,4,31,10,33.33,7,False,36.84,0
TTO-08417,boundary,5,18,7,11,4,26,10,33.33,7,False,38.89,0
TTO-08418,boundary,5,17,13,4,2,26,18,60.0,10,False,76.47,0
TTO-08419,boundary,5,16,10,6,2,22,13,43.33,7,False,62.5,0
TTO-08420,boundary,5,18,5,13,4,29,10,33.33,5,False,27.78,0
TTO-08421,boundary,5,19,10,9,3,19,10,33.33,10,False,52.63,0
TTO-08422,boundary,5,19,13,6,2,26,16,53.33,11,False,68.42,0
TTO-08423,boundary,5,18,13,5,2,25,17,56.67,12,False,72.22,0
TTO-08424,boundary,5,17,13,4,2,23,17,56.67,12,False,76.47,0
TTO-08425,boundary,5,18,13,5,2,25,17,56.67,10,False,72.22,0
TTO-08426,boundary,5,16,14,2,1,19,17,56.67,11,False,87.5,0
TTO-08427,boundary,5,17,10,7,3,28,14,46.67,10,False,58.82,0
TTO-08428,boundary,5,18,12,6,3,26,19,63.33,9,False,66.67,0
TTO-08429,boundary,5,18,7,11,4,26,10,33.33,6,False,38.89,0
TTO-08430,boundary,5,17,7,10,4,27,12,40.0,7,False,41.18,0
TTO-08431,boundary,5,18,13,5,2,25,15,50.0,9,False,72.22,0
TTO-08432,boundary,5,17,5,12,4,28,10,33.33,4,False,29.41,0
TTO-08433,boundary,5,18,11,7,2,29,15,50.0,10,False,61.11,0
TTO-08434,boundary,5,19,11,8,3,30,18,60.0,9,False,57.89,0
TTO-08435,boundary,5,18,13,5,2,24,18,60.0,11,False,72.22,0
TTO-08436,boundary,5,19,9,10,3,26,10,33.33,9,False,47.37,0
TTO-08437,boundary,5,17,5,12,4,27,10,33.33,5,False,29.41,0
TTO-08438,boundary,5,19,5,14,4,26,10,33.33,4,False,26.32,0
TTO-08439,boundary,5,19,7,12,4,27,12,40.0,6,False,36.84,0
TTO-08440,boundary,5,17,10,7,2,23,16,53.33,8,False,58.82,0
TTO-08441,boundary,5,17,7,10,3,20,10,33.33,6,False,41.18,0
TTO-08442,boundary,5,18,11,7,3,29,19,63.33,11,False,61.11,0
TTO-08443,boundary,5,19,10,9,3,23,10,33.33,10,False,52.63,0
TTO-08444,boundary,5,16,7,9,3,23,10,33.33,7,False,43.75,0
TTO-08445,boundary,5,18,8,10,4,36,16,53.33,8,False,44.44,0
TTO-08446,boundary,5,17,9,8,3,28,16,53.33,7,False,52.94,0
TTO-08447,boundary,5,17,5,12,4,28,10,33.33,4,False,29.41,0
TTO-08448,boundary,5,19,16,3,2,19,16,53.33,15,False,84.21,0
TTO-08449,boundary,5,18,8,10,3,28,16,53.33,6,False,44.44,0
TTO-08450,boundary,5,18,9,9,4,29,14,46.67,8,False,50.0,0
TTO-08451,boundary,5,17,7,10,4,25,12,40.0,6,False,41.18,0
TTO-08452,boundary,5,18,9,9,3,22,10,33.33,9,False,50.0,0
TTO-08453,boundary,5,16,11,5,2,26,19,63.33,10,False,68.75,0
TTO-08454,boundary,5,19,10,9,3,23,14,46.67,9,False,52.63,0
TTO-08455,boundary,5,19,10,9,3,31,18,60.0,8,False,52.63,0
TTO-08456,boundary,5,16,8,8,3,25,9,30.0,8,False,50.0,0
TTO-08457,boundary,5,19,9,10,3,30,18,60.0,9,False,47.37,0
TTO-08458,boundary,5,17,12,5,2,27,17,56.67,11,False,70.59,0
TTO-08459,boundary,5,16,11,5,3,22,16,53.33,10,False,68.75,0
TTO-08460,boundary,5,18,15,3,1,21,18,60.0,12,False,83.33,0
TTO-08461,boundary,5,19,9,10,3,26,14,46.67,9,False,47.37,0
TTO-08462,boundary,5,17,10,7,3,28,17,56.67,10,False,58.82,0
TTO-08463,boundary,5,20,16,4,2,28,20,66.67,16,False,80.0,0
TTO-08464,boundary,5,18,7,11,4,30,10,33.33,7,False,38.89,0
TTO-08465,boundary,5,18,13,5,2,28,18,60.0,12,False,72.22,0
TTO-08466,boundary,5,19,7,12,4,27,10,33.33,7,False,36.84,0
TTO-08467,boundary,5,18,7,11,3,32,10,33.33,6,False,38.89,0
TTO-08468,boundary,5,17,10,7,3,31,17,56.67,9,False,58.82,0
TTO-08469,boundary,5,19,11,8,3,23,14,46.67,10,False,57.89,0
TTO-08470,boundary,5,18,8,10,3,29,13,43.33,8,False,44.44,0
TTO-08471,boundary,5,18,15,3,1,21,18,60.0,14,False,83.33,0
TTO-08472,boundary,5,19,13,6,2,26,20,66.67,11,False,68.42,0
TTO-08473,boundary,5,17,7,10,4,31,12,40.0,6,False,41.18,0
TTO-08474,boundary,5,18,5,13,4,25,10,33.33,5,False,27.78,0
TTO-08475,boundary,5,18,10,8,3,29,17,56.67,7,False,55.56,0
TTO-08476,boundary,5,19,9,10,3,27,14,46.67,8,False,47.37,0
TTO-08477,boundary,5,18,11,7,2,28,14,46.67,11,False,61.11,0
TTO-08478,boundary,5,16,13,3,1,16,13,43.33,12,False,81.25,0
TTO-08479,boundary,5,19,11,8,2,22,14,46.67,11,False,57.89,0
TTO-08480,boundary,5,18,10,8,3,29,16,53.33,10,False,55.56,0
TTO-08481,boundary,5,18,8,10,3,30,13,43.33,7,False,44.44,0
TTO-08482,boundary,5,18,9,9,3,32,14,46.67,8,False,50.0,0
TTO-08483,boundary,5,17,14,3,1,23,17,56.67,12,False,82.35,0
TTO-08484,boundary,5,16,12,4,2,22,17,56.67,10,False,75.0,0
TTO-08485,boundary,5,18,7,11,4,32,12,40.0,6,False,38.89,0
TTO-08486,boundary,5,17,13,4,2,17,13,43.33,13,False,76.47,0
TTO-08487,boundary,5,18,13,5,2,22,13,43.33,12,False,72.22,0
TTO-08488,boundary,5,16,8,8,3,29,16,53.33,7,False,50.0,0
TTO-08489,boundary,5,16,8,8,3,25,16,53.33,7,False,50.0,0
TTO-08490,boundary,5,18,13,5,2,21,16,53.33,13,False,72.22,0
TTO-08491,boundary,5,17,10,7,3,20,10,33.33,7,False,58.82,0
TTO-08492,boundary,5,20,11,9,3,28,14,46.67,10,False,55.0,0
TTO-08493,boundary,5,18,10,8,3,36,20,66.67,9,False,55.56,0
TTO-08494,boundary,5,19,11,8,3,26,14,46.67,10,False,57.89,0
TTO-08495,boundary,5,17,14,3,1,24,18,60.0,12,False,82.35,0
TTO-08496,boundary,5,17,11,6,2,23,14,46.67,10,False,64.71,0
TTO-08497,boundary,5,18,10,8,3,29,14,46.67,10,False,55.56,0
TTO-08498,boundary,5,16,11,5,2,19,14,46.67,11,False,68.75,0
TTO-08499,boundary,5,16,10,6,2,22,16,53.33,9,False,62.5,0
TTO-08500,boundary,5,17,9,8,3,27,16,53.33,7,False,52.94,0
TTO-08501,boundary,5,18,9,9,3,28,14,46.67,7,False,50.0,0
TTO-08502,boundary,5,18,8,10,3,29,13,43.33,8,False,44.44,0
TTO-08503,boundary,5,17,9,8,3,31,18,60.0,8,False,52.94,0
TTO-08504,boundary,5,18,10,8,3,28,14,46.67,8,False,55.56,0
TTO-08505,boundary,5,18,9,9,3,29,14,46.67,8,False,50.0,0
TTO-08506,boundary,5,16,13,3,1,22,16,53.33,12,False,81.25,0
TTO-08507,boundary,5,20,5,15,4,36,10,33.33,3,False,25.0,0
TTO-08508,boundary,5,19,14,5,2,22,14,46.67,14,False,73.68,0
TTO-08509,boundary,5,16,13,3,1,19,13,43.33,13,False,81.25,0
TTO-08510,boundary,5,16,11,5,2,26,18,60.0,10,False,68.75,0
TTO-08511,boundary,5,17,12,5,2,30,20,66.67,11,False,70.59,0
TTO-08512,boundary,5,17,5,12,4,27,10,33.33,5,False,29.41,0
TTO-08513,boundary,5,18,14,4,2,22,18,60.0,14,False,77.78,0
TTO-08514,boundary,5,17,8,9,3,25,10,33.33,7,False,47.06,0
TTO-08515,boundary,5,15,8,7,3,24,16,53.33,8,False,53.33,0
TTO-08516,boundary,5,18,12,6,2,25,13,43.33,10,False,66.67,0
TTO-08517,boundary,5,18,12,6,3,28,18,60.0,11,False,66.67,0
TTO-08518,boundary,5,17,10,7,3,25,13,43.33,7,False,58.82,0
TTO-08519,boundary,5,18,13,5,2,26,16,53.33,11,False,72.22,0
TTO-08520,boundary,5,18,5,13,4,28,10,33.33,5,False,27.78,0
TTO-08521,boundary,5,18,8,10,4,33,16,53.33,6,False,44.44,0
TTO-08522,boundary,5,17,13,4,2,21,16,53.33,12,False,76.47,0
TTO-08523,boundary,5,19,11,8,2,22,14,46.67,9,False,57.89,0
TTO-08524,boundary,5,16,5,11,4,29,10,33.33,5,False,31.25,0
TTO-08525,boundary,5,20,14,6,2,32,20,66.67,13,False,70.0,0
TTO-08526,boundary,5,18,9,9,3,33,16,53.33,7,False,50.0,0
TTO-08527,boundary,5,19,7,12,4,30,12,40.0,7,False,36.84,0
TTO-08528,boundary,5,19,12,7,3,26,16,53.33,12,False,63.16,0
TTO-08529,boundary,5,17,8,9,4,24,12,40.0,6,False,47.06,0
TTO-08530,boundary,5,17,11,6,2,28,16,53.33,10,False,64.71,0
TTO-08531,boundary,5,16,8,8,3,26,12,40.0,7,False,50.0,0
TTO-08532,boundary,5,18,12,6,2,29,20,66.67,10,False,66.67,0
TTO-08533,boundary,5,19,13,6,2,23,17,56.67,10,False,68.42,0
TTO-08534,boundary,5,17,9,8,3,27,13,43.33,9,False,52.94,0
TTO-08535,boundary,5,18,10,8,3,25,16,53.33,8,False,55.56,0
TTO-08536,boundary,5,17,8,9,3,27,16,53.33,7,False,47.06,0
TTO-08537,boundary,5,17,10,7,2,17,10,33.33,9,False,58.82,0
TTO-08538,boundary,5,18,6,12,4,30,12,40.0,5,False,33.33,0
TTO-08539,boundary,5,18,7,11,4,30,12,40.0,5,False,38.89,0
TTO-08540,boundary,5,18,11,7,3,29,16,53.33,9,False,61.11,0
TTO-08541,boundary,5,18,12,6,2,29,17,56.67,10,False,66.67,0
TTO-08542,boundary,5,16,11,5,2,22,12,40.0,10,False,68.75,0
TTO-08543,boundary,5,18,5,13,4,29,10,33.33,5,False,27.78,0
TTO-08544,boundary,5,17,7,10,4,26,14,46.67,6,False,41.18,0
TTO-08545,boundary,5,17,13,4,2,20,14,46.67,12,False,76.47,0
TTO-08546,boundary,5,18,6,12,4,25,10,33.33,6,False,33.33,0
TTO-08547,boundary,5,19,10,9,3,27,13,43.33,9,False,52.63,0
TTO-08548,boundary,5,16,14,2,1,22,20,66.67,10,False,87.5,0
TTO-08549,boundary,5,19,15,4,2,23,16,53.33,14,False,78.95,0
TTO-08550,boundary,5,19,11,8,3,27,18,60.0,8,False,57.89,0
TTO-08551,boundary,5,16,9,7,2,26,12,40.0,8,False,56.25,0
TTO-08552,boundary,5,16,12,4,2,22,16,53.33,11,False,75.0,0
TTO-08553,boundary,5,16,10,6,2,23,13,43.33,9,False,62.5,0
TTO-08554,boundary,5,17,8,9,3,24,13,43.33,7,False,47.06,0
TTO-08555,boundary,5,18,8,10,3,36,16,53.33,7,False,44.44,0
TTO-08556,boundary,5,17,8,9,3,20,10,33.33,7,False,47.06,0
TTO-08557,boundary,5,17,12,5,2,20,13,43.33,12,False,70.59,0
TTO-08558,boundary,5,17,12,5,2,23,13,43.33,11,False,70.59,0
TTO-08559,boundary,5,19,14,5,3,27,20,66.67,12,False,73.68,0
TTO-08560,boundary,5,17,10,7,3,31,18,60.0,10,False,58.82,0
TTO-08561,boundary,5,19,13,6,2,26,20,66.67,11,False,68.42,0
TTO-08562,boundary,5,18,6,12,4,29,10,33.33,5,False,33.33,0
TTO-08563,boundary,5,15,7,8,3,21,10,33.33,7,False,46.67,0
TTO-08564,boundary,5,17,6,11,4,28,12,40.0,5,False,35.29,0
TTO-08565,boundary,5,17,10,7,2,26,16,53.33,9,False,58.82,0
TTO-08566,boundary,5,17,11,6,3,24,18,60.0,8,False,64.71,0
TTO-08567,boundary,5,18,11,7,2,29,15,50.0,9,False,61.11,0
TTO-08568,boundary,5,17,10,7,2,24,13,43.33,10,False,58.82,0
TTO-08569,boundary,5,19,15,4,2,27,19,63.33,15,False,78.95,0
TTO-08570,boundary,5,18,13,5,2,18,13,43.33,10,False,72.22,0
TTO-08571,boundary,5,17,6,11,4,31,10,33.33,5,False,35.29,0
TTO-08572,boundary,5,17,8,9,4,21,12,40.0,6,False,47.06,0
TTO-08573,boundary,5,19,15,4,2,23,16,53.33,12,False,78.95,0
TTO-08574,boundary,5,17,11,6,3,28,18,60.0,10,False,64.71,0
TTO-08575,boundary,5,19,10,9,3,23,13,43.33,9,False,52.63,0
TTO-08576,boundary,5,16,13,3,1,22,16,53.33,13,False,81.25,0
TTO-08577,boundary,5,18,11,7,2,25,14,46.67,11,False,61.11,0
TTO-08578,boundary,5,20,12,8,3,28,18,60.0,11,False,60.0,0
TTO-08579,boundary,5,17,8,9,3,31,13,43.33,7,False,47.06,0
TTO-08580,boundary,5,19,13,6,2,26,16,53.33,12,False,68.42,0
TTO-08581,boundary,5,17,16,1,1,17,16,53.33,15,False,94.12,0
TTO-08582,boundary,5,18,13,5,2,26,17,56.67,13,False,72.22,0
TTO-08583,boundary,5,18,11,7,3,26,14,46.67,10,False,61.11,0
TTO-08584,boundary,5,18,13,5,2,18,13,43.33,10,False,72.22,0
TTO-08585,boundary,5,18,13,5,2,22,13,43.33,11,False,72.22,0
TTO-08586,boundary,5,19,14,5,2,27,17,56.67,11,False,73.68,0
TTO-08587,boundary,5,18,9,9,3,33,18,60.0,8,False,50.0,0
TTO-08588,boundary,5,17,11,6,3,28,18,60.0,10,False,64.71,0
TTO-08589,boundary,5,17,12,5,2,24,14,46.67,10,False,70.59,0
TTO-08590,boundary,5,18,6,12,4,29,12,40.0,5,False,33.33,0
TTO-08591,boundary,5,18,12,6,2,22,13,43.33,11,False,66.67,0
TTO-08592,boundary,5,17,7,10,4,28,10,33.33,7,False,41.18,0
TTO-08593,boundary,5,19,14,5,2,19,14,46.67,13,False,73.68,0
TTO-08594,boundary,5,16,11,5,2,25,15,50.0,9,False,68.75,0
TTO-08595,boundary,5,18,13,5,2,18,13,43.33,11,False,72.22,0
TTO-08596,boundary,5,17,10,7,2,23,13,43.33,9,False,58.82,0
TTO-08597,boundary,5,17,7,10,4,24,10,33.33,6,False,41.18,0
TTO-08598,boundary,5,19,11,8,2,22,14,46.67,10,False,57.89,0
TTO-08599,boundary,5,18,10,8,3,26,14,46.67,9,False,55.56,0
TTO-08600,boundary,5,17,12,5,2,24,19,63.33,11,False,70.59,0
TTO-08601,boundary,5,18,10,8,3,29,18,60.0,10,False,55.56,0
TTO-08602,boundary,5,18,6,12,4,26,10,33.33,6,False,33.33,0
TTO-08603,boundary,5,17,11,6,2,24,16,53.33,10,False,64.71,0
TTO-08604,boundary,5,17,9,8,3,24,10,33.33,9,False,52.94,0
TTO-08605,boundary,5,18,16,2,2,22,19,63.33,14,False,88.89,0
TTO-08606,boundary,5,18,13,5,2,28,20,66.67,13,False,72.22,0
TTO-08607,boundary,5,17,9,8,3,31,16,53.33,9,False,52.94,0
TTO-08608,boundary,5,17,12,5,2,21,14,46.67,11,False,70.59,0
TTO-08609,boundary,5,17,10,7,3,34,20,66.67,10,False,58.82,0
TTO-08610,boundary,5,17,15,2,1,24,20,66.67,13,False,88.24,0
TTO-08611,boundary,5,18,10,8,2,29,13,43.33,9,False,55.56,0
TTO-08612,boundary,5,17,8,9,4,30,16,53.33,8,False,47.06,0
TTO-08613,boundary,5,16,13,3,2,23,19,63.33,13,False,81.25,0
TTO-08614,boundary,5,16,7,9,4,29,12,40.0,7,False,43.75,0
TTO-08615,boundary,5,16,12,4,2,26,19,63.33,10,False,75.0,0
TTO-08616,boundary,5,18,7,11,4,26,12,40.0,7,False,38.89,0
TTO-08617,boundary,5,18,13,5,2,18,13,43.33,12,False,72.22,0
TTO-08618,boundary,5,18,7,11,4,22,10,33.33,6,False,38.89,0
TTO-08619,boundary,5,18,12,6,2,29,17,56.67,11,False,66.67,0
TTO-08620,boundary,5,16,13,3,1,22,16,53.33,11,False,81.25,0
TTO-08621,boundary,5,19,7,12,3,34,10,33.33,7,False,36.84,0
TTO-08622,boundary,5,17,12,5,2,24,17,56.67,12,False,70.59,0
TTO-08623,boundary,5,18,9,9,3,25,14,46.67,8,False,50.0,0
TTO-08624,boundary,5,17,10,7,3,20,10,33.33,9,False,58.82,0
TTO-08625,boundary,5,17,12,5,2,27,17,56.67,11,False,70.59,0
TTO-08626,boundary,5,16,10,6,3,22,14,46.67,9,False,62.5,0
TTO-08627,boundary,5,16,13,3,2,23,19,63.33,12,False,81.25,0
TTO-08628,boundary,5,18,15,3,1,26,20,66.67,13,False,83.33,0
TTO-08629,boundary,5,16,8,8,3,22,10,33.33,7,False,50.0,0
TTO-08630,boundary,5,17,13,4,2,17,13,43.33,10,False,76.47,0
TTO-08631,boundary,5,17,7,10,4,30,12,40.0,7,False,41.18,0
TTO-08632,boundary,5,20,11,9,3,28,14,46.67,9,False,55.0,0
TTO-08633,boundary,5,18,6,12,4,36,12,40.0,5,False,33.33,0
TTO-08634,boundary,5,17,8,9,3,30,16,53.33,6,False,47.06,0
TTO-08635,boundary,5,18,15,3,1,24,18,60.0,13,False,83.33,0
TTO-08636,boundary,5,17,16,1,1,20,19,63.33,14,False,94.12,0
TTO-08637,boundary,5,17,8,9,4,21,12,40.0,8,False,47.06,0
TTO-08638,boundary,5,18,9,9,3,36,18,60.0,9,False,50.0,0
TTO-08639,boundary,5,17,15,2,1,20,18,60.0,13,False,88.24,0
TTO-08640,boundary,5,16,11,5,3,26,18,60.0,11,False,68.75,0
TTO-08641,boundary,5,17,11,6,2,20,14,46.67,10,False,64.71,0
TTO-08642,boundary,5,18,14,4,2,21,14,46.67,12,False,77.78,0
TTO-08643,boundary,5,18,10,8,3,32,16,53.33,9,False,55.56,0
TTO-08644,boundary,5,18,14,4,2,22,18,60.0,13,False,77.78,0
TTO-08645,boundary,5,18,14,4,1,22,14,46.67,14,False,77.78,0
TTO-08646,boundary,5,20,6,14,4,40,12,40.0,6,False,30.0,0
TTO-08647,boundary,5,18,12,6,3,26,17,56.67,12,False,66.67,0
TTO-08648,boundary,5,19,10,9,3,26,14,46.67,8,False,52.63,0
TTO-08649,boundary,5,17,14,3,2,25,19,63.33,13,False,82.35,0
TTO-08650,boundary,5,17,13,4,2,24,19,63.33,12,False,76.47,0
TTO-08651,boundary,5,17,11,6,2,26,14,46.67,9,False,64.71,0
TTO-08652,boundary,5,18,10,8,2,28,16,53.33,7,False,55.56,0
TTO-08653,boundary,5,16,10,6,2,25,16,53.33,7,False,62.5,0
TTO-08654,boundary,5,17,8,9,4,27,12,40.0,8,False,47.06,0
TTO-08655,boundary,5,17,17,0,0,17,17,56.67,15,True,100.0,0
TTO-08656,boundary,5,20,13,7,2,32,18,60.0,12,False,65.0,0
TTO-08657,boundary,5,18,11,7,3,28,14,46.67,10,False,61.11,0
TTO-08658,boundary,5,19,14,5,2,23,18,60.0,14,False,73.68,0
TTO-08659,boundary,5,17,10,7,2,20,13,43.33,9,False,58.82,0
TTO-08660,boundary,5,15,10,5,2,24,14,46.67,9,False,66.67,0
TTO-08661,boundary,5,19,13,6,2,31,19,63.33,12,False,68.42,0
TTO-08662,boundary,5,18,14,4,2,22,17,56.67,11,False,77.78,0
TTO-08663,boundary,5,16,12,4,3,26,20,66.67,11,False,75.0,0
TTO-08664,boundary,5,15,10,5,2,21,16,53.33,8,False,66.67,0
TTO-08665,boundary,5,18,14,4,2,25,20,66.67,13,False,77.78,0
TTO-08666,boundary,5,18,11,7,2,28,14,46.67,10,False,61.11,0
TTO-08667,boundary,5,17,7,10,4,24,12,40.0,6,False,41.18,0
TTO-08668,boundary,5,17,8,9,3,31,13,43.33,6,False,47.06,0
TTO-08669,boundary,5,17,9,8,3,31,18,60.0,8,False,52.94,0
TTO-08670,boundary,5,18,10,8,3,21,10,33.33,10,False,55.56,0
TTO-08671,boundary,5,19,5,14,4,34,10,33.33,3,False,26.32,0
TTO-08672,boundary,5,17,8,9,4,28,12,40.0,8,False,47.06,0
TTO-08673,boundary,5,17,10,7,3,30,20,66.67,9,False,58.82,0
TTO-08674,boundary,5,16,10,6,2,23,13,43.33,10,False,62.5,0
TTO-08675,boundary,5,19,13,6,2,23,17,56.67,11,False,68.42,0
TTO-08676,boundary,5,17,13,4,2,21,17,56.67,11,False,76.47,0
TTO-08677,boundary,5,18,11,7,3,28,16,53.33,9,False,61.11,0
TTO-08678,boundary,5,18,7,11,3,21,10,33.33,5,False,38.89,0
TTO-08679,boundary,5,16,10,6,2,26,16,53.33,10,False,62.5,0
TTO-08680,boundary,5,18,8,10,3,32,16,53.33,8,False,44.44,0
TTO-08681,boundary,5,16,11,5,2,26,19,63.33,11,False,68.75,0
TTO-08682,boundary,5,18,7,11,4,22,10,33.33,7,False,38.89,0
TTO-08683,boundary,5,18,13,5,3,26,20,66.67,12,False,72.22,0
TTO-08684,boundary,5,18,7,11,4,29,12,40.0,5,False,38.89,0
TTO-08685,boundary,5,19,11,8,3,27,16,53.33,11,False,57.89,0
TTO-08686,boundary,5,16,8,8,3,25,12,40.0,8,False,50.0,0
TTO-08687,boundary,5,16,7,9,4,29,12,40.0,6,False,43.75,0
TTO-08688,boundary,5,17,8,9,3,30,16,53.33,7,False,47.06,0
TTO-08689,boundary,5,18,11,7,2,28,18,60.0,11,False,61.11,0
TTO-08690,boundary,5,18,11,7,2,25,18,60.0,11,False,61.11,0
TTO-08691,boundary,5,19,10,9,3,23,13,43.33,9,False,52.63,0
TTO-08692,boundary,5,19,10,9,3,23,14,46.67,10,False,52.63,0
TTO-08693,boundary,5,18,10,8,3,33,17,56.67,8,False,55.56,0
TTO-08694,boundary,5,18,12,6,3,25,16,53.33,9,False,66.67,0
TTO-08695,boundary,5,16,10,6,2,26,16,53.33,8,False,62.5,0
TTO-08696,boundary,5,17,10,7,2,27,13,43.33,10,False,58.82,0
TTO-08697,boundary,5,18,10,8,2,29,13,43.33,10,False,55.56,0
TTO-08698,boundary,5,17,16,1,1,20,18,60.0,15,False,94.12,0
TTO-08699,boundary,5,17,11,6,2,23,14,46.67,11,False,64.71,0
TTO-08700,boundary,5,18,11,7,2,24,14,46.67,9,False,61.11,0
TTO-08701,boundary,5,18,10,8,3,33,17,56.67,8,False,55.56,0
TTO-08702,boundary,5,19,11,8,3,31,18,60.0,11,False,57.89,0
TTO-08703,boundary,5,17,8,9,3,34,16,53.33,7,False,47.06,0
TTO-08704,boundary,5,18,15,3,1,24,18,60.0,13,False,83.33,0
TTO-08705,boundary,5,16,13,3,1,22,16,53.33,11,False,81.25,0
TTO-08706,boundary,5,16,11,5,2,26,19,63.33,10,False,68.75,0
TTO-08707,boundary,5,17,7,10,4,31,12,40.0,7,False,41.18,0
TTO-08708,boundary,5,19,13,6,3,31,19,63.33,12,False,68.42,0
TTO-08709,boundary,5,16,9,7,3,28,14,46.67,7,False,56.25,0
TTO-08710,boundary,5,16,10,6,3,23,13,43.33,9,False,62.5,0
TTO-08711,boundary,5,19,9,10,3,38,18,60.0,9,False,47.37,0
TTO-08712,boundary,5,20,9,11,3,40,18,60.0,8,False,45.0,0
TTO-08713,boundary,5,16,6,10,4,29,10,33.33,5,False,37.5,0
TTO-08714,boundary,5,18,11,7,3,30,20,66.67,11,False,61.11,0
TTO-08715,boundary,5,17,12,5,2,30,20,66.67,10,False,70.59,0
TTO-08716,boundary,5,18,11,7,3,25,16,53.33,9,False,61.11,0
TTO-08717,boundary,5,18,8,10,3,29,13,43.33,7,False,44.44,0
TTO-08718,boundary,5,17,9,8,3,26,14,46.67,8,False,52.94,0
TTO-08719,boundary,5,17,10,7,3,24,16,53.33,9,False,58.82,0
TTO-08720,boundary,5,17,7,10,4,24,10,33.33,7,False,41.18,0
TTO-08721,boundary,5,17,9,8,3,20,10,33.33,8,False,52.94,0
TTO-08722,boundary,5,17,11,6,2,20,14,46.67,8,False,64.71,0
TTO-08723,boundary,5,19,11,8,3,35,19,63.33,11,False,57.89,0
TTO-08724,boundary,5,17,10,7,2,26,16,53.33,7,False,58.82,0
TTO-08725,boundary,5,16,8,8,3,23,13,43.33,7,False,50.0,0
TTO-08726,boundary,5,19,12,7,3,31,19,63.33,11,False,63.16,0
TTO-08727,boundary,5,18,12,6,2,25,13,43.33,12,False,66.67,0
TTO-08728,boundary,5,17,12,5,2,26,20,66.67,12,False,70.59,0
TTO-08729,boundary,5,19,10,9,3,30,16,53.33,10,False,52.63,0
TTO-08730,boundary,5,17,13,4,1,27,19,63.33,12,False,76.47,0
TTO-08731,boundary,5,19,11,8,3,30,20,66.67,10,False,57.89,0
TTO-08732,boundary,5,18,12,6,2,21,13,43.33,12,False,66.67,0
TTO-08733,boundary,5,18,10,8,3,28,16,53.33,9,False,55.56,0
TTO-08734,boundary,5,17,10,7,2,20,13,43.33,9,False,58.82,0
TTO-08735,boundary,5,20,12,8,3,28,18,60.0,9,False,60.0,0
TTO-08736,boundary,5,18,12,6,2,30,18,60.0,12,False,66.67,0
TTO-08737,boundary,5,18,11,7,3,29,19,63.33,9,False,61.11,0
TTO-08738,boundary,5,19,9,10,4,34,14,46.67,7,False,47.37,0
TTO-08739,boundary,5,18,10,8,2,21,13,43.33,9,False,55.56,0
TTO-08740,boundary,5,19,8,11,3,38,16,53.33,8,False,42.11,0
TTO-08741,boundary,5,18,15,3,1,22,16,53.33,13,False,83.33,0
TTO-08742,boundary,5,17,5,12,4,30,10,33.33,5,False,29.41,0
TTO-08743,boundary,5,18,7,11,4,25,10,33.33,6,False,38.89,0
TTO-08744,boundary,5,18,7,11,3,28,10,33.33,7,False,38.89,0
TTO-08745,boundary,5,17,10,7,2,24,13,43.33,10,False,58.82,0
TTO-08746,boundary,5,17,7,10,3,27,10,33.33,6,False,41.18,0
TTO-08747,boundary,5,20,12,8,3,32,20,66.67,9,False,60.0,0
TTO-08748,boundary,5,17,9,8,3,25,13,43.33,8,False,52.94,0
TTO-08749,boundary,5,19,8,11,3,35,13,43.33,8,False,42.11,0
TTO-08750,boundary,5,18,10,8,3,18,10,33.33,8,False,55.56,0
TTO-08751,boundary,5,18,7,11,4,29,12,40.0,7,False,38.89,0
TTO-08752,boundary,5,19,10,9,3,30,12,40.0,10,False,52.63,0
TTO-08753,boundary,5,19,9,10,3,27,10,33.33,8,False,47.37,0
TTO-08754,boundary,5,19,13,6,3,27,16,53.33,12,False,68.42,0
TTO-08755,boundary,5,17,9,8,3,30,14,46.67,8,False,52.94,0
TTO-08756,boundary,5,18,8,10,3,22,10,33.33,8,False,44.44,0
TTO-08757,boundary,5,17,12,5,2,20,13,43.33,10,False,70.59,0
TTO-08758,boundary,5,17,13,4,2,24,19,63.33,11,False,76.47,0
TTO-08759,boundary,5,16,5,11,4,29,10,33.33,5,False,31.25,0
TTO-08760,boundary,5,17,13,4,2,27,19,63.33,13,False,76.47,0
TTO-08761,boundary,5,18,11,7,3,29,18,60.0,11,False,61.11,0
TTO-08762,boundary,5,17,5,12,4,30,10,33.33,4,False,29.41,0
TTO-08763,boundary,5,18,7,11,4,33,14,46.67,6,False,38.89,0
TTO-08764,boundary,5,19,15,4,1,22,18,60.0,13,False,78.95,0
TTO-08765,boundary,5,16,10,6,2,29,17,56.67,9,False,62.5,0
TTO-08766,boundary,5,18,5,13,4,36,10,33.33,5,False,27.78,0
TTO-08767,boundary,5,16,6,10,4,29,9,30.0,4,False,37.5,0
TTO-08768,boundary,5,17,14,3,1,24,18,60.0,14,False,82.35,0
TTO-08769,boundary,5,17,11,6,3,24,18,60.0,9,False,64.71,0
TTO-08770,boundary,5,16,8,8,3,29,16,53.33,6,False,50.0,0
TTO-08771,boundary,5,18,9,9,3,24,14,46.67,8,False,50.0,0
TTO-08772,boundary,5,19,16,3,2,23,20,66.67,13,False,84.21,0
TTO-08773,boundary,5,19,13,6,2,27,18,60.0,12,False,68.42,0
TTO-08774,boundary,5,18,11,7,2,25,14,46.67,10,False,61.11,0
TTO-08775,boundary,5,18,10,8,2,25,13,43.33,10,False,55.56,0
TTO-08776,boundary,5,18,8,10,4,29,12,40.0,6,False,44.44,0
TTO-08777,boundary,5,19,9,10,3,30,14,46.67,9,False,47.37,0
TTO-08778,boundary,5,16,14,2,1,16,14,46.67,13,False,87.5,0
TTO-08779,boundary,5,17,9,8,3,31,15,50.0,8,False,52.94,0
TTO-08780,boundary,5,20,10,10,3,24,14,46.67,9,False,50.0,0
TTO-08781,boundary,5,18,9,9,3,25,14,46.67,6,False,50.0,0
TTO-08782,boundary,5,18,11,7,3,25,14,46.67,10,False,61.11,0
TTO-08783,boundary,5,19,10,9,3,38,20,66.67,8,False,52.63,0
TTO-08784,boundary,5,17,14,3,1,21,15,50.0,14,False,82.35,0
TTO-08785,boundary,5,17,9,8,3,27,13,43.33,7,False,52.94,0
TTO-08786,boundary,5,17,9,8,3,24,14,46.67,8,False,52.94,0
TTO-08787,boundary,5,17,7,10,3,24,10,33.33,7,False,41.18,0
TTO-08788,boundary,5,19,12,7,3,34,20,66.67,11,False,63.16,0
TTO-08789,boundary,5,17,14,3,1,20,17,56.67,14,False,82.35,0
TTO-08790,boundary,5,17,11,6,2,28,16,53.33,11,False,64.71,0
TTO-08791,boundary,5,17,7,10,3,23,10,33.33,7,False,41.18,0
TTO-08792,boundary,5,18,5,13,4,32,10,33.33,4,False,27.78,0
TTO-08793,boundary,5,17,12,5,3,27,20,66.67,12,False,70.59,0
TTO-08794,boundary,5,17,11,6,2,26,14,46.67,10,False,64.71,0
TTO-08795,boundary,5,17,9,8,4,27,14,46.67,9,False,52.94,0
TTO-08796,boundary,5,19,14,5,2,30,20,66.67,11,False,73.68,0
TTO-08797,boundary,5,18,12,6,2,29,17,56.67,11,False,66.67,0
TTO-08798,boundary,5,17,11,6,2,25,16,53.33,10,False,64.71,0
TTO-08799,boundary,5,17,12,5,3,27,20,66.67,12,False,70.59,0
TTO-08800,boundary,5,18,8,10,4,32,16,53.33,7,False,44.44,0
TTO-08801,boundary,5,17,8,9,4,21,11,36.67,8,False,47.06,0
TTO-08802,boundary,5,16,10,6,2,22,16,53.33,9,False,62.5,0
TTO-08803,boundary,5,18,5,13,4,32,10,33.33,4,False,27.78,0
TTO-08804,boundary,5,18,13,5,2,29,19,63.33,11,False,72.22,0
TTO-08805,boundary,5,17,8,9,4,25,12,40.0,7,False,47.06,0
TTO-08806,boundary,5,18,10,8,3,33,18,60.0,10,False,55.56,0
TTO-08807,boundary,5,16,13,3,1,19,13,43.33,13,False,81.25,0
TTO-08808,boundary,5,17,11,6,3,23,14,46.67,10,False,64.71,0
TTO-08809,boundary,5,18,7,11,3,29,10,33.33,7,False,38.89,0
TTO-08810,boundary,5,15,10,5,3,30,20,66.67,9,False,66.67,0
TTO-08811,boundary,5,17,5,12,4,31,10,33.33,4,False,29.41,0
TTO-08812,boundary,5,19,11,8,3,26,16,53.33,11,False,57.89,0
TTO-08813,boundary,5,15,7,8,4,27,14,46.67,6,False,46.67,0
TTO-08814,boundary,5,18,10,8,2,28,16,53.33,10,False,55.56,0
TTO-08815,boundary,5,15,9,6,2,27,15,50.0,7,False,60.0,0
TTO-08816,boundary,5,19,11,8,3,30,18,60.0,11,False,57.89,0
TTO-08817,boundary,5,18,9,9,3,32,14,46.67,9,False,50.0,0
TTO-08818,boundary,5,18,6,12,4,26,10,33.33,5,False,33.33,0
TTO-08819,boundary,5,17,8,9,3,27,13,43.33,8,False,47.06,0
TTO-08820,boundary,5,15,9,6,2,27,15,50.0,8,False,60.0,0
TTO-08821,boundary,5,16,14,2,1,19,17,56.67,14,False,87.5,0
TTO-08822,boundary,5,16,8,8,3,26,13,43.33,6,False,50.0,0
TTO-08823,boundary,5,18,7,11,4,30,12,40.0,7,False,38.89,0
TTO-08824,boundary,5,17,17,0,0,20,20,66.67,16,True,100.0,0
TTO-08825,boundary,5,18,9,9,3,26,13,43.33,9,False,50.0,0
TTO-08826,boundary,5,19,11,8,3,31,20,66.67,10,False,57.89,0
TTO-08827,boundary,5,17,11,6,3,21,14,46.67,10,False,64.71,0
TTO-08828,boundary,5,16,10,6,2,25,13,43.33,9,False,62.5,0
TTO-08829,boundary,5,15,5,10,4,30,10,33.33,5,False,33.33,0
TTO-08830,boundary,5,18,13,5,2,28,18,60.0,12,False,72.22,0
TTO-08831,boundary,5,15,6,9,3,27,9,30.0,6,False,40.0,0
TTO-08832,boundary,5,17,13,4,1,21,13,43.33,13,False,76.47,0
TTO-08833,boundary,5,17,10,7,2,24,13,43.33,9,False,58.82,0
TTO-08834,boundary,5,17,10,7,2,21,10,33.33,8,False,58.82,0
TTO-08835,boundary,5,19,10,9,3,34,18,60.0,8,False,52.63,0
TTO-08836,boundary,5,18,13,5,2,25,19,63.33,12,False,72.22,0
TTO-08837,boundary,5,17,10,7,2,21,10,33.33,9,False,58.82,0
TTO-08838,boundary,5,17,9,8,3,21,13,43.33,7,False,52.94,0
TTO-08839,boundary,5,18,13,5,2,22,16,53.33,12,False,72.22,0
TTO-08840,boundary,5,18,11,7,2,28,14,46.67,11,False,61.11,0
TTO-08841,boundary,5,15,8,7,3,24,13,43.33,7,False,53.33,0
TTO-08842,boundary,5,18,7,11,3,28,10,33.33,6,False,38.89,0
TTO-08843,boundary,5,16,10,6,2,19,13,43.33,9,False,62.5,0
TTO-08844,boundary,5,16,8,8,3,23,11,36.67,8,False,50.0,0
TTO-08845,boundary,5,18,12,6,3,32,20,66.67,11,False,66.67,0
TTO-08846,boundary,5,19,11,8,3,31,18,60.0,10,False,57.89,0
TTO-08847,boundary,5,17,13,4,2,27,19,63.33,13,False,76.47,0
TTO-08848,boundary,5,17,12,5,2,23,16,53.33,11,False,70.59,0
TTO-08849,boundary,5,18,9,9,3,28,14,46.67,9,False,50.0,0
TTO-08850,boundary,5,17,5,12,4,27,10,33.33,4,False,29.41,0
TTO-08851,boundary,5,19,9,10,3,31,18,60.0,8,False,47.37,0
TTO-08852,boundary,5,16,10,6,2,25,16,53.33,8,False,62.5,0
TTO-08853,boundary,5,17,9,8,3,27,14,46.67,9,False,52.94,0
TTO-08854,boundary,5,16,14,2,1,16,14,46.67,13,False,87.5,0
TTO-08855,boundary,5,19,13,6,3,31,19,63.33,11,False,68.42,0
TTO-08856,boundary,5,17,14,3,2,23,17,56.67,13,False,82.35,0
TTO-08857,boundary,5,18,7,11,4,29,10,33.33,6,False,38.89,0
TTO-08858,boundary,5,17,10,7,2,23,16,53.33,9,False,58.82,0
TTO-08859,boundary,5,17,11,6,2,20,14,46.67,10,False,64.71,0
TTO-08860,boundary,5,16,7,9,3,19,10,33.33,6,False,43.75,0
TTO-08861,boundary,5,18,11,7,3,25,14,46.67,10,False,61.11,0
TTO-08862,boundary,5,17,10,7,3,24,16,53.33,10,False,58.82,0
TTO-08863,boundary,5,19,11,8,3,23,14,46.67,9,False,57.89,0
TTO-08864,boundary,5,18,12,6,2,24,16,53.33,11,False,66.67,0
TTO-08865,boundary,5,19,9,10,3,30,14,46.67,7,False,47.37,0
TTO-08866,boundary,5,18,12,6,2,22,13,43.33,8,False,66.67,0
TTO-08867,boundary,5,18,11,7,2,25,14,46.67,10,False,61.11,0
TTO-08868,boundary,5,19,11,8,3,27,16,53.33,10,False,57.89,0
TTO-08869,boundary,5,17,9,8,3,28,12,40.0,9,False,52.94,0
TTO-08870,boundary,5,19,8,11,3,34,16,53.33,6,False,42.11,0
TTO-08871,boundary,5,18,5,13,4,25,10,33.33,5,False,27.78,0
TTO-08872,boundary,5,18,10,8,3,30,18,60.0,10,False,55.56,0
TTO-08873,boundary,5,18,7,11,3,29,10,33.33,6,False,38.89,0
TTO-08874,boundary,5,19,12,7,3,31,20,66.67,12,False,63.16,0
TTO-08875,boundary,5,17,10,7,2,21,10,33.33,10,False,58.82,0
TTO-08876,boundary,5,18,6,12,4,25,10,33.33,4,False,33.33,0
TTO-08877,boundary,5,18,10,8,3,33,17,56.67,9,False,55.56,0
TTO-08878,boundary,5,16,9,7,2,26,12,40.0,9,False,56.25,0
TTO-08879,boundary,5,19,13,6,2,19,13,43.33,13,False,68.42,0
TTO-08880,boundary,5,16,15,1,1,19,17,56.67,12,False,93.75,0
TTO-08881,boundary,5,18,11,7,3,29,15,50.0,10,False,61.11,0
TTO-08882,boundary,5,16,8,8,3,26,16,53.33,7,False,50.0,0
TTO-08883,boundary,5,18,9,9,3,25,14,46.67,8,False,50.0,0
TTO-08884,boundary,5,19,14,5,3,23,16,53.33,11,False,73.68,0
TTO-08885,boundary,5,18,7,11,4,22,10,33.33,7,False,38.89,0
TTO-08886,boundary,5,17,13,4,2,24,18,60.0,12,False,76.47,0
TTO-08887,boundary,5,18,11,7,2,24,14,46.67,9,False,61.11,0
TTO-08888,boundary,5,19,10,9,3,19,10,33.33,8,False,52.63,0
TTO-08889,boundary,5,18,13,5,2,25,18,60.0,12,False,72.22,0
TTO-08890,boundary,5,17,13,4,2,27,19,63.33,13,False,76.47,0
TTO-08891,boundary,5,18,7,11,4,29,12,40.0,7,False,38.89,0
TTO-08892,boundary,5,20,7,13,4,24,10,33.33,6,False,35.0,0
TTO-08893,boundary,5,17,10,7,2,17,10,33.33,8,False,58.82,0
TTO-08894,boundary,5,17,12,5,3,24,16,53.33,10,False,70.59,0
TTO-08895,boundary,5,15,10,5,2,24,16,53.33,9,False,66.67,0
TTO-08896,boundary,5,15,8,7,3,21,13,43.33,7,False,53.33,0
TTO-08897,boundary,5,18,7,11,3,25,10,33.33,6,False,38.89,0
TTO-08898,boundary,5,19,13,6,2,23,14,46.67,12,False,68.42,0
TTO-08899,boundary,5,17,14,3,1,24,18,60.0,12,False,82.35,0
TTO-08900,boundary,5,17,6,11,3,31,9,30.0,4,False,35.29,0
TTO-08901,boundary,5,18,7,11,3,25,10,33.33,7,False,38.89,0
TTO-08902,boundary,5,18,11,7,2,24,14,46.67,9,False,61.11,0
TTO-08903,boundary,5,17,9,8,3,27,14,46.67,8,False,52.94,0
TTO-08904,boundary,5,18,11,7,3,30,18,60.0,10,False,61.11,0
TTO-08905,boundary,5,19,15,4,1,22,18,60.0,13,False,78.95,0
TTO-08906,boundary,5,18,10,8,3,36,20,66.67,10,False,55.56,0
TTO-08907,boundary,5,18,9,9,3,29,16,53.33,9,False,50.0,0
TTO-08908,boundary,5,16,7,9,3,29,11,36.67,6,False,43.75,0
TTO-08909,boundary,5,20,10,10,3,36,18,60.0,8,False,50.0,0
TTO-08910,boundary,5,19,5,14,4,34,10,33.33,4,False,26.32,0
TTO-08911,boundary,5,17,10,7,2,24,13,43.33,9,False,58.82,0
TTO-08912,boundary,5,19,16,3,1,23,17,56.67,15,False,84.21,0
TTO-08913,boundary,5,17,13,4,2,24,16,53.33,12,False,76.47,0
TTO-08914,boundary,5,17,13,4,1,24,16,53.33,13,False,76.47,0
TTO-08915,boundary,5,19,18,1,1,19,18,60.0,17,False,94.74,0
TTO-08916,boundary,5,17,11,6,3,28,17,56.67,9,False,64.71,0
TTO-08917,boundary,5,16,10,6,2,22,13,43.33,9,False,62.5,0
TTO-08918,boundary,5,17,8,9,3,27,13,43.33,8,False,47.06,0
TTO-08919,boundary,5,19,10,9,3,38,20,66.67,8,False,52.63,0
TTO-08920,boundary,5,18,9,9,3,25,14,46.67,9,False,50.0,0
TTO-08921,boundary,5,20,18,2,1,20,18,60.0,15,False,90.0,0
TTO-08922,boundary,5,16,5,11,4,26,10,33.33,5,False,31.25,0
TTO-08923,boundary,5,19,7,12,3,26,10,33.33,7,False,36.84,0
TTO-08924,boundary,5,18,11,7,2,24,14,46.67,11,False,61.11,0
TTO-08925,boundary,5,16,13,3,1,25,19,63.33,13,False,81.25,0
TTO-08926,boundary,5,17,12,5,3,24,18,60.0,9,False,70.59,0
TTO-08927,boundary,5,19,9,10,4,27,14,46.67,9,False,47.37,0
TTO-08928,boundary,5,18,13,5,2,29,20,66.67,12,False,72.22,0
TTO-08929,boundary,5,19,7,12,4,27,10,33.33,6,False,36.84,0
TTO-08930,boundary,5,16,5,11,4,29,10,33.33,5,False,31.25,0
TTO-08931,boundary,5,17,10,7,3,25,13,43.33,9,False,58.82,0
TTO-08932,boundary,5,18,10,8,3,33,20,66.67,8,False,55.56,0
TTO-08933,boundary,5,19,13,6,2,30,18,60.0,10,False,68.42,0
TTO-08934,boundary,5,19,17,2,1,19,17,56.67,15,False,89.47,0
TTO-08935,boundary,5,17,10,7,2,27,16,53.33,9,False,58.82,0
TTO-08936,boundary,5,18,13,5,2,18,13,43.33,11,False,72.22,0
TTO-08937,boundary,5,17,9,8,3,24,13,43.33,8,False,52.94,0
TTO-08938,boundary,5,18,11,7,2,28,14,46.67,11,False,61.11,0
TTO-08939,boundary,5,17,12,5,3,30,20,66.67,12,False,70.59,0
TTO-08940,boundary,5,19,11,8,3,27,12,40.0,10,False,57.89,0
TTO-08941,boundary,5,18,7,11,4,26,12,40.0,7,False,38.89,0
TTO-08942,boundary,5,17,10,7,2,24,13,43.33,10,False,58.82,0
TTO-08943,boundary,5,18,5,13,4,30,10,33.33,4,False,27.78,0
TTO-08944,boundary,5,17,7,10,3,28,10,33.33,6,False,41.18,0
TTO-08945,boundary,5,18,12,6,2,22,13,43.33,12,False,66.67,0
TTO-08946,boundary,5,17,9,8,3,27,14,46.67,9,False,52.94,0
TTO-08947,boundary,5,18,10,8,3,33,18,60.0,9,False,55.56,0
TTO-08948,boundary,5,17,9,8,3,27,16,53.33,9,False,52.94,0
TTO-08949,boundary,5,19,8,11,4,34,16,53.33,7,False,42.11,0
TTO-08950,boundary,5,18,9,9,4,25,13,43.33,9,False,50.0,0
TTO-08951,boundary,5,15,11,4,2,24,16,53.33,9,False,73.33,0
TTO-08952,boundary,5,19,14,5,2,23,14,46.67,13,False,73.68,0
TTO-08953,boundary,5,18,9,9,3,32,18,60.0,8,False,50.0,0
TTO-08954,boundary,5,16,8,8,3,23,13,43.33,8,False,50.0,0
TTO-08955,boundary,5,18,13,5,3,25,20,66.67,13,False,72.22,0
TTO-08956,boundary,5,16,12,4,1,23,15,50.0,11,False,75.0,0
TTO-08957,boundary,5,15,10,5,2,18,13,43.33,10,False,66.67,0
TTO-08958,boundary,5,16,10,6,2,25,13,43.33,9,False,62.5,0
TTO-08959,boundary,5,17,11,6,2,24,12,40.0,10,False,64.71,0
TTO-08960,boundary,5,20,11,9,3,32,18,60.0,10,False,55.0,0
TTO-08961,boundary,5,16,12,4,3,26,20,66.67,11,False,75.0,0
TTO-08962,boundary,5,18,9,9,3,26,13,43.33,9,False,50.0,0
TTO-08963,boundary,5,18,11,7,2,22,12,40.0,10,False,61.11,0
TTO-08964,boundary,5,17,11,6,2,24,18,60.0,10,False,64.71,0
TTO-08965,boundary,5,19,6,13,4,31,10,33.33,6,False,31.58,0
TTO-08966,boundary,5,18,13,5,2,28,18,60.0,11,False,72.22,0
TTO-08967,boundary,5,17,9,8,3,30,16,53.33,8,False,52.94,0
TTO-08968,boundary,5,17,9,8,3,28,12,40.0,8,False,52.94,0
TTO-08969,boundary,5,17,11,6,3,24,14,46.67,11,False,64.71,0
TTO-08970,boundary,5,16,11,5,3,20,15,50.0,9,False,68.75,0
TTO-08971,boundary,5,18,7,11,4,28,10,33.33,6,False,38.89,0
TTO-08972,boundary,5,16,8,8,3,26,16,53.33,7,False,50.0,0
TTO-08973,boundary,5,18,6,12,4,25,10,33.33,6,False,33.33,0
TTO-08974,boundary,5,20,9,11,3,32,14,46.67,8,False,45.0,0
TTO-08975,boundary,5,17,12,5,2,27,20,66.67,10,False,70.59,0
TTO-08976,boundary,5,18,8,10,4,36,16,53.33,8,False,44.44,0
TTO-08977,boundary,5,18,6,12,4,33,12,40.0,5,False,33.33,0
TTO-08978,boundary,5,17,7,10,3,27,10,33.33,6,False,41.18,0
TTO-08979,boundary,5,17,11,6,2,24,14,46.67,9,False,64.71,0
TTO-08980,boundary,5,18,13,5,2,25,18,60.0,13,False,72.22,0
TTO-08981,boundary,5,17,10,7,3,31,18,60.0,8,False,58.82,0
TTO-08982,boundary,5,18,13,5,2,26,18,60.0,12,False,72.22,0
TTO-08983,boundary,5,18,6,12,4,29,10,33.33,6,False,33.33,0
TTO-08984,boundary,5,19,6,13,4,23,10,33.33,5,False,31.58,0
TTO-08985,boundary,5,16,10,6,3,26,16,53.33,9,False,62.5,0
TTO-08986,boundary,5,17,9,8,3,24,10,33.33,9,False,52.94,0
TTO-08987,boundary,5,18,10,8,2,29,13,43.33,9,False,55.56,0
TTO-08988,boundary,5,18,11,7,2,25,14,46.67,10,False,61.11,0
TTO-08989,boundary,5,16,6,10,3,29,9,30.0,4,False,37.5,0
TTO-08990,boundary,5,17,5,12,4,34,10,33.33,4,False,29.41,0
TTO-08991,boundary,5,17,11,6,2,24,15,50.0,10,False,64.71,0
TTO-08992,boundary,5,15,13,2,1,18,16,53.33,11,False,86.67,0
TTO-08993,boundary,5,16,10,6,2,22,16,53.33,9,False,62.5,0
TTO-08994,boundary,5,19,13,6,2,26,18,60.0,11,False,68.42,0
TTO-08995,boundary,5,18,9,9,3,22,10,33.33,8,False,50.0,0
TTO-08996,boundary,5,17,9,8,3,31,15,50.0,7,False,52.94,0
TTO-08997,boundary,5,16,7,9,3,23,10,33.33,6,False,43.75,0
TTO-08998,boundary,5,18,10,8,3,32,18,60.0,10,False,55.56,0
TTO-08999,boundary,5,18,14,4,2,24,18,60.0,14,False,77.78,0
TTO-09000,boundary,5,16,13,3,1,22,16,53.33,12,False,81.25,0
TTO-09001,stress,5,20,6,14,4,40,12,40.0,5,False,30.0,0
TTO-09002,stress,5,20,5,15,4,40,10,33.33,5,False,25.0,0
TTO-09003,stress,5,20,5,15,4,40,10,33.33,5,False,25.0,0
TTO-09004,stress,5,20,5,15,4,40,10,33.33,4,False,25.0,0
TTO-09005,stress,5,20,5,15,4,40,10,33.33,4,False,25.0,0
TTO-09006,stress,5,20,5,15,4,40,10,33.33,4,False,25.0,0
TTO-09007,stress,5,20,5,15,4,40,10,33.33,4,False,25.0,0
TTO-09008,stress,5,20,6,14,4,40,12,40.0,6,False,30.0,0
TTO-09009,stress,5,20,5,15,4,40,10,33.33,4,False,25.0,0
TTO-09010,stress,5,20,5,15,4,40,10,33.33,4,False,25.0,0
TTO-09011,stress,5,20,9,11,3,40,18,60.0,8,False,45.0,0
TTO-09012,stress,5,20,5,15,4,40,10,33.33,5,False,25.0,0
TTO-09013,stress,5,20,9,11,3,40,18,60.0,8,False,45.0,0
TTO-09014,stress,5,20,5,15,4,40,10,33.33,5,False,25.0,0
TTO-09015,stress,5,20,5,15,4,40,10,33.33,4,False,25.0,0
TTO-09016,stress,5,20,5,15,4,40,10,33.33,5,False,25.0,0
TTO-09017,stress,5,20,6,14,4,40,12,40.0,5,False,30.0,0
TTO-09018,stress,5,20,5,15,4,40,10,33.33,4,False,25.0,0
TTO-09019,stress,5,20,5,15,4,40,10,33.33,5,False,25.0,0
TTO-09020,stress,5,20,5,15,4,40,10,33.33,4,False,25.0,0
TTO-09021,stress,5,20,5,15,4,40,10,33.33,5,False,25.0,0
TTO-09022,stress,5,20,5,15,4,40,10,33.33,5,False,25.0,0
TTO-09023,stress,5,20,5,15,4,40,10,33.33,5,False,25.0,0
TTO-09024,stress,5,20,5,15,4,40,10,33.33,5,False,25.0,0
TTO-09025,stress,5,20,5,15,4,40,10,33.33,5,False,25.0,0
TTO-09026,stress,5,20,5,15,4,40,10,33.33,4,False,25.0,0
TTO-09027,stress,5,20,5,15,4,40,10,33.33,5,False,25.0,0
TTO-09028,stress,5,20,5,15,4,40,10,33.33,4,False,25.0,0
TTO-09029,stress,5,20,5,15,4,40,10,33.33,5,False,25.0,0
TTO-09030,stress,5,20,5,15,4,40,10,33.33,4,False,25.0,0
TTO-09031,stress,5,20,5,15,4,40,10,33.33,5,False,25.0,0
TTO-09032,stress,5,20,9,11,3,40,18,60.0,8,False,45.0,0
TTO-09033,stress,5,20,5,15,4,40,10,33.33,5,False,25.0,0
TTO-09034,stress,5,20,9,11,3,40,18,60.0,8,False,45.0,0
TTO-09035,stress,5,20,5,15,4,40,10,33.33,4,False,25.0,0
TTO-09036,stress,5,20,6,14,4,40,12,40.0,6,False,30.0,0
TTO-09037,stress,5,20,5,15,4,40,10,33.33,4,False,25.0,0
TTO-09038,stress,5,20,5,15,4,40,10,33.33,5,False,25.0,0
TTO-09039,stress,5,20,5,15,4,40,10,33.33,5,False,25.0,0
TTO-09040,stress,5,20,5,15,4,40,10,33.33,4,False,25.0,0
TTO-09041,stress,5,20,5,15,4,40,10,33.33,5,False,25.0,0
TTO-09042,stress,5,20,5,15,4,40,10,33.33,4,False,25.0,0
TTO-09043,stress,5,20,5,15,4,40,10,33.33,4,False,25.0,0
TTO-09044,stress,5,20,5,15,4,40,10,33.33,4,False,25.0,0
TTO-09045,stress,5,20,5,15,4,40,10,33.33,5,False,25.0,0
TTO-09046,stress,5,20,5,15,4,40,10,33.33,4,False,25.0,0
TTO-09047,stress,5,20,5,15,4,40,10,33.33,5,False,25.0,0
TTO-09048,stress,5,20,5,15,4,40,10,33.33,4,False,25.0,0
TTO-09049,stress,5,20,5,15,4,40,10,33.33,4,False,25.0,0
TTO-09050,stress,5,20,5,15,4,40,10,33.33,4,False,25.0,0
TTO-09051,stress,5,20,9,11,3,40,18,60.0,9,False,45.0,0
TTO-09052,stress,5,20,9,11,3,40,18,60.0,7,False,45.0,0
TTO-09053,stress,5,20,5,15,4,40,10,33.33,5,False,25.0,0
TTO-09054,stress,5,20,9,11,3,40,18,60.0,9,False,45.0,0
TTO-09055,stress,5,20,5,15,4,40,10,33.33,4,False,25.0,0
TTO-09056,stress,5,20,5,15,4,40,10,33.33,5,False,25.0,0
TTO-09057,stress,5,20,9,11,3,40,18,60.0,8,False,45.0,0
TTO-09058,stress,5,20,5,15,4,40,10,33.33,3,False,25.0,0
TTO-09059,stress,5,20,5,15,4,40,10,33.33,4,False,25.0,0
TTO-09060,stress,5,20,5,15,4,40,10,33.33,5,False,25.0,0
TTO-09061,stress,5,20,5,15,4,40,10,33.33,5,False,25.0,0
TTO-09062,stress,5,20,5,15,4,40,10,33.33,4,False,25.0,0
TTO-09063,stress,5,20,5,15,4,40,10,33.33,5,False,25.0,0
TTO-09064,stress,5,20,5,15,4,40,10,33.33,5,False,25.0,0
TTO-09065,stress,5,20,9,11,3,40,18,60.0,9,False,45.0,0
TTO-09066,stress,5,20,5,15,4,40,10,33.33,4,False,25.0,0
TTO-09067,stress,5,20,5,15,4,40,10,33.33,5,False,25.0,0
TTO-09068,stress,5,20,5,15,4,40,10,33.33,5,False,25.0,0
TTO-09069,stress,5,20,9,11,3,40,18,60.0,9,False,45.0,0
TTO-09070,stress,5,20,9,11,3,40,18,60.0,8,False,45.0,0
TTO-09071,stress,5,20,5,15,4,40,10,33.33,5,False,25.0,0
TTO-09072,stress,5,20,5,15,4,40,10,33.33,4,False,25.0,0
TTO-09073,stress,5,20,5,15,4,40,10,33.33,5,False,25.0,0
TTO-09074,stress,5,20,6,14,4,40,12,40.0,4,False,30.0,0
TTO-09075,stress,5,20,5,15,4,40,10,33.33,5,False,25.0,0
TTO-09076,stress,5,20,9,11,3,40,18,60.0,8,False,45.0,0
TTO-09077,stress,5,20,5,15,4,40,10,33.33,4,False,25.0,0
TTO-09078,stress,5,20,9,11,3,40,18,60.0,9,False,45.0,0
TTO-09079,stress,5,20,5,15,4,40,10,33.33,5,False,25.0,0
TTO-09080,stress,5,20,5,15,4,40,10,33.33,4,False,25.0,0
TTO-09081,stress,5,20,9,11,3,40,18,60.0,7,False,45.0,0
TTO-09082,stress,5,20,5,15,4,40,10,33.33,5,False,25.0,0
TTO-09083,stress,5,20,6,14,4,40,12,40.0,6,False,30.0,0
TTO-09084,stress,5,20,10,10,3,40,20,66.67,8,False,50.0,0
TTO-09085,stress,5,20,5,15,4,40,10,33.33,3,False,25.0,0
TTO-09086,stress,5,20,5,15,4,40,10,33.33,5,False,25.0,0
TTO-09087,stress,5,20,5,15,4,40,10,33.33,5,False,25.0,0
TTO-09088,stress,5,20,5,15,4,40,10,33.33,4,False,25.0,0
TTO-09089,stress,5,20,5,15,4,40,10,33.33,4,False,25.0,0
TTO-09090,stress,5,20,5,15,4,40,10,33.33,4,False,25.0,0
TTO-09091,stress,5,20,5,15,4,40,10,33.33,5,False,25.0,0
TTO-09092,stress,5,20,9,11,3,40,18,60.0,7,False,45.0,0
TTO-09093,stress,5,20,6,14,4,40,12,40.0,6,False,30.0,0
TTO-09094,stress,5,20,5,15,4,40,10,33.33,4,False,25.0,0
TTO-09095,stress,5,20,5,15,4,40,10,33.33,5,False,25.0,0
TTO-09096,stress,5,20,10,10,3,40,20,66.67,10,False,50.0,0
TTO-09097,stress,5,20,5,15,4,40,10,33.33,4,False,25.0,0
TTO-09098,stress,5,20,5,15,4,40,10,33.33,5,False,25.0,0
TTO-09099,stress,5,20,5,15,4,40,10,33.33,4,False,25.0,0
TTO-09100,stress,5,20,5,15,4,40,10,33.33,4,False,25.0,0
TTO-09101,stress,5,20,5,15,4,40,10,33.33,4,False,25.0,0
TTO-09102,stress,5,20,9,11,3,40,18,60.0,8,False,45.0,0
TTO-09103,stress,5,20,9,11,3,40,18,60.0,7,False,45.0,0
TTO-09104,stress,5,20,5,15,4,40,10,33.33,4,False,25.0,0
TTO-09105,stress,5,20,5,15,4,40,10,33.33,5,False,25.0,0
TTO-09106,stress,5,20,9,11,3,40,18,60.0,8,False,45.0,0
TTO-09107,stress,5,20,5,15,4,40,10,33.33,5,False,25.0,0
TTO-09108,stress,5,20,5,15,4,40,10,33.33,3,False,25.0,0
TTO-09109,stress,5,20,5,15,4,40,10,33.33,4,False,25.0,0
TTO-09110,stress,5,20,5,15,4,40,10,33.33,5,False,25.0,0
TTO-09111,stress,5,20,5,15,4,40,10,33.33,3,False,25.0,0
TTO-09112,stress,5,20,5,15,4,40,10,33.33,5,False,25.0,0
TTO-09113,stress,5,20,5,15,4,40,10,33.33,5,False,25.0,0
TTO-09114,stress,5,20,5,15,4,40,10,33.33,4,False,25.0,0
TTO-09115,stress,5,20,6,14,4,40,12,40.0,6,False,30.0,0
TTO-09116,stress,5,20,5,15,4,40,10,33.33,5,False,25.0,0
TTO-09117,stress,5,20,5,15,4,40,10,33.33,4,False,25.0,0
TTO-09118,stress,5,20,9,11,3,40,18,60.0,7,False,45.0,0
TTO-09119,stress,5,20,5,15,4,40,10,33.33,3,False,25.0,0
TTO-09120,stress,5,20,5,15,4,40,10,33.33,4,False,25.0,0
TTO-09121,stress,5,20,5,15,4,40,10,33.33,4,False,25.0,0
TTO-09122,stress,5,20,5,15,4,40,10,33.33,5,False,25.0,0
TTO-09123,stress,5,20,6,14,4,40,12,40.0,5,False,30.0,0
TTO-09124,stress,5,20,5,15,4,40,10,33.33,4,False,25.0,0
TTO-09125,stress,5,20,5,15,4,40,10,33.33,5,False,25.0,0
TTO-09126,stress,5,20,5,15,4,40,10,33.33,5,False,25.0,0
TTO-09127,stress,5,20,5,15,4,40,10,33.33,5,False,25.0,0
TTO-09128,stress,5,20,9,11,3,40,18,60.0,8,False,45.0,0
TTO-09129,stress,5,20,5,15,4,40,10,33.33,4,False,25.0,0
TTO-09130,stress,5,20,5,15,4,40,10,33.33,5,False,25.0,0
TTO-09131,stress,5,20,9,11,3,40,18,60.0,9,False,45.0,0
TTO-09132,stress,5,20,5,15,4,40,10,33.33,5,False,25.0,0
TTO-09133,stress,5,20,9,11,3,40,18,60.0,8,False,45.0,0
TTO-09134,stress,5,20,5,15,4,40,10,33.33,5,False,25.0,0
TTO-09135,stress,5,20,9,11,3,40,18,60.0,8,False,45.0,0
TTO-09136,stress,5,20,5,15,4,40,10,33.33,5,False,25.0,0
TTO-09137,stress,5,20,5,15,4,40,10,33.33,4,False,25.0,0
TTO-09138,stress,5,20,5,15,4,40,10,33.33,4,False,25.0,0
TTO-09139,stress,5,20,5,15,4,40,10,33.33,5,False,25.0,0
TTO-09140,stress,5,20,5,15,4,40,10,33.33,5,False,25.0,0
TTO-09141,stress,5,20,5,15,4,40,10,33.33,5,False,25.0,0
TTO-09142,stress,5,20,9,11,3,40,18,60.0,8,False,45.0,0
TTO-09143,stress,5,20,5,15,4,40,10,33.33,5,False,25.0,0
TTO-09144,stress,5,20,6,14,4,40,12,40.0,6,False,30.0,0
TTO-09145,stress,5,20,9,11,3,40,18,60.0,8,False,45.0,0
TTO-09146,stress,5,20,5,15,4,40,10,33.33,4,False,25.0,0
TTO-09147,stress,5,20,5,15,4,40,10,33.33,4,False,25.0,0
TTO-09148,stress,5,20,6,14,4,40,12,40.0,4,False,30.0,0
TTO-09149,stress,5,20,5,15,4,40,10,33.33,5,False,25.0,0
TTO-09150,stress,5,20,5,15,4,40,10,33.33,5,False,25.0,0
TTO-09151,stress,5,20,5,15,4,40,10,33.33,5,False,25.0,0
TTO-09152,stress,5,20,5,15,4,40,10,33.33,4,False,25.0,0
TTO-09153,stress,5,20,5,15,4,40,10,33.33,5,False,25.0,0
TTO-09154,stress,5,20,9,11,3,40,18,60.0,8,False,45.0,0
TTO-09155,stress,5,20,5,15,4,40,10,33.33,3,False,25.0,0
TTO-09156,stress,5,20,5,15,4,40,10,33.33,4,False,25.0,0
TTO-09157,stress,5,20,5,15,4,40,10,33.33,4,False,25.0,0
TTO-09158,stress,5,20,5,15,4,40,10,33.33,5,False,25.0,0
TTO-09159,stress,5,20,5,15,4,40,10,33.33,5,False,25.0,0
TTO-09160,stress,5,20,9,11,3,40,18,60.0,9,False,45.0,0
TTO-09161,stress,5,20,5,15,4,40,10,33.33,5,False,25.0,0
TTO-09162,stress,5,20,5,15,4,40,10,33.33,4,False,25.0,0
TTO-09163,stress,5,20,9,11,3,40,18,60.0,8,False,45.0,0
TTO-09164,stress,5,20,5,15,4,40,10,33.33,5,False,25.0,0
TTO-09165,stress,5,20,5,15,4,40,10,33.33,5,False,25.0,0
TTO-09166,stress,5,20,5,15,4,40,10,33.33,4,False,25.0,0
TTO-09167,stress,5,20,5,15,4,40,10,33.33,4,False,25.0,0
TTO-09168,stress,5,20,5,15,4,40,10,33.33,5,False,25.0,0
TTO-09169,stress,5,20,5,15,4,40,10,33.33,5,False,25.0,0
TTO-09170,stress,5,20,5,15,4,40,10,33.33,5,False,25.0,0
TTO-09171,stress,5,20,5,15,4,40,10,33.33,5,False,25.0,0
TTO-09172,stress,5,20,5,15,4,40,10,33.33,5,False,25.0,0
TTO-09173,stress,5,20,6,14,4,40,12,40.0,5,False,30.0,0
TTO-09174,stress,5,20,5,15,4,40,10,33.33,5,False,25.0,0
TTO-09175,stress,5,20,5,15,4,40,10,33.33,3,False,25.0,0
TTO-09176,stress,5,20,5,15,4,40,10,33.33,3,False,25.0,0
TTO-09177,stress,5,20,5,15,4,40,10,33.33,4,False,25.0,0
TTO-09178,stress,5,20,5,15,4,40,10,33.33,5,False,25.0,0
TTO-09179,stress,5,20,9,11,3,40,18,60.0,7,False,45.0,0
TTO-09180,stress,5,20,5,15,4,40,10,33.33,4,False,25.0,0
TTO-09181,stress,5,20,5,15,4,40,10,33.33,5,False,25.0,0
TTO-09182,stress,5,20,5,15,4,40,10,33.33,5,False,25.0,0
TTO-09183,stress,5,20,5,15,4,40,10,33.33,5,False,25.0,0
TTO-09184,stress,5,20,6,14,4,40,12,40.0,5,False,30.0,0
TTO-09185,stress,5,20,5,15,4,40,10,33.33,5,False,25.0,0
TTO-09186,stress,5,20,5,15,4,40,10,33.33,3,False,25.0,0
TTO-09187,stress,5,20,10,10,3,40,20,66.67,9,False,50.0,0
TTO-09188,stress,5,20,5,15,4,40,10,33.33,4,False,25.0,0
TTO-09189,stress,5,20,5,15,4,40,10,33.33,4,False,25.0,0
TTO-09190,stress,5,20,5,15,4,40,10,33.33,3,False,25.0,0
TTO-09191,stress,5,20,5,15,4,40,10,33.33,5,False,25.0,0
TTO-09192,stress,5,20,9,11,3,40,18,60.0,8,False,45.0,0
TTO-09193,stress,5,20,5,15,4,40,10,33.33,5,False,25.0,0
TTO-09194,stress,5,20,10,10,3,40,20,66.67,8,False,50.0,0
TTO-09195,stress,5,20,5,15,4,40,10,33.33,4,False,25.0,0
TTO-09196,stress,5,20,5,15,4,40,10,33.33,5,False,25.0,0
TTO-09197,stress,5,20,5,15,4,40,10,33.33,4,False,25.0,0
TTO-09198,stress,5,20,5,15,4,40,10,33.33,5,False,25.0,0
TTO-09199,stress,5,20,5,15,4,40,10,33.33,5,False,25.0,0
TTO-09200,stress,5,20,9,11,3,40,18,60.0,7,False,45.0,0
TTO-09201,stress,5,20,9,11,3,40,18,60.0,8,False,45.0,0
TTO-09202,stress,5,20,9,11,3,40,18,60.0,8,False,45.0,0
TTO-09203,stress,5,20,5,15,4,40,10,33.33,5,False,25.0,0
TTO-09204,stress,5,20,5,15,4,40,10,33.33,4,False,25.0,0
TTO-09205,stress,5,20,5,15,4,40,10,33.33,4,False,25.0,0
TTO-09206,stress,5,20,5,15,4,40,10,33.33,5,False,25.0,0
TTO-09207,stress,5,20,9,11,3,40,18,60.0,9,False,45.0,0
TTO-09208,stress,5,20,5,15,4,40,10,33.33,5,False,25.0,0
TTO-09209,stress,5,20,5,15,4,40,10,33.33,5,False,25.0,0
TTO-09210,stress,5,20,5,15,4,40,10,33.33,5,False,25.0,0
TTO-09211,stress,5,20,5,15,4,40,10,33.33,4,False,25.0,0
TTO-09212,stress,5,20,6,14,4,40,12,40.0,6,False,30.0,0
TTO-09213,stress,5,20,5,15,4,40,10,33.33,5,False,25.0,0
TTO-09214,stress,5,20,9,11,3,40,18,60.0,8,False,45.0,0
TTO-09215,stress,5,20,6,14,4,40,12,40.0,5,False,30.0,0
TTO-09216,stress,5,20,5,15,4,40,10,33.33,3,False,25.0,0
TTO-09217,stress,5,20,5,15,4,40,10,33.33,4,False,25.0,0
TTO-09218,stress,5,20,5,15,4,40,10,33.33,4,False,25.0,0
TTO-09219,stress,5,20,5,15,4,40,10,33.33,4,False,25.0,0
TTO-09220,stress,5,20,9,11,3,40,18,60.0,8,False,45.0,0
TTO-09221,stress,5,20,5,15,4,40,10,33.33,4,False,25.0,0
TTO-09222,stress,5,20,5,15,4,40,10,33.33,5,False,25.0,0
TTO-09223,stress,5,20,5,15,4,40,10,33.33,4,False,25.0,0
TTO-09224,stress,5,20,9,11,3,40,18,60.0,8,False,45.0,0
TTO-09225,stress,5,20,5,15,4,40,10,33.33,5,False,25.0,0
TTO-09226,stress,5,20,6,14,4,40,12,40.0,6,False,30.0,0
TTO-09227,stress,5,20,9,11,3,40,18,60.0,8,False,45.0,0
TTO-09228,stress,5,20,5,15,4,40,10,33.33,4,False,25.0,0
TTO-09229,stress,5,20,5,15,4,40,10,33.33,5,False,25.0,0
TTO-09230,stress,5,20,5,15,4,40,10,33.33,5,False,25.0,0
TTO-09231,stress,5,20,5,15,4,40,10,33.33,4,False,25.0,0
TTO-09232,stress,5,20,5,15,4,40,10,33.33,5,False,25.0,0
TTO-09233,stress,5,20,5,15,4,40,10,33.33,4,False,25.0,0
TTO-09234,stress,5,20,9,11,3,40,18,60.0,8,False,45.0,0
TTO-09235,stress,5,20,9,11,3,40,18,60.0,9,False,45.0,0
TTO-09236,stress,5,20,5,15,4,40,10,33.33,5,False,25.0,0
TTO-09237,stress,5,20,5,15,4,40,10,33.33,4,False,25.0,0
TTO-09238,stress,5,20,5,15,4,40,10,33.33,3,False,25.0,0
TTO-09239,stress,5,20,9,11,3,40,18,60.0,9,False,45.0,0
TTO-09240,stress,5,20,5,15,4,40,10,33.33,5,False,25.0,0
TTO-09241,stress,5,20,5,15,4,40,10,33.33,4,False,25.0,0
TTO-09242,stress,5,20,5,15,4,40,10,33.33,4,False,25.0,0
TTO-09243,stress,5,20,5,15,4,40,10,33.33,5,False,25.0,0
TTO-09244,stress,5,20,5,15,4,40,10,33.33,5,False,25.0,0
TTO-09245,stress,5,20,5,15,4,40,10,33.33,4,False,25.0,0
TTO-09246,stress,5,20,9,11,3,40,18,60.0,8,False,45.0,0
TTO-09247,stress,5,20,5,15,4,40,10,33.33,4,False,25.0,0
TTO-09248,stress,5,20,6,14,4,40,12,40.0,6,False,30.0,0
TTO-09249,stress,5,20,5,15,4,40,10,33.33,5,False,25.0,0
TTO-09250,stress,5,20,5,15,4,40,10,33.33,5,False,25.0,0
TTO-09251,stress,5,20,9,11,3,40,18,60.0,9,False,45.0,0
TTO-09252,stress,5,20,9,11,3,40,18,60.0,7,False,45.0,0
TTO-09253,stress,5,20,5,15,4,40,10,33.33,5,False,25.0,0
TTO-09254,stress,5,20,5,15,4,40,10,33.33,5,False,25.0,0
TTO-09255,stress,5,20,5,15,4,40,10,33.33,5,False,25.0,0
TTO-09256,stress,5,20,6,14,4,40,12,40.0,6,False,30.0,0
TTO-09257,stress,5,20,9,11,3,40,18,60.0,7,False,45.0,0
TTO-09258,stress,5,20,5,15,4,40,10,33.33,5,False,25.0,0
TTO-09259,stress,5,20,9,11,3,40,18,60.0,9,False,45.0,0
TTO-09260,stress,5,20,5,15,4,40,10,33.33,4,False,25.0,0
TTO-09261,stress,5,20,5,15,4,40,10,33.33,4,False,25.0,0
TTO-09262,stress,5,20,5,15,4,40,10,33.33,4,False,25.0,0
TTO-09263,stress,5,20,9,11,3,40,18,60.0,7,False,45.0,0
TTO-09264,stress,5,20,5,15,4,40,10,33.33,5,False,25.0,0
TTO-09265,stress,5,20,5,15,4,40,10,33.33,5,False,25.0,0
TTO-09266,stress,5,20,5,15,4,40,10,33.33,4,False,25.0,0
TTO-09267,stress,5,20,5,15,4,40,10,33.33,5,False,25.0,0
TTO-09268,stress,5,20,10,10,3,40,20,66.67,9,False,50.0,0
TTO-09269,stress,5,20,5,15,4,40,10,33.33,5,False,25.0,0
TTO-09270,stress,5,20,5,15,4,40,10,33.33,5,False,25.0,0
TTO-09271,stress,5,20,9,11,3,40,18,60.0,7,False,45.0,0
TTO-09272,stress,5,20,9,11,3,40,18,60.0,9,False,45.0,0
TTO-09273,stress,5,20,5,15,4,40,10,33.33,4,False,25.0,0
TTO-09274,stress,5,20,10,10,3,40,20,66.67,9,False,50.0,0
TTO-09275,stress,5,20,5,15,4,40,10,33.33,5,False,25.0,0
TTO-09276,stress,5,20,5,15,4,40,10,33.33,5,False,25.0,0
TTO-09277,stress,5,20,5,15,4,40,10,33.33,4,False,25.0,0
TTO-09278,stress,5,20,10,10,3,40,20,66.67,8,False,50.0,0
TTO-09279,stress,5,20,9,11,3,40,18,60.0,8,False,45.0,0
TTO-09280,stress,5,20,5,15,4,40,10,33.33,5,False,25.0,0
TTO-09281,stress,5,20,9,11,3,40,18,60.0,9,False,45.0,0
TTO-09282,stress,5,20,5,15,4,40,10,33.33,5,False,25.0,0
TTO-09283,stress,5,20,5,15,4,40,10,33.33,4,False,25.0,0
TTO-09284,stress,5,20,5,15,4,40,10,33.33,4,False,25.0,0
TTO-09285,stress,5,20,9,11,3,40,18,60.0,9,False,45.0,0
TTO-09286,stress,5,20,5,15,4,40,10,33.33,4,False,25.0,0
TTO-09287,stress,5,20,5,15,4,40,10,33.33,5,False,25.0,0
TTO-09288,stress,5,20,5,15,4,40,10,33.33,5,False,25.0,0
TTO-09289,stress,5,20,9,11,3,40,18,60.0,9,False,45.0,0
TTO-09290,stress,5,20,5,15,4,40,10,33.33,4,False,25.0,0
TTO-09291,stress,5,20,5,15,4,40,10,33.33,4,False,25.0,0
TTO-09292,stress,5,20,5,15,4,40,10,33.33,4,False,25.0,0
TTO-09293,stress,5,20,5,15,4,40,10,33.33,5,False,25.0,0
TTO-09294,stress,5,20,5,15,4,40,10,33.33,5,False,25.0,0
TTO-09295,stress,5,20,5,15,4,40,10,33.33,5,False,25.0,0
TTO-09296,stress,5,20,5,15,4,40,10,33.33,4,False,25.0,0
TTO-09297,stress,5,20,5,15,4,40,10,33.33,5,False,25.0,0
TTO-09298,stress,5,20,5,15,4,40,10,33.33,3,False,25.0,0
TTO-09299,stress,5,20,6,14,4,40,12,40.0,6,False,30.0,0
TTO-09300,stress,5,20,5,15,4,40,10,33.33,5,False,25.0,0
TTO-09301,stress,5,20,5,15,4,40,10,33.33,5,False,25.0,0
TTO-09302,stress,5,20,9,11,3,40,18,60.0,8,False,45.0,0
TTO-09303,stress,5,20,5,15,4,40,10,33.33,5,False,25.0,0
TTO-09304,stress,5,20,6,14,4,40,12,40.0,5,False,30.0,0
TTO-09305,stress,5,20,5,15,4,40,10,33.33,4,False,25.0,0
TTO-09306,stress,5,20,6,14,4,40,12,40.0,6,False,30.0,0
TTO-09307,stress,5,20,5,15,4,40,10,33.33,5,False,25.0,0
TTO-09308,stress,5,20,9,11,3,40,18,60.0,8,False,45.0,0
TTO-09309,stress,5,20,5,15,4,40,10,33.33,4,False,25.0,0
TTO-09310,stress,5,20,5,15,4,40,10,33.33,5,False,25.0,0
TTO-09311,stress,5,20,5,15,4,40,10,33.33,5,False,25.0,0
TTO-09312,stress,5,20,6,14,4,40,12,40.0,6,False,30.0,0
TTO-09313,stress,5,20,5,15,4,40,10,33.33,5,False,25.0,0
TTO-09314,stress,5,20,5,15,4,40,10,33.33,4,False,25.0,0
TTO-09315,stress,5,20,5,15,4,40,10,33.33,5,False,25.0,0
TTO-09316,stress,5,20,5,15,4,40,10,33.33,5,False,25.0,0
TTO-09317,stress,5,20,5,15,4,40,10,33.33,4,False,25.0,0
TTO-09318,stress,5,20,5,15,4,40,10,33.33,5,False,25.0,0
TTO-09319,stress,5,20,5,15,4,40,10,33.33,5,False,25.0,0
TTO-09320,stress,5,20,9,11,3,40,18,60.0,8,False,45.0,0
TTO-09321,stress,5,20,5,15,4,40,10,33.33,5,False,25.0,0
TTO-09322,stress,5,20,5,15,4,40,10,33.33,4,False,25.0,0
TTO-09323,stress,5,20,6,14,4,40,12,40.0,5,False,30.0,0
TTO-09324,stress,5,20,5,15,4,40,10,33.33,5,False,25.0,0
TTO-09325,stress,5,20,5,15,4,40,10,33.33,5,False,25.0,0
TTO-09326,stress,5,20,5,15,4,40,10,33.33,4,False,25.0,0
TTO-09327,stress,5,20,5,15,4,40,10,33.33,4,False,25.0,0
TTO-09328,stress,5,20,5,15,4,40,10,33.33,4,False,25.0,0
TTO-09329,stress,5,20,9,11,3,40,18,60.0,8,False,45.0,0
TTO-09330,stress,5,20,5,15,4,40,10,33.33,4,False,25.0,0
TTO-09331,stress,5,20,9,11,3,40,18,60.0,9,False,45.0,0
TTO-09332,stress,5,20,5,15,4,40,10,33.33,4,False,25.0,0
TTO-09333,stress,5,20,5,15,4,40,10,33.33,4,False,25.0,0
TTO-09334,stress,5,20,5,15,4,40,10,33.33,5,False,25.0,0
TTO-09335,stress,5,20,9,11,3,40,18,60.0,8,False,45.0,0
TTO-09336,stress,5,20,5,15,4,40,10,33.33,4,False,25.0,0
TTO-09337,stress,5,20,9,11,3,40,18,60.0,8,False,45.0,0
TTO-09338,stress,5,20,5,15,4,40,10,33.33,5,False,25.0,0
TTO-09339,stress,5,20,5,15,4,40,10,33.33,4,False,25.0,0
TTO-09340,stress,5,20,9,11,3,40,18,60.0,8,False,45.0,0
TTO-09341,stress,5,20,5,15,4,40,10,33.33,4,False,25.0,0
TTO-09342,stress,5,20,9,11,3,40,18,60.0,7,False,45.0,0
TTO-09343,stress,5,20,5,15,4,40,10,33.33,5,False,25.0,0
TTO-09344,stress,5,20,9,11,3,40,18,60.0,8,False,45.0,0
TTO-09345,stress,5,20,5,15,4,40,10,33.33,5,False,25.0,0
TTO-09346,stress,5,20,5,15,4,40,10,33.33,5,False,25.0,0
TTO-09347,stress,5,20,5,15,4,40,10,33.33,5,False,25.0,0
TTO-09348,stress,5,20,5,15,4,40,10,33.33,4,False,25.0,0
TTO-09349,stress,5,20,5,15,4,40,10,33.33,4,False,25.0,0
TTO-09350,stress,5,20,5,15,4,40,10,33.33,4,False,25.0,0
TTO-09351,stress,5,20,9,11,3,40,18,60.0,8,False,45.0,0
TTO-09352,stress,5,20,5,15,4,40,10,33.33,4,False,25.0,0
TTO-09353,stress,5,20,5,15,4,40,10,33.33,4,False,25.0,0
TTO-09354,stress,5,20,5,15,4,40,10,33.33,5,False,25.0,0
TTO-09355,stress,5,20,9,11,3,40,18,60.0,7,False,45.0,0
TTO-09356,stress,5,20,5,15,4,40,10,33.33,4,False,25.0,0
TTO-09357,stress,5,20,5,15,4,40,10,33.33,4,False,25.0,0
TTO-09358,stress,5,20,5,15,4,40,10,33.33,5,False,25.0,0
TTO-09359,stress,5,20,5,15,4,40,10,33.33,4,False,25.0,0
TTO-09360,stress,5,20,5,15,4,40,10,33.33,4,False,25.0,0
TTO-09361,stress,5,20,5,15,4,40,10,33.33,4,False,25.0,0
TTO-09362,stress,5,20,5,15,4,40,10,33.33,4,False,25.0,0
TTO-09363,stress,5,20,5,15,4,40,10,33.33,5,False,25.0,0
TTO-09364,stress,5,20,5,15,4,40,10,33.33,4,False,25.0,0
TTO-09365,stress,5,20,9,11,3,40,18,60.0,7,False,45.0,0
TTO-09366,stress,5,20,5,15,4,40,10,33.33,5,False,25.0,0
TTO-09367,stress,5,20,5,15,4,40,10,33.33,5,False,25.0,0
TTO-09368,stress,5,20,5,15,4,40,10,33.33,5,False,25.0,0
TTO-09369,stress,5,20,5,15,4,40,10,33.33,4,False,25.0,0
TTO-09370,stress,5,20,5,15,4,40,10,33.33,4,False,25.0,0
TTO-09371,stress,5,20,5,15,4,40,10,33.33,4,False,25.0,0
TTO-09372,stress,5,20,5,15,4,40,10,33.33,5,False,25.0,0
TTO-09373,stress,5,20,5,15,4,40,10,33.33,3,False,25.0,0
TTO-09374,stress,5,20,5,15,4,40,10,33.33,5,False,25.0,0
TTO-09375,stress,5,20,5,15,4,40,10,33.33,3,False,25.0,0
TTO-09376,stress,5,20,6,14,4,40,12,40.0,5,False,30.0,0
TTO-09377,stress,5,20,5,15,4,40,10,33.33,4,False,25.0,0
TTO-09378,stress,5,20,9,11,3,40,18,60.0,9,False,45.0,0
TTO-09379,stress,5,20,5,15,4,40,10,33.33,5,False,25.0,0
TTO-09380,stress,5,20,5,15,4,40,10,33.33,4,False,25.0,0
TTO-09381,stress,5,20,5,15,4,40,10,33.33,5,False,25.0,0
TTO-09382,stress,5,20,5,15,4,40,10,33.33,4,False,25.0,0
TTO-09383,stress,5,20,5,15,4,40,10,33.33,4,False,25.0,0
TTO-09384,stress,5,20,5,15,4,40,10,33.33,5,False,25.0,0
TTO-09385,stress,5,20,5,15,4,40,10,33.33,5,False,25.0,0
TTO-09386,stress,5,20,5,15,4,40,10,33.33,4,False,25.0,0
TTO-09387,stress,5,20,5,15,4,40,10,33.33,5,False,25.0,0
TTO-09388,stress,5,20,5,15,4,40,10,33.33,5,False,25.0,0
TTO-09389,stress,5,20,5,15,4,40,10,33.33,3,False,25.0,0
TTO-09390,stress,5,20,5,15,4,40,10,33.33,4,False,25.0,0
TTO-09391,stress,5,20,5,15,4,40,10,33.33,5,False,25.0,0
TTO-09392,stress,5,20,6,14,4,40,12,40.0,5,False,30.0,0
TTO-09393,stress,5,20,9,11,3,40,18,60.0,8,False,45.0,0
TTO-09394,stress,5,20,9,11,3,40,18,60.0,9,False,45.0,0
TTO-09395,stress,5,20,5,15,4,40,10,33.33,5,False,25.0,0
TTO-09396,stress,5,20,9,11,3,40,18,60.0,9,False,45.0,0
TTO-09397,stress,5,20,5,15,4,40,10,33.33,5,False,25.0,0
TTO-09398,stress,5,20,9,11,3,40,18,60.0,9,False,45.0,0
TTO-09399,stress,5,20,9,11,3,40,18,60.0,8,False,45.0,0
TTO-09400,stress,5,20,9,11,3,40,18,60.0,9,False,45.0,0
TTO-09401,stress,5,20,9,11,3,40,18,60.0,7,False,45.0,0
TTO-09402,stress,5,20,9,11,3,40,18,60.0,8,False,45.0,0
TTO-09403,stress,5,20,5,15,4,40,10,33.33,5,False,25.0,0
TTO-09404,stress,5,20,5,15,4,40,10,33.33,4,False,25.0,0
TTO-09405,stress,5,20,5,15,4,40,10,33.33,5,False,25.0,0
TTO-09406,stress,5,20,5,15,4,40,10,33.33,4,False,25.0,0
TTO-09407,stress,5,20,5,15,4,40,10,33.33,5,False,25.0,0
TTO-09408,stress,5,20,9,11,3,40,18,60.0,8,False,45.0,0
TTO-09409,stress,5,20,5,15,4,40,10,33.33,3,False,25.0,0
TTO-09410,stress,5,20,5,15,4,40,10,33.33,5,False,25.0,0
TTO-09411,stress,5,20,6,14,4,40,12,40.0,5,False,30.0,0
TTO-09412,stress,5,20,5,15,4,40,10,33.33,4,False,25.0,0
TTO-09413,stress,5,20,9,11,3,40,18,60.0,9,False,45.0,0
TTO-09414,stress,5,20,9,11,3,40,18,60.0,8,False,45.0,0
TTO-09415,stress,5,20,6,14,4,40,12,40.0,5,False,30.0,0
TTO-09416,stress,5,20,6,14,4,40,12,40.0,5,False,30.0,0
TTO-09417,stress,5,20,5,15,4,40,10,33.33,5,False,25.0,0
TTO-09418,stress,5,20,5,15,4,40,10,33.33,4,False,25.0,0
TTO-09419,stress,5,20,5,15,4,40,10,33.33,5,False,25.0,0
TTO-09420,stress,5,20,9,11,3,40,18,60.0,8,False,45.0,0
TTO-09421,stress,5,20,5,15,4,40,10,33.33,5,False,25.0,0
TTO-09422,stress,5,20,6,14,4,40,12,40.0,5,False,30.0,0
TTO-09423,stress,5,20,9,11,3,40,18,60.0,9,False,45.0,0
TTO-09424,stress,5,20,6,14,4,40,12,40.0,5,False,30.0,0
TTO-09425,stress,5,20,5,15,4,40,10,33.33,5,False,25.0,0
TTO-09426,stress,5,20,5,15,4,40,10,33.33,4,False,25.0,0
TTO-09427,stress,5,20,5,15,4,40,10,33.33,5,False,25.0,0
TTO-09428,stress,5,20,5,15,4,40,10,33.33,4,False,25.0,0
TTO-09429,stress,5,20,5,15,4,40,10,33.33,4,False,25.0,0
TTO-09430,stress,5,20,5,15,4,40,10,33.33,4,False,25.0,0
TTO-09431,stress,5,20,5,15,4,40,10,33.33,4,False,25.0,0
TTO-09432,stress,5,20,5,15,4,40,10,33.33,4,False,25.0,0
TTO-09433,stress,5,20,5,15,4,40,10,33.33,4,False,25.0,0
TTO-09434,stress,5,20,6,14,4,40,12,40.0,5,False,30.0,0
TTO-09435,stress,5,20,6,14,4,40,12,40.0,6,False,30.0,0
TTO-09436,stress,5,20,5,15,4,40,10,33.33,4,False,25.0,0
TTO-09437,stress,5,20,5,15,4,40,10,33.33,5,False,25.0,0
TTO-09438,stress,5,20,5,15,4,40,10,33.33,4,False,25.0,0
TTO-09439,stress,5,20,5,15,4,40,10,33.33,5,False,25.0,0
TTO-09440,stress,5,20,5,15,4,40,10,33.33,5,False,25.0,0
TTO-09441,stress,5,20,5,15,4,40,10,33.33,3,False,25.0,0
TTO-09442,stress,5,20,5,15,4,40,10,33.33,5,False,25.0,0
TTO-09443,stress,5,20,5,15,4,40,10,33.33,4,False,25.0,0
TTO-09444,stress,5,20,9,11,3,40,18,60.0,8,False,45.0,0
TTO-09445,stress,5,20,9,11,3,40,18,60.0,8,False,45.0,0
TTO-09446,stress,5,20,5,15,4,40,10,33.33,5,False,25.0,0
TTO-09447,stress,5,20,5,15,4,40,10,33.33,5,False,25.0,0
TTO-09448,stress,5,20,5,15,4,40,10,33.33,4,False,25.0,0
TTO-09449,stress,5,20,9,11,3,40,18,60.0,9,False,45.0,0
TTO-09450,stress,5,20,5,15,4,40,10,33.33,5,False,25.0,0
TTO-09451,stress,5,20,9,11,3,40,18,60.0,6,False,45.0,0
TTO-09452,stress,5,20,5,15,4,40,10,33.33,5,False,25.0,0
TTO-09453,stress,5,20,5,15,4,40,10,33.33,4,False,25.0,0
TTO-09454,stress,5,20,5,15,4,40,10,33.33,3,False,25.0,0
TTO-09455,stress,5,20,5,15,4,40,10,33.33,5,False,25.0,0
TTO-09456,stress,5,20,5,15,4,40,10,33.33,5,False,25.0,0
TTO-09457,stress,5,20,5,15,4,40,10,33.33,4,False,25.0,0
TTO-09458,stress,5,20,5,15,4,40,10,33.33,4,False,25.0,0
TTO-09459,stress,5,20,9,11,3,40,18,60.0,8,False,45.0,0
TTO-09460,stress,5,20,5,15,4,40,10,33.33,4,False,25.0,0
TTO-09461,stress,5,20,5,15,4,40,10,33.33,5,False,25.0,0
TTO-09462,stress,5,20,5,15,4,40,10,33.33,3,False,25.0,0
TTO-09463,stress,5,20,9,11,3,40,18,60.0,8,False,45.0,0
TTO-09464,stress,5,20,6,14,4,40,12,40.0,6,False,30.0,0
TTO-09465,stress,5,20,5,15,4,40,10,33.33,4,False,25.0,0
TTO-09466,stress,5,20,5,15,4,40,10,33.33,5,False,25.0,0
TTO-09467,stress,5,20,5,15,4,40,10,33.33,4,False,25.0,0
TTO-09468,stress,5,20,9,11,3,40,18,60.0,7,False,45.0,0
TTO-09469,stress,5,20,5,15,4,40,10,33.33,5,False,25.0,0
TTO-09470,stress,5,20,5,15,4,40,10,33.33,4,False,25.0,0
TTO-09471,stress,5,20,5,15,4,40,10,33.33,5,False,25.0,0
TTO-09472,stress,5,20,5,15,4,40,10,33.33,5,False,25.0,0
TTO-09473,stress,5,20,5,15,4,40,10,33.33,4,False,25.0,0
TTO-09474,stress,5,20,5,15,4,40,10,33.33,5,False,25.0,0
TTO-09475,stress,5,20,9,11,3,40,18,60.0,8,False,45.0,0
TTO-09476,stress,5,20,5,15,4,40,10,33.33,5,False,25.0,0
TTO-09477,stress,5,20,5,15,4,40,10,33.33,5,False,25.0,0
TTO-09478,stress,5,20,5,15,4,40,10,33.33,4,False,25.0,0
TTO-09479,stress,5,20,5,15,4,40,10,33.33,5,False,25.0,0
TTO-09480,stress,5,20,5,15,4,40,10,33.33,4,False,25.0,0
TTO-09481,stress,5,20,5,15,4,40,10,33.33,3,False,25.0,0
TTO-09482,stress,5,20,5,15,4,40,10,33.33,5,False,25.0,0
TTO-09483,stress,5,20,10,10,3,40,20,66.67,8,False,50.0,0
TTO-09484,stress,5,20,5,15,4,40,10,33.33,5,False,25.0,0
TTO-09485,stress,5,20,5,15,4,40,10,33.33,5,False,25.0,0
TTO-09486,stress,5,20,9,11,3,40,18,60.0,6,False,45.0,0
TTO-09487,stress,5,20,10,10,3,40,20,66.67,8,False,50.0,0
TTO-09488,stress,5,20,5,15,4,40,10,33.33,4,False,25.0,0
TTO-09489,stress,5,20,5,15,4,40,10,33.33,4,False,25.0,0
TTO-09490,stress,5,20,5,15,4,40,10,33.33,5,False,25.0,0
TTO-09491,stress,5,20,5,15,4,40,10,33.33,5,False,25.0,0
TTO-09492,stress,5,20,9,11,3,40,18,60.0,9,False,45.0,0
TTO-09493,stress,5,20,5,15,4,40,10,33.33,4,False,25.0,0
TTO-09494,stress,5,20,5,15,4,40,10,33.33,4,False,25.0,0
TTO-09495,stress,5,20,5,15,4,40,10,33.33,4,False,25.0,0
TTO-09496,stress,5,20,5,15,4,40,10,33.33,4,False,25.0,0
TTO-09497,stress,5,20,5,15,4,40,10,33.33,4,False,25.0,0
TTO-09498,stress,5,20,5,15,4,40,10,33.33,5,False,25.0,0
TTO-09499,stress,5,20,5,15,4,40,10,33.33,5,False,25.0,0
TTO-09500,stress,5,20,10,10,3,40,20,66.67,8,False,50.0,0
TTO-09501,stress,5,20,5,15,4,40,10,33.33,5,False,25.0,0
TTO-09502,stress,5,20,9,11,3,40,18,60.0,9,False,45.0,0
TTO-09503,stress,5,20,5,15,4,40,10,33.33,5,False,25.0,0
TTO-09504,stress,5,20,5,15,4,40,10,33.33,4,False,25.0,0
TTO-09505,stress,5,20,6,14,4,40,12,40.0,6,False,30.0,0
TTO-09506,stress,5,20,9,11,3,40,18,60.0,8,False,45.0,0
TTO-09507,stress,5,20,5,15,4,40,10,33.33,5,False,25.0,0
TTO-09508,stress,5,20,5,15,4,40,10,33.33,5,False,25.0,0
TTO-09509,stress,5,20,5,15,4,40,10,33.33,4,False,25.0,0
TTO-09510,stress,5,20,5,15,4,40,10,33.33,5,False,25.0,0
TTO-09511,stress,5,20,5,15,4,40,10,33.33,4,False,25.0,0
TTO-09512,stress,5,20,5,15,4,40,10,33.33,4,False,25.0,0
TTO-09513,stress,5,20,5,15,4,40,10,33.33,4,False,25.0,0
TTO-09514,stress,5,20,5,15,4,40,10,33.33,5,False,25.0,0
TTO-09515,stress,5,20,5,15,4,40,10,33.33,4,False,25.0,0
TTO-09516,stress,5,20,5,15,4,40,10,33.33,4,False,25.0,0
TTO-09517,stress,5,20,5,15,4,40,10,33.33,5,False,25.0,0
TTO-09518,stress,5,20,5,15,4,40,10,33.33,4,False,25.0,0
TTO-09519,stress,5,20,5,15,4,40,10,33.33,5,False,25.0,0
TTO-09520,stress,5,20,5,15,4,40,10,33.33,5,False,25.0,0
TTO-09521,stress,5,20,5,15,4,40,10,33.33,5,False,25.0,0
TTO-09522,stress,5,20,5,15,4,40,10,33.33,4,False,25.0,0
TTO-09523,stress,5,20,5,15,4,40,10,33.33,4,False,25.0,0
TTO-09524,stress,5,20,5,15,4,40,10,33.33,5,False,25.0,0
TTO-09525,stress,5,20,5,15,4,40,10,33.33,4,False,25.0,0
TTO-09526,stress,5,20,5,15,4,40,10,33.33,5,False,25.0,0
TTO-09527,stress,5,20,5,15,4,40,10,33.33,5,False,25.0,0
TTO-09528,stress,5,20,6,14,4,40,12,40.0,4,False,30.0,0
TTO-09529,stress,5,20,5,15,4,40,10,33.33,3,False,25.0,0
TTO-09530,stress,5,20,10,10,3,40,20,66.67,8,False,50.0,0
TTO-09531,stress,5,20,5,15,4,40,10,33.33,5,False,25.0,0
TTO-09532,stress,5,20,9,11,3,40,18,60.0,7,False,45.0,0
TTO-09533,stress,5,20,5,15,4,40,10,33.33,4,False,25.0,0
TTO-09534,stress,5,20,5,15,4,40,10,33.33,5,False,25.0,0
TTO-09535,stress,5,20,5,15,4,40,10,33.33,5,False,25.0,0
TTO-09536,stress,5,20,9,11,3,40,18,60.0,7,False,45.0,0
TTO-09537,stress,5,20,9,11,3,40,18,60.0,7,False,45.0,0
TTO-09538,stress,5,20,9,11,3,40,18,60.0,8,False,45.0,0
TTO-09539,stress,5,20,5,15,4,40,10,33.33,5,False,25.0,0
TTO-09540,stress,5,20,9,11,3,40,18,60.0,7,False,45.0,0
TTO-09541,stress,5,20,5,15,4,40,10,33.33,5,False,25.0,0
TTO-09542,stress,5,20,5,15,4,40,10,33.33,5,False,25.0,0
TTO-09543,stress,5,20,5,15,4,40,10,33.33,3,False,25.0,0
TTO-09544,stress,5,20,5,15,4,40,10,33.33,5,False,25.0,0
TTO-09545,stress,5,20,5,15,4,40,10,33.33,4,False,25.0,0
TTO-09546,stress,5,20,5,15,4,40,10,33.33,4,False,25.0,0
TTO-09547,stress,5,20,5,15,4,40,10,33.33,5,False,25.0,0
TTO-09548,stress,5,20,5,15,4,40,10,33.33,4,False,25.0,0
TTO-09549,stress,5,20,5,15,4,40,10,33.33,3,False,25.0,0
TTO-09550,stress,5,20,5,15,4,40,10,33.33,5,False,25.0,0
TTO-09551,stress,5,20,5,15,4,40,10,33.33,5,False,25.0,0
TTO-09552,stress,5,20,6,14,4,40,12,40.0,4,False,30.0,0
TTO-09553,stress,5,20,5,15,4,40,10,33.33,4,False,25.0,0
TTO-09554,stress,5,20,5,15,4,40,10,33.33,5,False,25.0,0
TTO-09555,stress,5,20,10,10,3,40,20,66.67,10,False,50.0,0
TTO-09556,stress,5,20,5,15,4,40,10,33.33,4,False,25.0,0
TTO-09557,stress,5,20,5,15,4,40,10,33.33,5,False,25.0,0
TTO-09558,stress,5,20,6,14,4,40,12,40.0,5,False,30.0,0
TTO-09559,stress,5,20,5,15,4,40,10,33.33,5,False,25.0,0
TTO-09560,stress,5,20,5,15,4,40,10,33.33,5,False,25.0,0
TTO-09561,stress,5,20,5,15,4,40,10,33.33,5,False,25.0,0
TTO-09562,stress,5,20,6,14,4,40,12,40.0,5,False,30.0,0
TTO-09563,stress,5,20,5,15,4,40,10,33.33,4,False,25.0,0
TTO-09564,stress,5,20,5,15,4,40,10,33.33,3,False,25.0,0
TTO-09565,stress,5,20,5,15,4,40,10,33.33,5,False,25.0,0
TTO-09566,stress,5,20,5,15,4,40,10,33.33,4,False,25.0,0
TTO-09567,stress,5,20,5,15,4,40,10,33.33,5,False,25.0,0
TTO-09568,stress,5,20,10,10,3,40,20,66.67,8,False,50.0,0
TTO-09569,stress,5,20,5,15,4,40,10,33.33,4,False,25.0,0
TTO-09570,stress,5,20,5,15,4,40,10,33.33,4,False,25.0,0
TTO-09571,stress,5,20,5,15,4,40,10,33.33,5,False,25.0,0
TTO-09572,stress,5,20,5,15,4,40,10,33.33,4,False,25.0,0
TTO-09573,stress,5,20,5,15,4,40,10,33.33,4,False,25.0,0
TTO-09574,stress,5,20,5,15,4,40,10,33.33,5,False,25.0,0
TTO-09575,stress,5,20,5,15,4,40,10,33.33,5,False,25.0,0
TTO-09576,stress,5,20,5,15,4,40,10,33.33,5,False,25.0,0
TTO-09577,stress,5,20,9,11,3,40,18,60.0,9,False,45.0,0
TTO-09578,stress,5,20,5,15,4,40,10,33.33,3,False,25.0,0
TTO-09579,stress,5,20,5,15,4,40,10,33.33,4,False,25.0,0
TTO-09580,stress,5,20,5,15,4,40,10,33.33,5,False,25.0,0
TTO-09581,stress,5,20,5,15,4,40,10,33.33,4,False,25.0,0
TTO-09582,stress,5,20,9,11,3,40,18,60.0,9,False,45.0,0
TTO-09583,stress,5,20,5,15,4,40,10,33.33,4,False,25.0,0
TTO-09584,stress,5,20,6,14,4,40,12,40.0,5,False,30.0,0
TTO-09585,stress,5,20,5,15,4,40,10,33.33,5,False,25.0,0
TTO-09586,stress,5,20,5,15,4,40,10,33.33,4,False,25.0,0
TTO-09587,stress,5,20,5,15,4,40,10,33.33,4,False,25.0,0
TTO-09588,stress,5,20,6,14,4,40,12,40.0,4,False,30.0,0
TTO-09589,stress,5,20,5,15,4,40,10,33.33,4,False,25.0,0
TTO-09590,stress,5,20,5,15,4,40,10,33.33,4,False,25.0,0
TTO-09591,stress,5,20,5,15,4,40,10,33.33,5,False,25.0,0
TTO-09592,stress,5,20,5,15,4,40,10,33.33,4,False,25.0,0
TTO-09593,stress,5,20,5,15,4,40,10,33.33,5,False,25.0,0
TTO-09594,stress,5,20,9,11,3,40,18,60.0,9,False,45.0,0
TTO-09595,stress,5,20,6,14,4,40,12,40.0,6,False,30.0,0
TTO-09596,stress,5,20,5,15,4,40,10,33.33,4,False,25.0,0
TTO-09597,stress,5,20,5,15,4,40,10,33.33,4,False,25.0,0
TTO-09598,stress,5,20,5,15,4,40,10,33.33,4,False,25.0,0
TTO-09599,stress,5,20,5,15,4,40,10,33.33,5,False,25.0,0
TTO-09600,stress,5,20,9,11,3,40,18,60.0,8,False,45.0,0
TTO-09601,stress,5,20,5,15,4,40,10,33.33,5,False,25.0,0
TTO-09602,stress,5,20,5,15,4,40,10,33.33,5,False,25.0,0
TTO-09603,stress,5,20,5,15,4,40,10,33.33,4,False,25.0,0
TTO-09604,stress,5,20,5,15,4,40,10,33.33,4,False,25.0,0
TTO-09605,stress,5,20,5,15,4,40,10,33.33,5,False,25.0,0
TTO-09606,stress,5,20,5,15,4,40,10,33.33,5,False,25.0,0
TTO-09607,stress,5,20,5,15,4,40,10,33.33,5,False,25.0,0
TTO-09608,stress,5,20,5,15,4,40,10,33.33,5,False,25.0,0
TTO-09609,stress,5,20,5,15,4,40,10,33.33,5,False,25.0,0
TTO-09610,stress,5,20,9,11,3,40,18,60.0,8,False,45.0,0
TTO-09611,stress,5,20,5,15,4,40,10,33.33,5,False,25.0,0
TTO-09612,stress,5,20,5,15,4,40,10,33.33,5,False,25.0,0
TTO-09613,stress,5,20,10,10,3,40,20,66.67,10,False,50.0,0
TTO-09614,stress,5,20,5,15,4,40,10,33.33,4,False,25.0,0
TTO-09615,stress,5,20,9,11,3,40,18,60.0,8,False,45.0,0
TTO-09616,stress,5,20,5,15,4,40,10,33.33,4,False,25.0,0
TTO-09617,stress,5,20,5,15,4,40,10,33.33,4,False,25.0,0
TTO-09618,stress,5,20,5,15,4,40,10,33.33,4,False,25.0,0
TTO-09619,stress,5,20,5,15,4,40,10,33.33,4,False,25.0,0
TTO-09620,stress,5,20,5,15,4,40,10,33.33,5,False,25.0,0
TTO-09621,stress,5,20,5,15,4,40,10,33.33,4,False,25.0,0
TTO-09622,stress,5,20,5,15,4,40,10,33.33,5,False,25.0,0
TTO-09623,stress,5,20,5,15,4,40,10,33.33,4,False,25.0,0
TTO-09624,stress,5,20,9,11,3,40,18,60.0,7,False,45.0,0
TTO-09625,stress,5,20,5,15,4,40,10,33.33,5,False,25.0,0
TTO-09626,stress,5,20,5,15,4,40,10,33.33,4,False,25.0,0
TTO-09627,stress,5,20,5,15,4,40,10,33.33,4,False,25.0,0
TTO-09628,stress,5,20,5,15,4,40,10,33.33,4,False,25.0,0
TTO-09629,stress,5,20,5,15,4,40,10,33.33,5,False,25.0,0
TTO-09630,stress,5,20,5,15,4,40,10,33.33,5,False,25.0,0
TTO-09631,stress,5,20,9,11,3,40,18,60.0,9,False,45.0,0
TTO-09632,stress,5,20,5,15,4,40,10,33.33,4,False,25.0,0
TTO-09633,stress,5,20,5,15,4,40,10,33.33,4,False,25.0,0
TTO-09634,stress,5,20,6,14,4,40,12,40.0,6,False,30.0,0
TTO-09635,stress,5,20,5,15,4,40,10,33.33,5,False,25.0,0
TTO-09636,stress,5,20,5,15,4,40,10,33.33,5,False,25.0,0
TTO-09637,stress,5,20,6,14,4,40,12,40.0,4,False,30.0,0
TTO-09638,stress,5,20,10,10,3,40,20,66.67,9,False,50.0,0
TTO-09639,stress,5,20,5,15,4,40,10,33.33,3,False,25.0,0
TTO-09640,stress,5,20,5,15,4,40,10,33.33,4,False,25.0,0
TTO-09641,stress,5,20,5,15,4,40,10,33.33,4,False,25.0,0
TTO-09642,stress,5,20,5,15,4,40,10,33.33,5,False,25.0,0
TTO-09643,stress,5,20,9,11,3,40,18,60.0,8,False,45.0,0
TTO-09644,stress,5,20,5,15,4,40,10,33.33,5,False,25.0,0
TTO-09645,stress,5,20,5,15,4,40,10,33.33,4,False,25.0,0
TTO-09646,stress,5,20,5,15,4,40,10,33.33,5,False,25.0,0
TTO-09647,stress,5,20,5,15,4,40,10,33.33,4,False,25.0,0
TTO-09648,stress,5,20,9,11,3,40,18,60.0,8,False,45.0,0
TTO-09649,stress,5,20,5,15,4,40,10,33.33,4,False,25.0,0
TTO-09650,stress,5,20,5,15,4,40,10,33.33,5,False,25.0,0
TTO-09651,stress,5,20,5,15,4,40,10,33.33,4,False,25.0,0
TTO-09652,stress,5,20,5,15,4,40,10,33.33,5,False,25.0,0
TTO-09653,stress,5,20,5,15,4,40,10,33.33,5,False,25.0,0
TTO-09654,stress,5,20,9,11,3,40,18,60.0,9,False,45.0,0
TTO-09655,stress,5,20,5,15,4,40,10,33.33,5,False,25.0,0
TTO-09656,stress,5,20,5,15,4,40,10,33.33,3,False,25.0,0
TTO-09657,stress,5,20,5,15,4,40,10,33.33,5,False,25.0,0
TTO-09658,stress,5,20,5,15,4,40,10,33.33,4,False,25.0,0
TTO-09659,stress,5,20,5,15,4,40,10,33.33,4,False,25.0,0
TTO-09660,stress,5,20,10,10,3,40,20,66.67,8,False,50.0,0
TTO-09661,stress,5,20,9,11,3,40,18,60.0,8,False,45.0,0
TTO-09662,stress,5,20,10,10,3,40,20,66.67,10,False,50.0,0
TTO-09663,stress,5,20,5,15,4,40,10,33.33,4,False,25.0,0
TTO-09664,stress,5,20,6,14,4,40,12,40.0,4,False,30.0,0
TTO-09665,stress,5,20,5,15,4,40,10,33.33,5,False,25.0,0
TTO-09666,stress,5,20,5,15,4,40,10,33.33,4,False,25.0,0
TTO-09667,stress,5,20,5,15,4,40,10,33.33,3,False,25.0,0
TTO-09668,stress,5,20,9,11,3,40,18,60.0,7,False,45.0,0
TTO-09669,stress,5,20,5,15,4,40,10,33.33,5,False,25.0,0
TTO-09670,stress,5,20,6,14,4,40,12,40.0,6,False,30.0,0
TTO-09671,stress,5,20,5,15,4,40,10,33.33,4,False,25.0,0
TTO-09672,stress,5,20,9,11,3,40,18,60.0,7,False,45.0,0
TTO-09673,stress,5,20,5,15,4,40,10,33.33,5,False,25.0,0
TTO-09674,stress,5,20,5,15,4,40,10,33.33,4,False,25.0,0
TTO-09675,stress,5,20,5,15,4,40,10,33.33,4,False,25.0,0
TTO-09676,stress,5,20,10,10,3,40,20,66.67,8,False,50.0,0
TTO-09677,stress,5,20,6,14,4,40,12,40.0,6,False,30.0,0
TTO-09678,stress,5,20,10,10,3,40,20,66.67,10,False,50.0,0
TTO-09679,stress,5,20,9,11,3,40,18,60.0,8,False,45.0,0
TTO-09680,stress,5,20,5,15,4,40,10,33.33,5,False,25.0,0
TTO-09681,stress,5,20,5,15,4,40,10,33.33,5,False,25.0,0
TTO-09682,stress,5,20,5,15,4,40,10,33.33,5,False,25.0,0
TTO-09683,stress,5,20,9,11,3,40,18,60.0,9,False,45.0,0
TTO-09684,stress,5,20,5,15,4,40,10,33.33,4,False,25.0,0
TTO-09685,stress,5,20,5,15,4,40,10,33.33,5,False,25.0,0
TTO-09686,stress,5,20,6,14,4,40,12,40.0,5,False,30.0,0
TTO-09687,stress,5,20,5,15,4,40,10,33.33,5,False,25.0,0
TTO-09688,stress,5,20,5,15,4,40,10,33.33,4,False,25.0,0
TTO-09689,stress,5,20,5,15,4,40,10,33.33,4,False,25.0,0
TTO-09690,stress,5,20,5,15,4,40,10,33.33,5,False,25.0,0
TTO-09691,stress,5,20,5,15,4,40,10,33.33,5,False,25.0,0
TTO-09692,stress,5,20,5,15,4,40,10,33.33,5,False,25.0,0
TTO-09693,stress,5,20,6,14,4,40,12,40.0,6,False,30.0,0
TTO-09694,stress,5,20,5,15,4,40,10,33.33,4,False,25.0,0
TTO-09695,stress,5,20,9,11,3,40,18,60.0,8,False,45.0,0
TTO-09696,stress,5,20,5,15,4,40,10,33.33,4,False,25.0,0
TTO-09697,stress,5,20,5,15,4,40,10,33.33,5,False,25.0,0
TTO-09698,stress,5,20,5,15,4,40,10,33.33,4,False,25.0,0
TTO-09699,stress,5,20,5,15,4,40,10,33.33,5,False,25.0,0
TTO-09700,stress,5,20,5,15,4,40,10,33.33,4,False,25.0,0
TTO-09701,stress,5,20,5,15,4,40,10,33.33,5,False,25.0,0
TTO-09702,stress,5,20,5,15,4,40,10,33.33,5,False,25.0,0
TTO-09703,stress,5,20,5,15,4,40,10,33.33,5,False,25.0,0
TTO-09704,stress,5,20,9,11,3,40,18,60.0,8,False,45.0,0
TTO-09705,stress,5,20,5,15,4,40,10,33.33,5,False,25.0,0
TTO-09706,stress,5,20,5,15,4,40,10,33.33,4,False,25.0,0
TTO-09707,stress,5,20,10,10,3,40,20,66.67,9,False,50.0,0
TTO-09708,stress,5,20,9,11,3,40,18,60.0,9,False,45.0,0
TTO-09709,stress,5,20,5,15,4,40,10,33.33,4,False,25.0,0
TTO-09710,stress,5,20,5,15,4,40,10,33.33,5,False,25.0,0
TTO-09711,stress,5,20,5,15,4,40,10,33.33,5,False,25.0,0
TTO-09712,stress,5,20,5,15,4,40,10,33.33,5,False,25.0,0
TTO-09713,stress,5,20,6,14,4,40,12,40.0,5,False,30.0,0
TTO-09714,stress,5,20,5,15,4,40,10,33.33,5,False,25.0,0
TTO-09715,stress,5,20,5,15,4,40,10,33.33,5,False,25.0,0
TTO-09716,stress,5,20,5,15,4,40,10,33.33,5,False,25.0,0
TTO-09717,stress,5,20,5,15,4,40,10,33.33,5,False,25.0,0
TTO-09718,stress,5,20,5,15,4,40,10,33.33,4,False,25.0,0
TTO-09719,stress,5,20,5,15,4,40,10,33.33,4,False,25.0,0
TTO-09720,stress,5,20,9,11,3,40,18,60.0,8,False,45.0,0
TTO-09721,stress,5,20,5,15,4,40,10,33.33,5,False,25.0,0
TTO-09722,stress,5,20,5,15,4,40,10,33.33,4,False,25.0,0
TTO-09723,stress,5,20,5,15,4,40,10,33.33,3,False,25.0,0
TTO-09724,stress,5,20,5,15,4,40,10,33.33,5,False,25.0,0
TTO-09725,stress,5,20,9,11,3,40,18,60.0,9,False,45.0,0
TTO-09726,stress,5,20,6,14,4,40,12,40.0,6,False,30.0,0
TTO-09727,stress,5,20,5,15,4,40,10,33.33,5,False,25.0,0
TTO-09728,stress,5,20,5,15,4,40,10,33.33,4,False,25.0,0
TTO-09729,stress,5,20,9,11,3,40,18,60.0,7,False,45.0,0
TTO-09730,stress,5,20,5,15,4,40,10,33.33,5,False,25.0,0
TTO-09731,stress,5,20,9,11,3,40,18,60.0,8,False,45.0,0
TTO-09732,stress,5,20,5,15,4,40,10,33.33,4,False,25.0,0
TTO-09733,stress,5,20,5,15,4,40,10,33.33,4,False,25.0,0
TTO-09734,stress,5,20,5,15,4,40,10,33.33,4,False,25.0,0
TTO-09735,stress,5,20,9,11,3,40,18,60.0,9,False,45.0,0
TTO-09736,stress,5,20,9,11,3,40,18,60.0,9,False,45.0,0
TTO-09737,stress,5,20,5,15,4,40,10,33.33,4,False,25.0,0
TTO-09738,stress,5,20,5,15,4,40,10,33.33,4,False,25.0,0
TTO-09739,stress,5,20,5,15,4,40,10,33.33,4,False,25.0,0
TTO-09740,stress,5,20,9,11,3,40,18,60.0,8,False,45.0,0
TTO-09741,stress,5,20,5,15,4,40,10,33.33,4,False,25.0,0
TTO-09742,stress,5,20,5,15,4,40,10,33.33,4,False,25.0,0
TTO-09743,stress,5,20,5,15,4,40,10,33.33,5,False,25.0,0
TTO-09744,stress,5,20,5,15,4,40,10,33.33,4,False,25.0,0
TTO-09745,stress,5,20,6,14,4,40,12,40.0,5,False,30.0,0
TTO-09746,stress,5,20,9,11,3,40,18,60.0,8,False,45.0,0
TTO-09747,stress,5,20,5,15,4,40,10,33.33,5,False,25.0,0
TTO-09748,stress,5,20,5,15,4,40,10,33.33,5,False,25.0,0
TTO-09749,stress,5,20,5,15,4,40,10,33.33,4,False,25.0,0
TTO-09750,stress,5,20,5,15,4,40,10,33.33,5,False,25.0,0
TTO-09751,stress,5,20,5,15,4,40,10,33.33,5,False,25.0,0
TTO-09752,stress,5,20,5,15,4,40,10,33.33,4,False,25.0,0
TTO-09753,stress,5,20,5,15,4,40,10,33.33,5,False,25.0,0
TTO-09754,stress,5,20,10,10,3,40,20,66.67,10,False,50.0,0
TTO-09755,stress,5,20,9,11,3,40,18,60.0,9,False,45.0,0
TTO-09756,stress,5,20,5,15,4,40,10,33.33,5,False,25.0,0
TTO-09757,stress,5,20,5,15,4,40,10,33.33,5,False,25.0,0
TTO-09758,stress,5,20,9,11,3,40,18,60.0,8,False,45.0,0
TTO-09759,stress,5,20,5,15,4,40,10,33.33,4,False,25.0,0
TTO-09760,stress,5,20,5,15,4,40,10,33.33,4,False,25.0,0
TTO-09761,stress,5,20,5,15,4,40,10,33.33,5,False,25.0,0
TTO-09762,stress,5,20,5,15,4,40,10,33.33,5,False,25.0,0
TTO-09763,stress,5,20,9,11,3,40,18,60.0,8,False,45.0,0
TTO-09764,stress,5,20,5,15,4,40,10,33.33,4,False,25.0,0
TTO-09765,stress,5,20,5,15,4,40,10,33.33,4,False,25.0,0
TTO-09766,stress,5,20,5,15,4,40,10,33.33,5,False,25.0,0
TTO-09767,stress,5,20,5,15,4,40,10,33.33,5,False,25.0,0
TTO-09768,stress,5,20,9,11,3,40,18,60.0,7,False,45.0,0
TTO-09769,stress,5,20,5,15,4,40,10,33.33,4,False,25.0,0
TTO-09770,stress,5,20,5,15,4,40,10,33.33,5,False,25.0,0
TTO-09771,stress,5,20,9,11,3,40,18,60.0,7,False,45.0,0
TTO-09772,stress,5,20,5,15,4,40,10,33.33,4,False,25.0,0
TTO-09773,stress,5,20,5,15,4,40,10,33.33,5,False,25.0,0
TTO-09774,stress,5,20,5,15,4,40,10,33.33,4,False,25.0,0
TTO-09775,stress,5,20,5,15,4,40,10,33.33,5,False,25.0,0
TTO-09776,stress,5,20,6,14,4,40,12,40.0,6,False,30.0,0
TTO-09777,stress,5,20,5,15,4,40,10,33.33,5,False,25.0,0
TTO-09778,stress,5,20,5,15,4,40,10,33.33,4,False,25.0,0
TTO-09779,stress,5,20,5,15,4,40,10,33.33,5,False,25.0,0
TTO-09780,stress,5,20,10,10,3,40,20,66.67,9,False,50.0,0
TTO-09781,stress,5,20,5,15,4,40,10,33.33,4,False,25.0,0
TTO-09782,stress,5,20,5,15,4,40,10,33.33,4,False,25.0,0
TTO-09783,stress,5,20,5,15,4,40,10,33.33,5,False,25.0,0
TTO-09784,stress,5,20,5,15,4,40,10,33.33,5,False,25.0,0
TTO-09785,stress,5,20,5,15,4,40,10,33.33,5,False,25.0,0
TTO-09786,stress,5,20,5,15,4,40,10,33.33,5,False,25.0,0
TTO-09787,stress,5,20,10,10,3,40,20,66.67,10,False,50.0,0
TTO-09788,stress,5,20,5,15,4,40,10,33.33,5,False,25.0,0
TTO-09789,stress,5,20,5,15,4,40,10,33.33,4,False,25.0,0
TTO-09790,stress,5,20,9,11,3,40,18,60.0,8,False,45.0,0
TTO-09791,stress,5,20,5,15,4,40,10,33.33,4,False,25.0,0
TTO-09792,stress,5,20,5,15,4,40,10,33.33,4,False,25.0,0
TTO-09793,stress,5,20,5,15,4,40,10,33.33,3,False,25.0,0
TTO-09794,stress,5,20,5,15,4,40,10,33.33,5,False,25.0,0
TTO-09795,stress,5,20,5,15,4,40,10,33.33,5,False,25.0,0
TTO-09796,stress,5,20,5,15,4,40,10,33.33,4,False,25.0,0
TTO-09797,stress,5,20,5,15,4,40,10,33.33,4,False,25.0,0
TTO-09798,stress,5,20,5,15,4,40,10,33.33,5,False,25.0,0
TTO-09799,stress,5,20,5,15,4,40,10,33.33,4,False,25.0,0
TTO-09800,stress,5,20,5,15,4,40,10,33.33,5,False,25.0,0
TTO-09801,stress,5,20,5,15,4,40,10,33.33,5,False,25.0,0
TTO-09802,stress,5,20,9,11,3,40,18,60.0,9,False,45.0,0
TTO-09803,stress,5,20,5,15,4,40,10,33.33,4,False,25.0,0
TTO-09804,stress,5,20,5,15,4,40,10,33.33,5,False,25.0,0
TTO-09805,stress,5,20,5,15,4,40,10,33.33,4,False,25.0,0
TTO-09806,stress,5,20,5,15,4,40,10,33.33,4,False,25.0,0
TTO-09807,stress,5,20,5,15,4,40,10,33.33,5,False,25.0,0
TTO-09808,stress,5,20,5,15,4,40,10,33.33,4,False,25.0,0
TTO-09809,stress,5,20,5,15,4,40,10,33.33,4,False,25.0,0
TTO-09810,stress,5,20,9,11,3,40,18,60.0,7,False,45.0,0
TTO-09811,stress,5,20,9,11,3,40,18,60.0,7,False,45.0,0
TTO-09812,stress,5,20,5,15,4,40,10,33.33,4,False,25.0,0
TTO-09813,stress,5,20,9,11,3,40,18,60.0,8,False,45.0,0
TTO-09814,stress,5,20,5,15,4,40,10,33.33,4,False,25.0,0
TTO-09815,stress,5,20,5,15,4,40,10,33.33,3,False,25.0,0
TTO-09816,stress,5,20,5,15,4,40,10,33.33,5,False,25.0,0
TTO-09817,stress,5,20,5,15,4,40,10,33.33,4,False,25.0,0
TTO-09818,stress,5,20,5,15,4,40,10,33.33,3,False,25.0,0
TTO-09819,stress,5,20,5,15,4,40,10,33.33,4,False,25.0,0
TTO-09820,stress,5,20,5,15,4,40,10,33.33,5,False,25.0,0
TTO-09821,stress,5,20,5,15,4,40,10,33.33,4,False,25.0,0
TTO-09822,stress,5,20,9,11,3,40,18,60.0,7,False,45.0,0
TTO-09823,stress,5,20,6,14,4,40,12,40.0,6,False,30.0,0
TTO-09824,stress,5,20,5,15,4,40,10,33.33,5,False,25.0,0
TTO-09825,stress,5,20,6,14,4,40,12,40.0,6,False,30.0,0
TTO-09826,stress,5,20,5,15,4,40,10,33.33,5,False,25.0,0
TTO-09827,stress,5,20,5,15,4,40,10,33.33,4,False,25.0,0
TTO-09828,stress,5,20,5,15,4,40,10,33.33,3,False,25.0,0
TTO-09829,stress,5,20,10,10,3,40,20,66.67,10,False,50.0,0
TTO-09830,stress,5,20,5,15,4,40,10,33.33,3,False,25.0,0
TTO-09831,stress,5,20,6,14,4,40,12,40.0,4,False,30.0,0
TTO-09832,stress,5,20,5,15,4,40,10,33.33,4,False,25.0,0
TTO-09833,stress,5,20,5,15,4,40,10,33.33,5,False,25.0,0
TTO-09834,stress,5,20,5,15,4,40,10,33.33,5,False,25.0,0
TTO-09835,stress,5,20,9,11,3,40,18,60.0,9,False,45.0,0
TTO-09836,stress,5,20,5,15,4,40,10,33.33,5,False,25.0,0
TTO-09837,stress,5,20,5,15,4,40,10,33.33,5,False,25.0,0
TTO-09838,stress,5,20,5,15,4,40,10,33.33,4,False,25.0,0
TTO-09839,stress,5,20,5,15,4,40,10,33.33,5,False,25.0,0
TTO-09840,stress,5,20,9,11,3,40,18,60.0,7,False,45.0,0
TTO-09841,stress,5,20,10,10,3,40,20,66.67,9,False,50.0,0
TTO-09842,stress,5,20,5,15,4,40,10,33.33,3,False,25.0,0
TTO-09843,stress,5,20,5,15,4,40,10,33.33,5,False,25.0,0
TTO-09844,stress,5,20,9,11,3,40,18,60.0,9,False,45.0,0
TTO-09845,stress,5,20,5,15,4,40,10,33.33,5,False,25.0,0
TTO-09846,stress,5,20,9,11,3,40,18,60.0,8,False,45.0,0
TTO-09847,stress,5,20,5,15,4,40,10,33.33,5,False,25.0,0
TTO-09848,stress,5,20,5,15,4,40,10,33.33,4,False,25.0,0
TTO-09849,stress,5,20,9,11,3,40,18,60.0,8,False,45.0,0
TTO-09850,stress,5,20,9,11,3,40,18,60.0,8,False,45.0,0
TTO-09851,stress,5,20,5,15,4,40,10,33.33,5,False,25.0,0
TTO-09852,stress,5,20,9,11,3,40,18,60.0,6,False,45.0,0
TTO-09853,stress,5,20,9,11,3,40,18,60.0,8,False,45.0,0
TTO-09854,stress,5,20,9,11,3,40,18,60.0,8,False,45.0,0
TTO-09855,stress,5,20,5,15,4,40,10,33.33,5,False,25.0,0
TTO-09856,stress,5,20,6,14,4,40,12,40.0,5,False,30.0,0
TTO-09857,stress,5,20,5,15,4,40,10,33.33,4,False,25.0,0
TTO-09858,stress,5,20,5,15,4,40,10,33.33,5,False,25.0,0
TTO-09859,stress,5,20,5,15,4,40,10,33.33,3,False,25.0,0
TTO-09860,stress,5,20,5,15,4,40,10,33.33,5,False,25.0,0
TTO-09861,stress,5,20,5,15,4,40,10,33.33,5,False,25.0,0
TTO-09862,stress,5,20,6,14,4,40,12,40.0,6,False,30.0,0
TTO-09863,stress,5,20,5,15,4,40,10,33.33,4,False,25.0,0
TTO-09864,stress,5,20,5,15,4,40,10,33.33,4,False,25.0,0
TTO-09865,stress,5,20,5,15,4,40,10,33.33,5,False,25.0,0
TTO-09866,stress,5,20,9,11,3,40,18,60.0,9,False,45.0,0
TTO-09867,stress,5,20,5,15,4,40,10,33.33,5,False,25.0,0
TTO-09868,stress,5,20,5,15,4,40,10,33.33,5,False,25.0,0
TTO-09869,stress,5,20,5,15,4,40,10,33.33,5,False,25.0,0
TTO-09870,stress,5,20,5,15,4,40,10,33.33,5,False,25.0,0
TTO-09871,stress,5,20,5,15,4,40,10,33.33,4,False,25.0,0
TTO-09872,stress,5,20,5,15,4,40,10,33.33,4,False,25.0,0
TTO-09873,stress,5,20,5,15,4,40,10,33.33,3,False,25.0,0
TTO-09874,stress,5,20,6,14,4,40,12,40.0,5,False,30.0,0
TTO-09875,stress,5,20,9,11,3,40,18,60.0,9,False,45.0,0
TTO-09876,stress,5,20,5,15,4,40,10,33.33,5,False,25.0,0
TTO-09877,stress,5,20,5,15,4,40,10,33.33,5,False,25.0,0
TTO-09878,stress,5,20,9,11,3,40,18,60.0,8,False,45.0,0
TTO-09879,stress,5,20,6,14,4,40,12,40.0,5,False,30.0,0
TTO-09880,stress,5,20,5,15,4,40,10,33.33,4,False,25.0,0
TTO-09881,stress,5,20,5,15,4,40,10,33.33,5,False,25.0,0
TTO-09882,stress,5,20,5,15,4,40,10,33.33,5,False,25.0,0
TTO-09883,stress,5,20,5,15,4,40,10,33.33,3,False,25.0,0
TTO-09884,stress,5,20,5,15,4,40,10,33.33,4,False,25.0,0
TTO-09885,stress,5,20,9,11,3,40,18,60.0,8,False,45.0,0
TTO-09886,stress,5,20,5,15,4,40,10,33.33,5,False,25.0,0
TTO-09887,stress,5,20,9,11,3,40,18,60.0,8,False,45.0,0
TTO-09888,stress,5,20,5,15,4,40,10,33.33,5,False,25.0,0
TTO-09889,stress,5,20,5,15,4,40,10,33.33,5,False,25.0,0
TTO-09890,stress,5,20,6,14,4,40,12,40.0,6,False,30.0,0
TTO-09891,stress,5,20,5,15,4,40,10,33.33,4,False,25.0,0
TTO-09892,stress,5,20,5,15,4,40,10,33.33,5,False,25.0,0
TTO-09893,stress,5,20,9,11,3,40,18,60.0,9,False,45.0,0
TTO-09894,stress,5,20,5,15,4,40,10,33.33,5,False,25.0,0
TTO-09895,stress,5,20,9,11,3,40,18,60.0,8,False,45.0,0
TTO-09896,stress,5,20,5,15,4,40,10,33.33,4,False,25.0,0
TTO-09897,stress,5,20,5,15,4,40,10,33.33,5,False,25.0,0
TTO-09898,stress,5,20,5,15,4,40,10,33.33,5,False,25.0,0
TTO-09899,stress,5,20,5,15,4,40,10,33.33,5,False,25.0,0
TTO-09900,stress,5,20,9,11,3,40,18,60.0,9,False,45.0,0
TTO-09901,stress,5,20,5,15,4,40,10,33.33,3,False,25.0,0
TTO-09902,stress,5,20,10,10,3,40,20,66.67,8,False,50.0,0
TTO-09903,stress,5,20,9,11,3,40,18,60.0,8,False,45.0,0
TTO-09904,stress,5,20,10,10,3,40,20,66.67,10,False,50.0,0
TTO-09905,stress,5,20,5,15,4,40,10,33.33,4,False,25.0,0
TTO-09906,stress,5,20,5,15,4,40,10,33.33,4,False,25.0,0
TTO-09907,stress,5,20,9,11,3,40,18,60.0,8,False,45.0,0
TTO-09908,stress,5,20,5,15,4,40,10,33.33,5,False,25.0,0
TTO-09909,stress,5,20,9,11,3,40,18,60.0,8,False,45.0,0
TTO-09910,stress,5,20,9,11,3,40,18,60.0,7,False,45.0,0
TTO-09911,stress,5,20,5,15,4,40,10,33.33,5,False,25.0,0
TTO-09912,stress,5,20,9,11,3,40,18,60.0,8,False,45.0,0
TTO-09913,stress,5,20,5,15,4,40,10,33.33,5,False,25.0,0
TTO-09914,stress,5,20,9,11,3,40,18,60.0,8,False,45.0,0
TTO-09915,stress,5,20,5,15,4,40,10,33.33,4,False,25.0,0
TTO-09916,stress,5,20,5,15,4,40,10,33.33,5,False,25.0,0
TTO-09917,stress,5,20,5,15,4,40,10,33.33,3,False,25.0,0
TTO-09918,stress,5,20,9,11,3,40,18,60.0,8,False,45.0,0
TTO-09919,stress,5,20,5,15,4,40,10,33.33,5,False,25.0,0
TTO-09920,stress,5,20,6,14,4,40,12,40.0,6,False,30.0,0
TTO-09921,stress,5,20,5,15,4,40,10,33.33,4,False,25.0,0
TTO-09922,stress,5,20,5,15,4,40,10,33.33,5,False,25.0,0
TTO-09923,stress,5,20,5,15,4,40,10,33.33,5,False,25.0,0
TTO-09924,stress,5,20,5,15,4,40,10,33.33,5,False,25.0,0
TTO-09925,stress,5,20,9,11,3,40,18,60.0,9,False,45.0,0
TTO-09926,stress,5,20,6,14,4,40,12,40.0,6,False,30.0,0
TTO-09927,stress,5,20,5,15,4,40,10,33.33,4,False,25.0,0
TTO-09928,stress,5,20,5,15,4,40,10,33.33,4,False,25.0,0
TTO-09929,stress,5,20,5,15,4,40,10,33.33,5,False,25.0,0
TTO-09930,stress,5,20,5,15,4,40,10,33.33,4,False,25.0,0
TTO-09931,stress,5,20,5,15,4,40,10,33.33,5,False,25.0,0
TTO-09932,stress,5,20,5,15,4,40,10,33.33,4,False,25.0,0
TTO-09933,stress,5,20,5,15,4,40,10,33.33,4,False,25.0,0
TTO-09934,stress,5,20,5,15,4,40,10,33.33,4,False,25.0,0
TTO-09935,stress,5,20,6,14,4,40,12,40.0,5,False,30.0,0
TTO-09936,stress,5,20,9,11,3,40,18,60.0,6,False,45.0,0
TTO-09937,stress,5,20,5,15,4,40,10,33.33,5,False,25.0,0
TTO-09938,stress,5,20,5,15,4,40,10,33.33,4,False,25.0,0
TTO-09939,stress,5,20,5,15,4,40,10,33.33,4,False,25.0,0
TTO-09940,stress,5,20,5,15,4,40,10,33.33,5,False,25.0,0
TTO-09941,stress,5,20,5,15,4,40,10,33.33,5,False,25.0,0
TTO-09942,stress,5,20,5,15,4,40,10,33.33,5,False,25.0,0
TTO-09943,stress,5,20,9,11,3,40,18,60.0,8,False,45.0,0
TTO-09944,stress,5,20,9,11,3,40,18,60.0,8,False,45.0,0
TTO-09945,stress,5,20,5,15,4,40,10,33.33,5,False,25.0,0
TTO-09946,stress,5,20,5,15,4,40,10,33.33,4,False,25.0,0
TTO-09947,stress,5,20,5,15,4,40,10,33.33,5,False,25.0,0
TTO-09948,stress,5,20,5,15,4,40,10,33.33,5,False,25.0,0
TTO-09949,stress,5,20,9,11,3,40,18,60.0,7,False,45.0,0
TTO-09950,stress,5,20,5,15,4,40,10,33.33,5,False,25.0,0
TTO-09951,stress,5,20,5,15,4,40,10,33.33,4,False,25.0,0
TTO-09952,stress,5,20,5,15,4,40,10,33.33,4,False,25.0,0
TTO-09953,stress,5,20,6,14,4,40,12,40.0,6,False,30.0,0
TTO-09954,stress,5,20,5,15,4,40,10,33.33,4,False,25.0,0
TTO-09955,stress,5,20,6,14,4,40,12,40.0,5,False,30.0,0
TTO-09956,stress,5,20,6,14,4,40,12,40.0,6,False,30.0,0
TTO-09957,stress,5,20,5,15,4,40,10,33.33,3,False,25.0,0
TTO-09958,stress,5,20,5,15,4,40,10,33.33,5,False,25.0,0
TTO-09959,stress,5,20,5,15,4,40,10,33.33,4,False,25.0,0
TTO-09960,stress,5,20,5,15,4,40,10,33.33,4,False,25.0,0
TTO-09961,stress,5,20,5,15,4,40,10,33.33,4,False,25.0,0
TTO-09962,stress,5,20,5,15,4,40,10,33.33,4,False,25.0,0
TTO-09963,stress,5,20,6,14,4,40,12,40.0,6,False,30.0,0
TTO-09964,stress,5,20,9,11,3,40,18,60.0,9,False,45.0,0
TTO-09965,stress,5,20,6,14,4,40,12,40.0,6,False,30.0,0
TTO-09966,stress,5,20,6,14,4,40,12,40.0,5,False,30.0,0
TTO-09967,stress,5,20,5,15,4,40,10,33.33,4,False,25.0,0
TTO-09968,stress,5,20,6,14,4,40,12,40.0,5,False,30.0,0
TTO-09969,stress,5,20,6,14,4,40,12,40.0,5,False,30.0,0
TTO-09970,stress,5,20,5,15,4,40,10,33.33,4,False,25.0,0
TTO-09971,stress,5,20,10,10,3,40,20,66.67,8,False,50.0,0
TTO-09972,stress,5,20,6,14,4,40,12,40.0,6,False,30.0,0
TTO-09973,stress,5,20,6,14,4,40,12,40.0,6,False,30.0,0
TTO-09974,stress,5,20,5,15,4,40,10,33.33,3,False,25.0,0
TTO-09975,stress,5,20,5,15,4,40,10,33.33,5,False,25.0,0
TTO-09976,stress,5,20,9,11,3,40,18,60.0,7,False,45.0,0
TTO-09977,stress,5,20,5,15,4,40,10,33.33,4,False,25.0,0
TTO-09978,stress,5,20,5,15,4,40,10,33.33,5,False,25.0,0
TTO-09979,stress,5,20,9,11,3,40,18,60.0,9,False,45.0,0
TTO-09980,stress,5,20,5,15,4,40,10,33.33,4,False,25.0,0
TTO-09981,stress,5,20,5,15,4,40,10,33.33,5,False,25.0,0
TTO-09982,stress,5,20,5,15,4,40,10,33.33,4,False,25.0,0
TTO-09983,stress,5,20,6,14,4,40,12,40.0,5,False,30.0,0
TTO-09984,stress,5,20,9,11,3,40,18,60.0,8,False,45.0,0
TTO-09985,stress,5,20,5,15,4,40,10,33.33,5,False,25.0,0
TTO-09986,stress,5,20,6,14,4,40,12,40.0,5,False,30.0,0
TTO-09987,stress,5,20,5,15,4,40,10,33.33,5,False,25.0,0
TTO-09988,stress,5,20,9,11,3,40,18,60.0,8,False,45.0,0
TTO-09989,stress,5,20,5,15,4,40,10,33.33,4,False,25.0,0
TTO-09990,stress,5,20,9,11,3,40,18,60.0,8,False,45.0,0
TTO-09991,stress,5,20,9,11,3,40,18,60.0,9,False,45.0,0
TTO-09992,stress,5,20,5,15,4,40,10,33.33,4,False,25.0,0
TTO-09993,stress,5,20,5,15,4,40,10,33.33,5,False,25.0,0
TTO-09994,stress,5,20,6,14,4,40,12,40.0,5,False,30.0,0
TTO-09995,stress,5,20,5,15,4,40,10,33.33,5,False,25.0,0
TTO-09996,stress,5,20,5,15,4,40,10,33.33,5,False,25.0,0
TTO-09997,stress,5,20,5,15,4,40,10,33.33,5,False,25.0,0
TTO-09998,stress,5,20,5,15,4,40,10,33.33,4,False,25.0,0
TTO-09999,stress,5,20,5,15,4,40,10,33.33,5,False,25.0,0
TTO-10000,stress,5,20,5,15,4,40,10,33.33,5,False,25.0,0
